date,strain,mRNA1,mRNA2,embryoID,channel,xpoint,timepoints,intensity,unique_id,aligned_row
250806,N2,imb2,set3,02,ch1,1,0,10216.9893,250806_N2_imb2_set3_02_ch1,-59
250806,N2,imb2,set3,02,ch1,2,0.1072,10238.6611,250806_N2_imb2_set3_02_ch1,-58
250806,N2,imb2,set3,02,ch1,3,0.2144,10240.1514,250806_N2_imb2_set3_02_ch1,-57
250806,N2,imb2,set3,02,ch1,4,0.3215,10230.8896,250806_N2_imb2_set3_02_ch1,-56
250806,N2,imb2,set3,02,ch1,5,0.4287,10240.9062,250806_N2_imb2_set3_02_ch1,-55
250806,N2,imb2,set3,02,ch1,6,0.5359,10259.0605,250806_N2_imb2_set3_02_ch1,-54
250806,N2,imb2,set3,02,ch1,7,0.6431,10302.1396,250806_N2_imb2_set3_02_ch1,-53
250806,N2,imb2,set3,02,ch1,8,0.7503,10325.9023,250806_N2_imb2_set3_02_ch1,-52
250806,N2,imb2,set3,02,ch1,9,0.8574,10350.3682,250806_N2_imb2_set3_02_ch1,-51
250806,N2,imb2,set3,02,ch1,10,0.9646,10375.5088,250806_N2_imb2_set3_02_ch1,-50
250806,N2,imb2,set3,02,ch1,11,1.0718,10367.4805,250806_N2_imb2_set3_02_ch1,-49
250806,N2,imb2,set3,02,ch1,12,1.179,10352.4619,250806_N2_imb2_set3_02_ch1,-48
250806,N2,imb2,set3,02,ch1,13,1.2862,10345.501,250806_N2_imb2_set3_02_ch1,-47
250806,N2,imb2,set3,02,ch1,14,1.3933,10358.2686,250806_N2_imb2_set3_02_ch1,-46
250806,N2,imb2,set3,02,ch1,15,1.5005,10372.8779,250806_N2_imb2_set3_02_ch1,-45
250806,N2,imb2,set3,02,ch1,16,1.6077,10415.4414,250806_N2_imb2_set3_02_ch1,-44
250806,N2,imb2,set3,02,ch1,17,1.7149,10429.001,250806_N2_imb2_set3_02_ch1,-43
250806,N2,imb2,set3,02,ch1,18,1.8221,10456.6475,250806_N2_imb2_set3_02_ch1,-42
250806,N2,imb2,set3,02,ch1,19,1.9292,10484.7617,250806_N2_imb2_set3_02_ch1,-41
250806,N2,imb2,set3,02,ch1,20,2.0364,10503.0225,250806_N2_imb2_set3_02_ch1,-40
250806,N2,imb2,set3,02,ch1,21,2.1436,10533.2588,250806_N2_imb2_set3_02_ch1,-39
250806,N2,imb2,set3,02,ch1,22,2.2508,10558.4111,250806_N2_imb2_set3_02_ch1,-38
250806,N2,imb2,set3,02,ch1,23,2.358,10570.1973,250806_N2_imb2_set3_02_ch1,-37
250806,N2,imb2,set3,02,ch1,24,2.4651,10594.792,250806_N2_imb2_set3_02_ch1,-36
250806,N2,imb2,set3,02,ch1,25,2.5723,10645.5625,250806_N2_imb2_set3_02_ch1,-35
250806,N2,imb2,set3,02,ch1,26,2.6795,10671.501,250806_N2_imb2_set3_02_ch1,-34
250806,N2,imb2,set3,02,ch1,27,2.7867,10715.8691,250806_N2_imb2_set3_02_ch1,-33
250806,N2,imb2,set3,02,ch1,28,2.8939,10792.7627,250806_N2_imb2_set3_02_ch1,-32
250806,N2,imb2,set3,02,ch1,29,3.001,10862.6934,250806_N2_imb2_set3_02_ch1,-31
250806,N2,imb2,set3,02,ch1,30,3.1082,10934.4072,250806_N2_imb2_set3_02_ch1,-30
250806,N2,imb2,set3,02,ch1,31,3.2154,11021.4863,250806_N2_imb2_set3_02_ch1,-29
250806,N2,imb2,set3,02,ch1,32,3.3226,11148.8857,250806_N2_imb2_set3_02_ch1,-28
250806,N2,imb2,set3,02,ch1,33,3.4298,11278.9492,250806_N2_imb2_set3_02_ch1,-27
250806,N2,imb2,set3,02,ch1,34,3.5369,11395.7686,250806_N2_imb2_set3_02_ch1,-26
250806,N2,imb2,set3,02,ch1,35,3.6441,11544.376,250806_N2_imb2_set3_02_ch1,-25
250806,N2,imb2,set3,02,ch1,36,3.7513,11709.9062,250806_N2_imb2_set3_02_ch1,-24
250806,N2,imb2,set3,02,ch1,37,3.8585,11821.3408,250806_N2_imb2_set3_02_ch1,-23
250806,N2,imb2,set3,02,ch1,38,3.9657,11946.7236,250806_N2_imb2_set3_02_ch1,-22
250806,N2,imb2,set3,02,ch1,39,4.0728,12113.4219,250806_N2_imb2_set3_02_ch1,-21
250806,N2,imb2,set3,02,ch1,40,4.18,12272.6084,250806_N2_imb2_set3_02_ch1,-20
250806,N2,imb2,set3,02,ch1,41,4.2872,12459.7432,250806_N2_imb2_set3_02_ch1,-19
250806,N2,imb2,set3,02,ch1,42,4.3944,12620.5264,250806_N2_imb2_set3_02_ch1,-18
250806,N2,imb2,set3,02,ch1,43,4.5016,12825.7607,250806_N2_imb2_set3_02_ch1,-17
250806,N2,imb2,set3,02,ch1,44,4.6087,12998.709,250806_N2_imb2_set3_02_ch1,-16
250806,N2,imb2,set3,02,ch1,45,4.7159,13201.9365,250806_N2_imb2_set3_02_ch1,-15
250806,N2,imb2,set3,02,ch1,46,4.8231,13474.3477,250806_N2_imb2_set3_02_ch1,-14
250806,N2,imb2,set3,02,ch1,47,4.9303,13720.1396,250806_N2_imb2_set3_02_ch1,-13
250806,N2,imb2,set3,02,ch1,48,5.0375,13984.165,250806_N2_imb2_set3_02_ch1,-12
250806,N2,imb2,set3,02,ch1,49,5.1446,14325.3574,250806_N2_imb2_set3_02_ch1,-11
250806,N2,imb2,set3,02,ch1,50,5.2518,14682.3789,250806_N2_imb2_set3_02_ch1,-10
250806,N2,imb2,set3,02,ch1,51,5.359,15013.9883,250806_N2_imb2_set3_02_ch1,-9
250806,N2,imb2,set3,02,ch1,52,5.4662,15331.2256,250806_N2_imb2_set3_02_ch1,-8
250806,N2,imb2,set3,02,ch1,53,5.5734,15634.1221,250806_N2_imb2_set3_02_ch1,-7
250806,N2,imb2,set3,02,ch1,54,5.6805,15959.5186,250806_N2_imb2_set3_02_ch1,-6
250806,N2,imb2,set3,02,ch1,55,5.7877,16146.1406,250806_N2_imb2_set3_02_ch1,-5
250806,N2,imb2,set3,02,ch1,56,5.8949,16308.8984,250806_N2_imb2_set3_02_ch1,-4
250806,N2,imb2,set3,02,ch1,57,6.0021,16393.6973,250806_N2_imb2_set3_02_ch1,-3
250806,N2,imb2,set3,02,ch1,58,6.1093,16336.584,250806_N2_imb2_set3_02_ch1,-2
250806,N2,imb2,set3,02,ch1,59,6.2164,16138.7529,250806_N2_imb2_set3_02_ch1,-1
250806,N2,imb2,set3,02,ch1,60,6.3236,16022.1377,250806_N2_imb2_set3_02_ch1,0
250806,N2,imb2,set3,02,ch1,61,6.4308,15950.0352,250806_N2_imb2_set3_02_ch1,1
250806,N2,imb2,set3,02,ch1,62,6.538,15643.9482,250806_N2_imb2_set3_02_ch1,2
250806,N2,imb2,set3,02,ch1,63,6.6452,15063.8525,250806_N2_imb2_set3_02_ch1,3
250806,N2,imb2,set3,02,ch1,64,6.7523,14360.0664,250806_N2_imb2_set3_02_ch1,4
250806,N2,imb2,set3,02,ch1,65,6.8595,13627.2178,250806_N2_imb2_set3_02_ch1,5
250806,N2,imb2,set3,02,ch1,66,6.9667,13006.5469,250806_N2_imb2_set3_02_ch1,6
250806,N2,imb2,set3,02,ch1,67,7.0739,12587.2354,250806_N2_imb2_set3_02_ch1,7
250806,N2,imb2,set3,02,ch1,68,7.1811,12295.6016,250806_N2_imb2_set3_02_ch1,8
250806,N2,imb2,set3,02,ch1,69,7.2882,12031.2373,250806_N2_imb2_set3_02_ch1,9
250806,N2,imb2,set3,02,ch1,70,7.3954,11812.3662,250806_N2_imb2_set3_02_ch1,10
250806,N2,imb2,set3,02,ch1,71,7.5026,11617.8086,250806_N2_imb2_set3_02_ch1,11
250806,N2,imb2,set3,02,ch1,72,7.6098,11416.7998,250806_N2_imb2_set3_02_ch1,12
250806,N2,imb2,set3,02,ch1,73,7.717,11244.0547,250806_N2_imb2_set3_02_ch1,13
250806,N2,imb2,set3,02,ch1,74,7.8241,11060.085,250806_N2_imb2_set3_02_ch1,14
250806,N2,imb2,set3,02,ch1,75,7.9313,10879.9014,250806_N2_imb2_set3_02_ch1,15
250806,N2,imb2,set3,02,ch1,76,8.0385,10691.1631,250806_N2_imb2_set3_02_ch1,16
250806,N2,imb2,set3,02,ch1,77,8.1457,10450.9873,250806_N2_imb2_set3_02_ch1,17
250806,N2,imb2,set3,02,ch1,78,8.2529,10295.1846,250806_N2_imb2_set3_02_ch1,18
250806,N2,imb2,set3,02,ch1,79,8.36,10235.3232,250806_N2_imb2_set3_02_ch1,19
250806,N2,imb2,set3,02,ch1,80,8.4672,10190.2617,250806_N2_imb2_set3_02_ch1,20
250806,N2,imb2,set3,02,ch1,81,8.5744,10196.6387,250806_N2_imb2_set3_02_ch1,21
250806,N2,imb2,set3,02,ch1,82,8.6816,10287.7852,250806_N2_imb2_set3_02_ch1,22
250806,N2,imb2,set3,02,ch1,83,8.7888,10329.8818,250806_N2_imb2_set3_02_ch1,23
250806,N2,imb2,set3,02,ch1,84,8.8959,10268.9717,250806_N2_imb2_set3_02_ch1,24
250806,N2,imb2,set3,02,ch1,85,9.0031,10146.3555,250806_N2_imb2_set3_02_ch1,25
250806,N2,imb2,set3,02,ch1,86,9.1103,10046.2178,250806_N2_imb2_set3_02_ch1,26
250806,N2,imb2,set3,02,ch1,87,9.2175,9911.6426,250806_N2_imb2_set3_02_ch1,27
250806,N2,imb2,set3,02,ch1,88,9.3247,9793.918,250806_N2_imb2_set3_02_ch1,28
250806,N2,imb2,set3,02,ch1,89,9.4318,9727.2627,250806_N2_imb2_set3_02_ch1,29
250806,N2,imb2,set3,02,ch1,90,9.539,9748.4502,250806_N2_imb2_set3_02_ch1,30
250806,N2,imb2,set3,02,ch1,91,9.6462,9826.5918,250806_N2_imb2_set3_02_ch1,31
250806,N2,imb2,set3,02,ch1,92,9.7534,9909.4902,250806_N2_imb2_set3_02_ch1,32
250806,N2,imb2,set3,02,ch1,93,9.8606,9939.4102,250806_N2_imb2_set3_02_ch1,33
250806,N2,imb2,set3,02,ch1,94,9.9677,9923.5049,250806_N2_imb2_set3_02_ch1,34
250806,N2,imb2,set3,02,ch1,95,10.0749,9951.8594,250806_N2_imb2_set3_02_ch1,35
250806,N2,imb2,set3,02,ch1,96,10.1821,10037.9404,250806_N2_imb2_set3_02_ch1,36
250806,N2,imb2,set3,02,ch1,97,10.2893,10057.123,250806_N2_imb2_set3_02_ch1,37
250806,N2,imb2,set3,02,ch1,98,10.3965,9966.958,250806_N2_imb2_set3_02_ch1,38
250806,N2,imb2,set3,02,ch1,99,10.5036,9839.5811,250806_N2_imb2_set3_02_ch1,39
250806,N2,imb2,set3,02,ch1,100,10.6108,9711.5957,250806_N2_imb2_set3_02_ch1,40
250806,N2,imb2,set3,02,ch1,101,10.718,9546.8672,250806_N2_imb2_set3_02_ch1,41
250806,N2,imb2,set3,02,ch1,102,10.8252,9423.8262,250806_N2_imb2_set3_02_ch1,42
250806,N2,imb2,set3,02,ch1,103,10.9324,9326.8418,250806_N2_imb2_set3_02_ch1,43
250806,N2,imb2,set3,02,ch1,104,11.0395,9280.8096,250806_N2_imb2_set3_02_ch1,44
250806,N2,imb2,set3,02,ch1,105,11.1467,9199.0762,250806_N2_imb2_set3_02_ch1,45
250806,N2,imb2,set3,02,ch1,106,11.2539,9088.0029,250806_N2_imb2_set3_02_ch1,46
250806,N2,imb2,set3,02,ch1,107,11.3611,8982.5225,250806_N2_imb2_set3_02_ch1,47
250806,N2,imb2,set3,02,ch1,108,11.4683,8882.0898,250806_N2_imb2_set3_02_ch1,48
250806,N2,imb2,set3,02,ch1,109,11.5754,8729.3926,250806_N2_imb2_set3_02_ch1,49
250806,N2,imb2,set3,02,ch1,110,11.6826,8624.7686,250806_N2_imb2_set3_02_ch1,50
250806,N2,imb2,set3,02,ch1,111,11.7898,8568.8174,250806_N2_imb2_set3_02_ch1,51
250806,N2,imb2,set3,02,ch1,112,11.897,8522.8691,250806_N2_imb2_set3_02_ch1,52
250806,N2,imb2,set3,02,ch1,113,12.0042,8498.4365,250806_N2_imb2_set3_02_ch1,53
250806,N2,imb2,set3,02,ch1,114,12.1113,8455.6299,250806_N2_imb2_set3_02_ch1,54
250806,N2,imb2,set3,02,ch1,115,12.2185,8422.5938,250806_N2_imb2_set3_02_ch1,55
250806,N2,imb2,set3,02,ch1,116,12.3257,8441.0264,250806_N2_imb2_set3_02_ch1,56
250806,N2,imb2,set3,02,ch1,117,12.4329,8496.3994,250806_N2_imb2_set3_02_ch1,57
250806,N2,imb2,set3,02,ch1,118,12.5401,8595.7783,250806_N2_imb2_set3_02_ch1,58
250806,N2,imb2,set3,02,ch1,119,NA,NA,250806_N2_imb2_set3_02_ch1,59
250806,N2,imb2,set3,02,ch2,1,0,7901.3779,250806_N2_imb2_set3_02_ch2,-59
250806,N2,imb2,set3,02,ch2,2,0.1072,7922.0454,250806_N2_imb2_set3_02_ch2,-58
250806,N2,imb2,set3,02,ch2,3,0.2144,7945.9189,250806_N2_imb2_set3_02_ch2,-57
250806,N2,imb2,set3,02,ch2,4,0.3215,7961.606,250806_N2_imb2_set3_02_ch2,-56
250806,N2,imb2,set3,02,ch2,5,0.4287,7965.7173,250806_N2_imb2_set3_02_ch2,-55
250806,N2,imb2,set3,02,ch2,6,0.5359,7984.8101,250806_N2_imb2_set3_02_ch2,-54
250806,N2,imb2,set3,02,ch2,7,0.6431,8014.6577,250806_N2_imb2_set3_02_ch2,-53
250806,N2,imb2,set3,02,ch2,8,0.7503,8044.3516,250806_N2_imb2_set3_02_ch2,-52
250806,N2,imb2,set3,02,ch2,9,0.8574,8051.6558000000005,250806_N2_imb2_set3_02_ch2,-51
250806,N2,imb2,set3,02,ch2,10,0.9646,8061.376,250806_N2_imb2_set3_02_ch2,-50
250806,N2,imb2,set3,02,ch2,11,1.0718,8080.8018,250806_N2_imb2_set3_02_ch2,-49
250806,N2,imb2,set3,02,ch2,12,1.179,8093.7905,250806_N2_imb2_set3_02_ch2,-48
250806,N2,imb2,set3,02,ch2,13,1.2862,8124.0186,250806_N2_imb2_set3_02_ch2,-47
250806,N2,imb2,set3,02,ch2,14,1.3933,8140.7026,250806_N2_imb2_set3_02_ch2,-46
250806,N2,imb2,set3,02,ch2,15,1.5005,8181.9009,250806_N2_imb2_set3_02_ch2,-45
250806,N2,imb2,set3,02,ch2,16,1.6077,8206.4648,250806_N2_imb2_set3_02_ch2,-44
250806,N2,imb2,set3,02,ch2,17,1.7149,8217.6074,250806_N2_imb2_set3_02_ch2,-43
250806,N2,imb2,set3,02,ch2,18,1.8221,8241.2041,250806_N2_imb2_set3_02_ch2,-42
250806,N2,imb2,set3,02,ch2,19,1.9292,8260.2031,250806_N2_imb2_set3_02_ch2,-41
250806,N2,imb2,set3,02,ch2,20,2.0364,8262.1572,250806_N2_imb2_set3_02_ch2,-40
250806,N2,imb2,set3,02,ch2,21,2.1436,8291.5762,250806_N2_imb2_set3_02_ch2,-39
250806,N2,imb2,set3,02,ch2,22,2.2508,8321.1543,250806_N2_imb2_set3_02_ch2,-38
250806,N2,imb2,set3,02,ch2,23,2.358,8352.1797,250806_N2_imb2_set3_02_ch2,-37
250806,N2,imb2,set3,02,ch2,24,2.4651,8389.791,250806_N2_imb2_set3_02_ch2,-36
250806,N2,imb2,set3,02,ch2,25,2.5723,8432.0967,250806_N2_imb2_set3_02_ch2,-35
250806,N2,imb2,set3,02,ch2,26,2.6795,8452.0205,250806_N2_imb2_set3_02_ch2,-34
250806,N2,imb2,set3,02,ch2,27,2.7867,8499.7129,250806_N2_imb2_set3_02_ch2,-33
250806,N2,imb2,set3,02,ch2,28,2.8939,8552.1895,250806_N2_imb2_set3_02_ch2,-32
250806,N2,imb2,set3,02,ch2,29,3.001,8602.1455,250806_N2_imb2_set3_02_ch2,-31
250806,N2,imb2,set3,02,ch2,30,3.1082,8640.958,250806_N2_imb2_set3_02_ch2,-30
250806,N2,imb2,set3,02,ch2,31,3.2154,8688.0557,250806_N2_imb2_set3_02_ch2,-29
250806,N2,imb2,set3,02,ch2,32,3.3226,8749.1338,250806_N2_imb2_set3_02_ch2,-28
250806,N2,imb2,set3,02,ch2,33,3.4298,8792.0361,250806_N2_imb2_set3_02_ch2,-27
250806,N2,imb2,set3,02,ch2,34,3.5369,8832.6553,250806_N2_imb2_set3_02_ch2,-26
250806,N2,imb2,set3,02,ch2,35,3.6441,8895.5664,250806_N2_imb2_set3_02_ch2,-25
250806,N2,imb2,set3,02,ch2,36,3.7513,8960.3125,250806_N2_imb2_set3_02_ch2,-24
250806,N2,imb2,set3,02,ch2,37,3.8585,9011.958,250806_N2_imb2_set3_02_ch2,-23
250806,N2,imb2,set3,02,ch2,38,3.9657,9064.6416,250806_N2_imb2_set3_02_ch2,-22
250806,N2,imb2,set3,02,ch2,39,4.0728,9110.2695,250806_N2_imb2_set3_02_ch2,-21
250806,N2,imb2,set3,02,ch2,40,4.18,9163.9678,250806_N2_imb2_set3_02_ch2,-20
250806,N2,imb2,set3,02,ch2,41,4.2872,9217.7803,250806_N2_imb2_set3_02_ch2,-19
250806,N2,imb2,set3,02,ch2,42,4.3944,9275.0059,250806_N2_imb2_set3_02_ch2,-18
250806,N2,imb2,set3,02,ch2,43,4.5016,9345.5195,250806_N2_imb2_set3_02_ch2,-17
250806,N2,imb2,set3,02,ch2,44,4.6087,9413.9365,250806_N2_imb2_set3_02_ch2,-16
250806,N2,imb2,set3,02,ch2,45,4.7159,9480.7754,250806_N2_imb2_set3_02_ch2,-15
250806,N2,imb2,set3,02,ch2,46,4.8231,9544.0537,250806_N2_imb2_set3_02_ch2,-14
250806,N2,imb2,set3,02,ch2,47,4.9303,9620.4482,250806_N2_imb2_set3_02_ch2,-13
250806,N2,imb2,set3,02,ch2,48,5.0375,9698.4805,250806_N2_imb2_set3_02_ch2,-12
250806,N2,imb2,set3,02,ch2,49,5.1446,9798.6162,250806_N2_imb2_set3_02_ch2,-11
250806,N2,imb2,set3,02,ch2,50,5.2518,9892.4004,250806_N2_imb2_set3_02_ch2,-10
250806,N2,imb2,set3,02,ch2,51,5.359,10010.6592,250806_N2_imb2_set3_02_ch2,-9
250806,N2,imb2,set3,02,ch2,52,5.4662,10108.54,250806_N2_imb2_set3_02_ch2,-8
250806,N2,imb2,set3,02,ch2,53,5.5734,10195.2891,250806_N2_imb2_set3_02_ch2,-7
250806,N2,imb2,set3,02,ch2,54,5.6805,10304.958,250806_N2_imb2_set3_02_ch2,-6
250806,N2,imb2,set3,02,ch2,55,5.7877,10396.1748,250806_N2_imb2_set3_02_ch2,-5
250806,N2,imb2,set3,02,ch2,56,5.8949,10501.1924,250806_N2_imb2_set3_02_ch2,-4
250806,N2,imb2,set3,02,ch2,57,6.0021,10569.1729,250806_N2_imb2_set3_02_ch2,-3
250806,N2,imb2,set3,02,ch2,58,6.1093,10634.9854,250806_N2_imb2_set3_02_ch2,-2
250806,N2,imb2,set3,02,ch2,59,6.2164,10686.4736,250806_N2_imb2_set3_02_ch2,-1
250806,N2,imb2,set3,02,ch2,60,6.3236,10733.4229,250806_N2_imb2_set3_02_ch2,0
250806,N2,imb2,set3,02,ch2,61,6.4308,10786.1611,250806_N2_imb2_set3_02_ch2,1
250806,N2,imb2,set3,02,ch2,62,6.538,10805.2471,250806_N2_imb2_set3_02_ch2,2
250806,N2,imb2,set3,02,ch2,63,6.6452,10827.2646,250806_N2_imb2_set3_02_ch2,3
250806,N2,imb2,set3,02,ch2,64,6.7523,10877.6357,250806_N2_imb2_set3_02_ch2,4
250806,N2,imb2,set3,02,ch2,65,6.8595,10925.5713,250806_N2_imb2_set3_02_ch2,5
250806,N2,imb2,set3,02,ch2,66,6.9667,10967.1162,250806_N2_imb2_set3_02_ch2,6
250806,N2,imb2,set3,02,ch2,67,7.0739,10950.9053,250806_N2_imb2_set3_02_ch2,7
250806,N2,imb2,set3,02,ch2,68,7.1811,10940.9258,250806_N2_imb2_set3_02_ch2,8
250806,N2,imb2,set3,02,ch2,69,7.2882,10908.8457,250806_N2_imb2_set3_02_ch2,9
250806,N2,imb2,set3,02,ch2,70,7.3954,10896.0107,250806_N2_imb2_set3_02_ch2,10
250806,N2,imb2,set3,02,ch2,71,7.5026,10902.0771,250806_N2_imb2_set3_02_ch2,11
250806,N2,imb2,set3,02,ch2,72,7.6098,10940.7959,250806_N2_imb2_set3_02_ch2,12
250806,N2,imb2,set3,02,ch2,73,7.717,11009.748,250806_N2_imb2_set3_02_ch2,13
250806,N2,imb2,set3,02,ch2,74,7.8241,11126.0859,250806_N2_imb2_set3_02_ch2,14
250806,N2,imb2,set3,02,ch2,75,7.9313,11264.874,250806_N2_imb2_set3_02_ch2,15
250806,N2,imb2,set3,02,ch2,76,8.0385,11414.4854,250806_N2_imb2_set3_02_ch2,16
250806,N2,imb2,set3,02,ch2,77,8.1457,11571.0742,250806_N2_imb2_set3_02_ch2,17
250806,N2,imb2,set3,02,ch2,78,8.2529,11711.5117,250806_N2_imb2_set3_02_ch2,18
250806,N2,imb2,set3,02,ch2,79,8.36,11736.8486,250806_N2_imb2_set3_02_ch2,19
250806,N2,imb2,set3,02,ch2,80,8.4672,11619.8076,250806_N2_imb2_set3_02_ch2,20
250806,N2,imb2,set3,02,ch2,81,8.5744,11588.9854,250806_N2_imb2_set3_02_ch2,21
250806,N2,imb2,set3,02,ch2,82,8.6816,11617.7627,250806_N2_imb2_set3_02_ch2,22
250806,N2,imb2,set3,02,ch2,83,8.7888,11631.3779,250806_N2_imb2_set3_02_ch2,23
250806,N2,imb2,set3,02,ch2,84,8.8959,11743.1338,250806_N2_imb2_set3_02_ch2,24
250806,N2,imb2,set3,02,ch2,85,9.0031,11892.9922,250806_N2_imb2_set3_02_ch2,25
250806,N2,imb2,set3,02,ch2,86,9.1103,12030.2217,250806_N2_imb2_set3_02_ch2,26
250806,N2,imb2,set3,02,ch2,87,9.2175,11907.624,250806_N2_imb2_set3_02_ch2,27
250806,N2,imb2,set3,02,ch2,88,9.3247,11613.6943,250806_N2_imb2_set3_02_ch2,28
250806,N2,imb2,set3,02,ch2,89,9.4318,11367.4932,250806_N2_imb2_set3_02_ch2,29
250806,N2,imb2,set3,02,ch2,90,9.539,11230.6396,250806_N2_imb2_set3_02_ch2,30
250806,N2,imb2,set3,02,ch2,91,9.6462,11175.0742,250806_N2_imb2_set3_02_ch2,31
250806,N2,imb2,set3,02,ch2,92,9.7534,11139.7617,250806_N2_imb2_set3_02_ch2,32
250806,N2,imb2,set3,02,ch2,93,9.8606,11134.2559,250806_N2_imb2_set3_02_ch2,33
250806,N2,imb2,set3,02,ch2,94,9.9677,11139.2832,250806_N2_imb2_set3_02_ch2,34
250806,N2,imb2,set3,02,ch2,95,10.0749,11148.1465,250806_N2_imb2_set3_02_ch2,35
250806,N2,imb2,set3,02,ch2,96,10.1821,11231.7598,250806_N2_imb2_set3_02_ch2,36
250806,N2,imb2,set3,02,ch2,97,10.2893,11350.6465,250806_N2_imb2_set3_02_ch2,37
250806,N2,imb2,set3,02,ch2,98,10.3965,11477.5244,250806_N2_imb2_set3_02_ch2,38
250806,N2,imb2,set3,02,ch2,99,10.5036,11561.0322,250806_N2_imb2_set3_02_ch2,39
250806,N2,imb2,set3,02,ch2,100,10.6108,11573.8076,250806_N2_imb2_set3_02_ch2,40
250806,N2,imb2,set3,02,ch2,101,10.718,11508.9053,250806_N2_imb2_set3_02_ch2,41
250806,N2,imb2,set3,02,ch2,102,10.8252,11328.1279,250806_N2_imb2_set3_02_ch2,42
250806,N2,imb2,set3,02,ch2,103,10.9324,11081.1631,250806_N2_imb2_set3_02_ch2,43
250806,N2,imb2,set3,02,ch2,104,11.0395,10996.1064,250806_N2_imb2_set3_02_ch2,44
250806,N2,imb2,set3,02,ch2,105,11.1467,10973.5693,250806_N2_imb2_set3_02_ch2,45
250806,N2,imb2,set3,02,ch2,106,11.2539,10959.877,250806_N2_imb2_set3_02_ch2,46
250806,N2,imb2,set3,02,ch2,107,11.3611,10941.9092,250806_N2_imb2_set3_02_ch2,47
250806,N2,imb2,set3,02,ch2,108,11.4683,11040.6357,250806_N2_imb2_set3_02_ch2,48
250806,N2,imb2,set3,02,ch2,109,11.5754,11150.8818,250806_N2_imb2_set3_02_ch2,49
250806,N2,imb2,set3,02,ch2,110,11.6826,11137.3564,250806_N2_imb2_set3_02_ch2,50
250806,N2,imb2,set3,02,ch2,111,11.7898,10999.9111,250806_N2_imb2_set3_02_ch2,51
250806,N2,imb2,set3,02,ch2,112,11.897,10906.0811,250806_N2_imb2_set3_02_ch2,52
250806,N2,imb2,set3,02,ch2,113,12.0042,10798.2578,250806_N2_imb2_set3_02_ch2,53
250806,N2,imb2,set3,02,ch2,114,12.1113,10611.4336,250806_N2_imb2_set3_02_ch2,54
250806,N2,imb2,set3,02,ch2,115,12.2185,10437.1104,250806_N2_imb2_set3_02_ch2,55
250806,N2,imb2,set3,02,ch2,116,12.3257,10347.9746,250806_N2_imb2_set3_02_ch2,56
250806,N2,imb2,set3,02,ch2,117,12.4329,10298.0361,250806_N2_imb2_set3_02_ch2,57
250806,N2,imb2,set3,02,ch2,118,12.5401,10245.6768,250806_N2_imb2_set3_02_ch2,58
250806,N2,imb2,set3,02,ch2,119,NA,NA,250806_N2_imb2_set3_02_ch2,59
250806,N2,imb2,set3,06,ch1,1,0,8530.9395,250806_N2_imb2_set3_06_ch1,-59
250806,N2,imb2,set3,06,ch1,2,0.1072,8509.3584,250806_N2_imb2_set3_06_ch1,-58
250806,N2,imb2,set3,06,ch1,3,0.2144,8516.5479,250806_N2_imb2_set3_06_ch1,-57
250806,N2,imb2,set3,06,ch1,4,0.3215,8556.0654,250806_N2_imb2_set3_06_ch1,-56
250806,N2,imb2,set3,06,ch1,5,0.4287,8591.8154,250806_N2_imb2_set3_06_ch1,-55
250806,N2,imb2,set3,06,ch1,6,0.5359,8638.3271,250806_N2_imb2_set3_06_ch1,-54
250806,N2,imb2,set3,06,ch1,7,0.6431,8697.7998,250806_N2_imb2_set3_06_ch1,-53
250806,N2,imb2,set3,06,ch1,8,0.7503,8818.8213,250806_N2_imb2_set3_06_ch1,-52
250806,N2,imb2,set3,06,ch1,9,0.8574,9034.0752,250806_N2_imb2_set3_06_ch1,-51
250806,N2,imb2,set3,06,ch1,10,0.9646,9308.542,250806_N2_imb2_set3_06_ch1,-50
250806,N2,imb2,set3,06,ch1,11,1.0718,9628.7217,250806_N2_imb2_set3_06_ch1,-49
250806,N2,imb2,set3,06,ch1,12,1.179,9936.9619,250806_N2_imb2_set3_06_ch1,-48
250806,N2,imb2,set3,06,ch1,13,1.2862,10216.8232,250806_N2_imb2_set3_06_ch1,-47
250806,N2,imb2,set3,06,ch1,14,1.3933,10406.7578,250806_N2_imb2_set3_06_ch1,-46
250806,N2,imb2,set3,06,ch1,15,1.5005,10509.1309,250806_N2_imb2_set3_06_ch1,-45
250806,N2,imb2,set3,06,ch1,16,1.6077,10549.9102,250806_N2_imb2_set3_06_ch1,-44
250806,N2,imb2,set3,06,ch1,17,1.7149,10516.6982,250806_N2_imb2_set3_06_ch1,-43
250806,N2,imb2,set3,06,ch1,18,1.8221,10391.3633,250806_N2_imb2_set3_06_ch1,-42
250806,N2,imb2,set3,06,ch1,19,1.9292,10288.9424,250806_N2_imb2_set3_06_ch1,-41
250806,N2,imb2,set3,06,ch1,20,2.0364,10263.3545,250806_N2_imb2_set3_06_ch1,-40
250806,N2,imb2,set3,06,ch1,21,2.1436,10304.0684,250806_N2_imb2_set3_06_ch1,-39
250806,N2,imb2,set3,06,ch1,22,2.2508,10427.9375,250806_N2_imb2_set3_06_ch1,-38
250806,N2,imb2,set3,06,ch1,23,2.358,10603.376,250806_N2_imb2_set3_06_ch1,-37
250806,N2,imb2,set3,06,ch1,24,2.4651,10798.2363,250806_N2_imb2_set3_06_ch1,-36
250806,N2,imb2,set3,06,ch1,25,2.5723,10945.4678,250806_N2_imb2_set3_06_ch1,-35
250806,N2,imb2,set3,06,ch1,26,2.6795,11010.7266,250806_N2_imb2_set3_06_ch1,-34
250806,N2,imb2,set3,06,ch1,27,2.7867,11033.7764,250806_N2_imb2_set3_06_ch1,-33
250806,N2,imb2,set3,06,ch1,28,2.8939,11022.4434,250806_N2_imb2_set3_06_ch1,-32
250806,N2,imb2,set3,06,ch1,29,3.001,10970.4102,250806_N2_imb2_set3_06_ch1,-31
250806,N2,imb2,set3,06,ch1,30,3.1082,10971.5488,250806_N2_imb2_set3_06_ch1,-30
250806,N2,imb2,set3,06,ch1,31,3.2154,10991.9365,250806_N2_imb2_set3_06_ch1,-29
250806,N2,imb2,set3,06,ch1,32,3.3226,11004.3125,250806_N2_imb2_set3_06_ch1,-28
250806,N2,imb2,set3,06,ch1,33,3.4298,11046.2246,250806_N2_imb2_set3_06_ch1,-27
250806,N2,imb2,set3,06,ch1,34,3.5369,11096.1172,250806_N2_imb2_set3_06_ch1,-26
250806,N2,imb2,set3,06,ch1,35,3.6441,11103.541,250806_N2_imb2_set3_06_ch1,-25
250806,N2,imb2,set3,06,ch1,36,3.7513,11080.9824,250806_N2_imb2_set3_06_ch1,-24
250806,N2,imb2,set3,06,ch1,37,3.8585,11048.7725,250806_N2_imb2_set3_06_ch1,-23
250806,N2,imb2,set3,06,ch1,38,3.9657,11042.5898,250806_N2_imb2_set3_06_ch1,-22
250806,N2,imb2,set3,06,ch1,39,4.0728,11039.8643,250806_N2_imb2_set3_06_ch1,-21
250806,N2,imb2,set3,06,ch1,40,4.18,11083.6885,250806_N2_imb2_set3_06_ch1,-20
250806,N2,imb2,set3,06,ch1,41,4.2872,11165.9072,250806_N2_imb2_set3_06_ch1,-19
250806,N2,imb2,set3,06,ch1,42,4.3944,11259.9346,250806_N2_imb2_set3_06_ch1,-18
250806,N2,imb2,set3,06,ch1,43,4.5016,11335.6826,250806_N2_imb2_set3_06_ch1,-17
250806,N2,imb2,set3,06,ch1,44,4.6087,11398.7627,250806_N2_imb2_set3_06_ch1,-16
250806,N2,imb2,set3,06,ch1,45,4.7159,11479.8584,250806_N2_imb2_set3_06_ch1,-15
250806,N2,imb2,set3,06,ch1,46,4.8231,11607.749,250806_N2_imb2_set3_06_ch1,-14
250806,N2,imb2,set3,06,ch1,47,4.9303,11715.3887,250806_N2_imb2_set3_06_ch1,-13
250806,N2,imb2,set3,06,ch1,48,5.0375,11807.3086,250806_N2_imb2_set3_06_ch1,-12
250806,N2,imb2,set3,06,ch1,49,5.1446,11932.8037,250806_N2_imb2_set3_06_ch1,-11
250806,N2,imb2,set3,06,ch1,50,5.2518,12098.2842,250806_N2_imb2_set3_06_ch1,-10
250806,N2,imb2,set3,06,ch1,51,5.359,12314.9697,250806_N2_imb2_set3_06_ch1,-9
250806,N2,imb2,set3,06,ch1,52,5.4662,12563.0146,250806_N2_imb2_set3_06_ch1,-8
250806,N2,imb2,set3,06,ch1,53,5.5734,12822.7285,250806_N2_imb2_set3_06_ch1,-7
250806,N2,imb2,set3,06,ch1,54,5.6805,13043.208,250806_N2_imb2_set3_06_ch1,-6
250806,N2,imb2,set3,06,ch1,55,5.7877,13225.5996,250806_N2_imb2_set3_06_ch1,-5
250806,N2,imb2,set3,06,ch1,56,5.8949,13420.8203,250806_N2_imb2_set3_06_ch1,-4
250806,N2,imb2,set3,06,ch1,57,6.0021,13555.6602,250806_N2_imb2_set3_06_ch1,-3
250806,N2,imb2,set3,06,ch1,58,6.1093,13529.9824,250806_N2_imb2_set3_06_ch1,-2
250806,N2,imb2,set3,06,ch1,59,6.2164,13404.7686,250806_N2_imb2_set3_06_ch1,-1
250806,N2,imb2,set3,06,ch1,60,6.3236,13233.4629,250806_N2_imb2_set3_06_ch1,0
250806,N2,imb2,set3,06,ch1,61,6.4308,12969.3516,250806_N2_imb2_set3_06_ch1,1
250806,N2,imb2,set3,06,ch1,62,6.538,12604.2979,250806_N2_imb2_set3_06_ch1,2
250806,N2,imb2,set3,06,ch1,63,6.6452,12162.1904,250806_N2_imb2_set3_06_ch1,3
250806,N2,imb2,set3,06,ch1,64,6.7523,11621.834,250806_N2_imb2_set3_06_ch1,4
250806,N2,imb2,set3,06,ch1,65,6.8595,11110.3857,250806_N2_imb2_set3_06_ch1,5
250806,N2,imb2,set3,06,ch1,66,6.9667,10752.4385,250806_N2_imb2_set3_06_ch1,6
250806,N2,imb2,set3,06,ch1,67,7.0739,10412.9414,250806_N2_imb2_set3_06_ch1,7
250806,N2,imb2,set3,06,ch1,68,7.1811,10178.9102,250806_N2_imb2_set3_06_ch1,8
250806,N2,imb2,set3,06,ch1,69,7.2882,9963.5293,250806_N2_imb2_set3_06_ch1,9
250806,N2,imb2,set3,06,ch1,70,7.3954,9746.5801,250806_N2_imb2_set3_06_ch1,10
250806,N2,imb2,set3,06,ch1,71,7.5026,9576.5391,250806_N2_imb2_set3_06_ch1,11
250806,N2,imb2,set3,06,ch1,72,7.6098,9440.5742,250806_N2_imb2_set3_06_ch1,12
250806,N2,imb2,set3,06,ch1,73,7.717,9328.665,250806_N2_imb2_set3_06_ch1,13
250806,N2,imb2,set3,06,ch1,74,7.8241,9176.9883,250806_N2_imb2_set3_06_ch1,14
250806,N2,imb2,set3,06,ch1,75,7.9313,8989.6426,250806_N2_imb2_set3_06_ch1,15
250806,N2,imb2,set3,06,ch1,76,8.0385,8814.1377,250806_N2_imb2_set3_06_ch1,16
250806,N2,imb2,set3,06,ch1,77,8.1457,8695.1982,250806_N2_imb2_set3_06_ch1,17
250806,N2,imb2,set3,06,ch1,78,8.2529,8647.7158,250806_N2_imb2_set3_06_ch1,18
250806,N2,imb2,set3,06,ch1,79,8.36,8612.6572,250806_N2_imb2_set3_06_ch1,19
250806,N2,imb2,set3,06,ch1,80,8.4672,8561.7344,250806_N2_imb2_set3_06_ch1,20
250806,N2,imb2,set3,06,ch1,81,8.5744,8493.0283,250806_N2_imb2_set3_06_ch1,21
250806,N2,imb2,set3,06,ch1,82,8.6816,8413.6133,250806_N2_imb2_set3_06_ch1,22
250806,N2,imb2,set3,06,ch1,83,8.7888,8370.3506,250806_N2_imb2_set3_06_ch1,23
250806,N2,imb2,set3,06,ch1,84,8.8959,8349.2344,250806_N2_imb2_set3_06_ch1,24
250806,N2,imb2,set3,06,ch1,85,9.0031,8316.0107,250806_N2_imb2_set3_06_ch1,25
250806,N2,imb2,set3,06,ch1,86,9.1103,8295.6582,250806_N2_imb2_set3_06_ch1,26
250806,N2,imb2,set3,06,ch1,87,9.2175,8305.8887,250806_N2_imb2_set3_06_ch1,27
250806,N2,imb2,set3,06,ch1,88,9.3247,8342.0547,250806_N2_imb2_set3_06_ch1,28
250806,N2,imb2,set3,06,ch1,89,9.4318,8393.2832,250806_N2_imb2_set3_06_ch1,29
250806,N2,imb2,set3,06,ch1,90,9.539,8508.1709,250806_N2_imb2_set3_06_ch1,30
250806,N2,imb2,set3,06,ch1,91,9.6462,8615.2891,250806_N2_imb2_set3_06_ch1,31
250806,N2,imb2,set3,06,ch1,92,9.7534,8700.4922,250806_N2_imb2_set3_06_ch1,32
250806,N2,imb2,set3,06,ch1,93,9.8606,8714.3643,250806_N2_imb2_set3_06_ch1,33
250806,N2,imb2,set3,06,ch1,94,9.9677,8686.7266,250806_N2_imb2_set3_06_ch1,34
250806,N2,imb2,set3,06,ch1,95,10.0749,8620.9609,250806_N2_imb2_set3_06_ch1,35
250806,N2,imb2,set3,06,ch1,96,10.1821,8551.4365,250806_N2_imb2_set3_06_ch1,36
250806,N2,imb2,set3,06,ch1,97,10.2893,8507.5986,250806_N2_imb2_set3_06_ch1,37
250806,N2,imb2,set3,06,ch1,98,10.3965,8494.1338,250806_N2_imb2_set3_06_ch1,38
250806,N2,imb2,set3,06,ch1,99,10.5036,8464.332,250806_N2_imb2_set3_06_ch1,39
250806,N2,imb2,set3,06,ch1,100,10.6108,8408.5107,250806_N2_imb2_set3_06_ch1,40
250806,N2,imb2,set3,06,ch1,101,10.718,8382.6865,250806_N2_imb2_set3_06_ch1,41
250806,N2,imb2,set3,06,ch1,102,10.8252,8374.8398,250806_N2_imb2_set3_06_ch1,42
250806,N2,imb2,set3,06,ch1,103,10.9324,8383.9199,250806_N2_imb2_set3_06_ch1,43
250806,N2,imb2,set3,06,ch1,104,11.0395,8357.9922,250806_N2_imb2_set3_06_ch1,44
250806,N2,imb2,set3,06,ch1,105,11.1467,8301.5459,250806_N2_imb2_set3_06_ch1,45
250806,N2,imb2,set3,06,ch1,106,11.2539,8223.8086,250806_N2_imb2_set3_06_ch1,46
250806,N2,imb2,set3,06,ch1,107,11.3611,8194.5547,250806_N2_imb2_set3_06_ch1,47
250806,N2,imb2,set3,06,ch1,108,11.4683,8199.9648,250806_N2_imb2_set3_06_ch1,48
250806,N2,imb2,set3,06,ch1,109,11.5754,8202.4346,250806_N2_imb2_set3_06_ch1,49
250806,N2,imb2,set3,06,ch1,110,11.6826,8257.707,250806_N2_imb2_set3_06_ch1,50
250806,N2,imb2,set3,06,ch1,111,11.7898,8309.332,250806_N2_imb2_set3_06_ch1,51
250806,N2,imb2,set3,06,ch1,112,11.897,8376.0381,250806_N2_imb2_set3_06_ch1,52
250806,N2,imb2,set3,06,ch1,113,12.0042,8385.7676,250806_N2_imb2_set3_06_ch1,53
250806,N2,imb2,set3,06,ch1,114,12.1113,8285.0869,250806_N2_imb2_set3_06_ch1,54
250806,N2,imb2,set3,06,ch1,115,12.2185,8179.251,250806_N2_imb2_set3_06_ch1,55
250806,N2,imb2,set3,06,ch1,116,12.3257,8076.959,250806_N2_imb2_set3_06_ch1,56
250806,N2,imb2,set3,06,ch1,117,12.4329,7989.9775,250806_N2_imb2_set3_06_ch1,57
250806,N2,imb2,set3,06,ch1,118,12.5401,7903.5869,250806_N2_imb2_set3_06_ch1,58
250806,N2,imb2,set3,06,ch1,119,NA,NA,250806_N2_imb2_set3_06_ch1,59
250806,N2,imb2,set3,06,ch2,1,0,9997.7881,250806_N2_imb2_set3_06_ch2,-59
250806,N2,imb2,set3,06,ch2,2,0.1072,10118.3477,250806_N2_imb2_set3_06_ch2,-58
250806,N2,imb2,set3,06,ch2,3,0.2144,10241.3223,250806_N2_imb2_set3_06_ch2,-57
250806,N2,imb2,set3,06,ch2,4,0.3215,10393.2393,250806_N2_imb2_set3_06_ch2,-56
250806,N2,imb2,set3,06,ch2,5,0.4287,10566.8779,250806_N2_imb2_set3_06_ch2,-55
250806,N2,imb2,set3,06,ch2,6,0.5359,10745.1729,250806_N2_imb2_set3_06_ch2,-54
250806,N2,imb2,set3,06,ch2,7,0.6431,10891.3525,250806_N2_imb2_set3_06_ch2,-53
250806,N2,imb2,set3,06,ch2,8,0.7503,10958.1016,250806_N2_imb2_set3_06_ch2,-52
250806,N2,imb2,set3,06,ch2,9,0.8574,10952.8193,250806_N2_imb2_set3_06_ch2,-51
250806,N2,imb2,set3,06,ch2,10,0.9646,10935.8203,250806_N2_imb2_set3_06_ch2,-50
250806,N2,imb2,set3,06,ch2,11,1.0718,10959.8467,250806_N2_imb2_set3_06_ch2,-49
250806,N2,imb2,set3,06,ch2,12,1.179,10994.4023,250806_N2_imb2_set3_06_ch2,-48
250806,N2,imb2,set3,06,ch2,13,1.2862,11047.3037,250806_N2_imb2_set3_06_ch2,-47
250806,N2,imb2,set3,06,ch2,14,1.3933,11054.4619,250806_N2_imb2_set3_06_ch2,-46
250806,N2,imb2,set3,06,ch2,15,1.5005,11042.9297,250806_N2_imb2_set3_06_ch2,-45
250806,N2,imb2,set3,06,ch2,16,1.6077,11007.3896,250806_N2_imb2_set3_06_ch2,-44
250806,N2,imb2,set3,06,ch2,17,1.7149,10994.8857,250806_N2_imb2_set3_06_ch2,-43
250806,N2,imb2,set3,06,ch2,18,1.8221,10995.2031,250806_N2_imb2_set3_06_ch2,-42
250806,N2,imb2,set3,06,ch2,19,1.9292,10984.8564,250806_N2_imb2_set3_06_ch2,-41
250806,N2,imb2,set3,06,ch2,20,2.0364,10994.5781,250806_N2_imb2_set3_06_ch2,-40
250806,N2,imb2,set3,06,ch2,21,2.1436,10941.0918,250806_N2_imb2_set3_06_ch2,-39
250806,N2,imb2,set3,06,ch2,22,2.2508,10909.292,250806_N2_imb2_set3_06_ch2,-38
250806,N2,imb2,set3,06,ch2,23,2.358,10879.8867,250806_N2_imb2_set3_06_ch2,-37
250806,N2,imb2,set3,06,ch2,24,2.4651,10875.9531,250806_N2_imb2_set3_06_ch2,-36
250806,N2,imb2,set3,06,ch2,25,2.5723,10874.4736,250806_N2_imb2_set3_06_ch2,-35
250806,N2,imb2,set3,06,ch2,26,2.6795,10844.6484,250806_N2_imb2_set3_06_ch2,-34
250806,N2,imb2,set3,06,ch2,27,2.7867,10803.6455,250806_N2_imb2_set3_06_ch2,-33
250806,N2,imb2,set3,06,ch2,28,2.8939,10774.7686,250806_N2_imb2_set3_06_ch2,-32
250806,N2,imb2,set3,06,ch2,29,3.001,10754.4824,250806_N2_imb2_set3_06_ch2,-31
250806,N2,imb2,set3,06,ch2,30,3.1082,10747.0547,250806_N2_imb2_set3_06_ch2,-30
250806,N2,imb2,set3,06,ch2,31,3.2154,10744.1357,250806_N2_imb2_set3_06_ch2,-29
250806,N2,imb2,set3,06,ch2,32,3.3226,10751.3496,250806_N2_imb2_set3_06_ch2,-28
250806,N2,imb2,set3,06,ch2,33,3.4298,10772.5566,250806_N2_imb2_set3_06_ch2,-27
250806,N2,imb2,set3,06,ch2,34,3.5369,10776.5078,250806_N2_imb2_set3_06_ch2,-26
250806,N2,imb2,set3,06,ch2,35,3.6441,10762.2598,250806_N2_imb2_set3_06_ch2,-25
250806,N2,imb2,set3,06,ch2,36,3.7513,10760.7334,250806_N2_imb2_set3_06_ch2,-24
250806,N2,imb2,set3,06,ch2,37,3.8585,10761.8613,250806_N2_imb2_set3_06_ch2,-23
250806,N2,imb2,set3,06,ch2,38,3.9657,10754.8262,250806_N2_imb2_set3_06_ch2,-22
250806,N2,imb2,set3,06,ch2,39,4.0728,10733.3613,250806_N2_imb2_set3_06_ch2,-21
250806,N2,imb2,set3,06,ch2,40,4.18,10719.1602,250806_N2_imb2_set3_06_ch2,-20
250806,N2,imb2,set3,06,ch2,41,4.2872,10699.4521,250806_N2_imb2_set3_06_ch2,-19
250806,N2,imb2,set3,06,ch2,42,4.3944,10716.0479,250806_N2_imb2_set3_06_ch2,-18
250806,N2,imb2,set3,06,ch2,43,4.5016,10724.7402,250806_N2_imb2_set3_06_ch2,-17
250806,N2,imb2,set3,06,ch2,44,4.6087,10746.8457,250806_N2_imb2_set3_06_ch2,-16
250806,N2,imb2,set3,06,ch2,45,4.7159,10768.3916,250806_N2_imb2_set3_06_ch2,-15
250806,N2,imb2,set3,06,ch2,46,4.8231,10806.8936,250806_N2_imb2_set3_06_ch2,-14
250806,N2,imb2,set3,06,ch2,47,4.9303,10833.0049,250806_N2_imb2_set3_06_ch2,-13
250806,N2,imb2,set3,06,ch2,48,5.0375,10859.4854,250806_N2_imb2_set3_06_ch2,-12
250806,N2,imb2,set3,06,ch2,49,5.1446,10906.3906,250806_N2_imb2_set3_06_ch2,-11
250806,N2,imb2,set3,06,ch2,50,5.2518,10951.8418,250806_N2_imb2_set3_06_ch2,-10
250806,N2,imb2,set3,06,ch2,51,5.359,11006.0576,250806_N2_imb2_set3_06_ch2,-9
250806,N2,imb2,set3,06,ch2,52,5.4662,11073.6543,250806_N2_imb2_set3_06_ch2,-8
250806,N2,imb2,set3,06,ch2,53,5.5734,11126.543,250806_N2_imb2_set3_06_ch2,-7
250806,N2,imb2,set3,06,ch2,54,5.6805,11167.6533,250806_N2_imb2_set3_06_ch2,-6
250806,N2,imb2,set3,06,ch2,55,5.7877,11222.2148,250806_N2_imb2_set3_06_ch2,-5
250806,N2,imb2,set3,06,ch2,56,5.8949,11276.3809,250806_N2_imb2_set3_06_ch2,-4
250806,N2,imb2,set3,06,ch2,57,6.0021,11360.6787,250806_N2_imb2_set3_06_ch2,-3
250806,N2,imb2,set3,06,ch2,58,6.1093,11452.5127,250806_N2_imb2_set3_06_ch2,-2
250806,N2,imb2,set3,06,ch2,59,6.2164,11552.2021,250806_N2_imb2_set3_06_ch2,-1
250806,N2,imb2,set3,06,ch2,60,6.3236,11647.2773,250806_N2_imb2_set3_06_ch2,0
250806,N2,imb2,set3,06,ch2,61,6.4308,11785.499,250806_N2_imb2_set3_06_ch2,1
250806,N2,imb2,set3,06,ch2,62,6.538,11935.3447,250806_N2_imb2_set3_06_ch2,2
250806,N2,imb2,set3,06,ch2,63,6.6452,12065.4854,250806_N2_imb2_set3_06_ch2,3
250806,N2,imb2,set3,06,ch2,64,6.7523,12203.9238,250806_N2_imb2_set3_06_ch2,4
250806,N2,imb2,set3,06,ch2,65,6.8595,12196.6309,250806_N2_imb2_set3_06_ch2,5
250806,N2,imb2,set3,06,ch2,66,6.9667,12137.3018,250806_N2_imb2_set3_06_ch2,6
250806,N2,imb2,set3,06,ch2,67,7.0739,12027.9463,250806_N2_imb2_set3_06_ch2,7
250806,N2,imb2,set3,06,ch2,68,7.1811,11835.9922,250806_N2_imb2_set3_06_ch2,8
250806,N2,imb2,set3,06,ch2,69,7.2882,11585.375,250806_N2_imb2_set3_06_ch2,9
250806,N2,imb2,set3,06,ch2,70,7.3954,11323.5879,250806_N2_imb2_set3_06_ch2,10
250806,N2,imb2,set3,06,ch2,71,7.5026,11122.6689,250806_N2_imb2_set3_06_ch2,11
250806,N2,imb2,set3,06,ch2,72,7.6098,10953.1895,250806_N2_imb2_set3_06_ch2,12
250806,N2,imb2,set3,06,ch2,73,7.717,10863.3271,250806_N2_imb2_set3_06_ch2,13
250806,N2,imb2,set3,06,ch2,74,7.8241,10769.6436,250806_N2_imb2_set3_06_ch2,14
250806,N2,imb2,set3,06,ch2,75,7.9313,10688.8047,250806_N2_imb2_set3_06_ch2,15
250806,N2,imb2,set3,06,ch2,76,8.0385,10621.5996,250806_N2_imb2_set3_06_ch2,16
250806,N2,imb2,set3,06,ch2,77,8.1457,10531.0684,250806_N2_imb2_set3_06_ch2,17
250806,N2,imb2,set3,06,ch2,78,8.2529,10476.2559,250806_N2_imb2_set3_06_ch2,18
250806,N2,imb2,set3,06,ch2,79,8.36,10454.3291,250806_N2_imb2_set3_06_ch2,19
250806,N2,imb2,set3,06,ch2,80,8.4672,10441.0957,250806_N2_imb2_set3_06_ch2,20
250806,N2,imb2,set3,06,ch2,81,8.5744,10420.3789,250806_N2_imb2_set3_06_ch2,21
250806,N2,imb2,set3,06,ch2,82,8.6816,10380.0967,250806_N2_imb2_set3_06_ch2,22
250806,N2,imb2,set3,06,ch2,83,8.7888,10367.1172,250806_N2_imb2_set3_06_ch2,23
250806,N2,imb2,set3,06,ch2,84,8.8959,10337.8711,250806_N2_imb2_set3_06_ch2,24
250806,N2,imb2,set3,06,ch2,85,9.0031,10304.1934,250806_N2_imb2_set3_06_ch2,25
250806,N2,imb2,set3,06,ch2,86,9.1103,10260.8223,250806_N2_imb2_set3_06_ch2,26
250806,N2,imb2,set3,06,ch2,87,9.2175,10236.8877,250806_N2_imb2_set3_06_ch2,27
250806,N2,imb2,set3,06,ch2,88,9.3247,10233.7822,250806_N2_imb2_set3_06_ch2,28
250806,N2,imb2,set3,06,ch2,89,9.4318,10231.4102,250806_N2_imb2_set3_06_ch2,29
250806,N2,imb2,set3,06,ch2,90,9.539,10255.4092,250806_N2_imb2_set3_06_ch2,30
250806,N2,imb2,set3,06,ch2,91,9.6462,10310.9854,250806_N2_imb2_set3_06_ch2,31
250806,N2,imb2,set3,06,ch2,92,9.7534,10445.4932,250806_N2_imb2_set3_06_ch2,32
250806,N2,imb2,set3,06,ch2,93,9.8606,10629.7832,250806_N2_imb2_set3_06_ch2,33
250806,N2,imb2,set3,06,ch2,94,9.9677,10853.0986,250806_N2_imb2_set3_06_ch2,34
250806,N2,imb2,set3,06,ch2,95,10.0749,10989.4941,250806_N2_imb2_set3_06_ch2,35
250806,N2,imb2,set3,06,ch2,96,10.1821,10849.6445,250806_N2_imb2_set3_06_ch2,36
250806,N2,imb2,set3,06,ch2,97,10.2893,10545.6396,250806_N2_imb2_set3_06_ch2,37
250806,N2,imb2,set3,06,ch2,98,10.3965,10224.7393,250806_N2_imb2_set3_06_ch2,38
250806,N2,imb2,set3,06,ch2,99,10.5036,9940.1836,250806_N2_imb2_set3_06_ch2,39
250806,N2,imb2,set3,06,ch2,100,10.6108,9706.0098,250806_N2_imb2_set3_06_ch2,40
250806,N2,imb2,set3,06,ch2,101,10.718,9583.4131,250806_N2_imb2_set3_06_ch2,41
250806,N2,imb2,set3,06,ch2,102,10.8252,9482.543,250806_N2_imb2_set3_06_ch2,42
250806,N2,imb2,set3,06,ch2,103,10.9324,9413.3477,250806_N2_imb2_set3_06_ch2,43
250806,N2,imb2,set3,06,ch2,104,11.0395,9346.4434,250806_N2_imb2_set3_06_ch2,44
250806,N2,imb2,set3,06,ch2,105,11.1467,9292.1875,250806_N2_imb2_set3_06_ch2,45
250806,N2,imb2,set3,06,ch2,106,11.2539,9246.7256,250806_N2_imb2_set3_06_ch2,46
250806,N2,imb2,set3,06,ch2,107,11.3611,9211.5264,250806_N2_imb2_set3_06_ch2,47
250806,N2,imb2,set3,06,ch2,108,11.4683,9176.9229,250806_N2_imb2_set3_06_ch2,48
250806,N2,imb2,set3,06,ch2,109,11.5754,9135.9688,250806_N2_imb2_set3_06_ch2,49
250806,N2,imb2,set3,06,ch2,110,11.6826,9104.2129,250806_N2_imb2_set3_06_ch2,50
250806,N2,imb2,set3,06,ch2,111,11.7898,9088.2051,250806_N2_imb2_set3_06_ch2,51
250806,N2,imb2,set3,06,ch2,112,11.897,9112.7734,250806_N2_imb2_set3_06_ch2,52
250806,N2,imb2,set3,06,ch2,113,12.0042,9135.0127,250806_N2_imb2_set3_06_ch2,53
250806,N2,imb2,set3,06,ch2,114,12.1113,9126.7148,250806_N2_imb2_set3_06_ch2,54
250806,N2,imb2,set3,06,ch2,115,12.2185,9119.6094,250806_N2_imb2_set3_06_ch2,55
250806,N2,imb2,set3,06,ch2,116,12.3257,9042.2812,250806_N2_imb2_set3_06_ch2,56
250806,N2,imb2,set3,06,ch2,117,12.4329,8960.5684,250806_N2_imb2_set3_06_ch2,57
250806,N2,imb2,set3,06,ch2,118,12.5401,8913.6914,250806_N2_imb2_set3_06_ch2,58
250806,N2,imb2,set3,06,ch2,119,NA,NA,250806_N2_imb2_set3_06_ch2,59
250806,N2,imb2,set3,08,ch1,1,0,9188.416,250806_N2_imb2_set3_08_ch1,-59
250806,N2,imb2,set3,08,ch1,2,0.1072,9061.3389,250806_N2_imb2_set3_08_ch1,-58
250806,N2,imb2,set3,08,ch1,3,0.2144,8944.8965,250806_N2_imb2_set3_08_ch1,-57
250806,N2,imb2,set3,08,ch1,4,0.3215,8909.6562,250806_N2_imb2_set3_08_ch1,-56
250806,N2,imb2,set3,08,ch1,5,0.4287,8896.1611,250806_N2_imb2_set3_08_ch1,-55
250806,N2,imb2,set3,08,ch1,6,0.5359,8925.8457,250806_N2_imb2_set3_08_ch1,-54
250806,N2,imb2,set3,08,ch1,7,0.6431,8950.6357,250806_N2_imb2_set3_08_ch1,-53
250806,N2,imb2,set3,08,ch1,8,0.7503,8968.6445,250806_N2_imb2_set3_08_ch1,-52
250806,N2,imb2,set3,08,ch1,9,0.8574,8992.1289,250806_N2_imb2_set3_08_ch1,-51
250806,N2,imb2,set3,08,ch1,10,0.9646,9008.0107,250806_N2_imb2_set3_08_ch1,-50
250806,N2,imb2,set3,08,ch1,11,1.0718,9020.2695,250806_N2_imb2_set3_08_ch1,-49
250806,N2,imb2,set3,08,ch1,12,1.179,9015.3516,250806_N2_imb2_set3_08_ch1,-48
250806,N2,imb2,set3,08,ch1,13,1.2862,8964.6475,250806_N2_imb2_set3_08_ch1,-47
250806,N2,imb2,set3,08,ch1,14,1.3933,8944.3057,250806_N2_imb2_set3_08_ch1,-46
250806,N2,imb2,set3,08,ch1,15,1.5005,8889.9961,250806_N2_imb2_set3_08_ch1,-45
250806,N2,imb2,set3,08,ch1,16,1.6077,8845.8193,250806_N2_imb2_set3_08_ch1,-44
250806,N2,imb2,set3,08,ch1,17,1.7149,8824.4121,250806_N2_imb2_set3_08_ch1,-43
250806,N2,imb2,set3,08,ch1,18,1.8221,8797.4268,250806_N2_imb2_set3_08_ch1,-42
250806,N2,imb2,set3,08,ch1,19,1.9292,8831.583,250806_N2_imb2_set3_08_ch1,-41
250806,N2,imb2,set3,08,ch1,20,2.0364,8887.4756,250806_N2_imb2_set3_08_ch1,-40
250806,N2,imb2,set3,08,ch1,21,2.1436,8962.2793,250806_N2_imb2_set3_08_ch1,-39
250806,N2,imb2,set3,08,ch1,22,2.2508,9054.2383,250806_N2_imb2_set3_08_ch1,-38
250806,N2,imb2,set3,08,ch1,23,2.358,9119.0439,250806_N2_imb2_set3_08_ch1,-37
250806,N2,imb2,set3,08,ch1,24,2.4651,9183.1045,250806_N2_imb2_set3_08_ch1,-36
250806,N2,imb2,set3,08,ch1,25,2.5723,9232.3779,250806_N2_imb2_set3_08_ch1,-35
250806,N2,imb2,set3,08,ch1,26,2.6795,9165.4697,250806_N2_imb2_set3_08_ch1,-34
250806,N2,imb2,set3,08,ch1,27,2.7867,9122.3828,250806_N2_imb2_set3_08_ch1,-33
250806,N2,imb2,set3,08,ch1,28,2.8939,9066.6143,250806_N2_imb2_set3_08_ch1,-32
250806,N2,imb2,set3,08,ch1,29,3.001,8995.291,250806_N2_imb2_set3_08_ch1,-31
250806,N2,imb2,set3,08,ch1,30,3.1082,8952.9355,250806_N2_imb2_set3_08_ch1,-30
250806,N2,imb2,set3,08,ch1,31,3.2154,8984.8174,250806_N2_imb2_set3_08_ch1,-29
250806,N2,imb2,set3,08,ch1,32,3.3226,8983.7051,250806_N2_imb2_set3_08_ch1,-28
250806,N2,imb2,set3,08,ch1,33,3.4298,8960.9512,250806_N2_imb2_set3_08_ch1,-27
250806,N2,imb2,set3,08,ch1,34,3.5369,9022.7441,250806_N2_imb2_set3_08_ch1,-26
250806,N2,imb2,set3,08,ch1,35,3.6441,9194.2832,250806_N2_imb2_set3_08_ch1,-25
250806,N2,imb2,set3,08,ch1,36,3.7513,9371.9824,250806_N2_imb2_set3_08_ch1,-24
250806,N2,imb2,set3,08,ch1,37,3.8585,9465.6494,250806_N2_imb2_set3_08_ch1,-23
250806,N2,imb2,set3,08,ch1,38,3.9657,9460.3662,250806_N2_imb2_set3_08_ch1,-22
250806,N2,imb2,set3,08,ch1,39,4.0728,9401.9551,250806_N2_imb2_set3_08_ch1,-21
250806,N2,imb2,set3,08,ch1,40,4.18,9381.7988,250806_N2_imb2_set3_08_ch1,-20
250806,N2,imb2,set3,08,ch1,41,4.2872,9441.1133,250806_N2_imb2_set3_08_ch1,-19
250806,N2,imb2,set3,08,ch1,42,4.3944,9524.0137,250806_N2_imb2_set3_08_ch1,-18
250806,N2,imb2,set3,08,ch1,43,4.5016,9591.8867,250806_N2_imb2_set3_08_ch1,-17
250806,N2,imb2,set3,08,ch1,44,4.6087,9685.1982,250806_N2_imb2_set3_08_ch1,-16
250806,N2,imb2,set3,08,ch1,45,4.7159,9732.748,250806_N2_imb2_set3_08_ch1,-15
250806,N2,imb2,set3,08,ch1,46,4.8231,9777.2207,250806_N2_imb2_set3_08_ch1,-14
250806,N2,imb2,set3,08,ch1,47,4.9303,9897.374,250806_N2_imb2_set3_08_ch1,-13
250806,N2,imb2,set3,08,ch1,48,5.0375,10021.8398,250806_N2_imb2_set3_08_ch1,-12
250806,N2,imb2,set3,08,ch1,49,5.1446,10077.7939,250806_N2_imb2_set3_08_ch1,-11
250806,N2,imb2,set3,08,ch1,50,5.2518,10061.4678,250806_N2_imb2_set3_08_ch1,-10
250806,N2,imb2,set3,08,ch1,51,5.359,10080.3477,250806_N2_imb2_set3_08_ch1,-9
250806,N2,imb2,set3,08,ch1,52,5.4662,10119.6641,250806_N2_imb2_set3_08_ch1,-8
250806,N2,imb2,set3,08,ch1,53,5.5734,10299.6592,250806_N2_imb2_set3_08_ch1,-7
250806,N2,imb2,set3,08,ch1,54,5.6805,10532.9502,250806_N2_imb2_set3_08_ch1,-6
250806,N2,imb2,set3,08,ch1,55,5.7877,10733.9287,250806_N2_imb2_set3_08_ch1,-5
250806,N2,imb2,set3,08,ch1,56,5.8949,10975.8262,250806_N2_imb2_set3_08_ch1,-4
250806,N2,imb2,set3,08,ch1,57,6.0021,11146.625,250806_N2_imb2_set3_08_ch1,-3
250806,N2,imb2,set3,08,ch1,58,6.1093,11191.5186,250806_N2_imb2_set3_08_ch1,-2
250806,N2,imb2,set3,08,ch1,59,6.2164,11208.4805,250806_N2_imb2_set3_08_ch1,-1
250806,N2,imb2,set3,08,ch1,60,6.3236,11085.4053,250806_N2_imb2_set3_08_ch1,0
250806,N2,imb2,set3,08,ch1,61,6.4308,10922.6357,250806_N2_imb2_set3_08_ch1,1
250806,N2,imb2,set3,08,ch1,62,6.538,10868.8359,250806_N2_imb2_set3_08_ch1,2
250806,N2,imb2,set3,08,ch1,63,6.6452,10953.4551,250806_N2_imb2_set3_08_ch1,3
250806,N2,imb2,set3,08,ch1,64,6.7523,11090.2559,250806_N2_imb2_set3_08_ch1,4
250806,N2,imb2,set3,08,ch1,65,6.8595,11106.1484,250806_N2_imb2_set3_08_ch1,5
250806,N2,imb2,set3,08,ch1,66,6.9667,10956.2598,250806_N2_imb2_set3_08_ch1,6
250806,N2,imb2,set3,08,ch1,67,7.0739,10583.7324,250806_N2_imb2_set3_08_ch1,7
250806,N2,imb2,set3,08,ch1,68,7.1811,10153.043,250806_N2_imb2_set3_08_ch1,8
250806,N2,imb2,set3,08,ch1,69,7.2882,9799.7285,250806_N2_imb2_set3_08_ch1,9
250806,N2,imb2,set3,08,ch1,70,7.3954,9565.0586,250806_N2_imb2_set3_08_ch1,10
250806,N2,imb2,set3,08,ch1,71,7.5026,9368.8604,250806_N2_imb2_set3_08_ch1,11
250806,N2,imb2,set3,08,ch1,72,7.6098,9105.1006,250806_N2_imb2_set3_08_ch1,12
250806,N2,imb2,set3,08,ch1,73,7.717,8775.5986,250806_N2_imb2_set3_08_ch1,13
250806,N2,imb2,set3,08,ch1,74,7.8241,8471.9658,250806_N2_imb2_set3_08_ch1,14
250806,N2,imb2,set3,08,ch1,75,7.9313,8218.8193,250806_N2_imb2_set3_08_ch1,15
250806,N2,imb2,set3,08,ch1,76,8.0385,8073.6655,250806_N2_imb2_set3_08_ch1,16
250806,N2,imb2,set3,08,ch1,77,8.1457,7996.8223,250806_N2_imb2_set3_08_ch1,17
250806,N2,imb2,set3,08,ch1,78,8.2529,7961.0156,250806_N2_imb2_set3_08_ch1,18
250806,N2,imb2,set3,08,ch1,79,8.36,7894.7163,250806_N2_imb2_set3_08_ch1,19
250806,N2,imb2,set3,08,ch1,80,8.4672,7771.3438,250806_N2_imb2_set3_08_ch1,20
250806,N2,imb2,set3,08,ch1,81,8.5744,7632.9663,250806_N2_imb2_set3_08_ch1,21
250806,N2,imb2,set3,08,ch1,82,8.6816,7494.6646,250806_N2_imb2_set3_08_ch1,22
250806,N2,imb2,set3,08,ch1,83,8.7888,7390.769,250806_N2_imb2_set3_08_ch1,23
250806,N2,imb2,set3,08,ch1,84,8.8959,7325.2275,250806_N2_imb2_set3_08_ch1,24
250806,N2,imb2,set3,08,ch1,85,9.0031,7271.2402,250806_N2_imb2_set3_08_ch1,25
250806,N2,imb2,set3,08,ch1,86,9.1103,7216.7485,250806_N2_imb2_set3_08_ch1,26
250806,N2,imb2,set3,08,ch1,87,9.2175,7187.0894,250806_N2_imb2_set3_08_ch1,27
250806,N2,imb2,set3,08,ch1,88,9.3247,7149.7002,250806_N2_imb2_set3_08_ch1,28
250806,N2,imb2,set3,08,ch1,89,9.4318,7130.4536,250806_N2_imb2_set3_08_ch1,29
250806,N2,imb2,set3,08,ch1,90,9.539,7117.3691,250806_N2_imb2_set3_08_ch1,30
250806,N2,imb2,set3,08,ch1,91,9.6462,7120.3164,250806_N2_imb2_set3_08_ch1,31
250806,N2,imb2,set3,08,ch1,92,9.7534,7129.5488,250806_N2_imb2_set3_08_ch1,32
250806,N2,imb2,set3,08,ch1,93,9.8606,7157.4829,250806_N2_imb2_set3_08_ch1,33
250806,N2,imb2,set3,08,ch1,94,9.9677,7200.2402,250806_N2_imb2_set3_08_ch1,34
250806,N2,imb2,set3,08,ch1,95,10.0749,7265.0527,250806_N2_imb2_set3_08_ch1,35
250806,N2,imb2,set3,08,ch1,96,10.1821,7392.6108,250806_N2_imb2_set3_08_ch1,36
250806,N2,imb2,set3,08,ch1,97,10.2893,7523.2334,250806_N2_imb2_set3_08_ch1,37
250806,N2,imb2,set3,08,ch1,98,10.3965,7574.7158,250806_N2_imb2_set3_08_ch1,38
250806,N2,imb2,set3,08,ch1,99,10.5036,7539.8276,250806_N2_imb2_set3_08_ch1,39
250806,N2,imb2,set3,08,ch1,100,10.6108,7456.7388,250806_N2_imb2_set3_08_ch1,40
250806,N2,imb2,set3,08,ch1,101,10.718,7380.7329,250806_N2_imb2_set3_08_ch1,41
250806,N2,imb2,set3,08,ch1,102,10.8252,7322.6333,250806_N2_imb2_set3_08_ch1,42
250806,N2,imb2,set3,08,ch1,103,10.9324,7340.1719,250806_N2_imb2_set3_08_ch1,43
250806,N2,imb2,set3,08,ch1,104,11.0395,7408.0854,250806_N2_imb2_set3_08_ch1,44
250806,N2,imb2,set3,08,ch1,105,11.1467,7490.5386,250806_N2_imb2_set3_08_ch1,45
250806,N2,imb2,set3,08,ch1,106,11.2539,7517.71,250806_N2_imb2_set3_08_ch1,46
250806,N2,imb2,set3,08,ch1,107,11.3611,7476.2749,250806_N2_imb2_set3_08_ch1,47
250806,N2,imb2,set3,08,ch1,108,11.4683,7428.7861,250806_N2_imb2_set3_08_ch1,48
250806,N2,imb2,set3,08,ch1,109,11.5754,7382.4927,250806_N2_imb2_set3_08_ch1,49
250806,N2,imb2,set3,08,ch1,110,11.6826,7367.7539,250806_N2_imb2_set3_08_ch1,50
250806,N2,imb2,set3,08,ch1,111,11.7898,7383.3335,250806_N2_imb2_set3_08_ch1,51
250806,N2,imb2,set3,08,ch1,112,11.897,7395.1021,250806_N2_imb2_set3_08_ch1,52
250806,N2,imb2,set3,08,ch1,113,12.0042,7434.9209,250806_N2_imb2_set3_08_ch1,53
250806,N2,imb2,set3,08,ch1,114,12.1113,7495.5205,250806_N2_imb2_set3_08_ch1,54
250806,N2,imb2,set3,08,ch1,115,12.2185,7526.0327,250806_N2_imb2_set3_08_ch1,55
250806,N2,imb2,set3,08,ch1,116,12.3257,7569.5186,250806_N2_imb2_set3_08_ch1,56
250806,N2,imb2,set3,08,ch1,117,12.4329,7567.1694,250806_N2_imb2_set3_08_ch1,57
250806,N2,imb2,set3,08,ch1,118,12.5401,7541.311,250806_N2_imb2_set3_08_ch1,58
250806,N2,imb2,set3,08,ch1,119,NA,NA,250806_N2_imb2_set3_08_ch1,59
250806,N2,imb2,set3,08,ch2,1,0,9474.1299,250806_N2_imb2_set3_08_ch2,-59
250806,N2,imb2,set3,08,ch2,2,0.1072,9498.209,250806_N2_imb2_set3_08_ch2,-58
250806,N2,imb2,set3,08,ch2,3,0.2144,9528.2891,250806_N2_imb2_set3_08_ch2,-57
250806,N2,imb2,set3,08,ch2,4,0.3215,9573.8828,250806_N2_imb2_set3_08_ch2,-56
250806,N2,imb2,set3,08,ch2,5,0.4287,9641.2061,250806_N2_imb2_set3_08_ch2,-55
250806,N2,imb2,set3,08,ch2,6,0.5359,9707.9609,250806_N2_imb2_set3_08_ch2,-54
250806,N2,imb2,set3,08,ch2,7,0.6431,9792.5527,250806_N2_imb2_set3_08_ch2,-53
250806,N2,imb2,set3,08,ch2,8,0.7503,9882.3594,250806_N2_imb2_set3_08_ch2,-52
250806,N2,imb2,set3,08,ch2,9,0.8574,10018.0918,250806_N2_imb2_set3_08_ch2,-51
250806,N2,imb2,set3,08,ch2,10,0.9646,10057.4014,250806_N2_imb2_set3_08_ch2,-50
250806,N2,imb2,set3,08,ch2,11,1.0718,10040.7871,250806_N2_imb2_set3_08_ch2,-49
250806,N2,imb2,set3,08,ch2,12,1.179,10043.6455,250806_N2_imb2_set3_08_ch2,-48
250806,N2,imb2,set3,08,ch2,13,1.2862,10011.7236,250806_N2_imb2_set3_08_ch2,-47
250806,N2,imb2,set3,08,ch2,14,1.3933,9997.4668,250806_N2_imb2_set3_08_ch2,-46
250806,N2,imb2,set3,08,ch2,15,1.5005,10034.3818,250806_N2_imb2_set3_08_ch2,-45
250806,N2,imb2,set3,08,ch2,16,1.6077,10106.1699,250806_N2_imb2_set3_08_ch2,-44
250806,N2,imb2,set3,08,ch2,17,1.7149,10089.5117,250806_N2_imb2_set3_08_ch2,-43
250806,N2,imb2,set3,08,ch2,18,1.8221,10011.9668,250806_N2_imb2_set3_08_ch2,-42
250806,N2,imb2,set3,08,ch2,19,1.9292,9944.4395,250806_N2_imb2_set3_08_ch2,-41
250806,N2,imb2,set3,08,ch2,20,2.0364,9856.9844,250806_N2_imb2_set3_08_ch2,-40
250806,N2,imb2,set3,08,ch2,21,2.1436,9798.5518,250806_N2_imb2_set3_08_ch2,-39
250806,N2,imb2,set3,08,ch2,22,2.2508,9760.7168,250806_N2_imb2_set3_08_ch2,-38
250806,N2,imb2,set3,08,ch2,23,2.358,9713.917,250806_N2_imb2_set3_08_ch2,-37
250806,N2,imb2,set3,08,ch2,24,2.4651,9683.3652,250806_N2_imb2_set3_08_ch2,-36
250806,N2,imb2,set3,08,ch2,25,2.5723,9685.7734,250806_N2_imb2_set3_08_ch2,-35
250806,N2,imb2,set3,08,ch2,26,2.6795,9664.8135,250806_N2_imb2_set3_08_ch2,-34
250806,N2,imb2,set3,08,ch2,27,2.7867,9670.1338,250806_N2_imb2_set3_08_ch2,-33
250806,N2,imb2,set3,08,ch2,28,2.8939,9675.7695,250806_N2_imb2_set3_08_ch2,-32
250806,N2,imb2,set3,08,ch2,29,3.001,9694.8223,250806_N2_imb2_set3_08_ch2,-31
250806,N2,imb2,set3,08,ch2,30,3.1082,9697.7793,250806_N2_imb2_set3_08_ch2,-30
250806,N2,imb2,set3,08,ch2,31,3.2154,9729.4248,250806_N2_imb2_set3_08_ch2,-29
250806,N2,imb2,set3,08,ch2,32,3.3226,9769.5146,250806_N2_imb2_set3_08_ch2,-28
250806,N2,imb2,set3,08,ch2,33,3.4298,9814.7012,250806_N2_imb2_set3_08_ch2,-27
250806,N2,imb2,set3,08,ch2,34,3.5369,9864.668,250806_N2_imb2_set3_08_ch2,-26
250806,N2,imb2,set3,08,ch2,35,3.6441,9893.4619,250806_N2_imb2_set3_08_ch2,-25
250806,N2,imb2,set3,08,ch2,36,3.7513,9915.2109,250806_N2_imb2_set3_08_ch2,-24
250806,N2,imb2,set3,08,ch2,37,3.8585,9937.8975,250806_N2_imb2_set3_08_ch2,-23
250806,N2,imb2,set3,08,ch2,38,3.9657,9992.4414,250806_N2_imb2_set3_08_ch2,-22
250806,N2,imb2,set3,08,ch2,39,4.0728,10101.0381,250806_N2_imb2_set3_08_ch2,-21
250806,N2,imb2,set3,08,ch2,40,4.18,10199.7646,250806_N2_imb2_set3_08_ch2,-20
250806,N2,imb2,set3,08,ch2,41,4.2872,10217.8438,250806_N2_imb2_set3_08_ch2,-19
250806,N2,imb2,set3,08,ch2,42,4.3944,10202.8496,250806_N2_imb2_set3_08_ch2,-18
250806,N2,imb2,set3,08,ch2,43,4.5016,10176.7051,250806_N2_imb2_set3_08_ch2,-17
250806,N2,imb2,set3,08,ch2,44,4.6087,10153.3662,250806_N2_imb2_set3_08_ch2,-16
250806,N2,imb2,set3,08,ch2,45,4.7159,10141.2754,250806_N2_imb2_set3_08_ch2,-15
250806,N2,imb2,set3,08,ch2,46,4.8231,10196.6436,250806_N2_imb2_set3_08_ch2,-14
250806,N2,imb2,set3,08,ch2,47,4.9303,10230.333,250806_N2_imb2_set3_08_ch2,-13
250806,N2,imb2,set3,08,ch2,48,5.0375,10246.2793,250806_N2_imb2_set3_08_ch2,-12
250806,N2,imb2,set3,08,ch2,49,5.1446,10237.1289,250806_N2_imb2_set3_08_ch2,-11
250806,N2,imb2,set3,08,ch2,50,5.2518,10219.1104,250806_N2_imb2_set3_08_ch2,-10
250806,N2,imb2,set3,08,ch2,51,5.359,10173.71,250806_N2_imb2_set3_08_ch2,-9
250806,N2,imb2,set3,08,ch2,52,5.4662,10134.5166,250806_N2_imb2_set3_08_ch2,-8
250806,N2,imb2,set3,08,ch2,53,5.5734,10137.5059,250806_N2_imb2_set3_08_ch2,-7
250806,N2,imb2,set3,08,ch2,54,5.6805,10140.0586,250806_N2_imb2_set3_08_ch2,-6
250806,N2,imb2,set3,08,ch2,55,5.7877,10147.9805,250806_N2_imb2_set3_08_ch2,-5
250806,N2,imb2,set3,08,ch2,56,5.8949,10130.7529,250806_N2_imb2_set3_08_ch2,-4
250806,N2,imb2,set3,08,ch2,57,6.0021,10115.8164,250806_N2_imb2_set3_08_ch2,-3
250806,N2,imb2,set3,08,ch2,58,6.1093,10085.6523,250806_N2_imb2_set3_08_ch2,-2
250806,N2,imb2,set3,08,ch2,59,6.2164,10076.4268,250806_N2_imb2_set3_08_ch2,-1
250806,N2,imb2,set3,08,ch2,60,6.3236,10139.2305,250806_N2_imb2_set3_08_ch2,0
250806,N2,imb2,set3,08,ch2,61,6.4308,10272.4678,250806_N2_imb2_set3_08_ch2,1
250806,N2,imb2,set3,08,ch2,62,6.538,10362.8486,250806_N2_imb2_set3_08_ch2,2
250806,N2,imb2,set3,08,ch2,63,6.6452,10309.5928,250806_N2_imb2_set3_08_ch2,3
250806,N2,imb2,set3,08,ch2,64,6.7523,10210.3105,250806_N2_imb2_set3_08_ch2,4
250806,N2,imb2,set3,08,ch2,65,6.8595,10088.1553,250806_N2_imb2_set3_08_ch2,5
250806,N2,imb2,set3,08,ch2,66,6.9667,9962.5049,250806_N2_imb2_set3_08_ch2,6
250806,N2,imb2,set3,08,ch2,67,7.0739,9873.8135,250806_N2_imb2_set3_08_ch2,7
250806,N2,imb2,set3,08,ch2,68,7.1811,9815.7354,250806_N2_imb2_set3_08_ch2,8
250806,N2,imb2,set3,08,ch2,69,7.2882,9778.6494,250806_N2_imb2_set3_08_ch2,9
250806,N2,imb2,set3,08,ch2,70,7.3954,9743.4053,250806_N2_imb2_set3_08_ch2,10
250806,N2,imb2,set3,08,ch2,71,7.5026,9719.833,250806_N2_imb2_set3_08_ch2,11
250806,N2,imb2,set3,08,ch2,72,7.6098,9686.292,250806_N2_imb2_set3_08_ch2,12
250806,N2,imb2,set3,08,ch2,73,7.717,9657.7051,250806_N2_imb2_set3_08_ch2,13
250806,N2,imb2,set3,08,ch2,74,7.8241,9628.9414,250806_N2_imb2_set3_08_ch2,14
250806,N2,imb2,set3,08,ch2,75,7.9313,9603.5693,250806_N2_imb2_set3_08_ch2,15
250806,N2,imb2,set3,08,ch2,76,8.0385,9587.8447,250806_N2_imb2_set3_08_ch2,16
250806,N2,imb2,set3,08,ch2,77,8.1457,9595.2959,250806_N2_imb2_set3_08_ch2,17
250806,N2,imb2,set3,08,ch2,78,8.2529,9617.6973,250806_N2_imb2_set3_08_ch2,18
250806,N2,imb2,set3,08,ch2,79,8.36,9651.0557,250806_N2_imb2_set3_08_ch2,19
250806,N2,imb2,set3,08,ch2,80,8.4672,9703.5762,250806_N2_imb2_set3_08_ch2,20
250806,N2,imb2,set3,08,ch2,81,8.5744,9697.9209,250806_N2_imb2_set3_08_ch2,21
250806,N2,imb2,set3,08,ch2,82,8.6816,9663.4873,250806_N2_imb2_set3_08_ch2,22
250806,N2,imb2,set3,08,ch2,83,8.7888,9641.2598,250806_N2_imb2_set3_08_ch2,23
250806,N2,imb2,set3,08,ch2,84,8.8959,9596.3721,250806_N2_imb2_set3_08_ch2,24
250806,N2,imb2,set3,08,ch2,85,9.0031,9563.4893,250806_N2_imb2_set3_08_ch2,25
250806,N2,imb2,set3,08,ch2,86,9.1103,9538.9766,250806_N2_imb2_set3_08_ch2,26
250806,N2,imb2,set3,08,ch2,87,9.2175,9516.1865,250806_N2_imb2_set3_08_ch2,27
250806,N2,imb2,set3,08,ch2,88,9.3247,9490.9785,250806_N2_imb2_set3_08_ch2,28
250806,N2,imb2,set3,08,ch2,89,9.4318,9462.9834,250806_N2_imb2_set3_08_ch2,29
250806,N2,imb2,set3,08,ch2,90,9.539,9441.8193,250806_N2_imb2_set3_08_ch2,30
250806,N2,imb2,set3,08,ch2,91,9.6462,9443.7412,250806_N2_imb2_set3_08_ch2,31
250806,N2,imb2,set3,08,ch2,92,9.7534,9451.6348,250806_N2_imb2_set3_08_ch2,32
250806,N2,imb2,set3,08,ch2,93,9.8606,9457.2012,250806_N2_imb2_set3_08_ch2,33
250806,N2,imb2,set3,08,ch2,94,9.9677,9398.5107,250806_N2_imb2_set3_08_ch2,34
250806,N2,imb2,set3,08,ch2,95,10.0749,9324.7041,250806_N2_imb2_set3_08_ch2,35
250806,N2,imb2,set3,08,ch2,96,10.1821,9226.2266,250806_N2_imb2_set3_08_ch2,36
250806,N2,imb2,set3,08,ch2,97,10.2893,9144.4756,250806_N2_imb2_set3_08_ch2,37
250806,N2,imb2,set3,08,ch2,98,10.3965,9082.0537,250806_N2_imb2_set3_08_ch2,38
250806,N2,imb2,set3,08,ch2,99,10.5036,9024.1797,250806_N2_imb2_set3_08_ch2,39
250806,N2,imb2,set3,08,ch2,100,10.6108,8975.2881,250806_N2_imb2_set3_08_ch2,40
250806,N2,imb2,set3,08,ch2,101,10.718,8935.1104,250806_N2_imb2_set3_08_ch2,41
250806,N2,imb2,set3,08,ch2,102,10.8252,8885.665,250806_N2_imb2_set3_08_ch2,42
250806,N2,imb2,set3,08,ch2,103,10.9324,8858.4619,250806_N2_imb2_set3_08_ch2,43
250806,N2,imb2,set3,08,ch2,104,11.0395,8828.2393,250806_N2_imb2_set3_08_ch2,44
250806,N2,imb2,set3,08,ch2,105,11.1467,8801.249,250806_N2_imb2_set3_08_ch2,45
250806,N2,imb2,set3,08,ch2,106,11.2539,8773.5244,250806_N2_imb2_set3_08_ch2,46
250806,N2,imb2,set3,08,ch2,107,11.3611,8729.8066,250806_N2_imb2_set3_08_ch2,47
250806,N2,imb2,set3,08,ch2,108,11.4683,8700.3145,250806_N2_imb2_set3_08_ch2,48
250806,N2,imb2,set3,08,ch2,109,11.5754,8661.3096,250806_N2_imb2_set3_08_ch2,49
250806,N2,imb2,set3,08,ch2,110,11.6826,8643.501,250806_N2_imb2_set3_08_ch2,50
250806,N2,imb2,set3,08,ch2,111,11.7898,8644.6357,250806_N2_imb2_set3_08_ch2,51
250806,N2,imb2,set3,08,ch2,112,11.897,8643.6377,250806_N2_imb2_set3_08_ch2,52
250806,N2,imb2,set3,08,ch2,113,12.0042,8629.2402,250806_N2_imb2_set3_08_ch2,53
250806,N2,imb2,set3,08,ch2,114,12.1113,8596.043,250806_N2_imb2_set3_08_ch2,54
250806,N2,imb2,set3,08,ch2,115,12.2185,8545.9307,250806_N2_imb2_set3_08_ch2,55
250806,N2,imb2,set3,08,ch2,116,12.3257,8487.3135,250806_N2_imb2_set3_08_ch2,56
250806,N2,imb2,set3,08,ch2,117,12.4329,8428.6973,250806_N2_imb2_set3_08_ch2,57
250806,N2,imb2,set3,08,ch2,118,12.5401,8387.041,250806_N2_imb2_set3_08_ch2,58
250806,N2,imb2,set3,08,ch2,119,NA,NA,250806_N2_imb2_set3_08_ch2,59
250806,N2,imb2,set3,09,ch1,1,0,4770.2451,250806_N2_imb2_set3_09_ch1,-59
250806,N2,imb2,set3,09,ch1,2,0.1072,4851.0737,250806_N2_imb2_set3_09_ch1,-58
250806,N2,imb2,set3,09,ch1,3,0.2144,4966.8989,250806_N2_imb2_set3_09_ch1,-57
250806,N2,imb2,set3,09,ch1,4,0.3215,5066.9595,250806_N2_imb2_set3_09_ch1,-56
250806,N2,imb2,set3,09,ch1,5,0.4287,5115.2715,250806_N2_imb2_set3_09_ch1,-55
250806,N2,imb2,set3,09,ch1,6,0.5359,5159.1479,250806_N2_imb2_set3_09_ch1,-54
250806,N2,imb2,set3,09,ch1,7,0.6431,5192.1479,250806_N2_imb2_set3_09_ch1,-53
250806,N2,imb2,set3,09,ch1,8,0.7503,5219.6875,250806_N2_imb2_set3_09_ch1,-52
250806,N2,imb2,set3,09,ch1,9,0.8574,5257.2578,250806_N2_imb2_set3_09_ch1,-51
250806,N2,imb2,set3,09,ch1,10,0.9646,5335.0117,250806_N2_imb2_set3_09_ch1,-50
250806,N2,imb2,set3,09,ch1,11,1.0718,5439.998,250806_N2_imb2_set3_09_ch1,-49
250806,N2,imb2,set3,09,ch1,12,1.179,5519.9014,250806_N2_imb2_set3_09_ch1,-48
250806,N2,imb2,set3,09,ch1,13,1.2862,5587.3232,250806_N2_imb2_set3_09_ch1,-47
250806,N2,imb2,set3,09,ch1,14,1.3933,5669.0483,250806_N2_imb2_set3_09_ch1,-46
250806,N2,imb2,set3,09,ch1,15,1.5005,5719.8174,250806_N2_imb2_set3_09_ch1,-45
250806,N2,imb2,set3,09,ch1,16,1.6077,5780.916,250806_N2_imb2_set3_09_ch1,-44
250806,N2,imb2,set3,09,ch1,17,1.7149,5808.8169,250806_N2_imb2_set3_09_ch1,-43
250806,N2,imb2,set3,09,ch1,18,1.8221,5811.4297,250806_N2_imb2_set3_09_ch1,-42
250806,N2,imb2,set3,09,ch1,19,1.9292,5801.8164,250806_N2_imb2_set3_09_ch1,-41
250806,N2,imb2,set3,09,ch1,20,2.0364,5817.5239,250806_N2_imb2_set3_09_ch1,-40
250806,N2,imb2,set3,09,ch1,21,2.1436,5843.9106,250806_N2_imb2_set3_09_ch1,-39
250806,N2,imb2,set3,09,ch1,22,2.2508,5885.5425,250806_N2_imb2_set3_09_ch1,-38
250806,N2,imb2,set3,09,ch1,23,2.358,5939.7192,250806_N2_imb2_set3_09_ch1,-37
250806,N2,imb2,set3,09,ch1,24,2.4651,6009.9214,250806_N2_imb2_set3_09_ch1,-36
250806,N2,imb2,set3,09,ch1,25,2.5723,6135.0117,250806_N2_imb2_set3_09_ch1,-35
250806,N2,imb2,set3,09,ch1,26,2.6795,6236.0771,250806_N2_imb2_set3_09_ch1,-34
250806,N2,imb2,set3,09,ch1,27,2.7867,6261.9307,250806_N2_imb2_set3_09_ch1,-33
250806,N2,imb2,set3,09,ch1,28,2.8939,6307.1587,250806_N2_imb2_set3_09_ch1,-32
250806,N2,imb2,set3,09,ch1,29,3.001,6388.4507,250806_N2_imb2_set3_09_ch1,-31
250806,N2,imb2,set3,09,ch1,30,3.1082,6448.958,250806_N2_imb2_set3_09_ch1,-30
250806,N2,imb2,set3,09,ch1,31,3.2154,6476.8647,250806_N2_imb2_set3_09_ch1,-29
250806,N2,imb2,set3,09,ch1,32,3.3226,6491.1255,250806_N2_imb2_set3_09_ch1,-28
250806,N2,imb2,set3,09,ch1,33,3.4298,6543.3877,250806_N2_imb2_set3_09_ch1,-27
250806,N2,imb2,set3,09,ch1,34,3.5369,6675.978,250806_N2_imb2_set3_09_ch1,-26
250806,N2,imb2,set3,09,ch1,35,3.6441,6802.5615,250806_N2_imb2_set3_09_ch1,-25
250806,N2,imb2,set3,09,ch1,36,3.7513,6860.7861,250806_N2_imb2_set3_09_ch1,-24
250806,N2,imb2,set3,09,ch1,37,3.8585,6882.124,250806_N2_imb2_set3_09_ch1,-23
250806,N2,imb2,set3,09,ch1,38,3.9657,6879.7095,250806_N2_imb2_set3_09_ch1,-22
250806,N2,imb2,set3,09,ch1,39,4.0728,6900.1006,250806_N2_imb2_set3_09_ch1,-21
250806,N2,imb2,set3,09,ch1,40,4.18,6958.229,250806_N2_imb2_set3_09_ch1,-20
250806,N2,imb2,set3,09,ch1,41,4.2872,7060.5747,250806_N2_imb2_set3_09_ch1,-19
250806,N2,imb2,set3,09,ch1,42,4.3944,7192.7144,250806_N2_imb2_set3_09_ch1,-18
250806,N2,imb2,set3,09,ch1,43,4.5016,7272.5435,250806_N2_imb2_set3_09_ch1,-17
250806,N2,imb2,set3,09,ch1,44,4.6087,7317.1167,250806_N2_imb2_set3_09_ch1,-16
250806,N2,imb2,set3,09,ch1,45,4.7159,7402.9282,250806_N2_imb2_set3_09_ch1,-15
250806,N2,imb2,set3,09,ch1,46,4.8231,7532.8276,250806_N2_imb2_set3_09_ch1,-14
250806,N2,imb2,set3,09,ch1,47,4.9303,7649.606,250806_N2_imb2_set3_09_ch1,-13
250806,N2,imb2,set3,09,ch1,48,5.0375,7739.4678,250806_N2_imb2_set3_09_ch1,-12
250806,N2,imb2,set3,09,ch1,49,5.1446,7786.6431,250806_N2_imb2_set3_09_ch1,-11
250806,N2,imb2,set3,09,ch1,50,5.2518,7872.0015,250806_N2_imb2_set3_09_ch1,-10
250806,N2,imb2,set3,09,ch1,51,5.359,7930.8657,250806_N2_imb2_set3_09_ch1,-9
250806,N2,imb2,set3,09,ch1,52,5.4662,7967.1406,250806_N2_imb2_set3_09_ch1,-8
250806,N2,imb2,set3,09,ch1,53,5.5734,7941.377,250806_N2_imb2_set3_09_ch1,-7
250806,N2,imb2,set3,09,ch1,54,5.6805,7924.0649,250806_N2_imb2_set3_09_ch1,-6
250806,N2,imb2,set3,09,ch1,55,5.7877,7965.4067,250806_N2_imb2_set3_09_ch1,-5
250806,N2,imb2,set3,09,ch1,56,5.8949,8011.8052,250806_N2_imb2_set3_09_ch1,-4
250806,N2,imb2,set3,09,ch1,57,6.0021,7991.041,250806_N2_imb2_set3_09_ch1,-3
250806,N2,imb2,set3,09,ch1,58,6.1093,7934.334,250806_N2_imb2_set3_09_ch1,-2
250806,N2,imb2,set3,09,ch1,59,6.2164,7939.9814,250806_N2_imb2_set3_09_ch1,-1
250806,N2,imb2,set3,09,ch1,60,6.3236,8051.2236,250806_N2_imb2_set3_09_ch1,0
250806,N2,imb2,set3,09,ch1,61,6.4308,8198.3164,250806_N2_imb2_set3_09_ch1,1
250806,N2,imb2,set3,09,ch1,62,6.538,8218.5713,250806_N2_imb2_set3_09_ch1,2
250806,N2,imb2,set3,09,ch1,63,6.6452,8197.5342,250806_N2_imb2_set3_09_ch1,3
250806,N2,imb2,set3,09,ch1,64,6.7523,8263.249,250806_N2_imb2_set3_09_ch1,4
250806,N2,imb2,set3,09,ch1,65,6.8595,8256.7217,250806_N2_imb2_set3_09_ch1,5
250806,N2,imb2,set3,09,ch1,66,6.9667,8121.3301,250806_N2_imb2_set3_09_ch1,6
250806,N2,imb2,set3,09,ch1,67,7.0739,7982.0083,250806_N2_imb2_set3_09_ch1,7
250806,N2,imb2,set3,09,ch1,68,7.1811,7888.8047,250806_N2_imb2_set3_09_ch1,8
250806,N2,imb2,set3,09,ch1,69,7.2882,7753.2051,250806_N2_imb2_set3_09_ch1,9
250806,N2,imb2,set3,09,ch1,70,7.3954,7630.9697,250806_N2_imb2_set3_09_ch1,10
250806,N2,imb2,set3,09,ch1,71,7.5026,7566.7749,250806_N2_imb2_set3_09_ch1,11
250806,N2,imb2,set3,09,ch1,72,7.6098,7554.583,250806_N2_imb2_set3_09_ch1,12
250806,N2,imb2,set3,09,ch1,73,7.717,7558.5718,250806_N2_imb2_set3_09_ch1,13
250806,N2,imb2,set3,09,ch1,74,7.8241,7544.8032,250806_N2_imb2_set3_09_ch1,14
250806,N2,imb2,set3,09,ch1,75,7.9313,7509.7524,250806_N2_imb2_set3_09_ch1,15
250806,N2,imb2,set3,09,ch1,76,8.0385,7492.1182,250806_N2_imb2_set3_09_ch1,16
250806,N2,imb2,set3,09,ch1,77,8.1457,7502.8379,250806_N2_imb2_set3_09_ch1,17
250806,N2,imb2,set3,09,ch1,78,8.2529,7506.9639,250806_N2_imb2_set3_09_ch1,18
250806,N2,imb2,set3,09,ch1,79,8.36,7507.6118,250806_N2_imb2_set3_09_ch1,19
250806,N2,imb2,set3,09,ch1,80,8.4672,7474.1265,250806_N2_imb2_set3_09_ch1,20
250806,N2,imb2,set3,09,ch1,81,8.5744,7478.728,250806_N2_imb2_set3_09_ch1,21
250806,N2,imb2,set3,09,ch1,82,8.6816,7533.3501,250806_N2_imb2_set3_09_ch1,22
250806,N2,imb2,set3,09,ch1,83,8.7888,7568.5317,250806_N2_imb2_set3_09_ch1,23
250806,N2,imb2,set3,09,ch1,84,8.8959,7559.5322,250806_N2_imb2_set3_09_ch1,24
250806,N2,imb2,set3,09,ch1,85,9.0031,7527.0244,250806_N2_imb2_set3_09_ch1,25
250806,N2,imb2,set3,09,ch1,86,9.1103,7431.4448,250806_N2_imb2_set3_09_ch1,26
250806,N2,imb2,set3,09,ch1,87,9.2175,7320.3838,250806_N2_imb2_set3_09_ch1,27
250806,N2,imb2,set3,09,ch1,88,9.3247,7242.3408,250806_N2_imb2_set3_09_ch1,28
250806,N2,imb2,set3,09,ch1,89,9.4318,7185.0244,250806_N2_imb2_set3_09_ch1,29
250806,N2,imb2,set3,09,ch1,90,9.539,7114.7065,250806_N2_imb2_set3_09_ch1,30
250806,N2,imb2,set3,09,ch1,91,9.6462,7057.543,250806_N2_imb2_set3_09_ch1,31
250806,N2,imb2,set3,09,ch1,92,9.7534,7003.8779,250806_N2_imb2_set3_09_ch1,32
250806,N2,imb2,set3,09,ch1,93,9.8606,6955.2085,250806_N2_imb2_set3_09_ch1,33
250806,N2,imb2,set3,09,ch1,94,9.9677,6942.688,250806_N2_imb2_set3_09_ch1,34
250806,N2,imb2,set3,09,ch1,95,10.0749,6931.79,250806_N2_imb2_set3_09_ch1,35
250806,N2,imb2,set3,09,ch1,96,10.1821,6909.4136,250806_N2_imb2_set3_09_ch1,36
250806,N2,imb2,set3,09,ch1,97,10.2893,6878.27,250806_N2_imb2_set3_09_ch1,37
250806,N2,imb2,set3,09,ch1,98,10.3965,6825.5483,250806_N2_imb2_set3_09_ch1,38
250806,N2,imb2,set3,09,ch1,99,10.5036,6797.5249,250806_N2_imb2_set3_09_ch1,39
250806,N2,imb2,set3,09,ch1,100,10.6108,6764.2554,250806_N2_imb2_set3_09_ch1,40
250806,N2,imb2,set3,09,ch1,101,10.718,6746.8203,250806_N2_imb2_set3_09_ch1,41
250806,N2,imb2,set3,09,ch1,102,10.8252,6728.1973,250806_N2_imb2_set3_09_ch1,42
250806,N2,imb2,set3,09,ch1,103,10.9324,6758.2764,250806_N2_imb2_set3_09_ch1,43
250806,N2,imb2,set3,09,ch1,104,11.0395,6810.312,250806_N2_imb2_set3_09_ch1,44
250806,N2,imb2,set3,09,ch1,105,11.1467,6882.5625,250806_N2_imb2_set3_09_ch1,45
250806,N2,imb2,set3,09,ch1,106,11.2539,6921.4302,250806_N2_imb2_set3_09_ch1,46
250806,N2,imb2,set3,09,ch1,107,11.3611,6884.7695,250806_N2_imb2_set3_09_ch1,47
250806,N2,imb2,set3,09,ch1,108,11.4683,6829.8423,250806_N2_imb2_set3_09_ch1,48
250806,N2,imb2,set3,09,ch1,109,11.5754,6811.1006,250806_N2_imb2_set3_09_ch1,49
250806,N2,imb2,set3,09,ch1,110,11.6826,6789.729,250806_N2_imb2_set3_09_ch1,50
250806,N2,imb2,set3,09,ch1,111,11.7898,6777.2505,250806_N2_imb2_set3_09_ch1,51
250806,N2,imb2,set3,09,ch1,112,11.897,6725.4204,250806_N2_imb2_set3_09_ch1,52
250806,N2,imb2,set3,09,ch1,113,12.0042,6646.1724,250806_N2_imb2_set3_09_ch1,53
250806,N2,imb2,set3,09,ch1,114,12.1113,6610.0098,250806_N2_imb2_set3_09_ch1,54
250806,N2,imb2,set3,09,ch1,115,12.2185,6580.7935,250806_N2_imb2_set3_09_ch1,55
250806,N2,imb2,set3,09,ch1,116,12.3257,6510.3999,250806_N2_imb2_set3_09_ch1,56
250806,N2,imb2,set3,09,ch1,117,12.4329,6410.9453,250806_N2_imb2_set3_09_ch1,57
250806,N2,imb2,set3,09,ch1,118,12.5401,6333.1162,250806_N2_imb2_set3_09_ch1,58
250806,N2,imb2,set3,09,ch1,119,NA,NA,250806_N2_imb2_set3_09_ch1,59
250806,N2,imb2,set3,09,ch2,1,0,6692.2607,250806_N2_imb2_set3_09_ch2,-59
250806,N2,imb2,set3,09,ch2,2,0.1072,6746.4399,250806_N2_imb2_set3_09_ch2,-58
250806,N2,imb2,set3,09,ch2,3,0.2144,6808.3809,250806_N2_imb2_set3_09_ch2,-57
250806,N2,imb2,set3,09,ch2,4,0.3215,6862.2236,250806_N2_imb2_set3_09_ch2,-56
250806,N2,imb2,set3,09,ch2,5,0.4287,6895.1685,250806_N2_imb2_set3_09_ch2,-55
250806,N2,imb2,set3,09,ch2,6,0.5359,6947.5591,250806_N2_imb2_set3_09_ch2,-54
250806,N2,imb2,set3,09,ch2,7,0.6431,6967.8604,250806_N2_imb2_set3_09_ch2,-53
250806,N2,imb2,set3,09,ch2,8,0.7503,6999.0078,250806_N2_imb2_set3_09_ch2,-52
250806,N2,imb2,set3,09,ch2,9,0.8574,7024.6997,250806_N2_imb2_set3_09_ch2,-51
250806,N2,imb2,set3,09,ch2,10,0.9646,7041.3721,250806_N2_imb2_set3_09_ch2,-50
250806,N2,imb2,set3,09,ch2,11,1.0718,7076.668,250806_N2_imb2_set3_09_ch2,-49
250806,N2,imb2,set3,09,ch2,12,1.179,7108.6938,250806_N2_imb2_set3_09_ch2,-48
250806,N2,imb2,set3,09,ch2,13,1.2862,7151.8628,250806_N2_imb2_set3_09_ch2,-47
250806,N2,imb2,set3,09,ch2,14,1.3933,7176.3516,250806_N2_imb2_set3_09_ch2,-46
250806,N2,imb2,set3,09,ch2,15,1.5005,7208.6865,250806_N2_imb2_set3_09_ch2,-45
250806,N2,imb2,set3,09,ch2,16,1.6077,7238.4932,250806_N2_imb2_set3_09_ch2,-44
250806,N2,imb2,set3,09,ch2,17,1.7149,7254.8462,250806_N2_imb2_set3_09_ch2,-43
250806,N2,imb2,set3,09,ch2,18,1.8221,7301.8369,250806_N2_imb2_set3_09_ch2,-42
250806,N2,imb2,set3,09,ch2,19,1.9292,7328.7271,250806_N2_imb2_set3_09_ch2,-41
250806,N2,imb2,set3,09,ch2,20,2.0364,7357.4272,250806_N2_imb2_set3_09_ch2,-40
250806,N2,imb2,set3,09,ch2,21,2.1436,7371.3516,250806_N2_imb2_set3_09_ch2,-39
250806,N2,imb2,set3,09,ch2,22,2.2508,7391.4722,250806_N2_imb2_set3_09_ch2,-38
250806,N2,imb2,set3,09,ch2,23,2.358,7413.5698,250806_N2_imb2_set3_09_ch2,-37
250806,N2,imb2,set3,09,ch2,24,2.4651,7443.4141,250806_N2_imb2_set3_09_ch2,-36
250806,N2,imb2,set3,09,ch2,25,2.5723,7487.811,250806_N2_imb2_set3_09_ch2,-35
250806,N2,imb2,set3,09,ch2,26,2.6795,7523.4365,250806_N2_imb2_set3_09_ch2,-34
250806,N2,imb2,set3,09,ch2,27,2.7867,7566.1685,250806_N2_imb2_set3_09_ch2,-33
250806,N2,imb2,set3,09,ch2,28,2.8939,7610.5454,250806_N2_imb2_set3_09_ch2,-32
250806,N2,imb2,set3,09,ch2,29,3.001,7636.4956,250806_N2_imb2_set3_09_ch2,-31
250806,N2,imb2,set3,09,ch2,30,3.1082,7670.9614,250806_N2_imb2_set3_09_ch2,-30
250806,N2,imb2,set3,09,ch2,31,3.2154,7689.6562,250806_N2_imb2_set3_09_ch2,-29
250806,N2,imb2,set3,09,ch2,32,3.3226,7694.9863,250806_N2_imb2_set3_09_ch2,-28
250806,N2,imb2,set3,09,ch2,33,3.4298,7727.1367,250806_N2_imb2_set3_09_ch2,-27
250806,N2,imb2,set3,09,ch2,34,3.5369,7758.0371,250806_N2_imb2_set3_09_ch2,-26
250806,N2,imb2,set3,09,ch2,35,3.6441,7804.8281,250806_N2_imb2_set3_09_ch2,-25
250806,N2,imb2,set3,09,ch2,36,3.7513,7847.5356,250806_N2_imb2_set3_09_ch2,-24
250806,N2,imb2,set3,09,ch2,37,3.8585,7875.7773,250806_N2_imb2_set3_09_ch2,-23
250806,N2,imb2,set3,09,ch2,38,3.9657,7903.0308000000005,250806_N2_imb2_set3_09_ch2,-22
250806,N2,imb2,set3,09,ch2,39,4.0728,7927.522,250806_N2_imb2_set3_09_ch2,-21
250806,N2,imb2,set3,09,ch2,40,4.18,7964.8711,250806_N2_imb2_set3_09_ch2,-20
250806,N2,imb2,set3,09,ch2,41,4.2872,8006.4287,250806_N2_imb2_set3_09_ch2,-19
250806,N2,imb2,set3,09,ch2,42,4.3944,8042.1772,250806_N2_imb2_set3_09_ch2,-18
250806,N2,imb2,set3,09,ch2,43,4.5016,8067.4531,250806_N2_imb2_set3_09_ch2,-17
250806,N2,imb2,set3,09,ch2,44,4.6087,8085.4375,250806_N2_imb2_set3_09_ch2,-16
250806,N2,imb2,set3,09,ch2,45,4.7159,8118.6943,250806_N2_imb2_set3_09_ch2,-15
250806,N2,imb2,set3,09,ch2,46,4.8231,8147.688,250806_N2_imb2_set3_09_ch2,-14
250806,N2,imb2,set3,09,ch2,47,4.9303,8173.1738,250806_N2_imb2_set3_09_ch2,-13
250806,N2,imb2,set3,09,ch2,48,5.0375,8186.895,250806_N2_imb2_set3_09_ch2,-12
250806,N2,imb2,set3,09,ch2,49,5.1446,8204.5518,250806_N2_imb2_set3_09_ch2,-11
250806,N2,imb2,set3,09,ch2,50,5.2518,8260.1885,250806_N2_imb2_set3_09_ch2,-10
250806,N2,imb2,set3,09,ch2,51,5.359,8287.6992,250806_N2_imb2_set3_09_ch2,-9
250806,N2,imb2,set3,09,ch2,52,5.4662,8324.9424,250806_N2_imb2_set3_09_ch2,-8
250806,N2,imb2,set3,09,ch2,53,5.5734,8342.0127,250806_N2_imb2_set3_09_ch2,-7
250806,N2,imb2,set3,09,ch2,54,5.6805,8380.1182,250806_N2_imb2_set3_09_ch2,-6
250806,N2,imb2,set3,09,ch2,55,5.7877,8424.4004,250806_N2_imb2_set3_09_ch2,-5
250806,N2,imb2,set3,09,ch2,56,5.8949,8467.1914,250806_N2_imb2_set3_09_ch2,-4
250806,N2,imb2,set3,09,ch2,57,6.0021,8506.3623,250806_N2_imb2_set3_09_ch2,-3
250806,N2,imb2,set3,09,ch2,58,6.1093,8534.5234,250806_N2_imb2_set3_09_ch2,-2
250806,N2,imb2,set3,09,ch2,59,6.2164,8592.832,250806_N2_imb2_set3_09_ch2,-1
250806,N2,imb2,set3,09,ch2,60,6.3236,8640.3594,250806_N2_imb2_set3_09_ch2,0
250806,N2,imb2,set3,09,ch2,61,6.4308,8700.0264,250806_N2_imb2_set3_09_ch2,1
250806,N2,imb2,set3,09,ch2,62,6.538,8720.8584,250806_N2_imb2_set3_09_ch2,2
250806,N2,imb2,set3,09,ch2,63,6.6452,8755.7432,250806_N2_imb2_set3_09_ch2,3
250806,N2,imb2,set3,09,ch2,64,6.7523,8790.7832,250806_N2_imb2_set3_09_ch2,4
250806,N2,imb2,set3,09,ch2,65,6.8595,8823.6963,250806_N2_imb2_set3_09_ch2,5
250806,N2,imb2,set3,09,ch2,66,6.9667,8877.832,250806_N2_imb2_set3_09_ch2,6
250806,N2,imb2,set3,09,ch2,67,7.0739,8945.0332,250806_N2_imb2_set3_09_ch2,7
250806,N2,imb2,set3,09,ch2,68,7.1811,9023.334,250806_N2_imb2_set3_09_ch2,8
250806,N2,imb2,set3,09,ch2,69,7.2882,9102.1748,250806_N2_imb2_set3_09_ch2,9
250806,N2,imb2,set3,09,ch2,70,7.3954,9185.2666,250806_N2_imb2_set3_09_ch2,10
250806,N2,imb2,set3,09,ch2,71,7.5026,9236.2822,250806_N2_imb2_set3_09_ch2,11
250806,N2,imb2,set3,09,ch2,72,7.6098,9240.5703,250806_N2_imb2_set3_09_ch2,12
250806,N2,imb2,set3,09,ch2,73,7.717,9251.1035,250806_N2_imb2_set3_09_ch2,13
250806,N2,imb2,set3,09,ch2,74,7.8241,9256.2627,250806_N2_imb2_set3_09_ch2,14
250806,N2,imb2,set3,09,ch2,75,7.9313,9295.0693,250806_N2_imb2_set3_09_ch2,15
250806,N2,imb2,set3,09,ch2,76,8.0385,9377.0273,250806_N2_imb2_set3_09_ch2,16
250806,N2,imb2,set3,09,ch2,77,8.1457,9423.417,250806_N2_imb2_set3_09_ch2,17
250806,N2,imb2,set3,09,ch2,78,8.2529,9429.8887,250806_N2_imb2_set3_09_ch2,18
250806,N2,imb2,set3,09,ch2,79,8.36,9438.7334,250806_N2_imb2_set3_09_ch2,19
250806,N2,imb2,set3,09,ch2,80,8.4672,9494.9541,250806_N2_imb2_set3_09_ch2,20
250806,N2,imb2,set3,09,ch2,81,8.5744,9592.4238,250806_N2_imb2_set3_09_ch2,21
250806,N2,imb2,set3,09,ch2,82,8.6816,9659.8398,250806_N2_imb2_set3_09_ch2,22
250806,N2,imb2,set3,09,ch2,83,8.7888,9648.2939,250806_N2_imb2_set3_09_ch2,23
250806,N2,imb2,set3,09,ch2,84,8.8959,9562.8145,250806_N2_imb2_set3_09_ch2,24
250806,N2,imb2,set3,09,ch2,85,9.0031,9475.5625,250806_N2_imb2_set3_09_ch2,25
250806,N2,imb2,set3,09,ch2,86,9.1103,9404.6211,250806_N2_imb2_set3_09_ch2,26
250806,N2,imb2,set3,09,ch2,87,9.2175,9353.8447,250806_N2_imb2_set3_09_ch2,27
250806,N2,imb2,set3,09,ch2,88,9.3247,9321.7842,250806_N2_imb2_set3_09_ch2,28
250806,N2,imb2,set3,09,ch2,89,9.4318,9307.1514,250806_N2_imb2_set3_09_ch2,29
250806,N2,imb2,set3,09,ch2,90,9.539,9310.6348,250806_N2_imb2_set3_09_ch2,30
250806,N2,imb2,set3,09,ch2,91,9.6462,9311.8047,250806_N2_imb2_set3_09_ch2,31
250806,N2,imb2,set3,09,ch2,92,9.7534,9327.0322,250806_N2_imb2_set3_09_ch2,32
250806,N2,imb2,set3,09,ch2,93,9.8606,9333.71,250806_N2_imb2_set3_09_ch2,33
250806,N2,imb2,set3,09,ch2,94,9.9677,9340.3945,250806_N2_imb2_set3_09_ch2,34
250806,N2,imb2,set3,09,ch2,95,10.0749,9347.5254,250806_N2_imb2_set3_09_ch2,35
250806,N2,imb2,set3,09,ch2,96,10.1821,9361.6729,250806_N2_imb2_set3_09_ch2,36
250806,N2,imb2,set3,09,ch2,97,10.2893,9401.7803,250806_N2_imb2_set3_09_ch2,37
250806,N2,imb2,set3,09,ch2,98,10.3965,9397.7627,250806_N2_imb2_set3_09_ch2,38
250806,N2,imb2,set3,09,ch2,99,10.5036,9356.7451,250806_N2_imb2_set3_09_ch2,39
250806,N2,imb2,set3,09,ch2,100,10.6108,9291.4463,250806_N2_imb2_set3_09_ch2,40
250806,N2,imb2,set3,09,ch2,101,10.718,9247.4502,250806_N2_imb2_set3_09_ch2,41
250806,N2,imb2,set3,09,ch2,102,10.8252,9222.4609,250806_N2_imb2_set3_09_ch2,42
250806,N2,imb2,set3,09,ch2,103,10.9324,9246.2998,250806_N2_imb2_set3_09_ch2,43
250806,N2,imb2,set3,09,ch2,104,11.0395,9243.1533,250806_N2_imb2_set3_09_ch2,44
250806,N2,imb2,set3,09,ch2,105,11.1467,9217.9766,250806_N2_imb2_set3_09_ch2,45
250806,N2,imb2,set3,09,ch2,106,11.2539,9152.3721,250806_N2_imb2_set3_09_ch2,46
250806,N2,imb2,set3,09,ch2,107,11.3611,9093.9883,250806_N2_imb2_set3_09_ch2,47
250806,N2,imb2,set3,09,ch2,108,11.4683,9034.4238,250806_N2_imb2_set3_09_ch2,48
250806,N2,imb2,set3,09,ch2,109,11.5754,8991.5039,250806_N2_imb2_set3_09_ch2,49
250806,N2,imb2,set3,09,ch2,110,11.6826,8930.5596,250806_N2_imb2_set3_09_ch2,50
250806,N2,imb2,set3,09,ch2,111,11.7898,8887.1787,250806_N2_imb2_set3_09_ch2,51
250806,N2,imb2,set3,09,ch2,112,11.897,8848.7754,250806_N2_imb2_set3_09_ch2,52
250806,N2,imb2,set3,09,ch2,113,12.0042,8812.377,250806_N2_imb2_set3_09_ch2,53
250806,N2,imb2,set3,09,ch2,114,12.1113,8769.7754,250806_N2_imb2_set3_09_ch2,54
250806,N2,imb2,set3,09,ch2,115,12.2185,8716.623,250806_N2_imb2_set3_09_ch2,55
250806,N2,imb2,set3,09,ch2,116,12.3257,8667.9336,250806_N2_imb2_set3_09_ch2,56
250806,N2,imb2,set3,09,ch2,117,12.4329,8637.1064,250806_N2_imb2_set3_09_ch2,57
250806,N2,imb2,set3,09,ch2,118,12.5401,8597.7383,250806_N2_imb2_set3_09_ch2,58
250806,N2,imb2,set3,09,ch2,119,NA,NA,250806_N2_imb2_set3_09_ch2,59
250806,N2,imb2,set3,01,ch1,1,0,14952.5225,250806_N2_imb2_set3_01_ch1,-59
250806,N2,imb2,set3,01,ch1,2,0.1072,14936.4521,250806_N2_imb2_set3_01_ch1,-58
250806,N2,imb2,set3,01,ch1,3,0.2144,14935.4941,250806_N2_imb2_set3_01_ch1,-57
250806,N2,imb2,set3,01,ch1,4,0.3215,14927.6211,250806_N2_imb2_set3_01_ch1,-56
250806,N2,imb2,set3,01,ch1,5,0.4287,14954.2959,250806_N2_imb2_set3_01_ch1,-55
250806,N2,imb2,set3,01,ch1,6,0.5359,14936.0254,250806_N2_imb2_set3_01_ch1,-54
250806,N2,imb2,set3,01,ch1,7,0.6431,14953.4053,250806_N2_imb2_set3_01_ch1,-53
250806,N2,imb2,set3,01,ch1,8,0.7503,14987.2598,250806_N2_imb2_set3_01_ch1,-52
250806,N2,imb2,set3,01,ch1,9,0.8574,15023.1963,250806_N2_imb2_set3_01_ch1,-51
250806,N2,imb2,set3,01,ch1,10,0.9646,15048.2715,250806_N2_imb2_set3_01_ch1,-50
250806,N2,imb2,set3,01,ch1,11,1.0718,15069.1172,250806_N2_imb2_set3_01_ch1,-49
250806,N2,imb2,set3,01,ch1,12,1.179,15053.4863,250806_N2_imb2_set3_01_ch1,-48
250806,N2,imb2,set3,01,ch1,13,1.2862,15000.0234,250806_N2_imb2_set3_01_ch1,-47
250806,N2,imb2,set3,01,ch1,14,1.3933,14955.3145,250806_N2_imb2_set3_01_ch1,-46
250806,N2,imb2,set3,01,ch1,15,1.5005,14944.8799,250806_N2_imb2_set3_01_ch1,-45
250806,N2,imb2,set3,01,ch1,16,1.6077,14915.2197,250806_N2_imb2_set3_01_ch1,-44
250806,N2,imb2,set3,01,ch1,17,1.7149,14868.8057,250806_N2_imb2_set3_01_ch1,-43
250806,N2,imb2,set3,01,ch1,18,1.8221,14858.7842,250806_N2_imb2_set3_01_ch1,-42
250806,N2,imb2,set3,01,ch1,19,1.9292,14806.6836,250806_N2_imb2_set3_01_ch1,-41
250806,N2,imb2,set3,01,ch1,20,2.0364,14795.4307,250806_N2_imb2_set3_01_ch1,-40
250806,N2,imb2,set3,01,ch1,21,2.1436,14778.752,250806_N2_imb2_set3_01_ch1,-39
250806,N2,imb2,set3,01,ch1,22,2.2508,14768.2793,250806_N2_imb2_set3_01_ch1,-38
250806,N2,imb2,set3,01,ch1,23,2.358,14727.3242,250806_N2_imb2_set3_01_ch1,-37
250806,N2,imb2,set3,01,ch1,24,2.4651,14733.7451,250806_N2_imb2_set3_01_ch1,-36
250806,N2,imb2,set3,01,ch1,25,2.5723,14765.5566,250806_N2_imb2_set3_01_ch1,-35
250806,N2,imb2,set3,01,ch1,26,2.6795,14751.7646,250806_N2_imb2_set3_01_ch1,-34
250806,N2,imb2,set3,01,ch1,27,2.7867,14754.2373,250806_N2_imb2_set3_01_ch1,-33
250806,N2,imb2,set3,01,ch1,28,2.8939,14754.4414,250806_N2_imb2_set3_01_ch1,-32
250806,N2,imb2,set3,01,ch1,29,3.001,14741.4453,250806_N2_imb2_set3_01_ch1,-31
250806,N2,imb2,set3,01,ch1,30,3.1082,14783.0967,250806_N2_imb2_set3_01_ch1,-30
250806,N2,imb2,set3,01,ch1,31,3.2154,14839.4658,250806_N2_imb2_set3_01_ch1,-29
250806,N2,imb2,set3,01,ch1,32,3.3226,14894.4043,250806_N2_imb2_set3_01_ch1,-28
250806,N2,imb2,set3,01,ch1,33,3.4298,14971.6299,250806_N2_imb2_set3_01_ch1,-27
250806,N2,imb2,set3,01,ch1,34,3.5369,15013.3789,250806_N2_imb2_set3_01_ch1,-26
250806,N2,imb2,set3,01,ch1,35,3.6441,15065.0254,250806_N2_imb2_set3_01_ch1,-25
250806,N2,imb2,set3,01,ch1,36,3.7513,15103.2783,250806_N2_imb2_set3_01_ch1,-24
250806,N2,imb2,set3,01,ch1,37,3.8585,15100.5117,250806_N2_imb2_set3_01_ch1,-23
250806,N2,imb2,set3,01,ch1,38,3.9657,15126.8281,250806_N2_imb2_set3_01_ch1,-22
250806,N2,imb2,set3,01,ch1,39,4.0728,15133.752,250806_N2_imb2_set3_01_ch1,-21
250806,N2,imb2,set3,01,ch1,40,4.18,15179.5684,250806_N2_imb2_set3_01_ch1,-20
250806,N2,imb2,set3,01,ch1,41,4.2872,15233.4258,250806_N2_imb2_set3_01_ch1,-19
250806,N2,imb2,set3,01,ch1,42,4.3944,15255.2949,250806_N2_imb2_set3_01_ch1,-18
250806,N2,imb2,set3,01,ch1,43,4.5016,15275.0693,250806_N2_imb2_set3_01_ch1,-17
250806,N2,imb2,set3,01,ch1,44,4.6087,15264.6162,250806_N2_imb2_set3_01_ch1,-16
250806,N2,imb2,set3,01,ch1,45,4.7159,15239.0693,250806_N2_imb2_set3_01_ch1,-15
250806,N2,imb2,set3,01,ch1,46,4.8231,15250.4482,250806_N2_imb2_set3_01_ch1,-14
250806,N2,imb2,set3,01,ch1,47,4.9303,15252.9619,250806_N2_imb2_set3_01_ch1,-13
250806,N2,imb2,set3,01,ch1,48,5.0375,15289.9326,250806_N2_imb2_set3_01_ch1,-12
250806,N2,imb2,set3,01,ch1,49,5.1446,15304.5693,250806_N2_imb2_set3_01_ch1,-11
250806,N2,imb2,set3,01,ch1,50,5.2518,15309.0205,250806_N2_imb2_set3_01_ch1,-10
250806,N2,imb2,set3,01,ch1,51,5.359,15311.2637,250806_N2_imb2_set3_01_ch1,-9
250806,N2,imb2,set3,01,ch1,52,5.4662,15272.1982,250806_N2_imb2_set3_01_ch1,-8
250806,N2,imb2,set3,01,ch1,53,5.5734,15300.8174,250806_N2_imb2_set3_01_ch1,-7
250806,N2,imb2,set3,01,ch1,54,5.6805,15392.0234,250806_N2_imb2_set3_01_ch1,-6
250806,N2,imb2,set3,01,ch1,55,5.7877,15419.2061,250806_N2_imb2_set3_01_ch1,-5
250806,N2,imb2,set3,01,ch1,56,5.8949,15494.4824,250806_N2_imb2_set3_01_ch1,-4
250806,N2,imb2,set3,01,ch1,57,6.0021,15607.4355,250806_N2_imb2_set3_01_ch1,-3
250806,N2,imb2,set3,01,ch1,58,6.1093,15778.8643,250806_N2_imb2_set3_01_ch1,-2
250806,N2,imb2,set3,01,ch1,59,6.2164,16050.3154,250806_N2_imb2_set3_01_ch1,-1
250806,N2,imb2,set3,01,ch1,60,6.3236,16296.0986,250806_N2_imb2_set3_01_ch1,0
250806,N2,imb2,set3,01,ch1,61,6.4308,16483.8867,250806_N2_imb2_set3_01_ch1,1
250806,N2,imb2,set3,01,ch1,62,6.538,16511.5137,250806_N2_imb2_set3_01_ch1,2
250806,N2,imb2,set3,01,ch1,63,6.6452,16425.0801,250806_N2_imb2_set3_01_ch1,3
250806,N2,imb2,set3,01,ch1,64,6.7523,16290.0488,250806_N2_imb2_set3_01_ch1,4
250806,N2,imb2,set3,01,ch1,65,6.8595,16180.3535,250806_N2_imb2_set3_01_ch1,5
250806,N2,imb2,set3,01,ch1,66,6.9667,16079.3623,250806_N2_imb2_set3_01_ch1,6
250806,N2,imb2,set3,01,ch1,67,7.0739,16003.793,250806_N2_imb2_set3_01_ch1,7
250806,N2,imb2,set3,01,ch1,68,7.1811,15969.4121,250806_N2_imb2_set3_01_ch1,8
250806,N2,imb2,set3,01,ch1,69,7.2882,15799.0537,250806_N2_imb2_set3_01_ch1,9
250806,N2,imb2,set3,01,ch1,70,7.3954,15572.2275,250806_N2_imb2_set3_01_ch1,10
250806,N2,imb2,set3,01,ch1,71,7.5026,15265.4756,250806_N2_imb2_set3_01_ch1,11
250806,N2,imb2,set3,01,ch1,72,7.6098,14713.2529,250806_N2_imb2_set3_01_ch1,12
250806,N2,imb2,set3,01,ch1,73,7.717,13987.8311,250806_N2_imb2_set3_01_ch1,13
250806,N2,imb2,set3,01,ch1,74,7.8241,13439.9658,250806_N2_imb2_set3_01_ch1,14
250806,N2,imb2,set3,01,ch1,75,7.9313,13075.8623,250806_N2_imb2_set3_01_ch1,15
250806,N2,imb2,set3,01,ch1,76,8.0385,12812.3037,250806_N2_imb2_set3_01_ch1,16
250806,N2,imb2,set3,01,ch1,77,8.1457,12645.9141,250806_N2_imb2_set3_01_ch1,17
250806,N2,imb2,set3,01,ch1,78,8.2529,12552.6064,250806_N2_imb2_set3_01_ch1,18
250806,N2,imb2,set3,01,ch1,79,8.36,12446.4551,250806_N2_imb2_set3_01_ch1,19
250806,N2,imb2,set3,01,ch1,80,8.4672,12338.1387,250806_N2_imb2_set3_01_ch1,20
250806,N2,imb2,set3,01,ch1,81,8.5744,12263.3779,250806_N2_imb2_set3_01_ch1,21
250806,N2,imb2,set3,01,ch1,82,8.6816,12194.6953,250806_N2_imb2_set3_01_ch1,22
250806,N2,imb2,set3,01,ch1,83,8.7888,12143.8555,250806_N2_imb2_set3_01_ch1,23
250806,N2,imb2,set3,01,ch1,84,8.8959,12066.6318,250806_N2_imb2_set3_01_ch1,24
250806,N2,imb2,set3,01,ch1,85,9.0031,11927.8018,250806_N2_imb2_set3_01_ch1,25
250806,N2,imb2,set3,01,ch1,86,9.1103,11801.002,250806_N2_imb2_set3_01_ch1,26
250806,N2,imb2,set3,01,ch1,87,9.2175,11764.9336,250806_N2_imb2_set3_01_ch1,27
250806,N2,imb2,set3,01,ch1,88,9.3247,11799.501,250806_N2_imb2_set3_01_ch1,28
250806,N2,imb2,set3,01,ch1,89,9.4318,11841.0176,250806_N2_imb2_set3_01_ch1,29
250806,N2,imb2,set3,01,ch1,90,9.539,11827.3096,250806_N2_imb2_set3_01_ch1,30
250806,N2,imb2,set3,01,ch1,91,9.6462,11751.7734,250806_N2_imb2_set3_01_ch1,31
250806,N2,imb2,set3,01,ch1,92,9.7534,11743.5449,250806_N2_imb2_set3_01_ch1,32
250806,N2,imb2,set3,01,ch1,93,9.8606,11707.7393,250806_N2_imb2_set3_01_ch1,33
250806,N2,imb2,set3,01,ch1,94,9.9677,11662.2549,250806_N2_imb2_set3_01_ch1,34
250806,N2,imb2,set3,01,ch1,95,10.0749,11596.1631,250806_N2_imb2_set3_01_ch1,35
250806,N2,imb2,set3,01,ch1,96,10.1821,11486.0098,250806_N2_imb2_set3_01_ch1,36
250806,N2,imb2,set3,01,ch1,97,10.2893,11245.9893,250806_N2_imb2_set3_01_ch1,37
250806,N2,imb2,set3,01,ch1,98,10.3965,10978.2764,250806_N2_imb2_set3_01_ch1,38
250806,N2,imb2,set3,01,ch1,99,10.5036,10777.4082,250806_N2_imb2_set3_01_ch1,39
250806,N2,imb2,set3,01,ch1,100,10.6108,10654.2744,250806_N2_imb2_set3_01_ch1,40
250806,N2,imb2,set3,01,ch1,101,10.718,10557.4229,250806_N2_imb2_set3_01_ch1,41
250806,N2,imb2,set3,01,ch1,102,10.8252,10502.2773,250806_N2_imb2_set3_01_ch1,42
250806,N2,imb2,set3,01,ch1,103,10.9324,10444.126,250806_N2_imb2_set3_01_ch1,43
250806,N2,imb2,set3,01,ch1,104,11.0395,10363.5361,250806_N2_imb2_set3_01_ch1,44
250806,N2,imb2,set3,01,ch1,105,11.1467,10275.165,250806_N2_imb2_set3_01_ch1,45
250806,N2,imb2,set3,01,ch1,106,11.2539,10211.7109,250806_N2_imb2_set3_01_ch1,46
250806,N2,imb2,set3,01,ch1,107,11.3611,10182.124,250806_N2_imb2_set3_01_ch1,47
250806,N2,imb2,set3,01,ch1,108,11.4683,10166.0371,250806_N2_imb2_set3_01_ch1,48
250806,N2,imb2,set3,01,ch1,109,11.5754,10197,250806_N2_imb2_set3_01_ch1,49
250806,N2,imb2,set3,01,ch1,110,11.6826,10216.7578,250806_N2_imb2_set3_01_ch1,50
250806,N2,imb2,set3,01,ch1,111,11.7898,10142.1016,250806_N2_imb2_set3_01_ch1,51
250806,N2,imb2,set3,01,ch1,112,11.897,9970.125,250806_N2_imb2_set3_01_ch1,52
250806,N2,imb2,set3,01,ch1,113,12.0042,9789.6582,250806_N2_imb2_set3_01_ch1,53
250806,N2,imb2,set3,01,ch1,114,12.1113,9668.8379,250806_N2_imb2_set3_01_ch1,54
250806,N2,imb2,set3,01,ch1,115,12.2185,9503.9775,250806_N2_imb2_set3_01_ch1,55
250806,N2,imb2,set3,01,ch1,116,12.3257,9358.083,250806_N2_imb2_set3_01_ch1,56
250806,N2,imb2,set3,01,ch1,117,12.4329,9249.1875,250806_N2_imb2_set3_01_ch1,57
250806,N2,imb2,set3,01,ch1,118,12.5401,9148.6689,250806_N2_imb2_set3_01_ch1,58
250806,N2,imb2,set3,01,ch1,119,NA,NA,250806_N2_imb2_set3_01_ch1,59
250806,N2,imb2,set3,01,ch2,1,0,11626.7617,250806_N2_imb2_set3_01_ch2,-59
250806,N2,imb2,set3,01,ch2,2,0.1072,11638.8945,250806_N2_imb2_set3_01_ch2,-58
250806,N2,imb2,set3,01,ch2,3,0.2144,11669.4443,250806_N2_imb2_set3_01_ch2,-57
250806,N2,imb2,set3,01,ch2,4,0.3215,11739.4502,250806_N2_imb2_set3_01_ch2,-56
250806,N2,imb2,set3,01,ch2,5,0.4287,11759.2373,250806_N2_imb2_set3_01_ch2,-55
250806,N2,imb2,set3,01,ch2,6,0.5359,11741.6621,250806_N2_imb2_set3_01_ch2,-54
250806,N2,imb2,set3,01,ch2,7,0.6431,11768.9502,250806_N2_imb2_set3_01_ch2,-53
250806,N2,imb2,set3,01,ch2,8,0.7503,11809.0781,250806_N2_imb2_set3_01_ch2,-52
250806,N2,imb2,set3,01,ch2,9,0.8574,11839.6973,250806_N2_imb2_set3_01_ch2,-51
250806,N2,imb2,set3,01,ch2,10,0.9646,11838.7119,250806_N2_imb2_set3_01_ch2,-50
250806,N2,imb2,set3,01,ch2,11,1.0718,11817.8545,250806_N2_imb2_set3_01_ch2,-49
250806,N2,imb2,set3,01,ch2,12,1.179,11774.583,250806_N2_imb2_set3_01_ch2,-48
250806,N2,imb2,set3,01,ch2,13,1.2862,11748.6777,250806_N2_imb2_set3_01_ch2,-47
250806,N2,imb2,set3,01,ch2,14,1.3933,11741.3105,250806_N2_imb2_set3_01_ch2,-46
250806,N2,imb2,set3,01,ch2,15,1.5005,11737.2832,250806_N2_imb2_set3_01_ch2,-45
250806,N2,imb2,set3,01,ch2,16,1.6077,11724.9834,250806_N2_imb2_set3_01_ch2,-44
250806,N2,imb2,set3,01,ch2,17,1.7149,11680.8496,250806_N2_imb2_set3_01_ch2,-43
250806,N2,imb2,set3,01,ch2,18,1.8221,11660.0127,250806_N2_imb2_set3_01_ch2,-42
250806,N2,imb2,set3,01,ch2,19,1.9292,11647.9023,250806_N2_imb2_set3_01_ch2,-41
250806,N2,imb2,set3,01,ch2,20,2.0364,11630.9717,250806_N2_imb2_set3_01_ch2,-40
250806,N2,imb2,set3,01,ch2,21,2.1436,11589.5996,250806_N2_imb2_set3_01_ch2,-39
250806,N2,imb2,set3,01,ch2,22,2.2508,11568.4473,250806_N2_imb2_set3_01_ch2,-38
250806,N2,imb2,set3,01,ch2,23,2.358,11535.3506,250806_N2_imb2_set3_01_ch2,-37
250806,N2,imb2,set3,01,ch2,24,2.4651,11485.2256,250806_N2_imb2_set3_01_ch2,-36
250806,N2,imb2,set3,01,ch2,25,2.5723,11465.2178,250806_N2_imb2_set3_01_ch2,-35
250806,N2,imb2,set3,01,ch2,26,2.6795,11430.5166,250806_N2_imb2_set3_01_ch2,-34
250806,N2,imb2,set3,01,ch2,27,2.7867,11398.2158,250806_N2_imb2_set3_01_ch2,-33
250806,N2,imb2,set3,01,ch2,28,2.8939,11338.6582,250806_N2_imb2_set3_01_ch2,-32
250806,N2,imb2,set3,01,ch2,29,3.001,11302.7852,250806_N2_imb2_set3_01_ch2,-31
250806,N2,imb2,set3,01,ch2,30,3.1082,11275.4658,250806_N2_imb2_set3_01_ch2,-30
250806,N2,imb2,set3,01,ch2,31,3.2154,11269.2949,250806_N2_imb2_set3_01_ch2,-29
250806,N2,imb2,set3,01,ch2,32,3.3226,11226.4521,250806_N2_imb2_set3_01_ch2,-28
250806,N2,imb2,set3,01,ch2,33,3.4298,11185.5273,250806_N2_imb2_set3_01_ch2,-27
250806,N2,imb2,set3,01,ch2,34,3.5369,11143.2891,250806_N2_imb2_set3_01_ch2,-26
250806,N2,imb2,set3,01,ch2,35,3.6441,11109.9883,250806_N2_imb2_set3_01_ch2,-25
250806,N2,imb2,set3,01,ch2,36,3.7513,11077.2715,250806_N2_imb2_set3_01_ch2,-24
250806,N2,imb2,set3,01,ch2,37,3.8585,11032.7188,250806_N2_imb2_set3_01_ch2,-23
250806,N2,imb2,set3,01,ch2,38,3.9657,11021.8525,250806_N2_imb2_set3_01_ch2,-22
250806,N2,imb2,set3,01,ch2,39,4.0728,10994.3135,250806_N2_imb2_set3_01_ch2,-21
250806,N2,imb2,set3,01,ch2,40,4.18,10988.7451,250806_N2_imb2_set3_01_ch2,-20
250806,N2,imb2,set3,01,ch2,41,4.2872,10974.0166,250806_N2_imb2_set3_01_ch2,-19
250806,N2,imb2,set3,01,ch2,42,4.3944,10977.4824,250806_N2_imb2_set3_01_ch2,-18
250806,N2,imb2,set3,01,ch2,43,4.5016,10986.5869,250806_N2_imb2_set3_01_ch2,-17
250806,N2,imb2,set3,01,ch2,44,4.6087,11030.291,250806_N2_imb2_set3_01_ch2,-16
250806,N2,imb2,set3,01,ch2,45,4.7159,11054.873,250806_N2_imb2_set3_01_ch2,-15
250806,N2,imb2,set3,01,ch2,46,4.8231,11082.0303,250806_N2_imb2_set3_01_ch2,-14
250806,N2,imb2,set3,01,ch2,47,4.9303,11087.1318,250806_N2_imb2_set3_01_ch2,-13
250806,N2,imb2,set3,01,ch2,48,5.0375,11120.7178,250806_N2_imb2_set3_01_ch2,-12
250806,N2,imb2,set3,01,ch2,49,5.1446,11140.5381,250806_N2_imb2_set3_01_ch2,-11
250806,N2,imb2,set3,01,ch2,50,5.2518,11182.624,250806_N2_imb2_set3_01_ch2,-10
250806,N2,imb2,set3,01,ch2,51,5.359,11241.29,250806_N2_imb2_set3_01_ch2,-9
250806,N2,imb2,set3,01,ch2,52,5.4662,11260.5947,250806_N2_imb2_set3_01_ch2,-8
250806,N2,imb2,set3,01,ch2,53,5.5734,11280.5342,250806_N2_imb2_set3_01_ch2,-7
250806,N2,imb2,set3,01,ch2,54,5.6805,11314.5938,250806_N2_imb2_set3_01_ch2,-6
250806,N2,imb2,set3,01,ch2,55,5.7877,11293.002,250806_N2_imb2_set3_01_ch2,-5
250806,N2,imb2,set3,01,ch2,56,5.8949,11281.8584,250806_N2_imb2_set3_01_ch2,-4
250806,N2,imb2,set3,01,ch2,57,6.0021,11296.9785,250806_N2_imb2_set3_01_ch2,-3
250806,N2,imb2,set3,01,ch2,58,6.1093,11326.8506,250806_N2_imb2_set3_01_ch2,-2
250806,N2,imb2,set3,01,ch2,59,6.2164,11405.3096,250806_N2_imb2_set3_01_ch2,-1
250806,N2,imb2,set3,01,ch2,60,6.3236,11479.5137,250806_N2_imb2_set3_01_ch2,0
250806,N2,imb2,set3,01,ch2,61,6.4308,11583.2773,250806_N2_imb2_set3_01_ch2,1
250806,N2,imb2,set3,01,ch2,62,6.538,11629.3408,250806_N2_imb2_set3_01_ch2,2
250806,N2,imb2,set3,01,ch2,63,6.6452,11631.4814,250806_N2_imb2_set3_01_ch2,3
250806,N2,imb2,set3,01,ch2,64,6.7523,11623.1133,250806_N2_imb2_set3_01_ch2,4
250806,N2,imb2,set3,01,ch2,65,6.8595,11630.1768,250806_N2_imb2_set3_01_ch2,5
250806,N2,imb2,set3,01,ch2,66,6.9667,11678.4512,250806_N2_imb2_set3_01_ch2,6
250806,N2,imb2,set3,01,ch2,67,7.0739,11746.6914,250806_N2_imb2_set3_01_ch2,7
250806,N2,imb2,set3,01,ch2,68,7.1811,11854.8281,250806_N2_imb2_set3_01_ch2,8
250806,N2,imb2,set3,01,ch2,69,7.2882,11991.0146,250806_N2_imb2_set3_01_ch2,9
250806,N2,imb2,set3,01,ch2,70,7.3954,12158.5039,250806_N2_imb2_set3_01_ch2,10
250806,N2,imb2,set3,01,ch2,71,7.5026,12219.7637,250806_N2_imb2_set3_01_ch2,11
250806,N2,imb2,set3,01,ch2,72,7.6098,12210.042,250806_N2_imb2_set3_01_ch2,12
250806,N2,imb2,set3,01,ch2,73,7.717,12048.1963,250806_N2_imb2_set3_01_ch2,13
250806,N2,imb2,set3,01,ch2,74,7.8241,11777.4014,250806_N2_imb2_set3_01_ch2,14
250806,N2,imb2,set3,01,ch2,75,7.9313,11606.3301,250806_N2_imb2_set3_01_ch2,15
250806,N2,imb2,set3,01,ch2,76,8.0385,11551.0742,250806_N2_imb2_set3_01_ch2,16
250806,N2,imb2,set3,01,ch2,77,8.1457,11530.3672,250806_N2_imb2_set3_01_ch2,17
250806,N2,imb2,set3,01,ch2,78,8.2529,11477.0176,250806_N2_imb2_set3_01_ch2,18
250806,N2,imb2,set3,01,ch2,79,8.36,11395.3984,250806_N2_imb2_set3_01_ch2,19
250806,N2,imb2,set3,01,ch2,80,8.4672,11219.9512,250806_N2_imb2_set3_01_ch2,20
250806,N2,imb2,set3,01,ch2,81,8.5744,10945.3262,250806_N2_imb2_set3_01_ch2,21
250806,N2,imb2,set3,01,ch2,82,8.6816,10689.4219,250806_N2_imb2_set3_01_ch2,22
250806,N2,imb2,set3,01,ch2,83,8.7888,10526.5576,250806_N2_imb2_set3_01_ch2,23
250806,N2,imb2,set3,01,ch2,84,8.8959,10393.2871,250806_N2_imb2_set3_01_ch2,24
250806,N2,imb2,set3,01,ch2,85,9.0031,10291.5674,250806_N2_imb2_set3_01_ch2,25
250806,N2,imb2,set3,01,ch2,86,9.1103,10236.2285,250806_N2_imb2_set3_01_ch2,26
250806,N2,imb2,set3,01,ch2,87,9.2175,10247.3506,250806_N2_imb2_set3_01_ch2,27
250806,N2,imb2,set3,01,ch2,88,9.3247,10246.6738,250806_N2_imb2_set3_01_ch2,28
250806,N2,imb2,set3,01,ch2,89,9.4318,10222.8838,250806_N2_imb2_set3_01_ch2,29
250806,N2,imb2,set3,01,ch2,90,9.539,10156.0869,250806_N2_imb2_set3_01_ch2,30
250806,N2,imb2,set3,01,ch2,91,9.6462,10020.5547,250806_N2_imb2_set3_01_ch2,31
250806,N2,imb2,set3,01,ch2,92,9.7534,9828.0488,250806_N2_imb2_set3_01_ch2,32
250806,N2,imb2,set3,01,ch2,93,9.8606,9702.1709,250806_N2_imb2_set3_01_ch2,33
250806,N2,imb2,set3,01,ch2,94,9.9677,9750.0498,250806_N2_imb2_set3_01_ch2,34
250806,N2,imb2,set3,01,ch2,95,10.0749,9835.5898,250806_N2_imb2_set3_01_ch2,35
250806,N2,imb2,set3,01,ch2,96,10.1821,9908.3027,250806_N2_imb2_set3_01_ch2,36
250806,N2,imb2,set3,01,ch2,97,10.2893,9954.1396,250806_N2_imb2_set3_01_ch2,37
250806,N2,imb2,set3,01,ch2,98,10.3965,9891.3916,250806_N2_imb2_set3_01_ch2,38
250806,N2,imb2,set3,01,ch2,99,10.5036,9672.5352,250806_N2_imb2_set3_01_ch2,39
250806,N2,imb2,set3,01,ch2,100,10.6108,9505.7139,250806_N2_imb2_set3_01_ch2,40
250806,N2,imb2,set3,01,ch2,101,10.718,9400.8213,250806_N2_imb2_set3_01_ch2,41
250806,N2,imb2,set3,01,ch2,102,10.8252,9334.5361,250806_N2_imb2_set3_01_ch2,42
250806,N2,imb2,set3,01,ch2,103,10.9324,9296.0332,250806_N2_imb2_set3_01_ch2,43
250806,N2,imb2,set3,01,ch2,104,11.0395,9253.9736,250806_N2_imb2_set3_01_ch2,44
250806,N2,imb2,set3,01,ch2,105,11.1467,9219.4531,250806_N2_imb2_set3_01_ch2,45
250806,N2,imb2,set3,01,ch2,106,11.2539,9074.7939,250806_N2_imb2_set3_01_ch2,46
250806,N2,imb2,set3,01,ch2,107,11.3611,8880.8418,250806_N2_imb2_set3_01_ch2,47
250806,N2,imb2,set3,01,ch2,108,11.4683,8732.3613,250806_N2_imb2_set3_01_ch2,48
250806,N2,imb2,set3,01,ch2,109,11.5754,8680.8828,250806_N2_imb2_set3_01_ch2,49
250806,N2,imb2,set3,01,ch2,110,11.6826,8728.8613,250806_N2_imb2_set3_01_ch2,50
250806,N2,imb2,set3,01,ch2,111,11.7898,8885.665,250806_N2_imb2_set3_01_ch2,51
250806,N2,imb2,set3,01,ch2,112,11.897,9136.1816,250806_N2_imb2_set3_01_ch2,52
250806,N2,imb2,set3,01,ch2,113,12.0042,9341.6768,250806_N2_imb2_set3_01_ch2,53
250806,N2,imb2,set3,01,ch2,114,12.1113,9434.2646,250806_N2_imb2_set3_01_ch2,54
250806,N2,imb2,set3,01,ch2,115,12.2185,9319.6475,250806_N2_imb2_set3_01_ch2,55
250806,N2,imb2,set3,01,ch2,116,12.3257,8943.6396,250806_N2_imb2_set3_01_ch2,56
250806,N2,imb2,set3,01,ch2,117,12.4329,8541.8662,250806_N2_imb2_set3_01_ch2,57
250806,N2,imb2,set3,01,ch2,118,12.5401,8297.334,250806_N2_imb2_set3_01_ch2,58
250806,N2,imb2,set3,01,ch2,119,NA,NA,250806_N2_imb2_set3_01_ch2,59
250806,N2,imb2,set3,04,ch1,1,0,8909.791,250806_N2_imb2_set3_04_ch1,-59
250806,N2,imb2,set3,04,ch1,2,0.1072,8897.3574,250806_N2_imb2_set3_04_ch1,-58
250806,N2,imb2,set3,04,ch1,3,0.2144,8900.5215,250806_N2_imb2_set3_04_ch1,-57
250806,N2,imb2,set3,04,ch1,4,0.3215,8880.958,250806_N2_imb2_set3_04_ch1,-56
250806,N2,imb2,set3,04,ch1,5,0.4287,8866.3652,250806_N2_imb2_set3_04_ch1,-55
250806,N2,imb2,set3,04,ch1,6,0.5359,8850.707,250806_N2_imb2_set3_04_ch1,-54
250806,N2,imb2,set3,04,ch1,7,0.6431,8834.4023,250806_N2_imb2_set3_04_ch1,-53
250806,N2,imb2,set3,04,ch1,8,0.7503,8774.0293,250806_N2_imb2_set3_04_ch1,-52
250806,N2,imb2,set3,04,ch1,9,0.8574,8722.5801,250806_N2_imb2_set3_04_ch1,-51
250806,N2,imb2,set3,04,ch1,10,0.9646,8685.1035,250806_N2_imb2_set3_04_ch1,-50
250806,N2,imb2,set3,04,ch1,11,1.0718,8657.332,250806_N2_imb2_set3_04_ch1,-49
250806,N2,imb2,set3,04,ch1,12,1.179,8584.5293,250806_N2_imb2_set3_04_ch1,-48
250806,N2,imb2,set3,04,ch1,13,1.2862,8557.6104,250806_N2_imb2_set3_04_ch1,-47
250806,N2,imb2,set3,04,ch1,14,1.3933,8538.332,250806_N2_imb2_set3_04_ch1,-46
250806,N2,imb2,set3,04,ch1,15,1.5005,8539.9131,250806_N2_imb2_set3_04_ch1,-45
250806,N2,imb2,set3,04,ch1,16,1.6077,8533.166,250806_N2_imb2_set3_04_ch1,-44
250806,N2,imb2,set3,04,ch1,17,1.7149,8526.6592,250806_N2_imb2_set3_04_ch1,-43
250806,N2,imb2,set3,04,ch1,18,1.8221,8544.4795,250806_N2_imb2_set3_04_ch1,-42
250806,N2,imb2,set3,04,ch1,19,1.9292,8571.4102,250806_N2_imb2_set3_04_ch1,-41
250806,N2,imb2,set3,04,ch1,20,2.0364,8597.3096,250806_N2_imb2_set3_04_ch1,-40
250806,N2,imb2,set3,04,ch1,21,2.1436,8632.1777,250806_N2_imb2_set3_04_ch1,-39
250806,N2,imb2,set3,04,ch1,22,2.2508,8684.8057,250806_N2_imb2_set3_04_ch1,-38
250806,N2,imb2,set3,04,ch1,23,2.358,8741.2305,250806_N2_imb2_set3_04_ch1,-37
250806,N2,imb2,set3,04,ch1,24,2.4651,8816.3389,250806_N2_imb2_set3_04_ch1,-36
250806,N2,imb2,set3,04,ch1,25,2.5723,8891.4658,250806_N2_imb2_set3_04_ch1,-35
250806,N2,imb2,set3,04,ch1,26,2.6795,8966.4883,250806_N2_imb2_set3_04_ch1,-34
250806,N2,imb2,set3,04,ch1,27,2.7867,9081.7168,250806_N2_imb2_set3_04_ch1,-33
250806,N2,imb2,set3,04,ch1,28,2.8939,9181.5898,250806_N2_imb2_set3_04_ch1,-32
250806,N2,imb2,set3,04,ch1,29,3.001,9297.292,250806_N2_imb2_set3_04_ch1,-31
250806,N2,imb2,set3,04,ch1,30,3.1082,9428.6758,250806_N2_imb2_set3_04_ch1,-30
250806,N2,imb2,set3,04,ch1,31,3.2154,9524.9092,250806_N2_imb2_set3_04_ch1,-29
250806,N2,imb2,set3,04,ch1,32,3.3226,9622.917,250806_N2_imb2_set3_04_ch1,-28
250806,N2,imb2,set3,04,ch1,33,3.4298,9738.082,250806_N2_imb2_set3_04_ch1,-27
250806,N2,imb2,set3,04,ch1,34,3.5369,9793.377,250806_N2_imb2_set3_04_ch1,-26
250806,N2,imb2,set3,04,ch1,35,3.6441,9814.9912,250806_N2_imb2_set3_04_ch1,-25
250806,N2,imb2,set3,04,ch1,36,3.7513,9862.918,250806_N2_imb2_set3_04_ch1,-24
250806,N2,imb2,set3,04,ch1,37,3.8585,9876.2197,250806_N2_imb2_set3_04_ch1,-23
250806,N2,imb2,set3,04,ch1,38,3.9657,9933.4521,250806_N2_imb2_set3_04_ch1,-22
250806,N2,imb2,set3,04,ch1,39,4.0728,9983.2959,250806_N2_imb2_set3_04_ch1,-21
250806,N2,imb2,set3,04,ch1,40,4.18,10054.3447,250806_N2_imb2_set3_04_ch1,-20
250806,N2,imb2,set3,04,ch1,41,4.2872,10174.0781,250806_N2_imb2_set3_04_ch1,-19
250806,N2,imb2,set3,04,ch1,42,4.3944,10292.2949,250806_N2_imb2_set3_04_ch1,-18
250806,N2,imb2,set3,04,ch1,43,4.5016,10421.8516,250806_N2_imb2_set3_04_ch1,-17
250806,N2,imb2,set3,04,ch1,44,4.6087,10607.043,250806_N2_imb2_set3_04_ch1,-16
250806,N2,imb2,set3,04,ch1,45,4.7159,10842.9082,250806_N2_imb2_set3_04_ch1,-15
250806,N2,imb2,set3,04,ch1,46,4.8231,11173.4033,250806_N2_imb2_set3_04_ch1,-14
250806,N2,imb2,set3,04,ch1,47,4.9303,11569.7686,250806_N2_imb2_set3_04_ch1,-13
250806,N2,imb2,set3,04,ch1,48,5.0375,11814.5166,250806_N2_imb2_set3_04_ch1,-12
250806,N2,imb2,set3,04,ch1,49,5.1446,11879.3721,250806_N2_imb2_set3_04_ch1,-11
250806,N2,imb2,set3,04,ch1,50,5.2518,11934.0469,250806_N2_imb2_set3_04_ch1,-10
250806,N2,imb2,set3,04,ch1,51,5.359,12085.8838,250806_N2_imb2_set3_04_ch1,-9
250806,N2,imb2,set3,04,ch1,52,5.4662,12183.667,250806_N2_imb2_set3_04_ch1,-8
250806,N2,imb2,set3,04,ch1,53,5.5734,12243.7373,250806_N2_imb2_set3_04_ch1,-7
250806,N2,imb2,set3,04,ch1,54,5.6805,12316.6465,250806_N2_imb2_set3_04_ch1,-6
250806,N2,imb2,set3,04,ch1,55,5.7877,12414.9521,250806_N2_imb2_set3_04_ch1,-5
250806,N2,imb2,set3,04,ch1,56,5.8949,12517.084,250806_N2_imb2_set3_04_ch1,-4
250806,N2,imb2,set3,04,ch1,57,6.0021,12592.0068,250806_N2_imb2_set3_04_ch1,-3
250806,N2,imb2,set3,04,ch1,58,6.1093,12513.998,250806_N2_imb2_set3_04_ch1,-2
250806,N2,imb2,set3,04,ch1,59,6.2164,12363.1553,250806_N2_imb2_set3_04_ch1,-1
250806,N2,imb2,set3,04,ch1,60,6.3236,12172.0625,250806_N2_imb2_set3_04_ch1,0
250806,N2,imb2,set3,04,ch1,61,6.4308,12000.4561,250806_N2_imb2_set3_04_ch1,1
250806,N2,imb2,set3,04,ch1,62,6.538,11895.8789,250806_N2_imb2_set3_04_ch1,2
250806,N2,imb2,set3,04,ch1,63,6.6452,11844.8652,250806_N2_imb2_set3_04_ch1,3
250806,N2,imb2,set3,04,ch1,64,6.7523,11838.6865,250806_N2_imb2_set3_04_ch1,4
250806,N2,imb2,set3,04,ch1,65,6.8595,11821.6309,250806_N2_imb2_set3_04_ch1,5
250806,N2,imb2,set3,04,ch1,66,6.9667,11709.0107,250806_N2_imb2_set3_04_ch1,6
250806,N2,imb2,set3,04,ch1,67,7.0739,11424.918,250806_N2_imb2_set3_04_ch1,7
250806,N2,imb2,set3,04,ch1,68,7.1811,11140.3623,250806_N2_imb2_set3_04_ch1,8
250806,N2,imb2,set3,04,ch1,69,7.2882,10811.1934,250806_N2_imb2_set3_04_ch1,9
250806,N2,imb2,set3,04,ch1,70,7.3954,10475.7021,250806_N2_imb2_set3_04_ch1,10
250806,N2,imb2,set3,04,ch1,71,7.5026,10249.6943,250806_N2_imb2_set3_04_ch1,11
250806,N2,imb2,set3,04,ch1,72,7.6098,10109.5771,250806_N2_imb2_set3_04_ch1,12
250806,N2,imb2,set3,04,ch1,73,7.717,10078.5879,250806_N2_imb2_set3_04_ch1,13
250806,N2,imb2,set3,04,ch1,74,7.8241,10086.376,250806_N2_imb2_set3_04_ch1,14
250806,N2,imb2,set3,04,ch1,75,7.9313,10067.1953,250806_N2_imb2_set3_04_ch1,15
250806,N2,imb2,set3,04,ch1,76,8.0385,10002.8984,250806_N2_imb2_set3_04_ch1,16
250806,N2,imb2,set3,04,ch1,77,8.1457,9916.1006,250806_N2_imb2_set3_04_ch1,17
250806,N2,imb2,set3,04,ch1,78,8.2529,9859.4717,250806_N2_imb2_set3_04_ch1,18
250806,N2,imb2,set3,04,ch1,79,8.36,9854.5049,250806_N2_imb2_set3_04_ch1,19
250806,N2,imb2,set3,04,ch1,80,8.4672,9862.1709,250806_N2_imb2_set3_04_ch1,20
250806,N2,imb2,set3,04,ch1,81,8.5744,9833.4004,250806_N2_imb2_set3_04_ch1,21
250806,N2,imb2,set3,04,ch1,82,8.6816,9775.1309,250806_N2_imb2_set3_04_ch1,22
250806,N2,imb2,set3,04,ch1,83,8.7888,9731.7617,250806_N2_imb2_set3_04_ch1,23
250806,N2,imb2,set3,04,ch1,84,8.8959,9721.3867,250806_N2_imb2_set3_04_ch1,24
250806,N2,imb2,set3,04,ch1,85,9.0031,9763.3525,250806_N2_imb2_set3_04_ch1,25
250806,N2,imb2,set3,04,ch1,86,9.1103,9888.5791,250806_N2_imb2_set3_04_ch1,26
250806,N2,imb2,set3,04,ch1,87,9.2175,10134.0195,250806_N2_imb2_set3_04_ch1,27
250806,N2,imb2,set3,04,ch1,88,9.3247,10370.0596,250806_N2_imb2_set3_04_ch1,28
250806,N2,imb2,set3,04,ch1,89,9.4318,10459.6416,250806_N2_imb2_set3_04_ch1,29
250806,N2,imb2,set3,04,ch1,90,9.539,10568.4268,250806_N2_imb2_set3_04_ch1,30
250806,N2,imb2,set3,04,ch1,91,9.6462,10708.5508,250806_N2_imb2_set3_04_ch1,31
250806,N2,imb2,set3,04,ch1,92,9.7534,10749.5107,250806_N2_imb2_set3_04_ch1,32
250806,N2,imb2,set3,04,ch1,93,9.8606,10676.4658,250806_N2_imb2_set3_04_ch1,33
250806,N2,imb2,set3,04,ch1,94,9.9677,10593.9004,250806_N2_imb2_set3_04_ch1,34
250806,N2,imb2,set3,04,ch1,95,10.0749,10487.0215,250806_N2_imb2_set3_04_ch1,35
250806,N2,imb2,set3,04,ch1,96,10.1821,10350.0703,250806_N2_imb2_set3_04_ch1,36
250806,N2,imb2,set3,04,ch1,97,10.2893,10173.0547,250806_N2_imb2_set3_04_ch1,37
250806,N2,imb2,set3,04,ch1,98,10.3965,10039.8408,250806_N2_imb2_set3_04_ch1,38
250806,N2,imb2,set3,04,ch1,99,10.5036,9885.8916,250806_N2_imb2_set3_04_ch1,39
250806,N2,imb2,set3,04,ch1,100,10.6108,9779.0234,250806_N2_imb2_set3_04_ch1,40
250806,N2,imb2,set3,04,ch1,101,10.718,9764.6768,250806_N2_imb2_set3_04_ch1,41
250806,N2,imb2,set3,04,ch1,102,10.8252,9794.4756,250806_N2_imb2_set3_04_ch1,42
250806,N2,imb2,set3,04,ch1,103,10.9324,9843.3906,250806_N2_imb2_set3_04_ch1,43
250806,N2,imb2,set3,04,ch1,104,11.0395,9836.082,250806_N2_imb2_set3_04_ch1,44
250806,N2,imb2,set3,04,ch1,105,11.1467,9757.0498,250806_N2_imb2_set3_04_ch1,45
250806,N2,imb2,set3,04,ch1,106,11.2539,9672.6436,250806_N2_imb2_set3_04_ch1,46
250806,N2,imb2,set3,04,ch1,107,11.3611,9646.7832,250806_N2_imb2_set3_04_ch1,47
250806,N2,imb2,set3,04,ch1,108,11.4683,9681.8105,250806_N2_imb2_set3_04_ch1,48
250806,N2,imb2,set3,04,ch1,109,11.5754,9723.3887,250806_N2_imb2_set3_04_ch1,49
250806,N2,imb2,set3,04,ch1,110,11.6826,9832.5908,250806_N2_imb2_set3_04_ch1,50
250806,N2,imb2,set3,04,ch1,111,11.7898,9939.7617,250806_N2_imb2_set3_04_ch1,51
250806,N2,imb2,set3,04,ch1,112,11.897,9953.957,250806_N2_imb2_set3_04_ch1,52
250806,N2,imb2,set3,04,ch1,113,12.0042,9894.1201,250806_N2_imb2_set3_04_ch1,53
250806,N2,imb2,set3,04,ch1,114,12.1113,9801.4961,250806_N2_imb2_set3_04_ch1,54
250806,N2,imb2,set3,04,ch1,115,12.2185,9673.5645,250806_N2_imb2_set3_04_ch1,55
250806,N2,imb2,set3,04,ch1,116,12.3257,9535.9746,250806_N2_imb2_set3_04_ch1,56
250806,N2,imb2,set3,04,ch1,117,12.4329,9499.7148,250806_N2_imb2_set3_04_ch1,57
250806,N2,imb2,set3,04,ch1,118,12.5401,9544.1611,250806_N2_imb2_set3_04_ch1,58
250806,N2,imb2,set3,04,ch1,119,NA,NA,250806_N2_imb2_set3_04_ch1,59
250806,N2,imb2,set3,04,ch2,1,0,7522.2749,250806_N2_imb2_set3_04_ch2,-59
250806,N2,imb2,set3,04,ch2,2,0.1072,7525.8965,250806_N2_imb2_set3_04_ch2,-58
250806,N2,imb2,set3,04,ch2,3,0.2144,7514.7402,250806_N2_imb2_set3_04_ch2,-57
250806,N2,imb2,set3,04,ch2,4,0.3215,7468.5752,250806_N2_imb2_set3_04_ch2,-56
250806,N2,imb2,set3,04,ch2,5,0.4287,7433.394,250806_N2_imb2_set3_04_ch2,-55
250806,N2,imb2,set3,04,ch2,6,0.5359,7418.6177,250806_N2_imb2_set3_04_ch2,-54
250806,N2,imb2,set3,04,ch2,7,0.6431,7409.8018,250806_N2_imb2_set3_04_ch2,-53
250806,N2,imb2,set3,04,ch2,8,0.7503,7379.9678,250806_N2_imb2_set3_04_ch2,-52
250806,N2,imb2,set3,04,ch2,9,0.8574,7385.9263,250806_N2_imb2_set3_04_ch2,-51
250806,N2,imb2,set3,04,ch2,10,0.9646,7394.4155,250806_N2_imb2_set3_04_ch2,-50
250806,N2,imb2,set3,04,ch2,11,1.0718,7411.5225,250806_N2_imb2_set3_04_ch2,-49
250806,N2,imb2,set3,04,ch2,12,1.179,7418.4141,250806_N2_imb2_set3_04_ch2,-48
250806,N2,imb2,set3,04,ch2,13,1.2862,7467.0645,250806_N2_imb2_set3_04_ch2,-47
250806,N2,imb2,set3,04,ch2,14,1.3933,7517.2061,250806_N2_imb2_set3_04_ch2,-46
250806,N2,imb2,set3,04,ch2,15,1.5005,7570.6143,250806_N2_imb2_set3_04_ch2,-45
250806,N2,imb2,set3,04,ch2,16,1.6077,7634.8721,250806_N2_imb2_set3_04_ch2,-44
250806,N2,imb2,set3,04,ch2,17,1.7149,7704.853,250806_N2_imb2_set3_04_ch2,-43
250806,N2,imb2,set3,04,ch2,18,1.8221,7770.5479,250806_N2_imb2_set3_04_ch2,-42
250806,N2,imb2,set3,04,ch2,19,1.9292,7852.6987,250806_N2_imb2_set3_04_ch2,-41
250806,N2,imb2,set3,04,ch2,20,2.0364,7951.0786,250806_N2_imb2_set3_04_ch2,-40
250806,N2,imb2,set3,04,ch2,21,2.1436,8049.8057,250806_N2_imb2_set3_04_ch2,-39
250806,N2,imb2,set3,04,ch2,22,2.2508,8140.042,250806_N2_imb2_set3_04_ch2,-38
250806,N2,imb2,set3,04,ch2,23,2.358,8163.0142,250806_N2_imb2_set3_04_ch2,-37
250806,N2,imb2,set3,04,ch2,24,2.4651,8217.6104,250806_N2_imb2_set3_04_ch2,-36
250806,N2,imb2,set3,04,ch2,25,2.5723,8239.374,250806_N2_imb2_set3_04_ch2,-35
250806,N2,imb2,set3,04,ch2,26,2.6795,8231.7305,250806_N2_imb2_set3_04_ch2,-34
250806,N2,imb2,set3,04,ch2,27,2.7867,8266.2812,250806_N2_imb2_set3_04_ch2,-33
250806,N2,imb2,set3,04,ch2,28,2.8939,8244.2646,250806_N2_imb2_set3_04_ch2,-32
250806,N2,imb2,set3,04,ch2,29,3.001,8194.373,250806_N2_imb2_set3_04_ch2,-31
250806,N2,imb2,set3,04,ch2,30,3.1082,8160.5591,250806_N2_imb2_set3_04_ch2,-30
250806,N2,imb2,set3,04,ch2,31,3.2154,8121.1816,250806_N2_imb2_set3_04_ch2,-29
250806,N2,imb2,set3,04,ch2,32,3.3226,8112.1479,250806_N2_imb2_set3_04_ch2,-28
250806,N2,imb2,set3,04,ch2,33,3.4298,8123.2378,250806_N2_imb2_set3_04_ch2,-27
250806,N2,imb2,set3,04,ch2,34,3.5369,8131.1484,250806_N2_imb2_set3_04_ch2,-26
250806,N2,imb2,set3,04,ch2,35,3.6441,8133.0981,250806_N2_imb2_set3_04_ch2,-25
250806,N2,imb2,set3,04,ch2,36,3.7513,8163.9976,250806_N2_imb2_set3_04_ch2,-24
250806,N2,imb2,set3,04,ch2,37,3.8585,8211.6523,250806_N2_imb2_set3_04_ch2,-23
250806,N2,imb2,set3,04,ch2,38,3.9657,8252.6357,250806_N2_imb2_set3_04_ch2,-22
250806,N2,imb2,set3,04,ch2,39,4.0728,8289.4834,250806_N2_imb2_set3_04_ch2,-21
250806,N2,imb2,set3,04,ch2,40,4.18,8347.876,250806_N2_imb2_set3_04_ch2,-20
250806,N2,imb2,set3,04,ch2,41,4.2872,8410.8311,250806_N2_imb2_set3_04_ch2,-19
250806,N2,imb2,set3,04,ch2,42,4.3944,8466.627,250806_N2_imb2_set3_04_ch2,-18
250806,N2,imb2,set3,04,ch2,43,4.5016,8532.959,250806_N2_imb2_set3_04_ch2,-17
250806,N2,imb2,set3,04,ch2,44,4.6087,8611.25,250806_N2_imb2_set3_04_ch2,-16
250806,N2,imb2,set3,04,ch2,45,4.7159,8687.8438,250806_N2_imb2_set3_04_ch2,-15
250806,N2,imb2,set3,04,ch2,46,4.8231,8734.1426,250806_N2_imb2_set3_04_ch2,-14
250806,N2,imb2,set3,04,ch2,47,4.9303,8786.4219,250806_N2_imb2_set3_04_ch2,-13
250806,N2,imb2,set3,04,ch2,48,5.0375,8809.7695,250806_N2_imb2_set3_04_ch2,-12
250806,N2,imb2,set3,04,ch2,49,5.1446,8852.4443,250806_N2_imb2_set3_04_ch2,-11
250806,N2,imb2,set3,04,ch2,50,5.2518,8902.9756,250806_N2_imb2_set3_04_ch2,-10
250806,N2,imb2,set3,04,ch2,51,5.359,8986.1279,250806_N2_imb2_set3_04_ch2,-9
250806,N2,imb2,set3,04,ch2,52,5.4662,9091.208,250806_N2_imb2_set3_04_ch2,-8
250806,N2,imb2,set3,04,ch2,53,5.5734,9174.2715,250806_N2_imb2_set3_04_ch2,-7
250806,N2,imb2,set3,04,ch2,54,5.6805,9182.3633,250806_N2_imb2_set3_04_ch2,-6
250806,N2,imb2,set3,04,ch2,55,5.7877,9202.8926,250806_N2_imb2_set3_04_ch2,-5
250806,N2,imb2,set3,04,ch2,56,5.8949,9179.9033,250806_N2_imb2_set3_04_ch2,-4
250806,N2,imb2,set3,04,ch2,57,6.0021,9157.8467,250806_N2_imb2_set3_04_ch2,-3
250806,N2,imb2,set3,04,ch2,58,6.1093,9166.1143,250806_N2_imb2_set3_04_ch2,-2
250806,N2,imb2,set3,04,ch2,59,6.2164,9191.3086,250806_N2_imb2_set3_04_ch2,-1
250806,N2,imb2,set3,04,ch2,60,6.3236,9223.8359,250806_N2_imb2_set3_04_ch2,0
250806,N2,imb2,set3,04,ch2,61,6.4308,9263.751,250806_N2_imb2_set3_04_ch2,1
250806,N2,imb2,set3,04,ch2,62,6.538,9320.8457,250806_N2_imb2_set3_04_ch2,2
250806,N2,imb2,set3,04,ch2,63,6.6452,9439.5322,250806_N2_imb2_set3_04_ch2,3
250806,N2,imb2,set3,04,ch2,64,6.7523,9581.5645,250806_N2_imb2_set3_04_ch2,4
250806,N2,imb2,set3,04,ch2,65,6.8595,9808.8887,250806_N2_imb2_set3_04_ch2,5
250806,N2,imb2,set3,04,ch2,66,6.9667,9984.5527,250806_N2_imb2_set3_04_ch2,6
250806,N2,imb2,set3,04,ch2,67,7.0739,9979.9688,250806_N2_imb2_set3_04_ch2,7
250806,N2,imb2,set3,04,ch2,68,7.1811,9966.7129,250806_N2_imb2_set3_04_ch2,8
250806,N2,imb2,set3,04,ch2,69,7.2882,9900.9111,250806_N2_imb2_set3_04_ch2,9
250806,N2,imb2,set3,04,ch2,70,7.3954,9792.3838,250806_N2_imb2_set3_04_ch2,10
250806,N2,imb2,set3,04,ch2,71,7.5026,9767.126,250806_N2_imb2_set3_04_ch2,11
250806,N2,imb2,set3,04,ch2,72,7.6098,9711.1143,250806_N2_imb2_set3_04_ch2,12
250806,N2,imb2,set3,04,ch2,73,7.717,9650.1865,250806_N2_imb2_set3_04_ch2,13
250806,N2,imb2,set3,04,ch2,74,7.8241,9645.2832,250806_N2_imb2_set3_04_ch2,14
250806,N2,imb2,set3,04,ch2,75,7.9313,9675.0918,250806_N2_imb2_set3_04_ch2,15
250806,N2,imb2,set3,04,ch2,76,8.0385,9717.2246,250806_N2_imb2_set3_04_ch2,16
250806,N2,imb2,set3,04,ch2,77,8.1457,9887.5049,250806_N2_imb2_set3_04_ch2,17
250806,N2,imb2,set3,04,ch2,78,8.2529,10078.249,250806_N2_imb2_set3_04_ch2,18
250806,N2,imb2,set3,04,ch2,79,8.36,10145.8867,250806_N2_imb2_set3_04_ch2,19
250806,N2,imb2,set3,04,ch2,80,8.4672,10193.6211,250806_N2_imb2_set3_04_ch2,20
250806,N2,imb2,set3,04,ch2,81,8.5744,10183.5693,250806_N2_imb2_set3_04_ch2,21
250806,N2,imb2,set3,04,ch2,82,8.6816,10048.2783,250806_N2_imb2_set3_04_ch2,22
250806,N2,imb2,set3,04,ch2,83,8.7888,9938.2949,250806_N2_imb2_set3_04_ch2,23
250806,N2,imb2,set3,04,ch2,84,8.8959,9833.749,250806_N2_imb2_set3_04_ch2,24
250806,N2,imb2,set3,04,ch2,85,9.0031,9762.2246,250806_N2_imb2_set3_04_ch2,25
250806,N2,imb2,set3,04,ch2,86,9.1103,9745.9932,250806_N2_imb2_set3_04_ch2,26
250806,N2,imb2,set3,04,ch2,87,9.2175,9772.9326,250806_N2_imb2_set3_04_ch2,27
250806,N2,imb2,set3,04,ch2,88,9.3247,9797.8438,250806_N2_imb2_set3_04_ch2,28
250806,N2,imb2,set3,04,ch2,89,9.4318,9813.5127,250806_N2_imb2_set3_04_ch2,29
250806,N2,imb2,set3,04,ch2,90,9.539,9861.9287,250806_N2_imb2_set3_04_ch2,30
250806,N2,imb2,set3,04,ch2,91,9.6462,9908.7471,250806_N2_imb2_set3_04_ch2,31
250806,N2,imb2,set3,04,ch2,92,9.7534,9957.3252,250806_N2_imb2_set3_04_ch2,32
250806,N2,imb2,set3,04,ch2,93,9.8606,10042.5801,250806_N2_imb2_set3_04_ch2,33
250806,N2,imb2,set3,04,ch2,94,9.9677,10103.333,250806_N2_imb2_set3_04_ch2,34
250806,N2,imb2,set3,04,ch2,95,10.0749,10185.2217,250806_N2_imb2_set3_04_ch2,35
250806,N2,imb2,set3,04,ch2,96,10.1821,10251.9297,250806_N2_imb2_set3_04_ch2,36
250806,N2,imb2,set3,04,ch2,97,10.2893,10292.7275,250806_N2_imb2_set3_04_ch2,37
250806,N2,imb2,set3,04,ch2,98,10.3965,10358.6396,250806_N2_imb2_set3_04_ch2,38
250806,N2,imb2,set3,04,ch2,99,10.5036,10469.9062,250806_N2_imb2_set3_04_ch2,39
250806,N2,imb2,set3,04,ch2,100,10.6108,10642.2578,250806_N2_imb2_set3_04_ch2,40
250806,N2,imb2,set3,04,ch2,101,10.718,10802.1523,250806_N2_imb2_set3_04_ch2,41
250806,N2,imb2,set3,04,ch2,102,10.8252,10764.2051,250806_N2_imb2_set3_04_ch2,42
250806,N2,imb2,set3,04,ch2,103,10.9324,10546.6924,250806_N2_imb2_set3_04_ch2,43
250806,N2,imb2,set3,04,ch2,104,11.0395,10279.4141,250806_N2_imb2_set3_04_ch2,44
250806,N2,imb2,set3,04,ch2,105,11.1467,10027.1807,250806_N2_imb2_set3_04_ch2,45
250806,N2,imb2,set3,04,ch2,106,11.2539,9817.0703,250806_N2_imb2_set3_04_ch2,46
250806,N2,imb2,set3,04,ch2,107,11.3611,9717.3525,250806_N2_imb2_set3_04_ch2,47
250806,N2,imb2,set3,04,ch2,108,11.4683,9662.9004,250806_N2_imb2_set3_04_ch2,48
250806,N2,imb2,set3,04,ch2,109,11.5754,9629.7607,250806_N2_imb2_set3_04_ch2,49
250806,N2,imb2,set3,04,ch2,110,11.6826,9651.6494,250806_N2_imb2_set3_04_ch2,50
250806,N2,imb2,set3,04,ch2,111,11.7898,9664.3545,250806_N2_imb2_set3_04_ch2,51
250806,N2,imb2,set3,04,ch2,112,11.897,9689.6689,250806_N2_imb2_set3_04_ch2,52
250806,N2,imb2,set3,04,ch2,113,12.0042,9697.9688,250806_N2_imb2_set3_04_ch2,53
250806,N2,imb2,set3,04,ch2,114,12.1113,9676.1309,250806_N2_imb2_set3_04_ch2,54
250806,N2,imb2,set3,04,ch2,115,12.2185,9657.9941,250806_N2_imb2_set3_04_ch2,55
250806,N2,imb2,set3,04,ch2,116,12.3257,9634.4414,250806_N2_imb2_set3_04_ch2,56
250806,N2,imb2,set3,04,ch2,117,12.4329,9655.2656,250806_N2_imb2_set3_04_ch2,57
250806,N2,imb2,set3,04,ch2,118,12.5401,9712.9795,250806_N2_imb2_set3_04_ch2,58
250806,N2,imb2,set3,04,ch2,119,NA,NA,250806_N2_imb2_set3_04_ch2,59
250806,N2,imb2,set3,05,ch1,1,0,13303.3486,250806_N2_imb2_set3_05_ch1,-59
250806,N2,imb2,set3,05,ch1,2,0.1072,13239.3867,250806_N2_imb2_set3_05_ch1,-58
250806,N2,imb2,set3,05,ch1,3,0.2144,13058.9277,250806_N2_imb2_set3_05_ch1,-57
250806,N2,imb2,set3,05,ch1,4,0.3215,12891.9648,250806_N2_imb2_set3_05_ch1,-56
250806,N2,imb2,set3,05,ch1,5,0.4287,12861.4404,250806_N2_imb2_set3_05_ch1,-55
250806,N2,imb2,set3,05,ch1,6,0.5359,12963.624,250806_N2_imb2_set3_05_ch1,-54
250806,N2,imb2,set3,05,ch1,7,0.6431,13056.0234,250806_N2_imb2_set3_05_ch1,-53
250806,N2,imb2,set3,05,ch1,8,0.7503,13211.543,250806_N2_imb2_set3_05_ch1,-52
250806,N2,imb2,set3,05,ch1,9,0.8574,13388.2422,250806_N2_imb2_set3_05_ch1,-51
250806,N2,imb2,set3,05,ch1,10,0.9646,13530.3662,250806_N2_imb2_set3_05_ch1,-50
250806,N2,imb2,set3,05,ch1,11,1.0718,13612.5293,250806_N2_imb2_set3_05_ch1,-49
250806,N2,imb2,set3,05,ch1,12,1.179,13608.6016,250806_N2_imb2_set3_05_ch1,-48
250806,N2,imb2,set3,05,ch1,13,1.2862,13611.1113,250806_N2_imb2_set3_05_ch1,-47
250806,N2,imb2,set3,05,ch1,14,1.3933,13551.0127,250806_N2_imb2_set3_05_ch1,-46
250806,N2,imb2,set3,05,ch1,15,1.5005,13570.8047,250806_N2_imb2_set3_05_ch1,-45
250806,N2,imb2,set3,05,ch1,16,1.6077,13677.5527,250806_N2_imb2_set3_05_ch1,-44
250806,N2,imb2,set3,05,ch1,17,1.7149,13778.958,250806_N2_imb2_set3_05_ch1,-43
250806,N2,imb2,set3,05,ch1,18,1.8221,13959.0273,250806_N2_imb2_set3_05_ch1,-42
250806,N2,imb2,set3,05,ch1,19,1.9292,14119.5908,250806_N2_imb2_set3_05_ch1,-41
250806,N2,imb2,set3,05,ch1,20,2.0364,14273.0137,250806_N2_imb2_set3_05_ch1,-40
250806,N2,imb2,set3,05,ch1,21,2.1436,14402.1572,250806_N2_imb2_set3_05_ch1,-39
250806,N2,imb2,set3,05,ch1,22,2.2508,14522.6943,250806_N2_imb2_set3_05_ch1,-38
250806,N2,imb2,set3,05,ch1,23,2.358,14733.209,250806_N2_imb2_set3_05_ch1,-37
250806,N2,imb2,set3,05,ch1,24,2.4651,14900.1523,250806_N2_imb2_set3_05_ch1,-36
250806,N2,imb2,set3,05,ch1,25,2.5723,15054.4316,250806_N2_imb2_set3_05_ch1,-35
250806,N2,imb2,set3,05,ch1,26,2.6795,15236.4023,250806_N2_imb2_set3_05_ch1,-34
250806,N2,imb2,set3,05,ch1,27,2.7867,15332.8232,250806_N2_imb2_set3_05_ch1,-33
250806,N2,imb2,set3,05,ch1,28,2.8939,15417.2412,250806_N2_imb2_set3_05_ch1,-32
250806,N2,imb2,set3,05,ch1,29,3.001,15419.8799,250806_N2_imb2_set3_05_ch1,-31
250806,N2,imb2,set3,05,ch1,30,3.1082,15314.1895,250806_N2_imb2_set3_05_ch1,-30
250806,N2,imb2,set3,05,ch1,31,3.2154,15112.0352,250806_N2_imb2_set3_05_ch1,-29
250806,N2,imb2,set3,05,ch1,32,3.3226,14868.6533,250806_N2_imb2_set3_05_ch1,-28
250806,N2,imb2,set3,05,ch1,33,3.4298,14694.0947,250806_N2_imb2_set3_05_ch1,-27
250806,N2,imb2,set3,05,ch1,34,3.5369,14616.3281,250806_N2_imb2_set3_05_ch1,-26
250806,N2,imb2,set3,05,ch1,35,3.6441,14690.4912,250806_N2_imb2_set3_05_ch1,-25
250806,N2,imb2,set3,05,ch1,36,3.7513,14790.5234,250806_N2_imb2_set3_05_ch1,-24
250806,N2,imb2,set3,05,ch1,37,3.8585,14994.8809,250806_N2_imb2_set3_05_ch1,-23
250806,N2,imb2,set3,05,ch1,38,3.9657,15179.708,250806_N2_imb2_set3_05_ch1,-22
250806,N2,imb2,set3,05,ch1,39,4.0728,15278.1553,250806_N2_imb2_set3_05_ch1,-21
250806,N2,imb2,set3,05,ch1,40,4.18,15326.3496,250806_N2_imb2_set3_05_ch1,-20
250806,N2,imb2,set3,05,ch1,41,4.2872,15361.7295,250806_N2_imb2_set3_05_ch1,-19
250806,N2,imb2,set3,05,ch1,42,4.3944,15371.9902,250806_N2_imb2_set3_05_ch1,-18
250806,N2,imb2,set3,05,ch1,43,4.5016,15370.0439,250806_N2_imb2_set3_05_ch1,-17
250806,N2,imb2,set3,05,ch1,44,4.6087,15341.0518,250806_N2_imb2_set3_05_ch1,-16
250806,N2,imb2,set3,05,ch1,45,4.7159,15320.4248,250806_N2_imb2_set3_05_ch1,-15
250806,N2,imb2,set3,05,ch1,46,4.8231,15374.7031,250806_N2_imb2_set3_05_ch1,-14
250806,N2,imb2,set3,05,ch1,47,4.9303,15468.8994,250806_N2_imb2_set3_05_ch1,-13
250806,N2,imb2,set3,05,ch1,48,5.0375,15618.9639,250806_N2_imb2_set3_05_ch1,-12
250806,N2,imb2,set3,05,ch1,49,5.1446,15824.3262,250806_N2_imb2_set3_05_ch1,-11
250806,N2,imb2,set3,05,ch1,50,5.2518,16107.4238,250806_N2_imb2_set3_05_ch1,-10
250806,N2,imb2,set3,05,ch1,51,5.359,16465.418,250806_N2_imb2_set3_05_ch1,-9
250806,N2,imb2,set3,05,ch1,52,5.4662,16844.5117,250806_N2_imb2_set3_05_ch1,-8
250806,N2,imb2,set3,05,ch1,53,5.5734,17138.0215,250806_N2_imb2_set3_05_ch1,-7
250806,N2,imb2,set3,05,ch1,54,5.6805,17254.1133,250806_N2_imb2_set3_05_ch1,-6
250806,N2,imb2,set3,05,ch1,55,5.7877,17184.7871,250806_N2_imb2_set3_05_ch1,-5
250806,N2,imb2,set3,05,ch1,56,5.8949,17145.4668,250806_N2_imb2_set3_05_ch1,-4
250806,N2,imb2,set3,05,ch1,57,6.0021,17084.1348,250806_N2_imb2_set3_05_ch1,-3
250806,N2,imb2,set3,05,ch1,58,6.1093,16916.3965,250806_N2_imb2_set3_05_ch1,-2
250806,N2,imb2,set3,05,ch1,59,6.2164,16690.4258,250806_N2_imb2_set3_05_ch1,-1
250806,N2,imb2,set3,05,ch1,60,6.3236,16428.7129,250806_N2_imb2_set3_05_ch1,0
250806,N2,imb2,set3,05,ch1,61,6.4308,15878.4189,250806_N2_imb2_set3_05_ch1,1
250806,N2,imb2,set3,05,ch1,62,6.538,15335.2129,250806_N2_imb2_set3_05_ch1,2
250806,N2,imb2,set3,05,ch1,63,6.6452,14881.8848,250806_N2_imb2_set3_05_ch1,3
250806,N2,imb2,set3,05,ch1,64,6.7523,14454.4473,250806_N2_imb2_set3_05_ch1,4
250806,N2,imb2,set3,05,ch1,65,6.8595,14088.9795,250806_N2_imb2_set3_05_ch1,5
250806,N2,imb2,set3,05,ch1,66,6.9667,13688,250806_N2_imb2_set3_05_ch1,6
250806,N2,imb2,set3,05,ch1,67,7.0739,13301.084,250806_N2_imb2_set3_05_ch1,7
250806,N2,imb2,set3,05,ch1,68,7.1811,12932.3389,250806_N2_imb2_set3_05_ch1,8
250806,N2,imb2,set3,05,ch1,69,7.2882,12612.2178,250806_N2_imb2_set3_05_ch1,9
250806,N2,imb2,set3,05,ch1,70,7.3954,12307.7646,250806_N2_imb2_set3_05_ch1,10
250806,N2,imb2,set3,05,ch1,71,7.5026,12071.1943,250806_N2_imb2_set3_05_ch1,11
250806,N2,imb2,set3,05,ch1,72,7.6098,11935.9609,250806_N2_imb2_set3_05_ch1,12
250806,N2,imb2,set3,05,ch1,73,7.717,11751.1826,250806_N2_imb2_set3_05_ch1,13
250806,N2,imb2,set3,05,ch1,74,7.8241,11551.7031,250806_N2_imb2_set3_05_ch1,14
250806,N2,imb2,set3,05,ch1,75,7.9313,11350.2695,250806_N2_imb2_set3_05_ch1,15
250806,N2,imb2,set3,05,ch1,76,8.0385,11150.3154,250806_N2_imb2_set3_05_ch1,16
250806,N2,imb2,set3,05,ch1,77,8.1457,11023.1768,250806_N2_imb2_set3_05_ch1,17
250806,N2,imb2,set3,05,ch1,78,8.2529,10937.8418,250806_N2_imb2_set3_05_ch1,18
250806,N2,imb2,set3,05,ch1,79,8.36,10825.5332,250806_N2_imb2_set3_05_ch1,19
250806,N2,imb2,set3,05,ch1,80,8.4672,10740.9629,250806_N2_imb2_set3_05_ch1,20
250806,N2,imb2,set3,05,ch1,81,8.5744,10667.7764,250806_N2_imb2_set3_05_ch1,21
250806,N2,imb2,set3,05,ch1,82,8.6816,10654.8955,250806_N2_imb2_set3_05_ch1,22
250806,N2,imb2,set3,05,ch1,83,8.7888,10664.4629,250806_N2_imb2_set3_05_ch1,23
250806,N2,imb2,set3,05,ch1,84,8.8959,10619.3564,250806_N2_imb2_set3_05_ch1,24
250806,N2,imb2,set3,05,ch1,85,9.0031,10519.3857,250806_N2_imb2_set3_05_ch1,25
250806,N2,imb2,set3,05,ch1,86,9.1103,10358.583,250806_N2_imb2_set3_05_ch1,26
250806,N2,imb2,set3,05,ch1,87,9.2175,10218.0762,250806_N2_imb2_set3_05_ch1,27
250806,N2,imb2,set3,05,ch1,88,9.3247,10083.0322,250806_N2_imb2_set3_05_ch1,28
250806,N2,imb2,set3,05,ch1,89,9.4318,9902.2842,250806_N2_imb2_set3_05_ch1,29
250806,N2,imb2,set3,05,ch1,90,9.539,9697.2578,250806_N2_imb2_set3_05_ch1,30
250806,N2,imb2,set3,05,ch1,91,9.6462,9469.1592,250806_N2_imb2_set3_05_ch1,31
250806,N2,imb2,set3,05,ch1,92,9.7534,9268.6523,250806_N2_imb2_set3_05_ch1,32
250806,N2,imb2,set3,05,ch1,93,9.8606,9119.5771,250806_N2_imb2_set3_05_ch1,33
250806,N2,imb2,set3,05,ch1,94,9.9677,9039.0762,250806_N2_imb2_set3_05_ch1,34
250806,N2,imb2,set3,05,ch1,95,10.0749,8971.4326,250806_N2_imb2_set3_05_ch1,35
250806,N2,imb2,set3,05,ch1,96,10.1821,8914.8447,250806_N2_imb2_set3_05_ch1,36
250806,N2,imb2,set3,05,ch1,97,10.2893,8855.9336,250806_N2_imb2_set3_05_ch1,37
250806,N2,imb2,set3,05,ch1,98,10.3965,8833.4902,250806_N2_imb2_set3_05_ch1,38
250806,N2,imb2,set3,05,ch1,99,10.5036,8811.7363,250806_N2_imb2_set3_05_ch1,39
250806,N2,imb2,set3,05,ch1,100,10.6108,8810.0361,250806_N2_imb2_set3_05_ch1,40
250806,N2,imb2,set3,05,ch1,101,10.718,8790.8535,250806_N2_imb2_set3_05_ch1,41
250806,N2,imb2,set3,05,ch1,102,10.8252,8847.0156,250806_N2_imb2_set3_05_ch1,42
250806,N2,imb2,set3,05,ch1,103,10.9324,8907.0654,250806_N2_imb2_set3_05_ch1,43
250806,N2,imb2,set3,05,ch1,104,11.0395,8976.7881,250806_N2_imb2_set3_05_ch1,44
250806,N2,imb2,set3,05,ch1,105,11.1467,8998.0625,250806_N2_imb2_set3_05_ch1,45
250806,N2,imb2,set3,05,ch1,106,11.2539,8966.7354,250806_N2_imb2_set3_05_ch1,46
250806,N2,imb2,set3,05,ch1,107,11.3611,8891.2705,250806_N2_imb2_set3_05_ch1,47
250806,N2,imb2,set3,05,ch1,108,11.4683,8707.2607,250806_N2_imb2_set3_05_ch1,48
250806,N2,imb2,set3,05,ch1,109,11.5754,8422.3027,250806_N2_imb2_set3_05_ch1,49
250806,N2,imb2,set3,05,ch1,110,11.6826,8154.1323,250806_N2_imb2_set3_05_ch1,50
250806,N2,imb2,set3,05,ch1,111,11.7898,7965.9331,250806_N2_imb2_set3_05_ch1,51
250806,N2,imb2,set3,05,ch1,112,11.897,7811.5796,250806_N2_imb2_set3_05_ch1,52
250806,N2,imb2,set3,05,ch1,113,12.0042,7684.5396,250806_N2_imb2_set3_05_ch1,53
250806,N2,imb2,set3,05,ch1,114,12.1113,7611.5386,250806_N2_imb2_set3_05_ch1,54
250806,N2,imb2,set3,05,ch1,115,12.2185,7555.1841,250806_N2_imb2_set3_05_ch1,55
250806,N2,imb2,set3,05,ch1,116,12.3257,7498.2241,250806_N2_imb2_set3_05_ch1,56
250806,N2,imb2,set3,05,ch1,117,12.4329,7449.9575,250806_N2_imb2_set3_05_ch1,57
250806,N2,imb2,set3,05,ch1,118,12.5401,7395.4521,250806_N2_imb2_set3_05_ch1,58
250806,N2,imb2,set3,05,ch1,119,NA,NA,250806_N2_imb2_set3_05_ch1,59
250806,N2,imb2,set3,05,ch2,1,0,11520.9795,250806_N2_imb2_set3_05_ch2,-59
250806,N2,imb2,set3,05,ch2,2,0.1072,11494.417,250806_N2_imb2_set3_05_ch2,-58
250806,N2,imb2,set3,05,ch2,3,0.2144,11469.374,250806_N2_imb2_set3_05_ch2,-57
250806,N2,imb2,set3,05,ch2,4,0.3215,11469.9902,250806_N2_imb2_set3_05_ch2,-56
250806,N2,imb2,set3,05,ch2,5,0.4287,11473.2656,250806_N2_imb2_set3_05_ch2,-55
250806,N2,imb2,set3,05,ch2,6,0.5359,11432.7139,250806_N2_imb2_set3_05_ch2,-54
250806,N2,imb2,set3,05,ch2,7,0.6431,11350.0205,250806_N2_imb2_set3_05_ch2,-53
250806,N2,imb2,set3,05,ch2,8,0.7503,11305.4326,250806_N2_imb2_set3_05_ch2,-52
250806,N2,imb2,set3,05,ch2,9,0.8574,11268.5342,250806_N2_imb2_set3_05_ch2,-51
250806,N2,imb2,set3,05,ch2,10,0.9646,11234.2207,250806_N2_imb2_set3_05_ch2,-50
250806,N2,imb2,set3,05,ch2,11,1.0718,11219.7383,250806_N2_imb2_set3_05_ch2,-49
250806,N2,imb2,set3,05,ch2,12,1.179,11232.5996,250806_N2_imb2_set3_05_ch2,-48
250806,N2,imb2,set3,05,ch2,13,1.2862,11280.5469,250806_N2_imb2_set3_05_ch2,-47
250806,N2,imb2,set3,05,ch2,14,1.3933,11350.3633,250806_N2_imb2_set3_05_ch2,-46
250806,N2,imb2,set3,05,ch2,15,1.5005,11398.4473,250806_N2_imb2_set3_05_ch2,-45
250806,N2,imb2,set3,05,ch2,16,1.6077,11433.3281,250806_N2_imb2_set3_05_ch2,-44
250806,N2,imb2,set3,05,ch2,17,1.7149,11356.4746,250806_N2_imb2_set3_05_ch2,-43
250806,N2,imb2,set3,05,ch2,18,1.8221,11297.5361,250806_N2_imb2_set3_05_ch2,-42
250806,N2,imb2,set3,05,ch2,19,1.9292,11285.3262,250806_N2_imb2_set3_05_ch2,-41
250806,N2,imb2,set3,05,ch2,20,2.0364,11279.1631,250806_N2_imb2_set3_05_ch2,-40
250806,N2,imb2,set3,05,ch2,21,2.1436,11245.0879,250806_N2_imb2_set3_05_ch2,-39
250806,N2,imb2,set3,05,ch2,22,2.2508,11183.7861,250806_N2_imb2_set3_05_ch2,-38
250806,N2,imb2,set3,05,ch2,23,2.358,11137.4795,250806_N2_imb2_set3_05_ch2,-37
250806,N2,imb2,set3,05,ch2,24,2.4651,11110.3467,250806_N2_imb2_set3_05_ch2,-36
250806,N2,imb2,set3,05,ch2,25,2.5723,11085.29,250806_N2_imb2_set3_05_ch2,-35
250806,N2,imb2,set3,05,ch2,26,2.6795,11050.7354,250806_N2_imb2_set3_05_ch2,-34
250806,N2,imb2,set3,05,ch2,27,2.7867,11024.9385,250806_N2_imb2_set3_05_ch2,-33
250806,N2,imb2,set3,05,ch2,28,2.8939,11065.6191,250806_N2_imb2_set3_05_ch2,-32
250806,N2,imb2,set3,05,ch2,29,3.001,11112.6758,250806_N2_imb2_set3_05_ch2,-31
250806,N2,imb2,set3,05,ch2,30,3.1082,11197.9053,250806_N2_imb2_set3_05_ch2,-30
250806,N2,imb2,set3,05,ch2,31,3.2154,11359.5244,250806_N2_imb2_set3_05_ch2,-29
250806,N2,imb2,set3,05,ch2,32,3.3226,11515.2197,250806_N2_imb2_set3_05_ch2,-28
250806,N2,imb2,set3,05,ch2,33,3.4298,11650.2979,250806_N2_imb2_set3_05_ch2,-27
250806,N2,imb2,set3,05,ch2,34,3.5369,11671.2764,250806_N2_imb2_set3_05_ch2,-26
250806,N2,imb2,set3,05,ch2,35,3.6441,11512.6787,250806_N2_imb2_set3_05_ch2,-25
250806,N2,imb2,set3,05,ch2,36,3.7513,11252.6475,250806_N2_imb2_set3_05_ch2,-24
250806,N2,imb2,set3,05,ch2,37,3.8585,11123.667,250806_N2_imb2_set3_05_ch2,-23
250806,N2,imb2,set3,05,ch2,38,3.9657,11065.8135,250806_N2_imb2_set3_05_ch2,-22
250806,N2,imb2,set3,05,ch2,39,4.0728,11033.1084,250806_N2_imb2_set3_05_ch2,-21
250806,N2,imb2,set3,05,ch2,40,4.18,11032.4102,250806_N2_imb2_set3_05_ch2,-20
250806,N2,imb2,set3,05,ch2,41,4.2872,11086.5928,250806_N2_imb2_set3_05_ch2,-19
250806,N2,imb2,set3,05,ch2,42,4.3944,11123.8096,250806_N2_imb2_set3_05_ch2,-18
250806,N2,imb2,set3,05,ch2,43,4.5016,11189.334,250806_N2_imb2_set3_05_ch2,-17
250806,N2,imb2,set3,05,ch2,44,4.6087,11258.7529,250806_N2_imb2_set3_05_ch2,-16
250806,N2,imb2,set3,05,ch2,45,4.7159,11359.1123,250806_N2_imb2_set3_05_ch2,-15
250806,N2,imb2,set3,05,ch2,46,4.8231,11452.8555,250806_N2_imb2_set3_05_ch2,-14
250806,N2,imb2,set3,05,ch2,47,4.9303,11562.457,250806_N2_imb2_set3_05_ch2,-13
250806,N2,imb2,set3,05,ch2,48,5.0375,11694.3252,250806_N2_imb2_set3_05_ch2,-12
250806,N2,imb2,set3,05,ch2,49,5.1446,11872.4795,250806_N2_imb2_set3_05_ch2,-11
250806,N2,imb2,set3,05,ch2,50,5.2518,12122.3945,250806_N2_imb2_set3_05_ch2,-10
250806,N2,imb2,set3,05,ch2,51,5.359,12437.4824,250806_N2_imb2_set3_05_ch2,-9
250806,N2,imb2,set3,05,ch2,52,5.4662,12681.6572,250806_N2_imb2_set3_05_ch2,-8
250806,N2,imb2,set3,05,ch2,53,5.5734,12796.3057,250806_N2_imb2_set3_05_ch2,-7
250806,N2,imb2,set3,05,ch2,54,5.6805,12739.8115,250806_N2_imb2_set3_05_ch2,-6
250806,N2,imb2,set3,05,ch2,55,5.7877,12346.1289,250806_N2_imb2_set3_05_ch2,-5
250806,N2,imb2,set3,05,ch2,56,5.8949,11906.7891,250806_N2_imb2_set3_05_ch2,-4
250806,N2,imb2,set3,05,ch2,57,6.0021,11578.5,250806_N2_imb2_set3_05_ch2,-3
250806,N2,imb2,set3,05,ch2,58,6.1093,11346.1689,250806_N2_imb2_set3_05_ch2,-2
250806,N2,imb2,set3,05,ch2,59,6.2164,11177.6865,250806_N2_imb2_set3_05_ch2,-1
250806,N2,imb2,set3,05,ch2,60,6.3236,11075.1338,250806_N2_imb2_set3_05_ch2,0
250806,N2,imb2,set3,05,ch2,61,6.4308,11009.4941,250806_N2_imb2_set3_05_ch2,1
250806,N2,imb2,set3,05,ch2,62,6.538,10981.0918,250806_N2_imb2_set3_05_ch2,2
250806,N2,imb2,set3,05,ch2,63,6.6452,11024.5498,250806_N2_imb2_set3_05_ch2,3
250806,N2,imb2,set3,05,ch2,64,6.7523,11112.7734,250806_N2_imb2_set3_05_ch2,4
250806,N2,imb2,set3,05,ch2,65,6.8595,11255.2168,250806_N2_imb2_set3_05_ch2,5
250806,N2,imb2,set3,05,ch2,66,6.9667,11271.9434,250806_N2_imb2_set3_05_ch2,6
250806,N2,imb2,set3,05,ch2,67,7.0739,11144.7969,250806_N2_imb2_set3_05_ch2,7
250806,N2,imb2,set3,05,ch2,68,7.1811,10983.3701,250806_N2_imb2_set3_05_ch2,8
250806,N2,imb2,set3,05,ch2,69,7.2882,10749.6787,250806_N2_imb2_set3_05_ch2,9
250806,N2,imb2,set3,05,ch2,70,7.3954,10430.7744,250806_N2_imb2_set3_05_ch2,10
250806,N2,imb2,set3,05,ch2,71,7.5026,10219.7676,250806_N2_imb2_set3_05_ch2,11
250806,N2,imb2,set3,05,ch2,72,7.6098,10072.5947,250806_N2_imb2_set3_05_ch2,12
250806,N2,imb2,set3,05,ch2,73,7.717,9951.8066,250806_N2_imb2_set3_05_ch2,13
250806,N2,imb2,set3,05,ch2,74,7.8241,9871.1455,250806_N2_imb2_set3_05_ch2,14
250806,N2,imb2,set3,05,ch2,75,7.9313,9797.9697,250806_N2_imb2_set3_05_ch2,15
250806,N2,imb2,set3,05,ch2,76,8.0385,9710.8311,250806_N2_imb2_set3_05_ch2,16
250806,N2,imb2,set3,05,ch2,77,8.1457,9661.2871,250806_N2_imb2_set3_05_ch2,17
250806,N2,imb2,set3,05,ch2,78,8.2529,9617.5039,250806_N2_imb2_set3_05_ch2,18
250806,N2,imb2,set3,05,ch2,79,8.36,9617.7793,250806_N2_imb2_set3_05_ch2,19
250806,N2,imb2,set3,05,ch2,80,8.4672,9613.4893,250806_N2_imb2_set3_05_ch2,20
250806,N2,imb2,set3,05,ch2,81,8.5744,9611.1641,250806_N2_imb2_set3_05_ch2,21
250806,N2,imb2,set3,05,ch2,82,8.6816,9641.0781,250806_N2_imb2_set3_05_ch2,22
250806,N2,imb2,set3,05,ch2,83,8.7888,9622.0947,250806_N2_imb2_set3_05_ch2,23
250806,N2,imb2,set3,05,ch2,84,8.8959,9584.6533,250806_N2_imb2_set3_05_ch2,24
250806,N2,imb2,set3,05,ch2,85,9.0031,9553.5459,250806_N2_imb2_set3_05_ch2,25
250806,N2,imb2,set3,05,ch2,86,9.1103,9450.1816,250806_N2_imb2_set3_05_ch2,26
250806,N2,imb2,set3,05,ch2,87,9.2175,9329.0693,250806_N2_imb2_set3_05_ch2,27
250806,N2,imb2,set3,05,ch2,88,9.3247,9222.4863,250806_N2_imb2_set3_05_ch2,28
250806,N2,imb2,set3,05,ch2,89,9.4318,9116.0859,250806_N2_imb2_set3_05_ch2,29
250806,N2,imb2,set3,05,ch2,90,9.539,9036.8154,250806_N2_imb2_set3_05_ch2,30
250806,N2,imb2,set3,05,ch2,91,9.6462,8947.5098,250806_N2_imb2_set3_05_ch2,31
250806,N2,imb2,set3,05,ch2,92,9.7534,8864.5947,250806_N2_imb2_set3_05_ch2,32
250806,N2,imb2,set3,05,ch2,93,9.8606,8805.916,250806_N2_imb2_set3_05_ch2,33
250806,N2,imb2,set3,05,ch2,94,9.9677,8761.9521,250806_N2_imb2_set3_05_ch2,34
250806,N2,imb2,set3,05,ch2,95,10.0749,8677.8916,250806_N2_imb2_set3_05_ch2,35
250806,N2,imb2,set3,05,ch2,96,10.1821,8573.6748,250806_N2_imb2_set3_05_ch2,36
250806,N2,imb2,set3,05,ch2,97,10.2893,8463.8223,250806_N2_imb2_set3_05_ch2,37
250806,N2,imb2,set3,05,ch2,98,10.3965,8343.3994,250806_N2_imb2_set3_05_ch2,38
250806,N2,imb2,set3,05,ch2,99,10.5036,8239.2969,250806_N2_imb2_set3_05_ch2,39
250806,N2,imb2,set3,05,ch2,100,10.6108,8144.0625,250806_N2_imb2_set3_05_ch2,40
250806,N2,imb2,set3,05,ch2,101,10.718,8042.3901,250806_N2_imb2_set3_05_ch2,41
250806,N2,imb2,set3,05,ch2,102,10.8252,7977.1816,250806_N2_imb2_set3_05_ch2,42
250806,N2,imb2,set3,05,ch2,103,10.9324,7905.6738,250806_N2_imb2_set3_05_ch2,43
250806,N2,imb2,set3,05,ch2,104,11.0395,7832.9375,250806_N2_imb2_set3_05_ch2,44
250806,N2,imb2,set3,05,ch2,105,11.1467,7790.8735,250806_N2_imb2_set3_05_ch2,45
250806,N2,imb2,set3,05,ch2,106,11.2539,7759.335,250806_N2_imb2_set3_05_ch2,46
250806,N2,imb2,set3,05,ch2,107,11.3611,7749.4316,250806_N2_imb2_set3_05_ch2,47
250806,N2,imb2,set3,05,ch2,108,11.4683,7739.6562,250806_N2_imb2_set3_05_ch2,48
250806,N2,imb2,set3,05,ch2,109,11.5754,7709.3628,250806_N2_imb2_set3_05_ch2,49
250806,N2,imb2,set3,05,ch2,110,11.6826,7631.2896,250806_N2_imb2_set3_05_ch2,50
250806,N2,imb2,set3,05,ch2,111,11.7898,7533.4331,250806_N2_imb2_set3_05_ch2,51
250806,N2,imb2,set3,05,ch2,112,11.897,7417.2773,250806_N2_imb2_set3_05_ch2,52
250806,N2,imb2,set3,05,ch2,113,12.0042,7317.4116,250806_N2_imb2_set3_05_ch2,53
250806,N2,imb2,set3,05,ch2,114,12.1113,7242.8232,250806_N2_imb2_set3_05_ch2,54
250806,N2,imb2,set3,05,ch2,115,12.2185,7176.4629,250806_N2_imb2_set3_05_ch2,55
250806,N2,imb2,set3,05,ch2,116,12.3257,7093.7891,250806_N2_imb2_set3_05_ch2,56
250806,N2,imb2,set3,05,ch2,117,12.4329,7025.0898,250806_N2_imb2_set3_05_ch2,57
250806,N2,imb2,set3,05,ch2,118,12.5401,6962.6924,250806_N2_imb2_set3_05_ch2,58
250806,N2,imb2,set3,05,ch2,119,NA,NA,250806_N2_imb2_set3_05_ch2,59
250806,N2,imb2,set3,10,ch1,1,0,9942.2803,250806_N2_imb2_set3_10_ch1,-59
250806,N2,imb2,set3,10,ch1,2,0.1072,9807.5527,250806_N2_imb2_set3_10_ch1,-58
250806,N2,imb2,set3,10,ch1,3,0.2144,9684.5918,250806_N2_imb2_set3_10_ch1,-57
250806,N2,imb2,set3,10,ch1,4,0.3215,9566.207,250806_N2_imb2_set3_10_ch1,-56
250806,N2,imb2,set3,10,ch1,5,0.4287,9434.042,250806_N2_imb2_set3_10_ch1,-55
250806,N2,imb2,set3,10,ch1,6,0.5359,9323.2158,250806_N2_imb2_set3_10_ch1,-54
250806,N2,imb2,set3,10,ch1,7,0.6431,9254.7344,250806_N2_imb2_set3_10_ch1,-53
250806,N2,imb2,set3,10,ch1,8,0.7503,9193.4854,250806_N2_imb2_set3_10_ch1,-52
250806,N2,imb2,set3,10,ch1,9,0.8574,9144.5977,250806_N2_imb2_set3_10_ch1,-51
250806,N2,imb2,set3,10,ch1,10,0.9646,9109.1396,250806_N2_imb2_set3_10_ch1,-50
250806,N2,imb2,set3,10,ch1,11,1.0718,9117.707,250806_N2_imb2_set3_10_ch1,-49
250806,N2,imb2,set3,10,ch1,12,1.179,9065.0439,250806_N2_imb2_set3_10_ch1,-48
250806,N2,imb2,set3,10,ch1,13,1.2862,9033.8193,250806_N2_imb2_set3_10_ch1,-47
250806,N2,imb2,set3,10,ch1,14,1.3933,9031.1924,250806_N2_imb2_set3_10_ch1,-46
250806,N2,imb2,set3,10,ch1,15,1.5005,9009.1963,250806_N2_imb2_set3_10_ch1,-45
250806,N2,imb2,set3,10,ch1,16,1.6077,9017.5254,250806_N2_imb2_set3_10_ch1,-44
250806,N2,imb2,set3,10,ch1,17,1.7149,9038.4189,250806_N2_imb2_set3_10_ch1,-43
250806,N2,imb2,set3,10,ch1,18,1.8221,9022.5654,250806_N2_imb2_set3_10_ch1,-42
250806,N2,imb2,set3,10,ch1,19,1.9292,9001.1611,250806_N2_imb2_set3_10_ch1,-41
250806,N2,imb2,set3,10,ch1,20,2.0364,8982.6738,250806_N2_imb2_set3_10_ch1,-40
250806,N2,imb2,set3,10,ch1,21,2.1436,8938.2578,250806_N2_imb2_set3_10_ch1,-39
250806,N2,imb2,set3,10,ch1,22,2.2508,8874.2168,250806_N2_imb2_set3_10_ch1,-38
250806,N2,imb2,set3,10,ch1,23,2.358,8778.1367,250806_N2_imb2_set3_10_ch1,-37
250806,N2,imb2,set3,10,ch1,24,2.4651,8669.9111,250806_N2_imb2_set3_10_ch1,-36
250806,N2,imb2,set3,10,ch1,25,2.5723,8605.4531,250806_N2_imb2_set3_10_ch1,-35
250806,N2,imb2,set3,10,ch1,26,2.6795,8563.3438,250806_N2_imb2_set3_10_ch1,-34
250806,N2,imb2,set3,10,ch1,27,2.7867,8522.9668,250806_N2_imb2_set3_10_ch1,-33
250806,N2,imb2,set3,10,ch1,28,2.8939,8451.6572,250806_N2_imb2_set3_10_ch1,-32
250806,N2,imb2,set3,10,ch1,29,3.001,8357.2568,250806_N2_imb2_set3_10_ch1,-31
250806,N2,imb2,set3,10,ch1,30,3.1082,8307.7363,250806_N2_imb2_set3_10_ch1,-30
250806,N2,imb2,set3,10,ch1,31,3.2154,8308.252,250806_N2_imb2_set3_10_ch1,-29
250806,N2,imb2,set3,10,ch1,32,3.3226,8318.792,250806_N2_imb2_set3_10_ch1,-28
250806,N2,imb2,set3,10,ch1,33,3.4298,8299.7451,250806_N2_imb2_set3_10_ch1,-27
250806,N2,imb2,set3,10,ch1,34,3.5369,8285.3027,250806_N2_imb2_set3_10_ch1,-26
250806,N2,imb2,set3,10,ch1,35,3.6441,8247.6514,250806_N2_imb2_set3_10_ch1,-25
250806,N2,imb2,set3,10,ch1,36,3.7513,8268.8613,250806_N2_imb2_set3_10_ch1,-24
250806,N2,imb2,set3,10,ch1,37,3.8585,8282.9326,250806_N2_imb2_set3_10_ch1,-23
250806,N2,imb2,set3,10,ch1,38,3.9657,8313.8555,250806_N2_imb2_set3_10_ch1,-22
250806,N2,imb2,set3,10,ch1,39,4.0728,8389.165,250806_N2_imb2_set3_10_ch1,-21
250806,N2,imb2,set3,10,ch1,40,4.18,8520.2334,250806_N2_imb2_set3_10_ch1,-20
250806,N2,imb2,set3,10,ch1,41,4.2872,8694.71,250806_N2_imb2_set3_10_ch1,-19
250806,N2,imb2,set3,10,ch1,42,4.3944,8866.4189,250806_N2_imb2_set3_10_ch1,-18
250806,N2,imb2,set3,10,ch1,43,4.5016,9096.5967,250806_N2_imb2_set3_10_ch1,-17
250806,N2,imb2,set3,10,ch1,44,4.6087,9360.167,250806_N2_imb2_set3_10_ch1,-16
250806,N2,imb2,set3,10,ch1,45,4.7159,9642.1787,250806_N2_imb2_set3_10_ch1,-15
250806,N2,imb2,set3,10,ch1,46,4.8231,9853.5752,250806_N2_imb2_set3_10_ch1,-14
250806,N2,imb2,set3,10,ch1,47,4.9303,9932.5156,250806_N2_imb2_set3_10_ch1,-13
250806,N2,imb2,set3,10,ch1,48,5.0375,10059.7197,250806_N2_imb2_set3_10_ch1,-12
250806,N2,imb2,set3,10,ch1,49,5.1446,10398.5049,250806_N2_imb2_set3_10_ch1,-11
250806,N2,imb2,set3,10,ch1,50,5.2518,10923.8281,250806_N2_imb2_set3_10_ch1,-10
250806,N2,imb2,set3,10,ch1,51,5.359,11281.916,250806_N2_imb2_set3_10_ch1,-9
250806,N2,imb2,set3,10,ch1,52,5.4662,11286.3457,250806_N2_imb2_set3_10_ch1,-8
250806,N2,imb2,set3,10,ch1,53,5.5734,11132.2324,250806_N2_imb2_set3_10_ch1,-7
250806,N2,imb2,set3,10,ch1,54,5.6805,11098.4424,250806_N2_imb2_set3_10_ch1,-6
250806,N2,imb2,set3,10,ch1,55,5.7877,11149.623,250806_N2_imb2_set3_10_ch1,-5
250806,N2,imb2,set3,10,ch1,56,5.8949,11025.8145,250806_N2_imb2_set3_10_ch1,-4
250806,N2,imb2,set3,10,ch1,57,6.0021,10917.1367,250806_N2_imb2_set3_10_ch1,-3
250806,N2,imb2,set3,10,ch1,58,6.1093,10938.4385,250806_N2_imb2_set3_10_ch1,-2
250806,N2,imb2,set3,10,ch1,59,6.2164,10985.2324,250806_N2_imb2_set3_10_ch1,-1
250806,N2,imb2,set3,10,ch1,60,6.3236,10705.0693,250806_N2_imb2_set3_10_ch1,0
250806,N2,imb2,set3,10,ch1,61,6.4308,10164.6475,250806_N2_imb2_set3_10_ch1,1
250806,N2,imb2,set3,10,ch1,62,6.538,9690.0068,250806_N2_imb2_set3_10_ch1,2
250806,N2,imb2,set3,10,ch1,63,6.6452,9383.001,250806_N2_imb2_set3_10_ch1,3
250806,N2,imb2,set3,10,ch1,64,6.7523,9218.8135,250806_N2_imb2_set3_10_ch1,4
250806,N2,imb2,set3,10,ch1,65,6.8595,9093.5,250806_N2_imb2_set3_10_ch1,5
250806,N2,imb2,set3,10,ch1,66,6.9667,8949.3311,250806_N2_imb2_set3_10_ch1,6
250806,N2,imb2,set3,10,ch1,67,7.0739,8791.1025,250806_N2_imb2_set3_10_ch1,7
250806,N2,imb2,set3,10,ch1,68,7.1811,8590.7002,250806_N2_imb2_set3_10_ch1,8
250806,N2,imb2,set3,10,ch1,69,7.2882,8295.5371,250806_N2_imb2_set3_10_ch1,9
250806,N2,imb2,set3,10,ch1,70,7.3954,8023.0098,250806_N2_imb2_set3_10_ch1,10
250806,N2,imb2,set3,10,ch1,71,7.5026,7860.9175,250806_N2_imb2_set3_10_ch1,11
250806,N2,imb2,set3,10,ch1,72,7.6098,7808.9907,250806_N2_imb2_set3_10_ch1,12
250806,N2,imb2,set3,10,ch1,73,7.717,7793.2983,250806_N2_imb2_set3_10_ch1,13
250806,N2,imb2,set3,10,ch1,74,7.8241,7851.2539,250806_N2_imb2_set3_10_ch1,14
250806,N2,imb2,set3,10,ch1,75,7.9313,7935.8325,250806_N2_imb2_set3_10_ch1,15
250806,N2,imb2,set3,10,ch1,76,8.0385,7902.8564,250806_N2_imb2_set3_10_ch1,16
250806,N2,imb2,set3,10,ch1,77,8.1457,7814.9717,250806_N2_imb2_set3_10_ch1,17
250806,N2,imb2,set3,10,ch1,78,8.2529,7784.48,250806_N2_imb2_set3_10_ch1,18
250806,N2,imb2,set3,10,ch1,79,8.36,7749.9175,250806_N2_imb2_set3_10_ch1,19
250806,N2,imb2,set3,10,ch1,80,8.4672,7692.5054,250806_N2_imb2_set3_10_ch1,20
250806,N2,imb2,set3,10,ch1,81,8.5744,7635.3184,250806_N2_imb2_set3_10_ch1,21
250806,N2,imb2,set3,10,ch1,82,8.6816,7563.2139,250806_N2_imb2_set3_10_ch1,22
250806,N2,imb2,set3,10,ch1,83,8.7888,7558.2305,250806_N2_imb2_set3_10_ch1,23
250806,N2,imb2,set3,10,ch1,84,8.8959,7561.9219,250806_N2_imb2_set3_10_ch1,24
250806,N2,imb2,set3,10,ch1,85,9.0031,7502.5986,250806_N2_imb2_set3_10_ch1,25
250806,N2,imb2,set3,10,ch1,86,9.1103,7378.6641,250806_N2_imb2_set3_10_ch1,26
250806,N2,imb2,set3,10,ch1,87,9.2175,7188.1777,250806_N2_imb2_set3_10_ch1,27
250806,N2,imb2,set3,10,ch1,88,9.3247,7034.3252,250806_N2_imb2_set3_10_ch1,28
250806,N2,imb2,set3,10,ch1,89,9.4318,6942.6548,250806_N2_imb2_set3_10_ch1,29
250806,N2,imb2,set3,10,ch1,90,9.539,6877.4204,250806_N2_imb2_set3_10_ch1,30
250806,N2,imb2,set3,10,ch1,91,9.6462,6775.7725,250806_N2_imb2_set3_10_ch1,31
250806,N2,imb2,set3,10,ch1,92,9.7534,6635.1958,250806_N2_imb2_set3_10_ch1,32
250806,N2,imb2,set3,10,ch1,93,9.8606,6525.2261,250806_N2_imb2_set3_10_ch1,33
250806,N2,imb2,set3,10,ch1,94,9.9677,6472.6895,250806_N2_imb2_set3_10_ch1,34
250806,N2,imb2,set3,10,ch1,95,10.0749,6407.3843,250806_N2_imb2_set3_10_ch1,35
250806,N2,imb2,set3,10,ch1,96,10.1821,6378.8013,250806_N2_imb2_set3_10_ch1,36
250806,N2,imb2,set3,10,ch1,97,10.2893,6421.7705,250806_N2_imb2_set3_10_ch1,37
250806,N2,imb2,set3,10,ch1,98,10.3965,6530.2383,250806_N2_imb2_set3_10_ch1,38
250806,N2,imb2,set3,10,ch1,99,10.5036,6625.8975,250806_N2_imb2_set3_10_ch1,39
250806,N2,imb2,set3,10,ch1,100,10.6108,6740.9731,250806_N2_imb2_set3_10_ch1,40
250806,N2,imb2,set3,10,ch1,101,10.718,6866.3193,250806_N2_imb2_set3_10_ch1,41
250806,N2,imb2,set3,10,ch1,102,10.8252,6932.1777,250806_N2_imb2_set3_10_ch1,42
250806,N2,imb2,set3,10,ch1,103,10.9324,6854.1665,250806_N2_imb2_set3_10_ch1,43
250806,N2,imb2,set3,10,ch1,104,11.0395,6698.1284,250806_N2_imb2_set3_10_ch1,44
250806,N2,imb2,set3,10,ch1,105,11.1467,6638.1929,250806_N2_imb2_set3_10_ch1,45
250806,N2,imb2,set3,10,ch1,106,11.2539,6634.311,250806_N2_imb2_set3_10_ch1,46
250806,N2,imb2,set3,10,ch1,107,11.3611,6561.5762,250806_N2_imb2_set3_10_ch1,47
250806,N2,imb2,set3,10,ch1,108,11.4683,6379.8286,250806_N2_imb2_set3_10_ch1,48
250806,N2,imb2,set3,10,ch1,109,11.5754,6124.8481,250806_N2_imb2_set3_10_ch1,49
250806,N2,imb2,set3,10,ch1,110,11.6826,5906.2163,250806_N2_imb2_set3_10_ch1,50
250806,N2,imb2,set3,10,ch1,111,11.7898,5764.8887,250806_N2_imb2_set3_10_ch1,51
250806,N2,imb2,set3,10,ch1,112,11.897,5684.6079,250806_N2_imb2_set3_10_ch1,52
250806,N2,imb2,set3,10,ch1,113,12.0042,5640.7642,250806_N2_imb2_set3_10_ch1,53
250806,N2,imb2,set3,10,ch1,114,12.1113,5649.0664,250806_N2_imb2_set3_10_ch1,54
250806,N2,imb2,set3,10,ch1,115,12.2185,5712.5586,250806_N2_imb2_set3_10_ch1,55
250806,N2,imb2,set3,10,ch1,116,12.3257,5760.4595,250806_N2_imb2_set3_10_ch1,56
250806,N2,imb2,set3,10,ch1,117,12.4329,5747.3242,250806_N2_imb2_set3_10_ch1,57
250806,N2,imb2,set3,10,ch1,118,12.5401,5665.5488,250806_N2_imb2_set3_10_ch1,58
250806,N2,imb2,set3,10,ch1,119,NA,NA,250806_N2_imb2_set3_10_ch1,59
250806,N2,imb2,set3,10,ch2,1,0,7813.0459,250806_N2_imb2_set3_10_ch2,-59
250806,N2,imb2,set3,10,ch2,2,0.1072,7683.1914,250806_N2_imb2_set3_10_ch2,-58
250806,N2,imb2,set3,10,ch2,3,0.2144,7585.7549,250806_N2_imb2_set3_10_ch2,-57
250806,N2,imb2,set3,10,ch2,4,0.3215,7503.6885,250806_N2_imb2_set3_10_ch2,-56
250806,N2,imb2,set3,10,ch2,5,0.4287,7431.353,250806_N2_imb2_set3_10_ch2,-55
250806,N2,imb2,set3,10,ch2,6,0.5359,7350.9463,250806_N2_imb2_set3_10_ch2,-54
250806,N2,imb2,set3,10,ch2,7,0.6431,7275.7437,250806_N2_imb2_set3_10_ch2,-53
250806,N2,imb2,set3,10,ch2,8,0.7503,7212.4575,250806_N2_imb2_set3_10_ch2,-52
250806,N2,imb2,set3,10,ch2,9,0.8574,7155.6499,250806_N2_imb2_set3_10_ch2,-51
250806,N2,imb2,set3,10,ch2,10,0.9646,7101.3281,250806_N2_imb2_set3_10_ch2,-50
250806,N2,imb2,set3,10,ch2,11,1.0718,7067.1064,250806_N2_imb2_set3_10_ch2,-49
250806,N2,imb2,set3,10,ch2,12,1.179,7027.9683000000005,250806_N2_imb2_set3_10_ch2,-48
250806,N2,imb2,set3,10,ch2,13,1.2862,6995.4385,250806_N2_imb2_set3_10_ch2,-47
250806,N2,imb2,set3,10,ch2,14,1.3933,6976.813,250806_N2_imb2_set3_10_ch2,-46
250806,N2,imb2,set3,10,ch2,15,1.5005,6980.6328,250806_N2_imb2_set3_10_ch2,-45
250806,N2,imb2,set3,10,ch2,16,1.6077,6986.54,250806_N2_imb2_set3_10_ch2,-44
250806,N2,imb2,set3,10,ch2,17,1.7149,6970.7441,250806_N2_imb2_set3_10_ch2,-43
250806,N2,imb2,set3,10,ch2,18,1.8221,6930.2344,250806_N2_imb2_set3_10_ch2,-42
250806,N2,imb2,set3,10,ch2,19,1.9292,6883.8877,250806_N2_imb2_set3_10_ch2,-41
250806,N2,imb2,set3,10,ch2,20,2.0364,6840.311,250806_N2_imb2_set3_10_ch2,-40
250806,N2,imb2,set3,10,ch2,21,2.1436,6817.9653,250806_N2_imb2_set3_10_ch2,-39
250806,N2,imb2,set3,10,ch2,22,2.2508,6798.9976,250806_N2_imb2_set3_10_ch2,-38
250806,N2,imb2,set3,10,ch2,23,2.358,6770.0762,250806_N2_imb2_set3_10_ch2,-37
250806,N2,imb2,set3,10,ch2,24,2.4651,6753.4517,250806_N2_imb2_set3_10_ch2,-36
250806,N2,imb2,set3,10,ch2,25,2.5723,6724.5625,250806_N2_imb2_set3_10_ch2,-35
250806,N2,imb2,set3,10,ch2,26,2.6795,6717.8706,250806_N2_imb2_set3_10_ch2,-34
250806,N2,imb2,set3,10,ch2,27,2.7867,6698.6694,250806_N2_imb2_set3_10_ch2,-33
250806,N2,imb2,set3,10,ch2,28,2.8939,6686.4209,250806_N2_imb2_set3_10_ch2,-32
250806,N2,imb2,set3,10,ch2,29,3.001,6650.3594,250806_N2_imb2_set3_10_ch2,-31
250806,N2,imb2,set3,10,ch2,30,3.1082,6615.729,250806_N2_imb2_set3_10_ch2,-30
250806,N2,imb2,set3,10,ch2,31,3.2154,6582.7949,250806_N2_imb2_set3_10_ch2,-29
250806,N2,imb2,set3,10,ch2,32,3.3226,6554.2114,250806_N2_imb2_set3_10_ch2,-28
250806,N2,imb2,set3,10,ch2,33,3.4298,6536.4556,250806_N2_imb2_set3_10_ch2,-27
250806,N2,imb2,set3,10,ch2,34,3.5369,6514.0352,250806_N2_imb2_set3_10_ch2,-26
250806,N2,imb2,set3,10,ch2,35,3.6441,6496.8252,250806_N2_imb2_set3_10_ch2,-25
250806,N2,imb2,set3,10,ch2,36,3.7513,6481.3491,250806_N2_imb2_set3_10_ch2,-24
250806,N2,imb2,set3,10,ch2,37,3.8585,6476.8335,250806_N2_imb2_set3_10_ch2,-23
250806,N2,imb2,set3,10,ch2,38,3.9657,6467.4688,250806_N2_imb2_set3_10_ch2,-22
250806,N2,imb2,set3,10,ch2,39,4.0728,6463.6533,250806_N2_imb2_set3_10_ch2,-21
250806,N2,imb2,set3,10,ch2,40,4.18,6456.1626,250806_N2_imb2_set3_10_ch2,-20
250806,N2,imb2,set3,10,ch2,41,4.2872,6468.6909,250806_N2_imb2_set3_10_ch2,-19
250806,N2,imb2,set3,10,ch2,42,4.3944,6475.3257,250806_N2_imb2_set3_10_ch2,-18
250806,N2,imb2,set3,10,ch2,43,4.5016,6491.5054,250806_N2_imb2_set3_10_ch2,-17
250806,N2,imb2,set3,10,ch2,44,4.6087,6517.6079,250806_N2_imb2_set3_10_ch2,-16
250806,N2,imb2,set3,10,ch2,45,4.7159,6536.1885,250806_N2_imb2_set3_10_ch2,-15
250806,N2,imb2,set3,10,ch2,46,4.8231,6530.5713,250806_N2_imb2_set3_10_ch2,-14
250806,N2,imb2,set3,10,ch2,47,4.9303,6540.6997,250806_N2_imb2_set3_10_ch2,-13
250806,N2,imb2,set3,10,ch2,48,5.0375,6560.7261,250806_N2_imb2_set3_10_ch2,-12
250806,N2,imb2,set3,10,ch2,49,5.1446,6592.2407,250806_N2_imb2_set3_10_ch2,-11
250806,N2,imb2,set3,10,ch2,50,5.2518,6606.0991,250806_N2_imb2_set3_10_ch2,-10
250806,N2,imb2,set3,10,ch2,51,5.359,6639.0996,250806_N2_imb2_set3_10_ch2,-9
250806,N2,imb2,set3,10,ch2,52,5.4662,6668.5952,250806_N2_imb2_set3_10_ch2,-8
250806,N2,imb2,set3,10,ch2,53,5.5734,6695.4038,250806_N2_imb2_set3_10_ch2,-7
250806,N2,imb2,set3,10,ch2,54,5.6805,6719.0952,250806_N2_imb2_set3_10_ch2,-6
250806,N2,imb2,set3,10,ch2,55,5.7877,6726.9019,250806_N2_imb2_set3_10_ch2,-5
250806,N2,imb2,set3,10,ch2,56,5.8949,6724.6074,250806_N2_imb2_set3_10_ch2,-4
250806,N2,imb2,set3,10,ch2,57,6.0021,6700.9932,250806_N2_imb2_set3_10_ch2,-3
250806,N2,imb2,set3,10,ch2,58,6.1093,6705.5557,250806_N2_imb2_set3_10_ch2,-2
250806,N2,imb2,set3,10,ch2,59,6.2164,6740.8257,250806_N2_imb2_set3_10_ch2,-1
250806,N2,imb2,set3,10,ch2,60,6.3236,6765.6372,250806_N2_imb2_set3_10_ch2,0
250806,N2,imb2,set3,10,ch2,61,6.4308,6768.1797,250806_N2_imb2_set3_10_ch2,1
250806,N2,imb2,set3,10,ch2,62,6.538,6772.2437,250806_N2_imb2_set3_10_ch2,2
250806,N2,imb2,set3,10,ch2,63,6.6452,6750.8711,250806_N2_imb2_set3_10_ch2,3
250806,N2,imb2,set3,10,ch2,64,6.7523,6721.6914,250806_N2_imb2_set3_10_ch2,4
250806,N2,imb2,set3,10,ch2,65,6.8595,6697.4756,250806_N2_imb2_set3_10_ch2,5
250806,N2,imb2,set3,10,ch2,66,6.9667,6676.0459,250806_N2_imb2_set3_10_ch2,6
250806,N2,imb2,set3,10,ch2,67,7.0739,6642.3818,250806_N2_imb2_set3_10_ch2,7
250806,N2,imb2,set3,10,ch2,68,7.1811,6631.3315,250806_N2_imb2_set3_10_ch2,8
250806,N2,imb2,set3,10,ch2,69,7.2882,6634.8096,250806_N2_imb2_set3_10_ch2,9
250806,N2,imb2,set3,10,ch2,70,7.3954,6646.9019,250806_N2_imb2_set3_10_ch2,10
250806,N2,imb2,set3,10,ch2,71,7.5026,6660.7832,250806_N2_imb2_set3_10_ch2,11
250806,N2,imb2,set3,10,ch2,72,7.6098,6686.8306,250806_N2_imb2_set3_10_ch2,12
250806,N2,imb2,set3,10,ch2,73,7.717,6676.0146,250806_N2_imb2_set3_10_ch2,13
250806,N2,imb2,set3,10,ch2,74,7.8241,6654.2046,250806_N2_imb2_set3_10_ch2,14
250806,N2,imb2,set3,10,ch2,75,7.9313,6628.9155,250806_N2_imb2_set3_10_ch2,15
250806,N2,imb2,set3,10,ch2,76,8.0385,6611.1343,250806_N2_imb2_set3_10_ch2,16
250806,N2,imb2,set3,10,ch2,77,8.1457,6580.6465,250806_N2_imb2_set3_10_ch2,17
250806,N2,imb2,set3,10,ch2,78,8.2529,6544.9292,250806_N2_imb2_set3_10_ch2,18
250806,N2,imb2,set3,10,ch2,79,8.36,6525.3643,250806_N2_imb2_set3_10_ch2,19
250806,N2,imb2,set3,10,ch2,80,8.4672,6470.127,250806_N2_imb2_set3_10_ch2,20
250806,N2,imb2,set3,10,ch2,81,8.5744,6417.5889,250806_N2_imb2_set3_10_ch2,21
250806,N2,imb2,set3,10,ch2,82,8.6816,6359.8589,250806_N2_imb2_set3_10_ch2,22
250806,N2,imb2,set3,10,ch2,83,8.7888,6279.7114,250806_N2_imb2_set3_10_ch2,23
250806,N2,imb2,set3,10,ch2,84,8.8959,6215.6953,250806_N2_imb2_set3_10_ch2,24
250806,N2,imb2,set3,10,ch2,85,9.0031,6163.8257,250806_N2_imb2_set3_10_ch2,25
250806,N2,imb2,set3,10,ch2,86,9.1103,6196.2295,250806_N2_imb2_set3_10_ch2,26
250806,N2,imb2,set3,10,ch2,87,9.2175,6302.4028,250806_N2_imb2_set3_10_ch2,27
250806,N2,imb2,set3,10,ch2,88,9.3247,6374.9546,250806_N2_imb2_set3_10_ch2,28
250806,N2,imb2,set3,10,ch2,89,9.4318,6291.2183000000005,250806_N2_imb2_set3_10_ch2,29
250806,N2,imb2,set3,10,ch2,90,9.539,6171.4932,250806_N2_imb2_set3_10_ch2,30
250806,N2,imb2,set3,10,ch2,91,9.6462,6208.0669,250806_N2_imb2_set3_10_ch2,31
250806,N2,imb2,set3,10,ch2,92,9.7534,6374.0659,250806_N2_imb2_set3_10_ch2,32
250806,N2,imb2,set3,10,ch2,93,9.8606,6401.187,250806_N2_imb2_set3_10_ch2,33
250806,N2,imb2,set3,10,ch2,94,9.9677,6139.7847,250806_N2_imb2_set3_10_ch2,34
250806,N2,imb2,set3,10,ch2,95,10.0749,5841.5615,250806_N2_imb2_set3_10_ch2,35
250806,N2,imb2,set3,10,ch2,96,10.1821,5629.0469,250806_N2_imb2_set3_10_ch2,36
250806,N2,imb2,set3,10,ch2,97,10.2893,5492.1504,250806_N2_imb2_set3_10_ch2,37
250806,N2,imb2,set3,10,ch2,98,10.3965,5399.7002,250806_N2_imb2_set3_10_ch2,38
250806,N2,imb2,set3,10,ch2,99,10.5036,5310.1675,250806_N2_imb2_set3_10_ch2,39
250806,N2,imb2,set3,10,ch2,100,10.6108,5237.7764,250806_N2_imb2_set3_10_ch2,40
250806,N2,imb2,set3,10,ch2,101,10.718,5183.1743,250806_N2_imb2_set3_10_ch2,41
250806,N2,imb2,set3,10,ch2,102,10.8252,5126.4517,250806_N2_imb2_set3_10_ch2,42
250806,N2,imb2,set3,10,ch2,103,10.9324,5087.1963,250806_N2_imb2_set3_10_ch2,43
250806,N2,imb2,set3,10,ch2,104,11.0395,5053.4375,250806_N2_imb2_set3_10_ch2,44
250806,N2,imb2,set3,10,ch2,105,11.1467,5022.7144,250806_N2_imb2_set3_10_ch2,45
250806,N2,imb2,set3,10,ch2,106,11.2539,4987.2861,250806_N2_imb2_set3_10_ch2,46
250806,N2,imb2,set3,10,ch2,107,11.3611,4970.8008,250806_N2_imb2_set3_10_ch2,47
250806,N2,imb2,set3,10,ch2,108,11.4683,4941.4731,250806_N2_imb2_set3_10_ch2,48
250806,N2,imb2,set3,10,ch2,109,11.5754,4897.979,250806_N2_imb2_set3_10_ch2,49
250806,N2,imb2,set3,10,ch2,110,11.6826,4814.626,250806_N2_imb2_set3_10_ch2,50
250806,N2,imb2,set3,10,ch2,111,11.7898,4743.2104,250806_N2_imb2_set3_10_ch2,51
250806,N2,imb2,set3,10,ch2,112,11.897,4691.6343,250806_N2_imb2_set3_10_ch2,52
250806,N2,imb2,set3,10,ch2,113,12.0042,4650.1333,250806_N2_imb2_set3_10_ch2,53
250806,N2,imb2,set3,10,ch2,114,12.1113,4625.0762,250806_N2_imb2_set3_10_ch2,54
250806,N2,imb2,set3,10,ch2,115,12.2185,4594.6646,250806_N2_imb2_set3_10_ch2,55
250806,N2,imb2,set3,10,ch2,116,12.3257,4558.3823,250806_N2_imb2_set3_10_ch2,56
250806,N2,imb2,set3,10,ch2,117,12.4329,4514.9653,250806_N2_imb2_set3_10_ch2,57
250806,N2,imb2,set3,10,ch2,118,12.5401,4483.6396,250806_N2_imb2_set3_10_ch2,58
250806,N2,imb2,set3,10,ch2,119,NA,NA,250806_N2_imb2_set3_10_ch2,59
250807,N2,imb2,set3,03,ch1,1,0,6791.6201,250807_N2_imb2_set3_03_ch1,-59
250807,N2,imb2,set3,03,ch1,2,0.1072,6721.9771,250807_N2_imb2_set3_03_ch1,-58
250807,N2,imb2,set3,03,ch1,3,0.2144,6707.6914,250807_N2_imb2_set3_03_ch1,-57
250807,N2,imb2,set3,03,ch1,4,0.3215,6677.8564,250807_N2_imb2_set3_03_ch1,-56
250807,N2,imb2,set3,03,ch1,5,0.4287,6644.7876,250807_N2_imb2_set3_03_ch1,-55
250807,N2,imb2,set3,03,ch1,6,0.5359,6577.9248,250807_N2_imb2_set3_03_ch1,-54
250807,N2,imb2,set3,03,ch1,7,0.6431,6499.0752,250807_N2_imb2_set3_03_ch1,-53
250807,N2,imb2,set3,03,ch1,8,0.7503,6413.5698,250807_N2_imb2_set3_03_ch1,-52
250807,N2,imb2,set3,03,ch1,9,0.8574,6363.9316,250807_N2_imb2_set3_03_ch1,-51
250807,N2,imb2,set3,03,ch1,10,0.9646,6322.9199,250807_N2_imb2_set3_03_ch1,-50
250807,N2,imb2,set3,03,ch1,11,1.0718,6305.769,250807_N2_imb2_set3_03_ch1,-49
250807,N2,imb2,set3,03,ch1,12,1.179,6308.8286,250807_N2_imb2_set3_03_ch1,-48
250807,N2,imb2,set3,03,ch1,13,1.2862,6290.9585,250807_N2_imb2_set3_03_ch1,-47
250807,N2,imb2,set3,03,ch1,14,1.3933,6281.0615,250807_N2_imb2_set3_03_ch1,-46
250807,N2,imb2,set3,03,ch1,15,1.5005,6292.3193,250807_N2_imb2_set3_03_ch1,-45
250807,N2,imb2,set3,03,ch1,16,1.6077,6292.8496,250807_N2_imb2_set3_03_ch1,-44
250807,N2,imb2,set3,03,ch1,17,1.7149,6311.9136,250807_N2_imb2_set3_03_ch1,-43
250807,N2,imb2,set3,03,ch1,18,1.8221,6322.8354,250807_N2_imb2_set3_03_ch1,-42
250807,N2,imb2,set3,03,ch1,19,1.9292,6332.814,250807_N2_imb2_set3_03_ch1,-41
250807,N2,imb2,set3,03,ch1,20,2.0364,6364.6128,250807_N2_imb2_set3_03_ch1,-40
250807,N2,imb2,set3,03,ch1,21,2.1436,6396.5347,250807_N2_imb2_set3_03_ch1,-39
250807,N2,imb2,set3,03,ch1,22,2.2508,6401.9814,250807_N2_imb2_set3_03_ch1,-38
250807,N2,imb2,set3,03,ch1,23,2.358,6420.8574,250807_N2_imb2_set3_03_ch1,-37
250807,N2,imb2,set3,03,ch1,24,2.4651,6421.373,250807_N2_imb2_set3_03_ch1,-36
250807,N2,imb2,set3,03,ch1,25,2.5723,6417.3369,250807_N2_imb2_set3_03_ch1,-35
250807,N2,imb2,set3,03,ch1,26,2.6795,6423.4912,250807_N2_imb2_set3_03_ch1,-34
250807,N2,imb2,set3,03,ch1,27,2.7867,6420.8008,250807_N2_imb2_set3_03_ch1,-33
250807,N2,imb2,set3,03,ch1,28,2.8939,6438.6895,250807_N2_imb2_set3_03_ch1,-32
250807,N2,imb2,set3,03,ch1,29,3.001,6454.4736,250807_N2_imb2_set3_03_ch1,-31
250807,N2,imb2,set3,03,ch1,30,3.1082,6474.3467,250807_N2_imb2_set3_03_ch1,-30
250807,N2,imb2,set3,03,ch1,31,3.2154,6480.6187,250807_N2_imb2_set3_03_ch1,-29
250807,N2,imb2,set3,03,ch1,32,3.3226,6482.2759,250807_N2_imb2_set3_03_ch1,-28
250807,N2,imb2,set3,03,ch1,33,3.4298,6493.7251,250807_N2_imb2_set3_03_ch1,-27
250807,N2,imb2,set3,03,ch1,34,3.5369,6493.7051,250807_N2_imb2_set3_03_ch1,-26
250807,N2,imb2,set3,03,ch1,35,3.6441,6507.1392,250807_N2_imb2_set3_03_ch1,-25
250807,N2,imb2,set3,03,ch1,36,3.7513,6528.9741,250807_N2_imb2_set3_03_ch1,-24
250807,N2,imb2,set3,03,ch1,37,3.8585,6557.6304,250807_N2_imb2_set3_03_ch1,-23
250807,N2,imb2,set3,03,ch1,38,3.9657,6572.5684,250807_N2_imb2_set3_03_ch1,-22
250807,N2,imb2,set3,03,ch1,39,4.0728,6595.7715,250807_N2_imb2_set3_03_ch1,-21
250807,N2,imb2,set3,03,ch1,40,4.18,6622.2715,250807_N2_imb2_set3_03_ch1,-20
250807,N2,imb2,set3,03,ch1,41,4.2872,6633.4077,250807_N2_imb2_set3_03_ch1,-19
250807,N2,imb2,set3,03,ch1,42,4.3944,6662.8325,250807_N2_imb2_set3_03_ch1,-18
250807,N2,imb2,set3,03,ch1,43,4.5016,6690.1831,250807_N2_imb2_set3_03_ch1,-17
250807,N2,imb2,set3,03,ch1,44,4.6087,6690.8628,250807_N2_imb2_set3_03_ch1,-16
250807,N2,imb2,set3,03,ch1,45,4.7159,6729.0327,250807_N2_imb2_set3_03_ch1,-15
250807,N2,imb2,set3,03,ch1,46,4.8231,6757.2759,250807_N2_imb2_set3_03_ch1,-14
250807,N2,imb2,set3,03,ch1,47,4.9303,6787.9292,250807_N2_imb2_set3_03_ch1,-13
250807,N2,imb2,set3,03,ch1,48,5.0375,6837.2734,250807_N2_imb2_set3_03_ch1,-12
250807,N2,imb2,set3,03,ch1,49,5.1446,6881.7573,250807_N2_imb2_set3_03_ch1,-11
250807,N2,imb2,set3,03,ch1,50,5.2518,6914.46,250807_N2_imb2_set3_03_ch1,-10
250807,N2,imb2,set3,03,ch1,51,5.359,6928.3188,250807_N2_imb2_set3_03_ch1,-9
250807,N2,imb2,set3,03,ch1,52,5.4662,6959.1089,250807_N2_imb2_set3_03_ch1,-8
250807,N2,imb2,set3,03,ch1,53,5.5734,7023.1479,250807_N2_imb2_set3_03_ch1,-7
250807,N2,imb2,set3,03,ch1,54,5.6805,7065.2715,250807_N2_imb2_set3_03_ch1,-6
250807,N2,imb2,set3,03,ch1,55,5.7877,7067.269,250807_N2_imb2_set3_03_ch1,-5
250807,N2,imb2,set3,03,ch1,56,5.8949,7056.4551,250807_N2_imb2_set3_03_ch1,-4
250807,N2,imb2,set3,03,ch1,57,6.0021,7070.9956,250807_N2_imb2_set3_03_ch1,-3
250807,N2,imb2,set3,03,ch1,58,6.1093,7108.689,250807_N2_imb2_set3_03_ch1,-2
250807,N2,imb2,set3,03,ch1,59,6.2164,7127.7998,250807_N2_imb2_set3_03_ch1,-1
250807,N2,imb2,set3,03,ch1,60,6.3236,7075.1045,250807_N2_imb2_set3_03_ch1,0
250807,N2,imb2,set3,03,ch1,61,6.4308,7000.9878,250807_N2_imb2_set3_03_ch1,1
250807,N2,imb2,set3,03,ch1,62,6.538,6898.313,250807_N2_imb2_set3_03_ch1,2
250807,N2,imb2,set3,03,ch1,63,6.6452,6822.1826,250807_N2_imb2_set3_03_ch1,3
250807,N2,imb2,set3,03,ch1,64,6.7523,6751.1758,250807_N2_imb2_set3_03_ch1,4
250807,N2,imb2,set3,03,ch1,65,6.8595,6714.5918,250807_N2_imb2_set3_03_ch1,5
250807,N2,imb2,set3,03,ch1,66,6.9667,6713.8511,250807_N2_imb2_set3_03_ch1,6
250807,N2,imb2,set3,03,ch1,67,7.0739,6700.6084,250807_N2_imb2_set3_03_ch1,7
250807,N2,imb2,set3,03,ch1,68,7.1811,6683.1855,250807_N2_imb2_set3_03_ch1,8
250807,N2,imb2,set3,03,ch1,69,7.2882,6674.3657,250807_N2_imb2_set3_03_ch1,9
250807,N2,imb2,set3,03,ch1,70,7.3954,6664.2183000000005,250807_N2_imb2_set3_03_ch1,10
250807,N2,imb2,set3,03,ch1,71,7.5026,6631.5112,250807_N2_imb2_set3_03_ch1,11
250807,N2,imb2,set3,03,ch1,72,7.6098,6605.9155,250807_N2_imb2_set3_03_ch1,12
250807,N2,imb2,set3,03,ch1,73,7.717,6596.7148,250807_N2_imb2_set3_03_ch1,13
250807,N2,imb2,set3,03,ch1,74,7.8241,6572.999,250807_N2_imb2_set3_03_ch1,14
250807,N2,imb2,set3,03,ch1,75,7.9313,6513.333,250807_N2_imb2_set3_03_ch1,15
250807,N2,imb2,set3,03,ch1,76,8.0385,6441.5132,250807_N2_imb2_set3_03_ch1,16
250807,N2,imb2,set3,03,ch1,77,8.1457,6374.478,250807_N2_imb2_set3_03_ch1,17
250807,N2,imb2,set3,03,ch1,78,8.2529,6277.1968,250807_N2_imb2_set3_03_ch1,18
250807,N2,imb2,set3,03,ch1,79,8.36,6212.1382,250807_N2_imb2_set3_03_ch1,19
250807,N2,imb2,set3,03,ch1,80,8.4672,6158.3384,250807_N2_imb2_set3_03_ch1,20
250807,N2,imb2,set3,03,ch1,81,8.5744,6096.957,250807_N2_imb2_set3_03_ch1,21
250807,N2,imb2,set3,03,ch1,82,8.6816,6054.3896,250807_N2_imb2_set3_03_ch1,22
250807,N2,imb2,set3,03,ch1,83,8.7888,6007.4814,250807_N2_imb2_set3_03_ch1,23
250807,N2,imb2,set3,03,ch1,84,8.8959,5976.5767,250807_N2_imb2_set3_03_ch1,24
250807,N2,imb2,set3,03,ch1,85,9.0031,5979.8311,250807_N2_imb2_set3_03_ch1,25
250807,N2,imb2,set3,03,ch1,86,9.1103,5953.813,250807_N2_imb2_set3_03_ch1,26
250807,N2,imb2,set3,03,ch1,87,9.2175,5908.7949,250807_N2_imb2_set3_03_ch1,27
250807,N2,imb2,set3,03,ch1,88,9.3247,5854.4902,250807_N2_imb2_set3_03_ch1,28
250807,N2,imb2,set3,03,ch1,89,9.4318,5776.2925,250807_N2_imb2_set3_03_ch1,29
250807,N2,imb2,set3,03,ch1,90,9.539,5715.436,250807_N2_imb2_set3_03_ch1,30
250807,N2,imb2,set3,03,ch1,91,9.6462,5632.1011,250807_N2_imb2_set3_03_ch1,31
250807,N2,imb2,set3,03,ch1,92,9.7534,5575.7188,250807_N2_imb2_set3_03_ch1,32
250807,N2,imb2,set3,03,ch1,93,9.8606,5533.3081,250807_N2_imb2_set3_03_ch1,33
250807,N2,imb2,set3,03,ch1,94,9.9677,5494.5229,250807_N2_imb2_set3_03_ch1,34
250807,N2,imb2,set3,03,ch1,95,10.0749,5452.4243,250807_N2_imb2_set3_03_ch1,35
250807,N2,imb2,set3,03,ch1,96,10.1821,5424.5737,250807_N2_imb2_set3_03_ch1,36
250807,N2,imb2,set3,03,ch1,97,10.2893,5396.2866,250807_N2_imb2_set3_03_ch1,37
250807,N2,imb2,set3,03,ch1,98,10.3965,5369.4478,250807_N2_imb2_set3_03_ch1,38
250807,N2,imb2,set3,03,ch1,99,10.5036,5353.3325,250807_N2_imb2_set3_03_ch1,39
250807,N2,imb2,set3,03,ch1,100,10.6108,5324.6191,250807_N2_imb2_set3_03_ch1,40
250807,N2,imb2,set3,03,ch1,101,10.718,5253.2266,250807_N2_imb2_set3_03_ch1,41
250807,N2,imb2,set3,03,ch1,102,10.8252,5187.1357,250807_N2_imb2_set3_03_ch1,42
250807,N2,imb2,set3,03,ch1,103,10.9324,5109.9971,250807_N2_imb2_set3_03_ch1,43
250807,N2,imb2,set3,03,ch1,104,11.0395,5036.7637,250807_N2_imb2_set3_03_ch1,44
250807,N2,imb2,set3,03,ch1,105,11.1467,4962.4917,250807_N2_imb2_set3_03_ch1,45
250807,N2,imb2,set3,03,ch1,106,11.2539,4908.2808000000005,250807_N2_imb2_set3_03_ch1,46
250807,N2,imb2,set3,03,ch1,107,11.3611,4853.8223,250807_N2_imb2_set3_03_ch1,47
250807,N2,imb2,set3,03,ch1,108,11.4683,4800.1592,250807_N2_imb2_set3_03_ch1,48
250807,N2,imb2,set3,03,ch1,109,11.5754,4764.9688,250807_N2_imb2_set3_03_ch1,49
250807,N2,imb2,set3,03,ch1,110,11.6826,4756.1553,250807_N2_imb2_set3_03_ch1,50
250807,N2,imb2,set3,03,ch1,111,11.7898,4778.9814,250807_N2_imb2_set3_03_ch1,51
250807,N2,imb2,set3,03,ch1,112,11.897,4772.0845,250807_N2_imb2_set3_03_ch1,52
250807,N2,imb2,set3,03,ch1,113,12.0042,4737.877,250807_N2_imb2_set3_03_ch1,53
250807,N2,imb2,set3,03,ch1,114,12.1113,4691.5728,250807_N2_imb2_set3_03_ch1,54
250807,N2,imb2,set3,03,ch1,115,12.2185,4661.0693,250807_N2_imb2_set3_03_ch1,55
250807,N2,imb2,set3,03,ch1,116,12.3257,4584.6602,250807_N2_imb2_set3_03_ch1,56
250807,N2,imb2,set3,03,ch1,117,12.4329,4505.5742,250807_N2_imb2_set3_03_ch1,57
250807,N2,imb2,set3,03,ch1,118,12.5401,4413.5264,250807_N2_imb2_set3_03_ch1,58
250807,N2,imb2,set3,03,ch1,119,NA,NA,250807_N2_imb2_set3_03_ch1,59
250807,N2,imb2,set3,03,ch2,1,0,8040.1978,250807_N2_imb2_set3_03_ch2,-59
250807,N2,imb2,set3,03,ch2,2,0.1072,8042.5928,250807_N2_imb2_set3_03_ch2,-58
250807,N2,imb2,set3,03,ch2,3,0.2144,8014.8516,250807_N2_imb2_set3_03_ch2,-57
250807,N2,imb2,set3,03,ch2,4,0.3215,8003.1777,250807_N2_imb2_set3_03_ch2,-56
250807,N2,imb2,set3,03,ch2,5,0.4287,8005.8936,250807_N2_imb2_set3_03_ch2,-55
250807,N2,imb2,set3,03,ch2,6,0.5359,8009.9609,250807_N2_imb2_set3_03_ch2,-54
250807,N2,imb2,set3,03,ch2,7,0.6431,8019.3872,250807_N2_imb2_set3_03_ch2,-53
250807,N2,imb2,set3,03,ch2,8,0.7503,8032.9736,250807_N2_imb2_set3_03_ch2,-52
250807,N2,imb2,set3,03,ch2,9,0.8574,8049.0796,250807_N2_imb2_set3_03_ch2,-51
250807,N2,imb2,set3,03,ch2,10,0.9646,8048.7896,250807_N2_imb2_set3_03_ch2,-50
250807,N2,imb2,set3,03,ch2,11,1.0718,8068.6177,250807_N2_imb2_set3_03_ch2,-49
250807,N2,imb2,set3,03,ch2,12,1.179,8078.9204,250807_N2_imb2_set3_03_ch2,-48
250807,N2,imb2,set3,03,ch2,13,1.2862,8053.3901,250807_N2_imb2_set3_03_ch2,-47
250807,N2,imb2,set3,03,ch2,14,1.3933,8039.1147,250807_N2_imb2_set3_03_ch2,-46
250807,N2,imb2,set3,03,ch2,15,1.5005,8033.2354,250807_N2_imb2_set3_03_ch2,-45
250807,N2,imb2,set3,03,ch2,16,1.6077,8020.168,250807_N2_imb2_set3_03_ch2,-44
250807,N2,imb2,set3,03,ch2,17,1.7149,8018.875,250807_N2_imb2_set3_03_ch2,-43
250807,N2,imb2,set3,03,ch2,18,1.8221,8000.9951,250807_N2_imb2_set3_03_ch2,-42
250807,N2,imb2,set3,03,ch2,19,1.9292,7993.3716,250807_N2_imb2_set3_03_ch2,-41
250807,N2,imb2,set3,03,ch2,20,2.0364,8000.9805,250807_N2_imb2_set3_03_ch2,-40
250807,N2,imb2,set3,03,ch2,21,2.1436,8004.9072,250807_N2_imb2_set3_03_ch2,-39
250807,N2,imb2,set3,03,ch2,22,2.2508,7992.1025,250807_N2_imb2_set3_03_ch2,-38
250807,N2,imb2,set3,03,ch2,23,2.358,7986.7842,250807_N2_imb2_set3_03_ch2,-37
250807,N2,imb2,set3,03,ch2,24,2.4651,7991.5483,250807_N2_imb2_set3_03_ch2,-36
250807,N2,imb2,set3,03,ch2,25,2.5723,8003.2173,250807_N2_imb2_set3_03_ch2,-35
250807,N2,imb2,set3,03,ch2,26,2.6795,8025.6953,250807_N2_imb2_set3_03_ch2,-34
250807,N2,imb2,set3,03,ch2,27,2.7867,8030.7773,250807_N2_imb2_set3_03_ch2,-33
250807,N2,imb2,set3,03,ch2,28,2.8939,8063.5298,250807_N2_imb2_set3_03_ch2,-32
250807,N2,imb2,set3,03,ch2,29,3.001,8083.3442,250807_N2_imb2_set3_03_ch2,-31
250807,N2,imb2,set3,03,ch2,30,3.1082,8103.2656,250807_N2_imb2_set3_03_ch2,-30
250807,N2,imb2,set3,03,ch2,31,3.2154,8107.4761,250807_N2_imb2_set3_03_ch2,-29
250807,N2,imb2,set3,03,ch2,32,3.3226,8131.2212,250807_N2_imb2_set3_03_ch2,-28
250807,N2,imb2,set3,03,ch2,33,3.4298,8156.832,250807_N2_imb2_set3_03_ch2,-27
250807,N2,imb2,set3,03,ch2,34,3.5369,8182.3154,250807_N2_imb2_set3_03_ch2,-26
250807,N2,imb2,set3,03,ch2,35,3.6441,8220.6982,250807_N2_imb2_set3_03_ch2,-25
250807,N2,imb2,set3,03,ch2,36,3.7513,8217.4043,250807_N2_imb2_set3_03_ch2,-24
250807,N2,imb2,set3,03,ch2,37,3.8585,8221.5137,250807_N2_imb2_set3_03_ch2,-23
250807,N2,imb2,set3,03,ch2,38,3.9657,8192.6904,250807_N2_imb2_set3_03_ch2,-22
250807,N2,imb2,set3,03,ch2,39,4.0728,8172.2803,250807_N2_imb2_set3_03_ch2,-21
250807,N2,imb2,set3,03,ch2,40,4.18,8148.0737,250807_N2_imb2_set3_03_ch2,-20
250807,N2,imb2,set3,03,ch2,41,4.2872,8124.52,250807_N2_imb2_set3_03_ch2,-19
250807,N2,imb2,set3,03,ch2,42,4.3944,8116.4487,250807_N2_imb2_set3_03_ch2,-18
250807,N2,imb2,set3,03,ch2,43,4.5016,8099.5537,250807_N2_imb2_set3_03_ch2,-17
250807,N2,imb2,set3,03,ch2,44,4.6087,8089.709,250807_N2_imb2_set3_03_ch2,-16
250807,N2,imb2,set3,03,ch2,45,4.7159,8091.6064,250807_N2_imb2_set3_03_ch2,-15
250807,N2,imb2,set3,03,ch2,46,4.8231,8101.041,250807_N2_imb2_set3_03_ch2,-14
250807,N2,imb2,set3,03,ch2,47,4.9303,8109.8193,250807_N2_imb2_set3_03_ch2,-13
250807,N2,imb2,set3,03,ch2,48,5.0375,8108.8174,250807_N2_imb2_set3_03_ch2,-12
250807,N2,imb2,set3,03,ch2,49,5.1446,8107.6523,250807_N2_imb2_set3_03_ch2,-11
250807,N2,imb2,set3,03,ch2,50,5.2518,8138.751,250807_N2_imb2_set3_03_ch2,-10
250807,N2,imb2,set3,03,ch2,51,5.359,8145.7817,250807_N2_imb2_set3_03_ch2,-9
250807,N2,imb2,set3,03,ch2,52,5.4662,8184.0425,250807_N2_imb2_set3_03_ch2,-8
250807,N2,imb2,set3,03,ch2,53,5.5734,8216.7285,250807_N2_imb2_set3_03_ch2,-7
250807,N2,imb2,set3,03,ch2,54,5.6805,8249.8643,250807_N2_imb2_set3_03_ch2,-6
250807,N2,imb2,set3,03,ch2,55,5.7877,8298.4902,250807_N2_imb2_set3_03_ch2,-5
250807,N2,imb2,set3,03,ch2,56,5.8949,8358.334,250807_N2_imb2_set3_03_ch2,-4
250807,N2,imb2,set3,03,ch2,57,6.0021,8422.4189,250807_N2_imb2_set3_03_ch2,-3
250807,N2,imb2,set3,03,ch2,58,6.1093,8459.4688,250807_N2_imb2_set3_03_ch2,-2
250807,N2,imb2,set3,03,ch2,59,6.2164,8535.3447,250807_N2_imb2_set3_03_ch2,-1
250807,N2,imb2,set3,03,ch2,60,6.3236,8609.2188,250807_N2_imb2_set3_03_ch2,0
250807,N2,imb2,set3,03,ch2,61,6.4308,8725.6562,250807_N2_imb2_set3_03_ch2,1
250807,N2,imb2,set3,03,ch2,62,6.538,8830.208,250807_N2_imb2_set3_03_ch2,2
250807,N2,imb2,set3,03,ch2,63,6.6452,8979.0713,250807_N2_imb2_set3_03_ch2,3
250807,N2,imb2,set3,03,ch2,64,6.7523,9186.0098,250807_N2_imb2_set3_03_ch2,4
250807,N2,imb2,set3,03,ch2,65,6.8595,9449.6201,250807_N2_imb2_set3_03_ch2,5
250807,N2,imb2,set3,03,ch2,66,6.9667,9765.2334,250807_N2_imb2_set3_03_ch2,6
250807,N2,imb2,set3,03,ch2,67,7.0739,9968.5195,250807_N2_imb2_set3_03_ch2,7
250807,N2,imb2,set3,03,ch2,68,7.1811,9870.2793,250807_N2_imb2_set3_03_ch2,8
250807,N2,imb2,set3,03,ch2,69,7.2882,9655.6826,250807_N2_imb2_set3_03_ch2,9
250807,N2,imb2,set3,03,ch2,70,7.3954,9361.1201,250807_N2_imb2_set3_03_ch2,10
250807,N2,imb2,set3,03,ch2,71,7.5026,9068.9854,250807_N2_imb2_set3_03_ch2,11
250807,N2,imb2,set3,03,ch2,72,7.6098,8851.8154,250807_N2_imb2_set3_03_ch2,12
250807,N2,imb2,set3,03,ch2,73,7.717,8762.916,250807_N2_imb2_set3_03_ch2,13
250807,N2,imb2,set3,03,ch2,74,7.8241,8651.8896,250807_N2_imb2_set3_03_ch2,14
250807,N2,imb2,set3,03,ch2,75,7.9313,8550.125,250807_N2_imb2_set3_03_ch2,15
250807,N2,imb2,set3,03,ch2,76,8.0385,8463.4482,250807_N2_imb2_set3_03_ch2,16
250807,N2,imb2,set3,03,ch2,77,8.1457,8391.7676,250807_N2_imb2_set3_03_ch2,17
250807,N2,imb2,set3,03,ch2,78,8.2529,8312.9424,250807_N2_imb2_set3_03_ch2,18
250807,N2,imb2,set3,03,ch2,79,8.36,8260.2188,250807_N2_imb2_set3_03_ch2,19
250807,N2,imb2,set3,03,ch2,80,8.4672,8211.3438,250807_N2_imb2_set3_03_ch2,20
250807,N2,imb2,set3,03,ch2,81,8.5744,8149.9873,250807_N2_imb2_set3_03_ch2,21
250807,N2,imb2,set3,03,ch2,82,8.6816,8120.3857,250807_N2_imb2_set3_03_ch2,22
250807,N2,imb2,set3,03,ch2,83,8.7888,8097.1123,250807_N2_imb2_set3_03_ch2,23
250807,N2,imb2,set3,03,ch2,84,8.8959,8093.4604,250807_N2_imb2_set3_03_ch2,24
250807,N2,imb2,set3,03,ch2,85,9.0031,8072.8921,250807_N2_imb2_set3_03_ch2,25
250807,N2,imb2,set3,03,ch2,86,9.1103,8056.1138,250807_N2_imb2_set3_03_ch2,26
250807,N2,imb2,set3,03,ch2,87,9.2175,8035.7534,250807_N2_imb2_set3_03_ch2,27
250807,N2,imb2,set3,03,ch2,88,9.3247,7994.3115,250807_N2_imb2_set3_03_ch2,28
250807,N2,imb2,set3,03,ch2,89,9.4318,7951.0381,250807_N2_imb2_set3_03_ch2,29
250807,N2,imb2,set3,03,ch2,90,9.539,7916.6167,250807_N2_imb2_set3_03_ch2,30
250807,N2,imb2,set3,03,ch2,91,9.6462,7852.5889,250807_N2_imb2_set3_03_ch2,31
250807,N2,imb2,set3,03,ch2,92,9.7534,7804.8203,250807_N2_imb2_set3_03_ch2,32
250807,N2,imb2,set3,03,ch2,93,9.8606,7809.9077,250807_N2_imb2_set3_03_ch2,33
250807,N2,imb2,set3,03,ch2,94,9.9677,7881.0234,250807_N2_imb2_set3_03_ch2,34
250807,N2,imb2,set3,03,ch2,95,10.0749,7973.0229,250807_N2_imb2_set3_03_ch2,35
250807,N2,imb2,set3,03,ch2,96,10.1821,7981.8413,250807_N2_imb2_set3_03_ch2,36
250807,N2,imb2,set3,03,ch2,97,10.2893,7838.5498,250807_N2_imb2_set3_03_ch2,37
250807,N2,imb2,set3,03,ch2,98,10.3965,7665.9858,250807_N2_imb2_set3_03_ch2,38
250807,N2,imb2,set3,03,ch2,99,10.5036,7459.4404,250807_N2_imb2_set3_03_ch2,39
250807,N2,imb2,set3,03,ch2,100,10.6108,7264.5669,250807_N2_imb2_set3_03_ch2,40
250807,N2,imb2,set3,03,ch2,101,10.718,7127.998,250807_N2_imb2_set3_03_ch2,41
250807,N2,imb2,set3,03,ch2,102,10.8252,7006.9868,250807_N2_imb2_set3_03_ch2,42
250807,N2,imb2,set3,03,ch2,103,10.9324,6915.1978,250807_N2_imb2_set3_03_ch2,43
250807,N2,imb2,set3,03,ch2,104,11.0395,6822.9023,250807_N2_imb2_set3_03_ch2,44
250807,N2,imb2,set3,03,ch2,105,11.1467,6743.5781,250807_N2_imb2_set3_03_ch2,45
250807,N2,imb2,set3,03,ch2,106,11.2539,6680.6284,250807_N2_imb2_set3_03_ch2,46
250807,N2,imb2,set3,03,ch2,107,11.3611,6609.103,250807_N2_imb2_set3_03_ch2,47
250807,N2,imb2,set3,03,ch2,108,11.4683,6562.1064,250807_N2_imb2_set3_03_ch2,48
250807,N2,imb2,set3,03,ch2,109,11.5754,6513.6016,250807_N2_imb2_set3_03_ch2,49
250807,N2,imb2,set3,03,ch2,110,11.6826,6466.3999,250807_N2_imb2_set3_03_ch2,50
250807,N2,imb2,set3,03,ch2,111,11.7898,6429.8135,250807_N2_imb2_set3_03_ch2,51
250807,N2,imb2,set3,03,ch2,112,11.897,6385.8091,250807_N2_imb2_set3_03_ch2,52
250807,N2,imb2,set3,03,ch2,113,12.0042,6337.6216,250807_N2_imb2_set3_03_ch2,53
250807,N2,imb2,set3,03,ch2,114,12.1113,6280.5986,250807_N2_imb2_set3_03_ch2,54
250807,N2,imb2,set3,03,ch2,115,12.2185,6224.8643,250807_N2_imb2_set3_03_ch2,55
250807,N2,imb2,set3,03,ch2,116,12.3257,6179.4512,250807_N2_imb2_set3_03_ch2,56
250807,N2,imb2,set3,03,ch2,117,12.4329,6131.0669,250807_N2_imb2_set3_03_ch2,57
250807,N2,imb2,set3,03,ch2,118,12.5401,6091.2344,250807_N2_imb2_set3_03_ch2,58
250807,N2,imb2,set3,03,ch2,119,NA,NA,250807_N2_imb2_set3_03_ch2,59
250807,N2,imb2,set3,10,ch1,1,0,7829.4229,250807_N2_imb2_set3_10_ch1,-59
250807,N2,imb2,set3,10,ch1,2,0.1072,7855.5781,250807_N2_imb2_set3_10_ch1,-58
250807,N2,imb2,set3,10,ch1,3,0.2144,7885.2212,250807_N2_imb2_set3_10_ch1,-57
250807,N2,imb2,set3,10,ch1,4,0.3215,7871.7622,250807_N2_imb2_set3_10_ch1,-56
250807,N2,imb2,set3,10,ch1,5,0.4287,7850.6782,250807_N2_imb2_set3_10_ch1,-55
250807,N2,imb2,set3,10,ch1,6,0.5359,7837.6172,250807_N2_imb2_set3_10_ch1,-54
250807,N2,imb2,set3,10,ch1,7,0.6431,7835.2104,250807_N2_imb2_set3_10_ch1,-53
250807,N2,imb2,set3,10,ch1,8,0.7503,7847.7666,250807_N2_imb2_set3_10_ch1,-52
250807,N2,imb2,set3,10,ch1,9,0.8574,7886.9365,250807_N2_imb2_set3_10_ch1,-51
250807,N2,imb2,set3,10,ch1,10,0.9646,7912.2749,250807_N2_imb2_set3_10_ch1,-50
250807,N2,imb2,set3,10,ch1,11,1.0718,7971.0513,250807_N2_imb2_set3_10_ch1,-49
250807,N2,imb2,set3,10,ch1,12,1.179,8071.3887,250807_N2_imb2_set3_10_ch1,-48
250807,N2,imb2,set3,10,ch1,13,1.2862,8115.9272,250807_N2_imb2_set3_10_ch1,-47
250807,N2,imb2,set3,10,ch1,14,1.3933,8149.4585,250807_N2_imb2_set3_10_ch1,-46
250807,N2,imb2,set3,10,ch1,15,1.5005,8176.7646,250807_N2_imb2_set3_10_ch1,-45
250807,N2,imb2,set3,10,ch1,16,1.6077,8217.2031,250807_N2_imb2_set3_10_ch1,-44
250807,N2,imb2,set3,10,ch1,17,1.7149,8254.0615,250807_N2_imb2_set3_10_ch1,-43
250807,N2,imb2,set3,10,ch1,18,1.8221,8270.6699,250807_N2_imb2_set3_10_ch1,-42
250807,N2,imb2,set3,10,ch1,19,1.9292,8308.5625,250807_N2_imb2_set3_10_ch1,-41
250807,N2,imb2,set3,10,ch1,20,2.0364,8378.54,250807_N2_imb2_set3_10_ch1,-40
250807,N2,imb2,set3,10,ch1,21,2.1436,8367.6523,250807_N2_imb2_set3_10_ch1,-39
250807,N2,imb2,set3,10,ch1,22,2.2508,8385.4736,250807_N2_imb2_set3_10_ch1,-38
250807,N2,imb2,set3,10,ch1,23,2.358,8418.1504,250807_N2_imb2_set3_10_ch1,-37
250807,N2,imb2,set3,10,ch1,24,2.4651,8426.9209,250807_N2_imb2_set3_10_ch1,-36
250807,N2,imb2,set3,10,ch1,25,2.5723,8385.8545,250807_N2_imb2_set3_10_ch1,-35
250807,N2,imb2,set3,10,ch1,26,2.6795,8361.3154,250807_N2_imb2_set3_10_ch1,-34
250807,N2,imb2,set3,10,ch1,27,2.7867,8337.2285,250807_N2_imb2_set3_10_ch1,-33
250807,N2,imb2,set3,10,ch1,28,2.8939,8295.5303,250807_N2_imb2_set3_10_ch1,-32
250807,N2,imb2,set3,10,ch1,29,3.001,8300.79,250807_N2_imb2_set3_10_ch1,-31
250807,N2,imb2,set3,10,ch1,30,3.1082,8329.8516,250807_N2_imb2_set3_10_ch1,-30
250807,N2,imb2,set3,10,ch1,31,3.2154,8434.3789,250807_N2_imb2_set3_10_ch1,-29
250807,N2,imb2,set3,10,ch1,32,3.3226,8525.6426,250807_N2_imb2_set3_10_ch1,-28
250807,N2,imb2,set3,10,ch1,33,3.4298,8615.2656,250807_N2_imb2_set3_10_ch1,-27
250807,N2,imb2,set3,10,ch1,34,3.5369,8695.1816,250807_N2_imb2_set3_10_ch1,-26
250807,N2,imb2,set3,10,ch1,35,3.6441,8710.7773,250807_N2_imb2_set3_10_ch1,-25
250807,N2,imb2,set3,10,ch1,36,3.7513,8749.9854,250807_N2_imb2_set3_10_ch1,-24
250807,N2,imb2,set3,10,ch1,37,3.8585,8775.8018,250807_N2_imb2_set3_10_ch1,-23
250807,N2,imb2,set3,10,ch1,38,3.9657,8737.4131,250807_N2_imb2_set3_10_ch1,-22
250807,N2,imb2,set3,10,ch1,39,4.0728,8742.5029,250807_N2_imb2_set3_10_ch1,-21
250807,N2,imb2,set3,10,ch1,40,4.18,8792.8564,250807_N2_imb2_set3_10_ch1,-20
250807,N2,imb2,set3,10,ch1,41,4.2872,8814.9951,250807_N2_imb2_set3_10_ch1,-19
250807,N2,imb2,set3,10,ch1,42,4.3944,8825.6699,250807_N2_imb2_set3_10_ch1,-18
250807,N2,imb2,set3,10,ch1,43,4.5016,8855.2168,250807_N2_imb2_set3_10_ch1,-17
250807,N2,imb2,set3,10,ch1,44,4.6087,8830.5938,250807_N2_imb2_set3_10_ch1,-16
250807,N2,imb2,set3,10,ch1,45,4.7159,8795.124,250807_N2_imb2_set3_10_ch1,-15
250807,N2,imb2,set3,10,ch1,46,4.8231,8787.5117,250807_N2_imb2_set3_10_ch1,-14
250807,N2,imb2,set3,10,ch1,47,4.9303,8804.2041,250807_N2_imb2_set3_10_ch1,-13
250807,N2,imb2,set3,10,ch1,48,5.0375,8872.2207,250807_N2_imb2_set3_10_ch1,-12
250807,N2,imb2,set3,10,ch1,49,5.1446,8945.2686,250807_N2_imb2_set3_10_ch1,-11
250807,N2,imb2,set3,10,ch1,50,5.2518,8944.4697,250807_N2_imb2_set3_10_ch1,-10
250807,N2,imb2,set3,10,ch1,51,5.359,8860.5947,250807_N2_imb2_set3_10_ch1,-9
250807,N2,imb2,set3,10,ch1,52,5.4662,8718.8965,250807_N2_imb2_set3_10_ch1,-8
250807,N2,imb2,set3,10,ch1,53,5.5734,8538.4492,250807_N2_imb2_set3_10_ch1,-7
250807,N2,imb2,set3,10,ch1,54,5.6805,8350.4678,250807_N2_imb2_set3_10_ch1,-6
250807,N2,imb2,set3,10,ch1,55,5.7877,8218.7236,250807_N2_imb2_set3_10_ch1,-5
250807,N2,imb2,set3,10,ch1,56,5.8949,8097.7368,250807_N2_imb2_set3_10_ch1,-4
250807,N2,imb2,set3,10,ch1,57,6.0021,8002.4741,250807_N2_imb2_set3_10_ch1,-3
250807,N2,imb2,set3,10,ch1,58,6.1093,7924.9146,250807_N2_imb2_set3_10_ch1,-2
250807,N2,imb2,set3,10,ch1,59,6.2164,7892.7109,250807_N2_imb2_set3_10_ch1,-1
250807,N2,imb2,set3,10,ch1,60,6.3236,7878.1362,250807_N2_imb2_set3_10_ch1,0
250807,N2,imb2,set3,10,ch1,61,6.4308,7861.7695,250807_N2_imb2_set3_10_ch1,1
250807,N2,imb2,set3,10,ch1,62,6.538,7852.9185,250807_N2_imb2_set3_10_ch1,2
250807,N2,imb2,set3,10,ch1,63,6.6452,7789.5371,250807_N2_imb2_set3_10_ch1,3
250807,N2,imb2,set3,10,ch1,64,6.7523,7695.2197,250807_N2_imb2_set3_10_ch1,4
250807,N2,imb2,set3,10,ch1,65,6.8595,7612.3418,250807_N2_imb2_set3_10_ch1,5
250807,N2,imb2,set3,10,ch1,66,6.9667,7519.2158,250807_N2_imb2_set3_10_ch1,6
250807,N2,imb2,set3,10,ch1,67,7.0739,7469.7793,250807_N2_imb2_set3_10_ch1,7
250807,N2,imb2,set3,10,ch1,68,7.1811,7437.1807,250807_N2_imb2_set3_10_ch1,8
250807,N2,imb2,set3,10,ch1,69,7.2882,7420.0571,250807_N2_imb2_set3_10_ch1,9
250807,N2,imb2,set3,10,ch1,70,7.3954,7418.1084,250807_N2_imb2_set3_10_ch1,10
250807,N2,imb2,set3,10,ch1,71,7.5026,7407.9131,250807_N2_imb2_set3_10_ch1,11
250807,N2,imb2,set3,10,ch1,72,7.6098,7412.3501,250807_N2_imb2_set3_10_ch1,12
250807,N2,imb2,set3,10,ch1,73,7.717,7425.9443,250807_N2_imb2_set3_10_ch1,13
250807,N2,imb2,set3,10,ch1,74,7.8241,7455.0645,250807_N2_imb2_set3_10_ch1,14
250807,N2,imb2,set3,10,ch1,75,7.9313,7530.3076,250807_N2_imb2_set3_10_ch1,15
250807,N2,imb2,set3,10,ch1,76,8.0385,7590.978,250807_N2_imb2_set3_10_ch1,16
250807,N2,imb2,set3,10,ch1,77,8.1457,7585.7031,250807_N2_imb2_set3_10_ch1,17
250807,N2,imb2,set3,10,ch1,78,8.2529,7564.4268,250807_N2_imb2_set3_10_ch1,18
250807,N2,imb2,set3,10,ch1,79,8.36,7506.7305,250807_N2_imb2_set3_10_ch1,19
250807,N2,imb2,set3,10,ch1,80,8.4672,7430.4678,250807_N2_imb2_set3_10_ch1,20
250807,N2,imb2,set3,10,ch1,81,8.5744,7373.48,250807_N2_imb2_set3_10_ch1,21
250807,N2,imb2,set3,10,ch1,82,8.6816,7331.7441,250807_N2_imb2_set3_10_ch1,22
250807,N2,imb2,set3,10,ch1,83,8.7888,7301.6353,250807_N2_imb2_set3_10_ch1,23
250807,N2,imb2,set3,10,ch1,84,8.8959,7282.4048,250807_N2_imb2_set3_10_ch1,24
250807,N2,imb2,set3,10,ch1,85,9.0031,7262.5015,250807_N2_imb2_set3_10_ch1,25
250807,N2,imb2,set3,10,ch1,86,9.1103,7249.6465,250807_N2_imb2_set3_10_ch1,26
250807,N2,imb2,set3,10,ch1,87,9.2175,7245.9512,250807_N2_imb2_set3_10_ch1,27
250807,N2,imb2,set3,10,ch1,88,9.3247,7245.7939,250807_N2_imb2_set3_10_ch1,28
250807,N2,imb2,set3,10,ch1,89,9.4318,7249.6929,250807_N2_imb2_set3_10_ch1,29
250807,N2,imb2,set3,10,ch1,90,9.539,7260.2534,250807_N2_imb2_set3_10_ch1,30
250807,N2,imb2,set3,10,ch1,91,9.6462,7269,250807_N2_imb2_set3_10_ch1,31
250807,N2,imb2,set3,10,ch1,92,9.7534,7257.5698,250807_N2_imb2_set3_10_ch1,32
250807,N2,imb2,set3,10,ch1,93,9.8606,7242.938,250807_N2_imb2_set3_10_ch1,33
250807,N2,imb2,set3,10,ch1,94,9.9677,7213.7378,250807_N2_imb2_set3_10_ch1,34
250807,N2,imb2,set3,10,ch1,95,10.0749,7183.1382,250807_N2_imb2_set3_10_ch1,35
250807,N2,imb2,set3,10,ch1,96,10.1821,7167.4072,250807_N2_imb2_set3_10_ch1,36
250807,N2,imb2,set3,10,ch1,97,10.2893,7158.3062,250807_N2_imb2_set3_10_ch1,37
250807,N2,imb2,set3,10,ch1,98,10.3965,7163.7388,250807_N2_imb2_set3_10_ch1,38
250807,N2,imb2,set3,10,ch1,99,10.5036,7165.0869,250807_N2_imb2_set3_10_ch1,39
250807,N2,imb2,set3,10,ch1,100,10.6108,7155.8696,250807_N2_imb2_set3_10_ch1,40
250807,N2,imb2,set3,10,ch1,101,10.718,7163.335,250807_N2_imb2_set3_10_ch1,41
250807,N2,imb2,set3,10,ch1,102,10.8252,7186.5303,250807_N2_imb2_set3_10_ch1,42
250807,N2,imb2,set3,10,ch1,103,10.9324,7205.4863,250807_N2_imb2_set3_10_ch1,43
250807,N2,imb2,set3,10,ch1,104,11.0395,7204.5283,250807_N2_imb2_set3_10_ch1,44
250807,N2,imb2,set3,10,ch1,105,11.1467,7210.6089,250807_N2_imb2_set3_10_ch1,45
250807,N2,imb2,set3,10,ch1,106,11.2539,7182.8887,250807_N2_imb2_set3_10_ch1,46
250807,N2,imb2,set3,10,ch1,107,11.3611,7148.6089,250807_N2_imb2_set3_10_ch1,47
250807,N2,imb2,set3,10,ch1,108,11.4683,7108.2617,250807_N2_imb2_set3_10_ch1,48
250807,N2,imb2,set3,10,ch1,109,11.5754,7062.2441,250807_N2_imb2_set3_10_ch1,49
250807,N2,imb2,set3,10,ch1,110,11.6826,7030.3574,250807_N2_imb2_set3_10_ch1,50
250807,N2,imb2,set3,10,ch1,111,11.7898,6997.2334,250807_N2_imb2_set3_10_ch1,51
250807,N2,imb2,set3,10,ch1,112,11.897,6958.8599,250807_N2_imb2_set3_10_ch1,52
250807,N2,imb2,set3,10,ch1,113,12.0042,6924.4907,250807_N2_imb2_set3_10_ch1,53
250807,N2,imb2,set3,10,ch1,114,12.1113,6900.5283,250807_N2_imb2_set3_10_ch1,54
250807,N2,imb2,set3,10,ch1,115,12.2185,6855.2822,250807_N2_imb2_set3_10_ch1,55
250807,N2,imb2,set3,10,ch1,116,12.3257,6820.4087,250807_N2_imb2_set3_10_ch1,56
250807,N2,imb2,set3,10,ch1,117,12.4329,6787.3701,250807_N2_imb2_set3_10_ch1,57
250807,N2,imb2,set3,10,ch1,118,12.5401,6743.3989,250807_N2_imb2_set3_10_ch1,58
250807,N2,imb2,set3,10,ch1,119,NA,NA,250807_N2_imb2_set3_10_ch1,59
250807,N2,imb2,set3,10,ch2,1,0,7579.0249,250807_N2_imb2_set3_10_ch2,-59
250807,N2,imb2,set3,10,ch2,2,0.1072,7542.9766,250807_N2_imb2_set3_10_ch2,-58
250807,N2,imb2,set3,10,ch2,3,0.2144,7523.6128,250807_N2_imb2_set3_10_ch2,-57
250807,N2,imb2,set3,10,ch2,4,0.3215,7486.5361,250807_N2_imb2_set3_10_ch2,-56
250807,N2,imb2,set3,10,ch2,5,0.4287,7480.6533,250807_N2_imb2_set3_10_ch2,-55
250807,N2,imb2,set3,10,ch2,6,0.5359,7473.3823,250807_N2_imb2_set3_10_ch2,-54
250807,N2,imb2,set3,10,ch2,7,0.6431,7468.8745,250807_N2_imb2_set3_10_ch2,-53
250807,N2,imb2,set3,10,ch2,8,0.7503,7482.2051,250807_N2_imb2_set3_10_ch2,-52
250807,N2,imb2,set3,10,ch2,9,0.8574,7489.2271,250807_N2_imb2_set3_10_ch2,-51
250807,N2,imb2,set3,10,ch2,10,0.9646,7500.2251,250807_N2_imb2_set3_10_ch2,-50
250807,N2,imb2,set3,10,ch2,11,1.0718,7530.27,250807_N2_imb2_set3_10_ch2,-49
250807,N2,imb2,set3,10,ch2,12,1.179,7564.0415,250807_N2_imb2_set3_10_ch2,-48
250807,N2,imb2,set3,10,ch2,13,1.2862,7599.3984,250807_N2_imb2_set3_10_ch2,-47
250807,N2,imb2,set3,10,ch2,14,1.3933,7625.5151,250807_N2_imb2_set3_10_ch2,-46
250807,N2,imb2,set3,10,ch2,15,1.5005,7686.8188,250807_N2_imb2_set3_10_ch2,-45
250807,N2,imb2,set3,10,ch2,16,1.6077,7794.4268,250807_N2_imb2_set3_10_ch2,-44
250807,N2,imb2,set3,10,ch2,17,1.7149,7996.3491,250807_N2_imb2_set3_10_ch2,-43
250807,N2,imb2,set3,10,ch2,18,1.8221,8196.8682,250807_N2_imb2_set3_10_ch2,-42
250807,N2,imb2,set3,10,ch2,19,1.9292,8240.9521,250807_N2_imb2_set3_10_ch2,-41
250807,N2,imb2,set3,10,ch2,20,2.0364,8188.4443,250807_N2_imb2_set3_10_ch2,-40
250807,N2,imb2,set3,10,ch2,21,2.1436,8103.7407,250807_N2_imb2_set3_10_ch2,-39
250807,N2,imb2,set3,10,ch2,22,2.2508,7991.3066,250807_N2_imb2_set3_10_ch2,-38
250807,N2,imb2,set3,10,ch2,23,2.358,7912.7295,250807_N2_imb2_set3_10_ch2,-37
250807,N2,imb2,set3,10,ch2,24,2.4651,7904.7183000000005,250807_N2_imb2_set3_10_ch2,-36
250807,N2,imb2,set3,10,ch2,25,2.5723,7904.7349,250807_N2_imb2_set3_10_ch2,-35
250807,N2,imb2,set3,10,ch2,26,2.6795,7923.1875,250807_N2_imb2_set3_10_ch2,-34
250807,N2,imb2,set3,10,ch2,27,2.7867,7960.3511,250807_N2_imb2_set3_10_ch2,-33
250807,N2,imb2,set3,10,ch2,28,2.8939,8004.4082,250807_N2_imb2_set3_10_ch2,-32
250807,N2,imb2,set3,10,ch2,29,3.001,8061.8071,250807_N2_imb2_set3_10_ch2,-31
250807,N2,imb2,set3,10,ch2,30,3.1082,8098.4819,250807_N2_imb2_set3_10_ch2,-30
250807,N2,imb2,set3,10,ch2,31,3.2154,8189.8682,250807_N2_imb2_set3_10_ch2,-29
250807,N2,imb2,set3,10,ch2,32,3.3226,8264.1299,250807_N2_imb2_set3_10_ch2,-28
250807,N2,imb2,set3,10,ch2,33,3.4298,8370.8115,250807_N2_imb2_set3_10_ch2,-27
250807,N2,imb2,set3,10,ch2,34,3.5369,8604.3896,250807_N2_imb2_set3_10_ch2,-26
250807,N2,imb2,set3,10,ch2,35,3.6441,8981.9668,250807_N2_imb2_set3_10_ch2,-25
250807,N2,imb2,set3,10,ch2,36,3.7513,9469.627,250807_N2_imb2_set3_10_ch2,-24
250807,N2,imb2,set3,10,ch2,37,3.8585,9782.4609,250807_N2_imb2_set3_10_ch2,-23
250807,N2,imb2,set3,10,ch2,38,3.9657,9819.2041,250807_N2_imb2_set3_10_ch2,-22
250807,N2,imb2,set3,10,ch2,39,4.0728,9737.8906,250807_N2_imb2_set3_10_ch2,-21
250807,N2,imb2,set3,10,ch2,40,4.18,9453.7383,250807_N2_imb2_set3_10_ch2,-20
250807,N2,imb2,set3,10,ch2,41,4.2872,9139.543,250807_N2_imb2_set3_10_ch2,-19
250807,N2,imb2,set3,10,ch2,42,4.3944,8990.9248,250807_N2_imb2_set3_10_ch2,-18
250807,N2,imb2,set3,10,ch2,43,4.5016,8941.2686,250807_N2_imb2_set3_10_ch2,-17
250807,N2,imb2,set3,10,ch2,44,4.6087,9050.9951,250807_N2_imb2_set3_10_ch2,-16
250807,N2,imb2,set3,10,ch2,45,4.7159,9093.5332,250807_N2_imb2_set3_10_ch2,-15
250807,N2,imb2,set3,10,ch2,46,4.8231,8942.6768,250807_N2_imb2_set3_10_ch2,-14
250807,N2,imb2,set3,10,ch2,47,4.9303,8824.0205,250807_N2_imb2_set3_10_ch2,-13
250807,N2,imb2,set3,10,ch2,48,5.0375,8695.041,250807_N2_imb2_set3_10_ch2,-12
250807,N2,imb2,set3,10,ch2,49,5.1446,8565.4473,250807_N2_imb2_set3_10_ch2,-11
250807,N2,imb2,set3,10,ch2,50,5.2518,8488.4365,250807_N2_imb2_set3_10_ch2,-10
250807,N2,imb2,set3,10,ch2,51,5.359,8483.7422,250807_N2_imb2_set3_10_ch2,-9
250807,N2,imb2,set3,10,ch2,52,5.4662,8507.168,250807_N2_imb2_set3_10_ch2,-8
250807,N2,imb2,set3,10,ch2,53,5.5734,8624.6494,250807_N2_imb2_set3_10_ch2,-7
250807,N2,imb2,set3,10,ch2,54,5.6805,8795.6211,250807_N2_imb2_set3_10_ch2,-6
250807,N2,imb2,set3,10,ch2,55,5.7877,8817.5195,250807_N2_imb2_set3_10_ch2,-5
250807,N2,imb2,set3,10,ch2,56,5.8949,8704.0225,250807_N2_imb2_set3_10_ch2,-4
250807,N2,imb2,set3,10,ch2,57,6.0021,8594.3975,250807_N2_imb2_set3_10_ch2,-3
250807,N2,imb2,set3,10,ch2,58,6.1093,8439.5088,250807_N2_imb2_set3_10_ch2,-2
250807,N2,imb2,set3,10,ch2,59,6.2164,8357.9971,250807_N2_imb2_set3_10_ch2,-1
250807,N2,imb2,set3,10,ch2,60,6.3236,8332.6973,250807_N2_imb2_set3_10_ch2,0
250807,N2,imb2,set3,10,ch2,61,6.4308,8328.5938,250807_N2_imb2_set3_10_ch2,1
250807,N2,imb2,set3,10,ch2,62,6.538,8352.7842,250807_N2_imb2_set3_10_ch2,2
250807,N2,imb2,set3,10,ch2,63,6.6452,8366.0195,250807_N2_imb2_set3_10_ch2,3
250807,N2,imb2,set3,10,ch2,64,6.7523,8386.0811,250807_N2_imb2_set3_10_ch2,4
250807,N2,imb2,set3,10,ch2,65,6.8595,8433.248,250807_N2_imb2_set3_10_ch2,5
250807,N2,imb2,set3,10,ch2,66,6.9667,8442.5117,250807_N2_imb2_set3_10_ch2,6
250807,N2,imb2,set3,10,ch2,67,7.0739,8418.4814,250807_N2_imb2_set3_10_ch2,7
250807,N2,imb2,set3,10,ch2,68,7.1811,8340.7266,250807_N2_imb2_set3_10_ch2,8
250807,N2,imb2,set3,10,ch2,69,7.2882,8270.8877,250807_N2_imb2_set3_10_ch2,9
250807,N2,imb2,set3,10,ch2,70,7.3954,8194.7314,250807_N2_imb2_set3_10_ch2,10
250807,N2,imb2,set3,10,ch2,71,7.5026,8114.1172,250807_N2_imb2_set3_10_ch2,11
250807,N2,imb2,set3,10,ch2,72,7.6098,8050.6489,250807_N2_imb2_set3_10_ch2,12
250807,N2,imb2,set3,10,ch2,73,7.717,7986.0049,250807_N2_imb2_set3_10_ch2,13
250807,N2,imb2,set3,10,ch2,74,7.8241,7947.8066,250807_N2_imb2_set3_10_ch2,14
250807,N2,imb2,set3,10,ch2,75,7.9313,7910.4976,250807_N2_imb2_set3_10_ch2,15
250807,N2,imb2,set3,10,ch2,76,8.0385,7875.0884,250807_N2_imb2_set3_10_ch2,16
250807,N2,imb2,set3,10,ch2,77,8.1457,7848.6006,250807_N2_imb2_set3_10_ch2,17
250807,N2,imb2,set3,10,ch2,78,8.2529,7859.915,250807_N2_imb2_set3_10_ch2,18
250807,N2,imb2,set3,10,ch2,79,8.36,7866.2749,250807_N2_imb2_set3_10_ch2,19
250807,N2,imb2,set3,10,ch2,80,8.4672,7863.6187,250807_N2_imb2_set3_10_ch2,20
250807,N2,imb2,set3,10,ch2,81,8.5744,7886.585,250807_N2_imb2_set3_10_ch2,21
250807,N2,imb2,set3,10,ch2,82,8.6816,7925.5317,250807_N2_imb2_set3_10_ch2,22
250807,N2,imb2,set3,10,ch2,83,8.7888,7954.0776,250807_N2_imb2_set3_10_ch2,23
250807,N2,imb2,set3,10,ch2,84,8.8959,7943.2925,250807_N2_imb2_set3_10_ch2,24
250807,N2,imb2,set3,10,ch2,85,9.0031,7881.5498,250807_N2_imb2_set3_10_ch2,25
250807,N2,imb2,set3,10,ch2,86,9.1103,7802.2886,250807_N2_imb2_set3_10_ch2,26
250807,N2,imb2,set3,10,ch2,87,9.2175,7722.4258,250807_N2_imb2_set3_10_ch2,27
250807,N2,imb2,set3,10,ch2,88,9.3247,7668.3472,250807_N2_imb2_set3_10_ch2,28
250807,N2,imb2,set3,10,ch2,89,9.4318,7636.5352,250807_N2_imb2_set3_10_ch2,29
250807,N2,imb2,set3,10,ch2,90,9.539,7620.9688,250807_N2_imb2_set3_10_ch2,30
250807,N2,imb2,set3,10,ch2,91,9.6462,7639.1372,250807_N2_imb2_set3_10_ch2,31
250807,N2,imb2,set3,10,ch2,92,9.7534,7646.2563,250807_N2_imb2_set3_10_ch2,32
250807,N2,imb2,set3,10,ch2,93,9.8606,7692.5547,250807_N2_imb2_set3_10_ch2,33
250807,N2,imb2,set3,10,ch2,94,9.9677,7738.2705,250807_N2_imb2_set3_10_ch2,34
250807,N2,imb2,set3,10,ch2,95,10.0749,7776.8174,250807_N2_imb2_set3_10_ch2,35
250807,N2,imb2,set3,10,ch2,96,10.1821,7842.7524,250807_N2_imb2_set3_10_ch2,36
250807,N2,imb2,set3,10,ch2,97,10.2893,7942.3984,250807_N2_imb2_set3_10_ch2,37
250807,N2,imb2,set3,10,ch2,98,10.3965,8092.6401,250807_N2_imb2_set3_10_ch2,38
250807,N2,imb2,set3,10,ch2,99,10.5036,8363.4912,250807_N2_imb2_set3_10_ch2,39
250807,N2,imb2,set3,10,ch2,100,10.6108,8564.5918,250807_N2_imb2_set3_10_ch2,40
250807,N2,imb2,set3,10,ch2,101,10.718,8566.0205,250807_N2_imb2_set3_10_ch2,41
250807,N2,imb2,set3,10,ch2,102,10.8252,8464.0273,250807_N2_imb2_set3_10_ch2,42
250807,N2,imb2,set3,10,ch2,103,10.9324,8365.0908,250807_N2_imb2_set3_10_ch2,43
250807,N2,imb2,set3,10,ch2,104,11.0395,8236.5176,250807_N2_imb2_set3_10_ch2,44
250807,N2,imb2,set3,10,ch2,105,11.1467,8201.6543,250807_N2_imb2_set3_10_ch2,45
250807,N2,imb2,set3,10,ch2,106,11.2539,8182.1353,250807_N2_imb2_set3_10_ch2,46
250807,N2,imb2,set3,10,ch2,107,11.3611,8142.7388,250807_N2_imb2_set3_10_ch2,47
250807,N2,imb2,set3,10,ch2,108,11.4683,8098.8892,250807_N2_imb2_set3_10_ch2,48
250807,N2,imb2,set3,10,ch2,109,11.5754,8055.4146,250807_N2_imb2_set3_10_ch2,49
250807,N2,imb2,set3,10,ch2,110,11.6826,8027.8364,250807_N2_imb2_set3_10_ch2,50
250807,N2,imb2,set3,10,ch2,111,11.7898,8007.8623,250807_N2_imb2_set3_10_ch2,51
250807,N2,imb2,set3,10,ch2,112,11.897,8010.5859,250807_N2_imb2_set3_10_ch2,52
250807,N2,imb2,set3,10,ch2,113,12.0042,8014.6079,250807_N2_imb2_set3_10_ch2,53
250807,N2,imb2,set3,10,ch2,114,12.1113,8058.8296,250807_N2_imb2_set3_10_ch2,54
250807,N2,imb2,set3,10,ch2,115,12.2185,8103.1895,250807_N2_imb2_set3_10_ch2,55
250807,N2,imb2,set3,10,ch2,116,12.3257,8174.4497,250807_N2_imb2_set3_10_ch2,56
250807,N2,imb2,set3,10,ch2,117,12.4329,8215.665,250807_N2_imb2_set3_10_ch2,57
250807,N2,imb2,set3,10,ch2,118,12.5401,8184.8325,250807_N2_imb2_set3_10_ch2,58
250807,N2,imb2,set3,10,ch2,119,NA,NA,250807_N2_imb2_set3_10_ch2,59
260527,N2,imb2,set3,image04,ch1,1,0,4030.8352,260527_N2_imb2_set3_image04_ch1,-59
260527,N2,imb2,set3,image04,ch1,2,0.1072,4028.4321,260527_N2_imb2_set3_image04_ch1,-58
260527,N2,imb2,set3,image04,ch1,3,0.2144,4001.1321,260527_N2_imb2_set3_image04_ch1,-57
260527,N2,imb2,set3,image04,ch1,4,0.3215,3981.0564,260527_N2_imb2_set3_image04_ch1,-56
260527,N2,imb2,set3,image04,ch1,5,0.4287,3960.2368,260527_N2_imb2_set3_image04_ch1,-55
260527,N2,imb2,set3,image04,ch1,6,0.5359,3956.3584,260527_N2_imb2_set3_image04_ch1,-54
260527,N2,imb2,set3,image04,ch1,7,0.6431,3941.374,260527_N2_imb2_set3_image04_ch1,-53
260527,N2,imb2,set3,image04,ch1,8,0.7503,3936.8105,260527_N2_imb2_set3_image04_ch1,-52
260527,N2,imb2,set3,image04,ch1,9,0.8574,3934.2454,260527_N2_imb2_set3_image04_ch1,-51
260527,N2,imb2,set3,image04,ch1,10,0.9646,3933.998,260527_N2_imb2_set3_image04_ch1,-50
260527,N2,imb2,set3,image04,ch1,11,1.0718,3922.8425,260527_N2_imb2_set3_image04_ch1,-49
260527,N2,imb2,set3,image04,ch1,12,1.179,3913.9243,260527_N2_imb2_set3_image04_ch1,-48
260527,N2,imb2,set3,image04,ch1,13,1.2862,3909.7659,260527_N2_imb2_set3_image04_ch1,-47
260527,N2,imb2,set3,image04,ch1,14,1.3933,3917.1858,260527_N2_imb2_set3_image04_ch1,-46
260527,N2,imb2,set3,image04,ch1,15,1.5005,3929.8501,260527_N2_imb2_set3_image04_ch1,-45
260527,N2,imb2,set3,image04,ch1,16,1.6077,3925.7952,260527_N2_imb2_set3_image04_ch1,-44
260527,N2,imb2,set3,image04,ch1,17,1.7149,3933.1953,260527_N2_imb2_set3_image04_ch1,-43
260527,N2,imb2,set3,image04,ch1,18,1.8221,3948.1414,260527_N2_imb2_set3_image04_ch1,-42
260527,N2,imb2,set3,image04,ch1,19,1.9292,3948.3474,260527_N2_imb2_set3_image04_ch1,-41
260527,N2,imb2,set3,image04,ch1,20,2.0364,3949.8945,260527_N2_imb2_set3_image04_ch1,-40
260527,N2,imb2,set3,image04,ch1,21,2.1436,3961.5146,260527_N2_imb2_set3_image04_ch1,-39
260527,N2,imb2,set3,image04,ch1,22,2.2508,3957.8423,260527_N2_imb2_set3_image04_ch1,-38
260527,N2,imb2,set3,image04,ch1,23,2.358,3977.9058,260527_N2_imb2_set3_image04_ch1,-37
260527,N2,imb2,set3,image04,ch1,24,2.4651,3979.6555,260527_N2_imb2_set3_image04_ch1,-36
260527,N2,imb2,set3,image04,ch1,25,2.5723,3994.9011,260527_N2_imb2_set3_image04_ch1,-35
260527,N2,imb2,set3,image04,ch1,26,2.6795,4004.6541,260527_N2_imb2_set3_image04_ch1,-34
260527,N2,imb2,set3,image04,ch1,27,2.7867,4014.189,260527_N2_imb2_set3_image04_ch1,-33
260527,N2,imb2,set3,image04,ch1,28,2.8939,4023.448,260527_N2_imb2_set3_image04_ch1,-32
260527,N2,imb2,set3,image04,ch1,29,3.001,4044.9116,260527_N2_imb2_set3_image04_ch1,-31
260527,N2,imb2,set3,image04,ch1,30,3.1082,4060.5977,260527_N2_imb2_set3_image04_ch1,-30
260527,N2,imb2,set3,image04,ch1,31,3.2154,4078.3516,260527_N2_imb2_set3_image04_ch1,-29
260527,N2,imb2,set3,image04,ch1,32,3.3226,4111.8896,260527_N2_imb2_set3_image04_ch1,-28
260527,N2,imb2,set3,image04,ch1,33,3.4298,4145.5557,260527_N2_imb2_set3_image04_ch1,-27
260527,N2,imb2,set3,image04,ch1,34,3.5369,4201.2544,260527_N2_imb2_set3_image04_ch1,-26
260527,N2,imb2,set3,image04,ch1,35,3.6441,4244.1792,260527_N2_imb2_set3_image04_ch1,-25
260527,N2,imb2,set3,image04,ch1,36,3.7513,4279.3535,260527_N2_imb2_set3_image04_ch1,-24
260527,N2,imb2,set3,image04,ch1,37,3.8585,4299.0303,260527_N2_imb2_set3_image04_ch1,-23
260527,N2,imb2,set3,image04,ch1,38,3.9657,4316.0645,260527_N2_imb2_set3_image04_ch1,-22
260527,N2,imb2,set3,image04,ch1,39,4.0728,4341.6113,260527_N2_imb2_set3_image04_ch1,-21
260527,N2,imb2,set3,image04,ch1,40,4.18,4378.0234,260527_N2_imb2_set3_image04_ch1,-20
260527,N2,imb2,set3,image04,ch1,41,4.2872,4432.1704,260527_N2_imb2_set3_image04_ch1,-19
260527,N2,imb2,set3,image04,ch1,42,4.3944,4483.5376,260527_N2_imb2_set3_image04_ch1,-18
260527,N2,imb2,set3,image04,ch1,43,4.5016,4511.7607,260527_N2_imb2_set3_image04_ch1,-17
260527,N2,imb2,set3,image04,ch1,44,4.6087,4522.8462,260527_N2_imb2_set3_image04_ch1,-16
260527,N2,imb2,set3,image04,ch1,45,4.7159,4527.4771,260527_N2_imb2_set3_image04_ch1,-15
260527,N2,imb2,set3,image04,ch1,46,4.8231,4562.5908,260527_N2_imb2_set3_image04_ch1,-14
260527,N2,imb2,set3,image04,ch1,47,4.9303,4578.3057,260527_N2_imb2_set3_image04_ch1,-13
260527,N2,imb2,set3,image04,ch1,48,5.0375,4579.5249,260527_N2_imb2_set3_image04_ch1,-12
260527,N2,imb2,set3,image04,ch1,49,5.1446,4605.3745,260527_N2_imb2_set3_image04_ch1,-11
260527,N2,imb2,set3,image04,ch1,50,5.2518,4655.6328,260527_N2_imb2_set3_image04_ch1,-10
260527,N2,imb2,set3,image04,ch1,51,5.359,4744.6748,260527_N2_imb2_set3_image04_ch1,-9
260527,N2,imb2,set3,image04,ch1,52,5.4662,4868.1655,260527_N2_imb2_set3_image04_ch1,-8
260527,N2,imb2,set3,image04,ch1,53,5.5734,5005.0303,260527_N2_imb2_set3_image04_ch1,-7
260527,N2,imb2,set3,image04,ch1,54,5.6805,5145.3262,260527_N2_imb2_set3_image04_ch1,-6
260527,N2,imb2,set3,image04,ch1,55,5.7877,5279.8364,260527_N2_imb2_set3_image04_ch1,-5
260527,N2,imb2,set3,image04,ch1,56,5.8949,5379.8213,260527_N2_imb2_set3_image04_ch1,-4
260527,N2,imb2,set3,image04,ch1,57,6.0021,5431.6279,260527_N2_imb2_set3_image04_ch1,-3
260527,N2,imb2,set3,image04,ch1,58,6.1093,5384.1748,260527_N2_imb2_set3_image04_ch1,-2
260527,N2,imb2,set3,image04,ch1,59,6.2164,5232.5791,260527_N2_imb2_set3_image04_ch1,-1
260527,N2,imb2,set3,image04,ch1,60,6.3236,5052.2515,260527_N2_imb2_set3_image04_ch1,0
260527,N2,imb2,set3,image04,ch1,61,6.4308,4897.8403,260527_N2_imb2_set3_image04_ch1,1
260527,N2,imb2,set3,image04,ch1,62,6.538,4770.6431,260527_N2_imb2_set3_image04_ch1,2
260527,N2,imb2,set3,image04,ch1,63,6.6452,4674.355,260527_N2_imb2_set3_image04_ch1,3
260527,N2,imb2,set3,image04,ch1,64,6.7523,4564.9189,260527_N2_imb2_set3_image04_ch1,4
260527,N2,imb2,set3,image04,ch1,65,6.8595,4458.73,260527_N2_imb2_set3_image04_ch1,5
260527,N2,imb2,set3,image04,ch1,66,6.9667,4354.1416,260527_N2_imb2_set3_image04_ch1,6
260527,N2,imb2,set3,image04,ch1,67,7.0739,4273.5361,260527_N2_imb2_set3_image04_ch1,7
260527,N2,imb2,set3,image04,ch1,68,7.1811,4220.1729,260527_N2_imb2_set3_image04_ch1,8
260527,N2,imb2,set3,image04,ch1,69,7.2882,4168.5117,260527_N2_imb2_set3_image04_ch1,9
260527,N2,imb2,set3,image04,ch1,70,7.3954,4110.9727,260527_N2_imb2_set3_image04_ch1,10
260527,N2,imb2,set3,image04,ch1,71,7.5026,4041.4126,260527_N2_imb2_set3_image04_ch1,11
260527,N2,imb2,set3,image04,ch1,72,7.6098,3957.8169,260527_N2_imb2_set3_image04_ch1,12
260527,N2,imb2,set3,image04,ch1,73,7.717,3890.377,260527_N2_imb2_set3_image04_ch1,13
260527,N2,imb2,set3,image04,ch1,74,7.8241,3841.8877,260527_N2_imb2_set3_image04_ch1,14
260527,N2,imb2,set3,image04,ch1,75,7.9313,3817.0947,260527_N2_imb2_set3_image04_ch1,15
260527,N2,imb2,set3,image04,ch1,76,8.0385,3792.313,260527_N2_imb2_set3_image04_ch1,16
260527,N2,imb2,set3,image04,ch1,77,8.1457,3774.2573,260527_N2_imb2_set3_image04_ch1,17
260527,N2,imb2,set3,image04,ch1,78,8.2529,3763.5398,260527_N2_imb2_set3_image04_ch1,18
260527,N2,imb2,set3,image04,ch1,79,8.36,3778.5999,260527_N2_imb2_set3_image04_ch1,19
260527,N2,imb2,set3,image04,ch1,80,8.4672,3782.0479,260527_N2_imb2_set3_image04_ch1,20
260527,N2,imb2,set3,image04,ch1,81,8.5744,3774.5581,260527_N2_imb2_set3_image04_ch1,21
260527,N2,imb2,set3,image04,ch1,82,8.6816,3736.3616,260527_N2_imb2_set3_image04_ch1,22
260527,N2,imb2,set3,image04,ch1,83,8.7888,3687.0132,260527_N2_imb2_set3_image04_ch1,23
260527,N2,imb2,set3,image04,ch1,84,8.8959,3643.2998,260527_N2_imb2_set3_image04_ch1,24
260527,N2,imb2,set3,image04,ch1,85,9.0031,3612.2107,260527_N2_imb2_set3_image04_ch1,25
260527,N2,imb2,set3,image04,ch1,86,9.1103,3585.3933,260527_N2_imb2_set3_image04_ch1,26
260527,N2,imb2,set3,image04,ch1,87,9.2175,3560.009,260527_N2_imb2_set3_image04_ch1,27
260527,N2,imb2,set3,image04,ch1,88,9.3247,3539.49,260527_N2_imb2_set3_image04_ch1,28
260527,N2,imb2,set3,image04,ch1,89,9.4318,3515.6638,260527_N2_imb2_set3_image04_ch1,29
260527,N2,imb2,set3,image04,ch1,90,9.539,3503.9094,260527_N2_imb2_set3_image04_ch1,30
260527,N2,imb2,set3,image04,ch1,91,9.6462,3466.2063,260527_N2_imb2_set3_image04_ch1,31
260527,N2,imb2,set3,image04,ch1,92,9.7534,3421.0251,260527_N2_imb2_set3_image04_ch1,32
260527,N2,imb2,set3,image04,ch1,93,9.8606,3376.9021,260527_N2_imb2_set3_image04_ch1,33
260527,N2,imb2,set3,image04,ch1,94,9.9677,3340.436,260527_N2_imb2_set3_image04_ch1,34
260527,N2,imb2,set3,image04,ch1,95,10.0749,3296.6155,260527_N2_imb2_set3_image04_ch1,35
260527,N2,imb2,set3,image04,ch1,96,10.1821,3232.1514,260527_N2_imb2_set3_image04_ch1,36
260527,N2,imb2,set3,image04,ch1,97,10.2893,3160.8447,260527_N2_imb2_set3_image04_ch1,37
260527,N2,imb2,set3,image04,ch1,98,10.3965,3079.3115,260527_N2_imb2_set3_image04_ch1,38
260527,N2,imb2,set3,image04,ch1,99,10.5036,3004.4265,260527_N2_imb2_set3_image04_ch1,39
260527,N2,imb2,set3,image04,ch1,100,10.6108,2942.8159,260527_N2_imb2_set3_image04_ch1,40
260527,N2,imb2,set3,image04,ch1,101,10.718,2893.9253,260527_N2_imb2_set3_image04_ch1,41
260527,N2,imb2,set3,image04,ch1,102,10.8252,2856.8596,260527_N2_imb2_set3_image04_ch1,42
260527,N2,imb2,set3,image04,ch1,103,10.9324,2819.835,260527_N2_imb2_set3_image04_ch1,43
260527,N2,imb2,set3,image04,ch1,104,11.0395,2785.3611,260527_N2_imb2_set3_image04_ch1,44
260527,N2,imb2,set3,image04,ch1,105,11.1467,2745.9404,260527_N2_imb2_set3_image04_ch1,45
260527,N2,imb2,set3,image04,ch1,106,11.2539,2697.9153,260527_N2_imb2_set3_image04_ch1,46
260527,N2,imb2,set3,image04,ch1,107,11.3611,2653.866,260527_N2_imb2_set3_image04_ch1,47
260527,N2,imb2,set3,image04,ch1,108,11.4683,2610.2012,260527_N2_imb2_set3_image04_ch1,48
260527,N2,imb2,set3,image04,ch1,109,11.5754,2578.6851,260527_N2_imb2_set3_image04_ch1,49
260527,N2,imb2,set3,image04,ch1,110,11.6826,2548.689,260527_N2_imb2_set3_image04_ch1,50
260527,N2,imb2,set3,image04,ch1,111,11.7898,2524.5039,260527_N2_imb2_set3_image04_ch1,51
260527,N2,imb2,set3,image04,ch1,112,11.897,2501.8347,260527_N2_imb2_set3_image04_ch1,52
260527,N2,imb2,set3,image04,ch1,113,12.0042,2477.4001,260527_N2_imb2_set3_image04_ch1,53
260527,N2,imb2,set3,image04,ch1,114,12.1113,2463.7771,260527_N2_imb2_set3_image04_ch1,54
260527,N2,imb2,set3,image04,ch1,115,12.2185,2462.7153,260527_N2_imb2_set3_image04_ch1,55
260527,N2,imb2,set3,image04,ch1,116,12.3257,2479.3608,260527_N2_imb2_set3_image04_ch1,56
260527,N2,imb2,set3,image04,ch1,117,12.4329,2505.2773,260527_N2_imb2_set3_image04_ch1,57
260527,N2,imb2,set3,image04,ch1,118,12.5401,2520.8579,260527_N2_imb2_set3_image04_ch1,58
260527,N2,imb2,set3,image04,ch1,119,NA,NA,260527_N2_imb2_set3_image04_ch1,59
260527,N2,imb2,set3,image04,ch2,1,0,4986.9736,260527_N2_imb2_set3_image04_ch2,-59
260527,N2,imb2,set3,image04,ch2,2,0.1072,5006.5664,260527_N2_imb2_set3_image04_ch2,-58
260527,N2,imb2,set3,image04,ch2,3,0.2144,5023.7114,260527_N2_imb2_set3_image04_ch2,-57
260527,N2,imb2,set3,image04,ch2,4,0.3215,5036.7725,260527_N2_imb2_set3_image04_ch2,-56
260527,N2,imb2,set3,image04,ch2,5,0.4287,5042.4336,260527_N2_imb2_set3_image04_ch2,-55
260527,N2,imb2,set3,image04,ch2,6,0.5359,5028.4502,260527_N2_imb2_set3_image04_ch2,-54
260527,N2,imb2,set3,image04,ch2,7,0.6431,4978.9209,260527_N2_imb2_set3_image04_ch2,-53
260527,N2,imb2,set3,image04,ch2,8,0.7503,4926.6289,260527_N2_imb2_set3_image04_ch2,-52
260527,N2,imb2,set3,image04,ch2,9,0.8574,4887.103,260527_N2_imb2_set3_image04_ch2,-51
260527,N2,imb2,set3,image04,ch2,10,0.9646,4855.4399,260527_N2_imb2_set3_image04_ch2,-50
260527,N2,imb2,set3,image04,ch2,11,1.0718,4827.7852,260527_N2_imb2_set3_image04_ch2,-49
260527,N2,imb2,set3,image04,ch2,12,1.179,4805.6411,260527_N2_imb2_set3_image04_ch2,-48
260527,N2,imb2,set3,image04,ch2,13,1.2862,4776.1655,260527_N2_imb2_set3_image04_ch2,-47
260527,N2,imb2,set3,image04,ch2,14,1.3933,4749.6543,260527_N2_imb2_set3_image04_ch2,-46
260527,N2,imb2,set3,image04,ch2,15,1.5005,4730.7783,260527_N2_imb2_set3_image04_ch2,-45
260527,N2,imb2,set3,image04,ch2,16,1.6077,4702.9429,260527_N2_imb2_set3_image04_ch2,-44
260527,N2,imb2,set3,image04,ch2,17,1.7149,4690.0967,260527_N2_imb2_set3_image04_ch2,-43
260527,N2,imb2,set3,image04,ch2,18,1.8221,4679.4541,260527_N2_imb2_set3_image04_ch2,-42
260527,N2,imb2,set3,image04,ch2,19,1.9292,4661.375,260527_N2_imb2_set3_image04_ch2,-41
260527,N2,imb2,set3,image04,ch2,20,2.0364,4635.0264,260527_N2_imb2_set3_image04_ch2,-40
260527,N2,imb2,set3,image04,ch2,21,2.1436,4635.8765,260527_N2_imb2_set3_image04_ch2,-39
260527,N2,imb2,set3,image04,ch2,22,2.2508,4615.2251,260527_N2_imb2_set3_image04_ch2,-38
260527,N2,imb2,set3,image04,ch2,23,2.358,4601.1685,260527_N2_imb2_set3_image04_ch2,-37
260527,N2,imb2,set3,image04,ch2,24,2.4651,4591.7734,260527_N2_imb2_set3_image04_ch2,-36
260527,N2,imb2,set3,image04,ch2,25,2.5723,4576.5874,260527_N2_imb2_set3_image04_ch2,-35
260527,N2,imb2,set3,image04,ch2,26,2.6795,4552.3911,260527_N2_imb2_set3_image04_ch2,-34
260527,N2,imb2,set3,image04,ch2,27,2.7867,4524.7402,260527_N2_imb2_set3_image04_ch2,-33
260527,N2,imb2,set3,image04,ch2,28,2.8939,4508.2539,260527_N2_imb2_set3_image04_ch2,-32
260527,N2,imb2,set3,image04,ch2,29,3.001,4501.8828,260527_N2_imb2_set3_image04_ch2,-31
260527,N2,imb2,set3,image04,ch2,30,3.1082,4485.8979,260527_N2_imb2_set3_image04_ch2,-30
260527,N2,imb2,set3,image04,ch2,31,3.2154,4469.8096,260527_N2_imb2_set3_image04_ch2,-29
260527,N2,imb2,set3,image04,ch2,32,3.3226,4451.187,260527_N2_imb2_set3_image04_ch2,-28
260527,N2,imb2,set3,image04,ch2,33,3.4298,4437.2471,260527_N2_imb2_set3_image04_ch2,-27
260527,N2,imb2,set3,image04,ch2,34,3.5369,4420.8569,260527_N2_imb2_set3_image04_ch2,-26
260527,N2,imb2,set3,image04,ch2,35,3.6441,4396.7856,260527_N2_imb2_set3_image04_ch2,-25
260527,N2,imb2,set3,image04,ch2,36,3.7513,4383.168,260527_N2_imb2_set3_image04_ch2,-24
260527,N2,imb2,set3,image04,ch2,37,3.8585,4375.3984,260527_N2_imb2_set3_image04_ch2,-23
260527,N2,imb2,set3,image04,ch2,38,3.9657,4369.1924,260527_N2_imb2_set3_image04_ch2,-22
260527,N2,imb2,set3,image04,ch2,39,4.0728,4371.2197,260527_N2_imb2_set3_image04_ch2,-21
260527,N2,imb2,set3,image04,ch2,40,4.18,4366.375,260527_N2_imb2_set3_image04_ch2,-20
260527,N2,imb2,set3,image04,ch2,41,4.2872,4376.6929,260527_N2_imb2_set3_image04_ch2,-19
260527,N2,imb2,set3,image04,ch2,42,4.3944,4379.0703,260527_N2_imb2_set3_image04_ch2,-18
260527,N2,imb2,set3,image04,ch2,43,4.5016,4378.0566,260527_N2_imb2_set3_image04_ch2,-17
260527,N2,imb2,set3,image04,ch2,44,4.6087,4382.1025,260527_N2_imb2_set3_image04_ch2,-16
260527,N2,imb2,set3,image04,ch2,45,4.7159,4390.0532,260527_N2_imb2_set3_image04_ch2,-15
260527,N2,imb2,set3,image04,ch2,46,4.8231,4405.8877,260527_N2_imb2_set3_image04_ch2,-14
260527,N2,imb2,set3,image04,ch2,47,4.9303,4411.1724,260527_N2_imb2_set3_image04_ch2,-13
260527,N2,imb2,set3,image04,ch2,48,5.0375,4418.9312,260527_N2_imb2_set3_image04_ch2,-12
260527,N2,imb2,set3,image04,ch2,49,5.1446,4426.6738,260527_N2_imb2_set3_image04_ch2,-11
260527,N2,imb2,set3,image04,ch2,50,5.2518,4442.0674,260527_N2_imb2_set3_image04_ch2,-10
260527,N2,imb2,set3,image04,ch2,51,5.359,4451.7744,260527_N2_imb2_set3_image04_ch2,-9
260527,N2,imb2,set3,image04,ch2,52,5.4662,4483.4976,260527_N2_imb2_set3_image04_ch2,-8
260527,N2,imb2,set3,image04,ch2,53,5.5734,4531.0317,260527_N2_imb2_set3_image04_ch2,-7
260527,N2,imb2,set3,image04,ch2,54,5.6805,4587.8101,260527_N2_imb2_set3_image04_ch2,-6
260527,N2,imb2,set3,image04,ch2,55,5.7877,4640.7075,260527_N2_imb2_set3_image04_ch2,-5
260527,N2,imb2,set3,image04,ch2,56,5.8949,4657.7095,260527_N2_imb2_set3_image04_ch2,-4
260527,N2,imb2,set3,image04,ch2,57,6.0021,4631.7344,260527_N2_imb2_set3_image04_ch2,-3
260527,N2,imb2,set3,image04,ch2,58,6.1093,4600.0952,260527_N2_imb2_set3_image04_ch2,-2
260527,N2,imb2,set3,image04,ch2,59,6.2164,4550.3413,260527_N2_imb2_set3_image04_ch2,-1
260527,N2,imb2,set3,image04,ch2,60,6.3236,4527.314,260527_N2_imb2_set3_image04_ch2,0
260527,N2,imb2,set3,image04,ch2,61,6.4308,4494.8608,260527_N2_imb2_set3_image04_ch2,1
260527,N2,imb2,set3,image04,ch2,62,6.538,4460.4829,260527_N2_imb2_set3_image04_ch2,2
260527,N2,imb2,set3,image04,ch2,63,6.6452,4427.2402,260527_N2_imb2_set3_image04_ch2,3
260527,N2,imb2,set3,image04,ch2,64,6.7523,4388.4819,260527_N2_imb2_set3_image04_ch2,4
260527,N2,imb2,set3,image04,ch2,65,6.8595,4360.9717,260527_N2_imb2_set3_image04_ch2,5
260527,N2,imb2,set3,image04,ch2,66,6.9667,4335.2852,260527_N2_imb2_set3_image04_ch2,6
260527,N2,imb2,set3,image04,ch2,67,7.0739,4327.1514,260527_N2_imb2_set3_image04_ch2,7
260527,N2,imb2,set3,image04,ch2,68,7.1811,4320.0063,260527_N2_imb2_set3_image04_ch2,8
260527,N2,imb2,set3,image04,ch2,69,7.2882,4320.0718,260527_N2_imb2_set3_image04_ch2,9
260527,N2,imb2,set3,image04,ch2,70,7.3954,4346.0801,260527_N2_imb2_set3_image04_ch2,10
260527,N2,imb2,set3,image04,ch2,71,7.5026,4401.374,260527_N2_imb2_set3_image04_ch2,11
260527,N2,imb2,set3,image04,ch2,72,7.6098,4473.064,260527_N2_imb2_set3_image04_ch2,12
260527,N2,imb2,set3,image04,ch2,73,7.717,4540.5435,260527_N2_imb2_set3_image04_ch2,13
260527,N2,imb2,set3,image04,ch2,74,7.8241,4555.9277,260527_N2_imb2_set3_image04_ch2,14
260527,N2,imb2,set3,image04,ch2,75,7.9313,4501.5796,260527_N2_imb2_set3_image04_ch2,15
260527,N2,imb2,set3,image04,ch2,76,8.0385,4403.5991,260527_N2_imb2_set3_image04_ch2,16
260527,N2,imb2,set3,image04,ch2,77,8.1457,4318.1055,260527_N2_imb2_set3_image04_ch2,17
260527,N2,imb2,set3,image04,ch2,78,8.2529,4284.1362,260527_N2_imb2_set3_image04_ch2,18
260527,N2,imb2,set3,image04,ch2,79,8.36,4292.2026,260527_N2_imb2_set3_image04_ch2,19
260527,N2,imb2,set3,image04,ch2,80,8.4672,4336.8936,260527_N2_imb2_set3_image04_ch2,20
260527,N2,imb2,set3,image04,ch2,81,8.5744,4376.9541,260527_N2_imb2_set3_image04_ch2,21
260527,N2,imb2,set3,image04,ch2,82,8.6816,4353.4805,260527_N2_imb2_set3_image04_ch2,22
260527,N2,imb2,set3,image04,ch2,83,8.7888,4241.7314,260527_N2_imb2_set3_image04_ch2,23
260527,N2,imb2,set3,image04,ch2,84,8.8959,4096.436,260527_N2_imb2_set3_image04_ch2,24
260527,N2,imb2,set3,image04,ch2,85,9.0031,3977.5967,260527_N2_imb2_set3_image04_ch2,25
260527,N2,imb2,set3,image04,ch2,86,9.1103,3896.9082,260527_N2_imb2_set3_image04_ch2,26
260527,N2,imb2,set3,image04,ch2,87,9.2175,3842.5715,260527_N2_imb2_set3_image04_ch2,27
260527,N2,imb2,set3,image04,ch2,88,9.3247,3798.5127,260527_N2_imb2_set3_image04_ch2,28
260527,N2,imb2,set3,image04,ch2,89,9.4318,3754.6399,260527_N2_imb2_set3_image04_ch2,29
260527,N2,imb2,set3,image04,ch2,90,9.539,3721.4678,260527_N2_imb2_set3_image04_ch2,30
260527,N2,imb2,set3,image04,ch2,91,9.6462,3690.1677,260527_N2_imb2_set3_image04_ch2,31
260527,N2,imb2,set3,image04,ch2,92,9.7534,3661.2856,260527_N2_imb2_set3_image04_ch2,32
260527,N2,imb2,set3,image04,ch2,93,9.8606,3638.2979,260527_N2_imb2_set3_image04_ch2,33
260527,N2,imb2,set3,image04,ch2,94,9.9677,3614.0015,260527_N2_imb2_set3_image04_ch2,34
260527,N2,imb2,set3,image04,ch2,95,10.0749,3577.1997,260527_N2_imb2_set3_image04_ch2,35
260527,N2,imb2,set3,image04,ch2,96,10.1821,3540.4817,260527_N2_imb2_set3_image04_ch2,36
260527,N2,imb2,set3,image04,ch2,97,10.2893,3512.2078,260527_N2_imb2_set3_image04_ch2,37
260527,N2,imb2,set3,image04,ch2,98,10.3965,3490.8589,260527_N2_imb2_set3_image04_ch2,38
260527,N2,imb2,set3,image04,ch2,99,10.5036,3464.5012,260527_N2_imb2_set3_image04_ch2,39
260527,N2,imb2,set3,image04,ch2,100,10.6108,3432.9187,260527_N2_imb2_set3_image04_ch2,40
260527,N2,imb2,set3,image04,ch2,101,10.718,3409.5474,260527_N2_imb2_set3_image04_ch2,41
260527,N2,imb2,set3,image04,ch2,102,10.8252,3393.533,260527_N2_imb2_set3_image04_ch2,42
260527,N2,imb2,set3,image04,ch2,103,10.9324,3362.2798,260527_N2_imb2_set3_image04_ch2,43
260527,N2,imb2,set3,image04,ch2,104,11.0395,3335.5457,260527_N2_imb2_set3_image04_ch2,44
260527,N2,imb2,set3,image04,ch2,105,11.1467,3319.6357,260527_N2_imb2_set3_image04_ch2,45
260527,N2,imb2,set3,image04,ch2,106,11.2539,3302.3435,260527_N2_imb2_set3_image04_ch2,46
260527,N2,imb2,set3,image04,ch2,107,11.3611,3287.3738,260527_N2_imb2_set3_image04_ch2,47
260527,N2,imb2,set3,image04,ch2,108,11.4683,3257.3074,260527_N2_imb2_set3_image04_ch2,48
260527,N2,imb2,set3,image04,ch2,109,11.5754,3235.7112,260527_N2_imb2_set3_image04_ch2,49
260527,N2,imb2,set3,image04,ch2,110,11.6826,3223.4094,260527_N2_imb2_set3_image04_ch2,50
260527,N2,imb2,set3,image04,ch2,111,11.7898,3241.2178,260527_N2_imb2_set3_image04_ch2,51
260527,N2,imb2,set3,image04,ch2,112,11.897,3270.801,260527_N2_imb2_set3_image04_ch2,52
260527,N2,imb2,set3,image04,ch2,113,12.0042,3300.9878,260527_N2_imb2_set3_image04_ch2,53
260527,N2,imb2,set3,image04,ch2,114,12.1113,3295.2607,260527_N2_imb2_set3_image04_ch2,54
260527,N2,imb2,set3,image04,ch2,115,12.2185,3260.658,260527_N2_imb2_set3_image04_ch2,55
260527,N2,imb2,set3,image04,ch2,116,12.3257,3194.0635,260527_N2_imb2_set3_image04_ch2,56
260527,N2,imb2,set3,image04,ch2,117,12.4329,3126.0244,260527_N2_imb2_set3_image04_ch2,57
260527,N2,imb2,set3,image04,ch2,118,12.5401,3076.1628,260527_N2_imb2_set3_image04_ch2,58
260527,N2,imb2,set3,image04,ch2,119,NA,NA,260527_N2_imb2_set3_image04_ch2,59
260527,N2,imb2,set3,image06,ch1,1,0,2892.6602,260527_N2_imb2_set3_image06_ch1,-59
260527,N2,imb2,set3,image06,ch1,2,0.1072,2887.0088,260527_N2_imb2_set3_image06_ch1,-58
260527,N2,imb2,set3,image06,ch1,3,0.2144,2883.9451,260527_N2_imb2_set3_image06_ch1,-57
260527,N2,imb2,set3,image06,ch1,4,0.3215,2875.0642,260527_N2_imb2_set3_image06_ch1,-56
260527,N2,imb2,set3,image06,ch1,5,0.4287,2892.219,260527_N2_imb2_set3_image06_ch1,-55
260527,N2,imb2,set3,image06,ch1,6,0.5359,2900.1367,260527_N2_imb2_set3_image06_ch1,-54
260527,N2,imb2,set3,image06,ch1,7,0.6431,2903.0334,260527_N2_imb2_set3_image06_ch1,-53
260527,N2,imb2,set3,image06,ch1,8,0.7503,2910.6838,260527_N2_imb2_set3_image06_ch1,-52
260527,N2,imb2,set3,image06,ch1,9,0.8574,2920.4031,260527_N2_imb2_set3_image06_ch1,-51
260527,N2,imb2,set3,image06,ch1,10,0.9646,2917.5085,260527_N2_imb2_set3_image06_ch1,-50
260527,N2,imb2,set3,image06,ch1,11,1.0718,2911.1445,260527_N2_imb2_set3_image06_ch1,-49
260527,N2,imb2,set3,image06,ch1,12,1.179,2905.3779,260527_N2_imb2_set3_image06_ch1,-48
260527,N2,imb2,set3,image06,ch1,13,1.2862,2916.4253,260527_N2_imb2_set3_image06_ch1,-47
260527,N2,imb2,set3,image06,ch1,14,1.3933,2923.6375,260527_N2_imb2_set3_image06_ch1,-46
260527,N2,imb2,set3,image06,ch1,15,1.5005,2928.2959,260527_N2_imb2_set3_image06_ch1,-45
260527,N2,imb2,set3,image06,ch1,16,1.6077,2933.9272,260527_N2_imb2_set3_image06_ch1,-44
260527,N2,imb2,set3,image06,ch1,17,1.7149,2945.811,260527_N2_imb2_set3_image06_ch1,-43
260527,N2,imb2,set3,image06,ch1,18,1.8221,2958.6484,260527_N2_imb2_set3_image06_ch1,-42
260527,N2,imb2,set3,image06,ch1,19,1.9292,2962.8123,260527_N2_imb2_set3_image06_ch1,-41
260527,N2,imb2,set3,image06,ch1,20,2.0364,2973.5374,260527_N2_imb2_set3_image06_ch1,-40
260527,N2,imb2,set3,image06,ch1,21,2.1436,2988.9924,260527_N2_imb2_set3_image06_ch1,-39
260527,N2,imb2,set3,image06,ch1,22,2.2508,3005.5713,260527_N2_imb2_set3_image06_ch1,-38
260527,N2,imb2,set3,image06,ch1,23,2.358,3020.9624,260527_N2_imb2_set3_image06_ch1,-37
260527,N2,imb2,set3,image06,ch1,24,2.4651,3029.3506,260527_N2_imb2_set3_image06_ch1,-36
260527,N2,imb2,set3,image06,ch1,25,2.5723,3038.291,260527_N2_imb2_set3_image06_ch1,-35
260527,N2,imb2,set3,image06,ch1,26,2.6795,3054.5984,260527_N2_imb2_set3_image06_ch1,-34
260527,N2,imb2,set3,image06,ch1,27,2.7867,3067.6235,260527_N2_imb2_set3_image06_ch1,-33
260527,N2,imb2,set3,image06,ch1,28,2.8939,3087.634,260527_N2_imb2_set3_image06_ch1,-32
260527,N2,imb2,set3,image06,ch1,29,3.001,3106.2549,260527_N2_imb2_set3_image06_ch1,-31
260527,N2,imb2,set3,image06,ch1,30,3.1082,3131.3208,260527_N2_imb2_set3_image06_ch1,-30
260527,N2,imb2,set3,image06,ch1,31,3.2154,3156.354,260527_N2_imb2_set3_image06_ch1,-29
260527,N2,imb2,set3,image06,ch1,32,3.3226,3180.3516,260527_N2_imb2_set3_image06_ch1,-28
260527,N2,imb2,set3,image06,ch1,33,3.4298,3212.9321,260527_N2_imb2_set3_image06_ch1,-27
260527,N2,imb2,set3,image06,ch1,34,3.5369,3226.0737,260527_N2_imb2_set3_image06_ch1,-26
260527,N2,imb2,set3,image06,ch1,35,3.6441,3249.4553,260527_N2_imb2_set3_image06_ch1,-25
260527,N2,imb2,set3,image06,ch1,36,3.7513,3275.2483,260527_N2_imb2_set3_image06_ch1,-24
260527,N2,imb2,set3,image06,ch1,37,3.8585,3300.52,260527_N2_imb2_set3_image06_ch1,-23
260527,N2,imb2,set3,image06,ch1,38,3.9657,3318.5793,260527_N2_imb2_set3_image06_ch1,-22
260527,N2,imb2,set3,image06,ch1,39,4.0728,3344.6787,260527_N2_imb2_set3_image06_ch1,-21
260527,N2,imb2,set3,image06,ch1,40,4.18,3368.9543,260527_N2_imb2_set3_image06_ch1,-20
260527,N2,imb2,set3,image06,ch1,41,4.2872,3402.1321,260527_N2_imb2_set3_image06_ch1,-19
260527,N2,imb2,set3,image06,ch1,42,4.3944,3427.2834,260527_N2_imb2_set3_image06_ch1,-18
260527,N2,imb2,set3,image06,ch1,43,4.5016,3464.446,260527_N2_imb2_set3_image06_ch1,-17
260527,N2,imb2,set3,image06,ch1,44,4.6087,3507.2019,260527_N2_imb2_set3_image06_ch1,-16
260527,N2,imb2,set3,image06,ch1,45,4.7159,3545.5425,260527_N2_imb2_set3_image06_ch1,-15
260527,N2,imb2,set3,image06,ch1,46,4.8231,3580.2393,260527_N2_imb2_set3_image06_ch1,-14
260527,N2,imb2,set3,image06,ch1,47,4.9303,3609.5378,260527_N2_imb2_set3_image06_ch1,-13
260527,N2,imb2,set3,image06,ch1,48,5.0375,3661.4539,260527_N2_imb2_set3_image06_ch1,-12
260527,N2,imb2,set3,image06,ch1,49,5.1446,3700.1177,260527_N2_imb2_set3_image06_ch1,-11
260527,N2,imb2,set3,image06,ch1,50,5.2518,3727.8308,260527_N2_imb2_set3_image06_ch1,-10
260527,N2,imb2,set3,image06,ch1,51,5.359,3755.8047,260527_N2_imb2_set3_image06_ch1,-9
260527,N2,imb2,set3,image06,ch1,52,5.4662,3786.7732,260527_N2_imb2_set3_image06_ch1,-8
260527,N2,imb2,set3,image06,ch1,53,5.5734,3842.6846,260527_N2_imb2_set3_image06_ch1,-7
260527,N2,imb2,set3,image06,ch1,54,5.6805,3898.6763,260527_N2_imb2_set3_image06_ch1,-6
260527,N2,imb2,set3,image06,ch1,55,5.7877,3960.6582,260527_N2_imb2_set3_image06_ch1,-5
260527,N2,imb2,set3,image06,ch1,56,5.8949,4032.501,260527_N2_imb2_set3_image06_ch1,-4
260527,N2,imb2,set3,image06,ch1,57,6.0021,4079.4966,260527_N2_imb2_set3_image06_ch1,-3
260527,N2,imb2,set3,image06,ch1,58,6.1093,4114.981,260527_N2_imb2_set3_image06_ch1,-2
260527,N2,imb2,set3,image06,ch1,59,6.2164,4163.0625,260527_N2_imb2_set3_image06_ch1,-1
260527,N2,imb2,set3,image06,ch1,60,6.3236,4189.6377,260527_N2_imb2_set3_image06_ch1,0
260527,N2,imb2,set3,image06,ch1,61,6.4308,4166.7471,260527_N2_imb2_set3_image06_ch1,1
260527,N2,imb2,set3,image06,ch1,62,6.538,4114.9722,260527_N2_imb2_set3_image06_ch1,2
260527,N2,imb2,set3,image06,ch1,63,6.6452,4051.835,260527_N2_imb2_set3_image06_ch1,3
260527,N2,imb2,set3,image06,ch1,64,6.7523,3999.3901,260527_N2_imb2_set3_image06_ch1,4
260527,N2,imb2,set3,image06,ch1,65,6.8595,3961.8188,260527_N2_imb2_set3_image06_ch1,5
260527,N2,imb2,set3,image06,ch1,66,6.9667,3936.2051,260527_N2_imb2_set3_image06_ch1,6
260527,N2,imb2,set3,image06,ch1,67,7.0739,3905.9731,260527_N2_imb2_set3_image06_ch1,7
260527,N2,imb2,set3,image06,ch1,68,7.1811,3884.9346,260527_N2_imb2_set3_image06_ch1,8
260527,N2,imb2,set3,image06,ch1,69,7.2882,3879.186,260527_N2_imb2_set3_image06_ch1,9
260527,N2,imb2,set3,image06,ch1,70,7.3954,3862.9956,260527_N2_imb2_set3_image06_ch1,10
260527,N2,imb2,set3,image06,ch1,71,7.5026,3836.98,260527_N2_imb2_set3_image06_ch1,11
260527,N2,imb2,set3,image06,ch1,72,7.6098,3796.8472,260527_N2_imb2_set3_image06_ch1,12
260527,N2,imb2,set3,image06,ch1,73,7.717,3759.8101,260527_N2_imb2_set3_image06_ch1,13
260527,N2,imb2,set3,image06,ch1,74,7.8241,3730.0759,260527_N2_imb2_set3_image06_ch1,14
260527,N2,imb2,set3,image06,ch1,75,7.9313,3715.8831,260527_N2_imb2_set3_image06_ch1,15
260527,N2,imb2,set3,image06,ch1,76,8.0385,3696.6599,260527_N2_imb2_set3_image06_ch1,16
260527,N2,imb2,set3,image06,ch1,77,8.1457,3705.6025,260527_N2_imb2_set3_image06_ch1,17
260527,N2,imb2,set3,image06,ch1,78,8.2529,3708.6221,260527_N2_imb2_set3_image06_ch1,18
260527,N2,imb2,set3,image06,ch1,79,8.36,3710.3459,260527_N2_imb2_set3_image06_ch1,19
260527,N2,imb2,set3,image06,ch1,80,8.4672,3711.6309,260527_N2_imb2_set3_image06_ch1,20
260527,N2,imb2,set3,image06,ch1,81,8.5744,3710.2383,260527_N2_imb2_set3_image06_ch1,21
260527,N2,imb2,set3,image06,ch1,82,8.6816,3717.542,260527_N2_imb2_set3_image06_ch1,22
260527,N2,imb2,set3,image06,ch1,83,8.7888,3707.6433,260527_N2_imb2_set3_image06_ch1,23
260527,N2,imb2,set3,image06,ch1,84,8.8959,3697.7073,260527_N2_imb2_set3_image06_ch1,24
260527,N2,imb2,set3,image06,ch1,85,9.0031,3701.3145,260527_N2_imb2_set3_image06_ch1,25
260527,N2,imb2,set3,image06,ch1,86,9.1103,3701.0813,260527_N2_imb2_set3_image06_ch1,26
260527,N2,imb2,set3,image06,ch1,87,9.2175,3714.3333,260527_N2_imb2_set3_image06_ch1,27
260527,N2,imb2,set3,image06,ch1,88,9.3247,3728.4062,260527_N2_imb2_set3_image06_ch1,28
260527,N2,imb2,set3,image06,ch1,89,9.4318,3738.4939,260527_N2_imb2_set3_image06_ch1,29
260527,N2,imb2,set3,image06,ch1,90,9.539,3756.3069,260527_N2_imb2_set3_image06_ch1,30
260527,N2,imb2,set3,image06,ch1,91,9.6462,3780.6851,260527_N2_imb2_set3_image06_ch1,31
260527,N2,imb2,set3,image06,ch1,92,9.7534,3809.9583,260527_N2_imb2_set3_image06_ch1,32
260527,N2,imb2,set3,image06,ch1,93,9.8606,3824.6267,260527_N2_imb2_set3_image06_ch1,33
260527,N2,imb2,set3,image06,ch1,94,9.9677,3824.3989,260527_N2_imb2_set3_image06_ch1,34
260527,N2,imb2,set3,image06,ch1,95,10.0749,3822.825,260527_N2_imb2_set3_image06_ch1,35
260527,N2,imb2,set3,image06,ch1,96,10.1821,3815.6758,260527_N2_imb2_set3_image06_ch1,36
260527,N2,imb2,set3,image06,ch1,97,10.2893,3801.9956,260527_N2_imb2_set3_image06_ch1,37
260527,N2,imb2,set3,image06,ch1,98,10.3965,3807.865,260527_N2_imb2_set3_image06_ch1,38
260527,N2,imb2,set3,image06,ch1,99,10.5036,3819.6326,260527_N2_imb2_set3_image06_ch1,39
260527,N2,imb2,set3,image06,ch1,100,10.6108,3835.2737,260527_N2_imb2_set3_image06_ch1,40
260527,N2,imb2,set3,image06,ch1,101,10.718,3842.198,260527_N2_imb2_set3_image06_ch1,41
260527,N2,imb2,set3,image06,ch1,102,10.8252,3846.7805,260527_N2_imb2_set3_image06_ch1,42
260527,N2,imb2,set3,image06,ch1,103,10.9324,3855.1309,260527_N2_imb2_set3_image06_ch1,43
260527,N2,imb2,set3,image06,ch1,104,11.0395,3846.5042,260527_N2_imb2_set3_image06_ch1,44
260527,N2,imb2,set3,image06,ch1,105,11.1467,3852.7869,260527_N2_imb2_set3_image06_ch1,45
260527,N2,imb2,set3,image06,ch1,106,11.2539,3860.8032,260527_N2_imb2_set3_image06_ch1,46
260527,N2,imb2,set3,image06,ch1,107,11.3611,3875.5007,260527_N2_imb2_set3_image06_ch1,47
260527,N2,imb2,set3,image06,ch1,108,11.4683,3874.6387,260527_N2_imb2_set3_image06_ch1,48
260527,N2,imb2,set3,image06,ch1,109,11.5754,3897.4822,260527_N2_imb2_set3_image06_ch1,49
260527,N2,imb2,set3,image06,ch1,110,11.6826,3930.6506,260527_N2_imb2_set3_image06_ch1,50
260527,N2,imb2,set3,image06,ch1,111,11.7898,3962.1741,260527_N2_imb2_set3_image06_ch1,51
260527,N2,imb2,set3,image06,ch1,112,11.897,3998.1526,260527_N2_imb2_set3_image06_ch1,52
260527,N2,imb2,set3,image06,ch1,113,12.0042,3997.7219,260527_N2_imb2_set3_image06_ch1,53
260527,N2,imb2,set3,image06,ch1,114,12.1113,3983.1912,260527_N2_imb2_set3_image06_ch1,54
260527,N2,imb2,set3,image06,ch1,115,12.2185,3974.0398,260527_N2_imb2_set3_image06_ch1,55
260527,N2,imb2,set3,image06,ch1,116,12.3257,3974.6094,260527_N2_imb2_set3_image06_ch1,56
260527,N2,imb2,set3,image06,ch1,117,12.4329,3988.5012,260527_N2_imb2_set3_image06_ch1,57
260527,N2,imb2,set3,image06,ch1,118,12.5401,4013.761,260527_N2_imb2_set3_image06_ch1,58
260527,N2,imb2,set3,image06,ch1,119,NA,NA,260527_N2_imb2_set3_image06_ch1,59
260527,N2,imb2,set3,image06,ch2,1,0,3607.9983,260527_N2_imb2_set3_image06_ch2,-59
260527,N2,imb2,set3,image06,ch2,2,0.1072,3612.2932,260527_N2_imb2_set3_image06_ch2,-58
260527,N2,imb2,set3,image06,ch2,3,0.2144,3619.3982,260527_N2_imb2_set3_image06_ch2,-57
260527,N2,imb2,set3,image06,ch2,4,0.3215,3621.5508,260527_N2_imb2_set3_image06_ch2,-56
260527,N2,imb2,set3,image06,ch2,5,0.4287,3633.1992,260527_N2_imb2_set3_image06_ch2,-55
260527,N2,imb2,set3,image06,ch2,6,0.5359,3654.9307,260527_N2_imb2_set3_image06_ch2,-54
260527,N2,imb2,set3,image06,ch2,7,0.6431,3656.7751,260527_N2_imb2_set3_image06_ch2,-53
260527,N2,imb2,set3,image06,ch2,8,0.7503,3653.8264,260527_N2_imb2_set3_image06_ch2,-52
260527,N2,imb2,set3,image06,ch2,9,0.8574,3662.9636,260527_N2_imb2_set3_image06_ch2,-51
260527,N2,imb2,set3,image06,ch2,10,0.9646,3674.1321,260527_N2_imb2_set3_image06_ch2,-50
260527,N2,imb2,set3,image06,ch2,11,1.0718,3691.0464,260527_N2_imb2_set3_image06_ch2,-49
260527,N2,imb2,set3,image06,ch2,12,1.179,3706.8325,260527_N2_imb2_set3_image06_ch2,-48
260527,N2,imb2,set3,image06,ch2,13,1.2862,3723.1562,260527_N2_imb2_set3_image06_ch2,-47
260527,N2,imb2,set3,image06,ch2,14,1.3933,3741.1079,260527_N2_imb2_set3_image06_ch2,-46
260527,N2,imb2,set3,image06,ch2,15,1.5005,3755.0281,260527_N2_imb2_set3_image06_ch2,-45
260527,N2,imb2,set3,image06,ch2,16,1.6077,3770.387,260527_N2_imb2_set3_image06_ch2,-44
260527,N2,imb2,set3,image06,ch2,17,1.7149,3782.5569,260527_N2_imb2_set3_image06_ch2,-43
260527,N2,imb2,set3,image06,ch2,18,1.8221,3812.0488,260527_N2_imb2_set3_image06_ch2,-42
260527,N2,imb2,set3,image06,ch2,19,1.9292,3835.8052,260527_N2_imb2_set3_image06_ch2,-41
260527,N2,imb2,set3,image06,ch2,20,2.0364,3857.7717,260527_N2_imb2_set3_image06_ch2,-40
260527,N2,imb2,set3,image06,ch2,21,2.1436,3885.9675,260527_N2_imb2_set3_image06_ch2,-39
260527,N2,imb2,set3,image06,ch2,22,2.2508,3902.7339,260527_N2_imb2_set3_image06_ch2,-38
260527,N2,imb2,set3,image06,ch2,23,2.358,3918.7451,260527_N2_imb2_set3_image06_ch2,-37
260527,N2,imb2,set3,image06,ch2,24,2.4651,3923.0754,260527_N2_imb2_set3_image06_ch2,-36
260527,N2,imb2,set3,image06,ch2,25,2.5723,3948.5088,260527_N2_imb2_set3_image06_ch2,-35
260527,N2,imb2,set3,image06,ch2,26,2.6795,3959.7871,260527_N2_imb2_set3_image06_ch2,-34
260527,N2,imb2,set3,image06,ch2,27,2.7867,3978.6558,260527_N2_imb2_set3_image06_ch2,-33
260527,N2,imb2,set3,image06,ch2,28,2.8939,3995.8491,260527_N2_imb2_set3_image06_ch2,-32
260527,N2,imb2,set3,image06,ch2,29,3.001,4008.0659,260527_N2_imb2_set3_image06_ch2,-31
260527,N2,imb2,set3,image06,ch2,30,3.1082,4032.1946,260527_N2_imb2_set3_image06_ch2,-30
260527,N2,imb2,set3,image06,ch2,31,3.2154,4049.8665,260527_N2_imb2_set3_image06_ch2,-29
260527,N2,imb2,set3,image06,ch2,32,3.3226,4067.1372,260527_N2_imb2_set3_image06_ch2,-28
260527,N2,imb2,set3,image06,ch2,33,3.4298,4082.7346,260527_N2_imb2_set3_image06_ch2,-27
260527,N2,imb2,set3,image06,ch2,34,3.5369,4101.3999,260527_N2_imb2_set3_image06_ch2,-26
260527,N2,imb2,set3,image06,ch2,35,3.6441,4125.3516,260527_N2_imb2_set3_image06_ch2,-25
260527,N2,imb2,set3,image06,ch2,36,3.7513,4151.5122,260527_N2_imb2_set3_image06_ch2,-24
260527,N2,imb2,set3,image06,ch2,37,3.8585,4168.5825,260527_N2_imb2_set3_image06_ch2,-23
260527,N2,imb2,set3,image06,ch2,38,3.9657,4193.7832,260527_N2_imb2_set3_image06_ch2,-22
260527,N2,imb2,set3,image06,ch2,39,4.0728,4218.3774,260527_N2_imb2_set3_image06_ch2,-21
260527,N2,imb2,set3,image06,ch2,40,4.18,4240.334,260527_N2_imb2_set3_image06_ch2,-20
260527,N2,imb2,set3,image06,ch2,41,4.2872,4270.7251,260527_N2_imb2_set3_image06_ch2,-19
260527,N2,imb2,set3,image06,ch2,42,4.3944,4305.6069,260527_N2_imb2_set3_image06_ch2,-18
260527,N2,imb2,set3,image06,ch2,43,4.5016,4348.1606,260527_N2_imb2_set3_image06_ch2,-17
260527,N2,imb2,set3,image06,ch2,44,4.6087,4375.6162,260527_N2_imb2_set3_image06_ch2,-16
260527,N2,imb2,set3,image06,ch2,45,4.7159,4409.0103,260527_N2_imb2_set3_image06_ch2,-15
260527,N2,imb2,set3,image06,ch2,46,4.8231,4431.811,260527_N2_imb2_set3_image06_ch2,-14
260527,N2,imb2,set3,image06,ch2,47,4.9303,4447.4546,260527_N2_imb2_set3_image06_ch2,-13
260527,N2,imb2,set3,image06,ch2,48,5.0375,4477.7969,260527_N2_imb2_set3_image06_ch2,-12
260527,N2,imb2,set3,image06,ch2,49,5.1446,4504.9585,260527_N2_imb2_set3_image06_ch2,-11
260527,N2,imb2,set3,image06,ch2,50,5.2518,4536.7671,260527_N2_imb2_set3_image06_ch2,-10
260527,N2,imb2,set3,image06,ch2,51,5.359,4580.5059,260527_N2_imb2_set3_image06_ch2,-9
260527,N2,imb2,set3,image06,ch2,52,5.4662,4627.3687,260527_N2_imb2_set3_image06_ch2,-8
260527,N2,imb2,set3,image06,ch2,53,5.5734,4692.5322,260527_N2_imb2_set3_image06_ch2,-7
260527,N2,imb2,set3,image06,ch2,54,5.6805,4768.0938,260527_N2_imb2_set3_image06_ch2,-6
260527,N2,imb2,set3,image06,ch2,55,5.7877,4849.1719,260527_N2_imb2_set3_image06_ch2,-5
260527,N2,imb2,set3,image06,ch2,56,5.8949,4899.2964,260527_N2_imb2_set3_image06_ch2,-4
260527,N2,imb2,set3,image06,ch2,57,6.0021,4905.0605,260527_N2_imb2_set3_image06_ch2,-3
260527,N2,imb2,set3,image06,ch2,58,6.1093,4906.7437,260527_N2_imb2_set3_image06_ch2,-2
260527,N2,imb2,set3,image06,ch2,59,6.2164,4953.1904,260527_N2_imb2_set3_image06_ch2,-1
260527,N2,imb2,set3,image06,ch2,60,6.3236,5025.9023,260527_N2_imb2_set3_image06_ch2,0
260527,N2,imb2,set3,image06,ch2,61,6.4308,5102.1499,260527_N2_imb2_set3_image06_ch2,1
260527,N2,imb2,set3,image06,ch2,62,6.538,5129.3652,260527_N2_imb2_set3_image06_ch2,2
260527,N2,imb2,set3,image06,ch2,63,6.6452,5087.7876,260527_N2_imb2_set3_image06_ch2,3
260527,N2,imb2,set3,image06,ch2,64,6.7523,5035.8579,260527_N2_imb2_set3_image06_ch2,4
260527,N2,imb2,set3,image06,ch2,65,6.8595,4998.1235,260527_N2_imb2_set3_image06_ch2,5
260527,N2,imb2,set3,image06,ch2,66,6.9667,4982.085,260527_N2_imb2_set3_image06_ch2,6
260527,N2,imb2,set3,image06,ch2,67,7.0739,4960.1396,260527_N2_imb2_set3_image06_ch2,7
260527,N2,imb2,set3,image06,ch2,68,7.1811,4958.8564,260527_N2_imb2_set3_image06_ch2,8
260527,N2,imb2,set3,image06,ch2,69,7.2882,4978.7607,260527_N2_imb2_set3_image06_ch2,9
260527,N2,imb2,set3,image06,ch2,70,7.3954,4991.9634,260527_N2_imb2_set3_image06_ch2,10
260527,N2,imb2,set3,image06,ch2,71,7.5026,4999.5083,260527_N2_imb2_set3_image06_ch2,11
260527,N2,imb2,set3,image06,ch2,72,7.6098,5014.6904,260527_N2_imb2_set3_image06_ch2,12
260527,N2,imb2,set3,image06,ch2,73,7.717,5026.6187,260527_N2_imb2_set3_image06_ch2,13
260527,N2,imb2,set3,image06,ch2,74,7.8241,5061.7744,260527_N2_imb2_set3_image06_ch2,14
260527,N2,imb2,set3,image06,ch2,75,7.9313,5110.3335,260527_N2_imb2_set3_image06_ch2,15
260527,N2,imb2,set3,image06,ch2,76,8.0385,5150.1958,260527_N2_imb2_set3_image06_ch2,16
260527,N2,imb2,set3,image06,ch2,77,8.1457,5217.478,260527_N2_imb2_set3_image06_ch2,17
260527,N2,imb2,set3,image06,ch2,78,8.2529,5310.4922,260527_N2_imb2_set3_image06_ch2,18
260527,N2,imb2,set3,image06,ch2,79,8.36,5418.5781,260527_N2_imb2_set3_image06_ch2,19
260527,N2,imb2,set3,image06,ch2,80,8.4672,5471.0991,260527_N2_imb2_set3_image06_ch2,20
260527,N2,imb2,set3,image06,ch2,81,8.5744,5397.5977,260527_N2_imb2_set3_image06_ch2,21
260527,N2,imb2,set3,image06,ch2,82,8.6816,5311.9302,260527_N2_imb2_set3_image06_ch2,22
260527,N2,imb2,set3,image06,ch2,83,8.7888,5267.9253,260527_N2_imb2_set3_image06_ch2,23
260527,N2,imb2,set3,image06,ch2,84,8.8959,5259.5552,260527_N2_imb2_set3_image06_ch2,24
260527,N2,imb2,set3,image06,ch2,85,9.0031,5240.0757,260527_N2_imb2_set3_image06_ch2,25
260527,N2,imb2,set3,image06,ch2,86,9.1103,5212.0078,260527_N2_imb2_set3_image06_ch2,26
260527,N2,imb2,set3,image06,ch2,87,9.2175,5189.5225,260527_N2_imb2_set3_image06_ch2,27
260527,N2,imb2,set3,image06,ch2,88,9.3247,5181.6763,260527_N2_imb2_set3_image06_ch2,28
260527,N2,imb2,set3,image06,ch2,89,9.4318,5185.7881,260527_N2_imb2_set3_image06_ch2,29
260527,N2,imb2,set3,image06,ch2,90,9.539,5194.2754,260527_N2_imb2_set3_image06_ch2,30
260527,N2,imb2,set3,image06,ch2,91,9.6462,5184.8081,260527_N2_imb2_set3_image06_ch2,31
260527,N2,imb2,set3,image06,ch2,92,9.7534,5182.6396,260527_N2_imb2_set3_image06_ch2,32
260527,N2,imb2,set3,image06,ch2,93,9.8606,5173.6416,260527_N2_imb2_set3_image06_ch2,33
260527,N2,imb2,set3,image06,ch2,94,9.9677,5171.2231,260527_N2_imb2_set3_image06_ch2,34
260527,N2,imb2,set3,image06,ch2,95,10.0749,5178.8574,260527_N2_imb2_set3_image06_ch2,35
260527,N2,imb2,set3,image06,ch2,96,10.1821,5185.6943,260527_N2_imb2_set3_image06_ch2,36
260527,N2,imb2,set3,image06,ch2,97,10.2893,5192.2861,260527_N2_imb2_set3_image06_ch2,37
260527,N2,imb2,set3,image06,ch2,98,10.3965,5177.0327,260527_N2_imb2_set3_image06_ch2,38
260527,N2,imb2,set3,image06,ch2,99,10.5036,5160.7461,260527_N2_imb2_set3_image06_ch2,39
260527,N2,imb2,set3,image06,ch2,100,10.6108,5158.7715,260527_N2_imb2_set3_image06_ch2,40
260527,N2,imb2,set3,image06,ch2,101,10.718,5155.8667,260527_N2_imb2_set3_image06_ch2,41
260527,N2,imb2,set3,image06,ch2,102,10.8252,5160.665,260527_N2_imb2_set3_image06_ch2,42
260527,N2,imb2,set3,image06,ch2,103,10.9324,5167.9448,260527_N2_imb2_set3_image06_ch2,43
260527,N2,imb2,set3,image06,ch2,104,11.0395,5162.2207,260527_N2_imb2_set3_image06_ch2,44
260527,N2,imb2,set3,image06,ch2,105,11.1467,5166.8359,260527_N2_imb2_set3_image06_ch2,45
260527,N2,imb2,set3,image06,ch2,106,11.2539,5165.6348,260527_N2_imb2_set3_image06_ch2,46
260527,N2,imb2,set3,image06,ch2,107,11.3611,5154.8652,260527_N2_imb2_set3_image06_ch2,47
260527,N2,imb2,set3,image06,ch2,108,11.4683,5142.2505,260527_N2_imb2_set3_image06_ch2,48
260527,N2,imb2,set3,image06,ch2,109,11.5754,5145.2363,260527_N2_imb2_set3_image06_ch2,49
260527,N2,imb2,set3,image06,ch2,110,11.6826,5161.5024,260527_N2_imb2_set3_image06_ch2,50
260527,N2,imb2,set3,image06,ch2,111,11.7898,5185.2427,260527_N2_imb2_set3_image06_ch2,51
260527,N2,imb2,set3,image06,ch2,112,11.897,5198.7539,260527_N2_imb2_set3_image06_ch2,52
260527,N2,imb2,set3,image06,ch2,113,12.0042,5166.0181,260527_N2_imb2_set3_image06_ch2,53
260527,N2,imb2,set3,image06,ch2,114,12.1113,5138.5059,260527_N2_imb2_set3_image06_ch2,54
260527,N2,imb2,set3,image06,ch2,115,12.2185,5138.5654,260527_N2_imb2_set3_image06_ch2,55
260527,N2,imb2,set3,image06,ch2,116,12.3257,5134.5942,260527_N2_imb2_set3_image06_ch2,56
260527,N2,imb2,set3,image06,ch2,117,12.4329,5162.5508,260527_N2_imb2_set3_image06_ch2,57
260527,N2,imb2,set3,image06,ch2,118,12.5401,5213.0195,260527_N2_imb2_set3_image06_ch2,58
260527,N2,imb2,set3,image06,ch2,119,NA,NA,260527_N2_imb2_set3_image06_ch2,59
260527,N2,imb2,set3,image09,ch1,1,0,3446.3887,260527_N2_imb2_set3_image09_ch1,-59
260527,N2,imb2,set3,image09,ch1,2,0.1072,3420.0654,260527_N2_imb2_set3_image09_ch1,-58
260527,N2,imb2,set3,image09,ch1,3,0.2144,3401.8042,260527_N2_imb2_set3_image09_ch1,-57
260527,N2,imb2,set3,image09,ch1,4,0.3215,3389.5105,260527_N2_imb2_set3_image09_ch1,-56
260527,N2,imb2,set3,image09,ch1,5,0.4287,3375.5671,260527_N2_imb2_set3_image09_ch1,-55
260527,N2,imb2,set3,image09,ch1,6,0.5359,3366.4138,260527_N2_imb2_set3_image09_ch1,-54
260527,N2,imb2,set3,image09,ch1,7,0.6431,3352.2476,260527_N2_imb2_set3_image09_ch1,-53
260527,N2,imb2,set3,image09,ch1,8,0.7503,3344.9097,260527_N2_imb2_set3_image09_ch1,-52
260527,N2,imb2,set3,image09,ch1,9,0.8574,3345.7168,260527_N2_imb2_set3_image09_ch1,-51
260527,N2,imb2,set3,image09,ch1,10,0.9646,3340.9836,260527_N2_imb2_set3_image09_ch1,-50
260527,N2,imb2,set3,image09,ch1,11,1.0718,3343.1396,260527_N2_imb2_set3_image09_ch1,-49
260527,N2,imb2,set3,image09,ch1,12,1.179,3355.1296,260527_N2_imb2_set3_image09_ch1,-48
260527,N2,imb2,set3,image09,ch1,13,1.2862,3351.1807,260527_N2_imb2_set3_image09_ch1,-47
260527,N2,imb2,set3,image09,ch1,14,1.3933,3358.2668,260527_N2_imb2_set3_image09_ch1,-46
260527,N2,imb2,set3,image09,ch1,15,1.5005,3367.0325,260527_N2_imb2_set3_image09_ch1,-45
260527,N2,imb2,set3,image09,ch1,16,1.6077,3370.1296,260527_N2_imb2_set3_image09_ch1,-44
260527,N2,imb2,set3,image09,ch1,17,1.7149,3378.3762,260527_N2_imb2_set3_image09_ch1,-43
260527,N2,imb2,set3,image09,ch1,18,1.8221,3388.2512,260527_N2_imb2_set3_image09_ch1,-42
260527,N2,imb2,set3,image09,ch1,19,1.9292,3396.0117,260527_N2_imb2_set3_image09_ch1,-41
260527,N2,imb2,set3,image09,ch1,20,2.0364,3419.1394,260527_N2_imb2_set3_image09_ch1,-40
260527,N2,imb2,set3,image09,ch1,21,2.1436,3437.0823,260527_N2_imb2_set3_image09_ch1,-39
260527,N2,imb2,set3,image09,ch1,22,2.2508,3452.8806,260527_N2_imb2_set3_image09_ch1,-38
260527,N2,imb2,set3,image09,ch1,23,2.358,3478.137,260527_N2_imb2_set3_image09_ch1,-37
260527,N2,imb2,set3,image09,ch1,24,2.4651,3498.2537,260527_N2_imb2_set3_image09_ch1,-36
260527,N2,imb2,set3,image09,ch1,25,2.5723,3524.3757,260527_N2_imb2_set3_image09_ch1,-35
260527,N2,imb2,set3,image09,ch1,26,2.6795,3540.7263,260527_N2_imb2_set3_image09_ch1,-34
260527,N2,imb2,set3,image09,ch1,27,2.7867,3543.231,260527_N2_imb2_set3_image09_ch1,-33
260527,N2,imb2,set3,image09,ch1,28,2.8939,3527.7966,260527_N2_imb2_set3_image09_ch1,-32
260527,N2,imb2,set3,image09,ch1,29,3.001,3536.9758,260527_N2_imb2_set3_image09_ch1,-31
260527,N2,imb2,set3,image09,ch1,30,3.1082,3558,260527_N2_imb2_set3_image09_ch1,-30
260527,N2,imb2,set3,image09,ch1,31,3.2154,3599.5576,260527_N2_imb2_set3_image09_ch1,-29
260527,N2,imb2,set3,image09,ch1,32,3.3226,3657.3779,260527_N2_imb2_set3_image09_ch1,-28
260527,N2,imb2,set3,image09,ch1,33,3.4298,3694.687,260527_N2_imb2_set3_image09_ch1,-27
260527,N2,imb2,set3,image09,ch1,34,3.5369,3723.0808,260527_N2_imb2_set3_image09_ch1,-26
260527,N2,imb2,set3,image09,ch1,35,3.6441,3730.9648,260527_N2_imb2_set3_image09_ch1,-25
260527,N2,imb2,set3,image09,ch1,36,3.7513,3714.4414,260527_N2_imb2_set3_image09_ch1,-24
260527,N2,imb2,set3,image09,ch1,37,3.8585,3691.0691,260527_N2_imb2_set3_image09_ch1,-23
260527,N2,imb2,set3,image09,ch1,38,3.9657,3683.8228,260527_N2_imb2_set3_image09_ch1,-22
260527,N2,imb2,set3,image09,ch1,39,4.0728,3664.2905,260527_N2_imb2_set3_image09_ch1,-21
260527,N2,imb2,set3,image09,ch1,40,4.18,3646.1895,260527_N2_imb2_set3_image09_ch1,-20
260527,N2,imb2,set3,image09,ch1,41,4.2872,3651.0542,260527_N2_imb2_set3_image09_ch1,-19
260527,N2,imb2,set3,image09,ch1,42,4.3944,3657.5803,260527_N2_imb2_set3_image09_ch1,-18
260527,N2,imb2,set3,image09,ch1,43,4.5016,3661.1799,260527_N2_imb2_set3_image09_ch1,-17
260527,N2,imb2,set3,image09,ch1,44,4.6087,3661.3384,260527_N2_imb2_set3_image09_ch1,-16
260527,N2,imb2,set3,image09,ch1,45,4.7159,3649.6775,260527_N2_imb2_set3_image09_ch1,-15
260527,N2,imb2,set3,image09,ch1,46,4.8231,3642.3867,260527_N2_imb2_set3_image09_ch1,-14
260527,N2,imb2,set3,image09,ch1,47,4.9303,3656.2505,260527_N2_imb2_set3_image09_ch1,-13
260527,N2,imb2,set3,image09,ch1,48,5.0375,3679.6414,260527_N2_imb2_set3_image09_ch1,-12
260527,N2,imb2,set3,image09,ch1,49,5.1446,3721.6365,260527_N2_imb2_set3_image09_ch1,-11
260527,N2,imb2,set3,image09,ch1,50,5.2518,3764.9102,260527_N2_imb2_set3_image09_ch1,-10
260527,N2,imb2,set3,image09,ch1,51,5.359,3789.9133,260527_N2_imb2_set3_image09_ch1,-9
260527,N2,imb2,set3,image09,ch1,52,5.4662,3801.6572,260527_N2_imb2_set3_image09_ch1,-8
260527,N2,imb2,set3,image09,ch1,53,5.5734,3794.1733,260527_N2_imb2_set3_image09_ch1,-7
260527,N2,imb2,set3,image09,ch1,54,5.6805,3765.0742,260527_N2_imb2_set3_image09_ch1,-6
260527,N2,imb2,set3,image09,ch1,55,5.7877,3732.7458,260527_N2_imb2_set3_image09_ch1,-5
260527,N2,imb2,set3,image09,ch1,56,5.8949,3706.7961,260527_N2_imb2_set3_image09_ch1,-4
260527,N2,imb2,set3,image09,ch1,57,6.0021,3703.5466,260527_N2_imb2_set3_image09_ch1,-3
260527,N2,imb2,set3,image09,ch1,58,6.1093,3726.4678,260527_N2_imb2_set3_image09_ch1,-2
260527,N2,imb2,set3,image09,ch1,59,6.2164,3795.0481,260527_N2_imb2_set3_image09_ch1,-1
260527,N2,imb2,set3,image09,ch1,60,6.3236,3875.6226,260527_N2_imb2_set3_image09_ch1,0
260527,N2,imb2,set3,image09,ch1,61,6.4308,3947.5498,260527_N2_imb2_set3_image09_ch1,1
260527,N2,imb2,set3,image09,ch1,62,6.538,3986.7097,260527_N2_imb2_set3_image09_ch1,2
260527,N2,imb2,set3,image09,ch1,63,6.6452,3973.6572,260527_N2_imb2_set3_image09_ch1,3
260527,N2,imb2,set3,image09,ch1,64,6.7523,3889.9255,260527_N2_imb2_set3_image09_ch1,4
260527,N2,imb2,set3,image09,ch1,65,6.8595,3799.781,260527_N2_imb2_set3_image09_ch1,5
260527,N2,imb2,set3,image09,ch1,66,6.9667,3734.2683,260527_N2_imb2_set3_image09_ch1,6
260527,N2,imb2,set3,image09,ch1,67,7.0739,3688.3787,260527_N2_imb2_set3_image09_ch1,7
260527,N2,imb2,set3,image09,ch1,68,7.1811,3653.3555,260527_N2_imb2_set3_image09_ch1,8
260527,N2,imb2,set3,image09,ch1,69,7.2882,3616.1685,260527_N2_imb2_set3_image09_ch1,9
260527,N2,imb2,set3,image09,ch1,70,7.3954,3568.5486,260527_N2_imb2_set3_image09_ch1,10
260527,N2,imb2,set3,image09,ch1,71,7.5026,3522.1414,260527_N2_imb2_set3_image09_ch1,11
260527,N2,imb2,set3,image09,ch1,72,7.6098,3476.6946,260527_N2_imb2_set3_image09_ch1,12
260527,N2,imb2,set3,image09,ch1,73,7.717,3433.4058,260527_N2_imb2_set3_image09_ch1,13
260527,N2,imb2,set3,image09,ch1,74,7.8241,3415.1211,260527_N2_imb2_set3_image09_ch1,14
260527,N2,imb2,set3,image09,ch1,75,7.9313,3384.7471,260527_N2_imb2_set3_image09_ch1,15
260527,N2,imb2,set3,image09,ch1,76,8.0385,3369.3359,260527_N2_imb2_set3_image09_ch1,16
260527,N2,imb2,set3,image09,ch1,77,8.1457,3353.7761,260527_N2_imb2_set3_image09_ch1,17
260527,N2,imb2,set3,image09,ch1,78,8.2529,3336.7581,260527_N2_imb2_set3_image09_ch1,18
260527,N2,imb2,set3,image09,ch1,79,8.36,3320.2886,260527_N2_imb2_set3_image09_ch1,19
260527,N2,imb2,set3,image09,ch1,80,8.4672,3311.4705,260527_N2_imb2_set3_image09_ch1,20
260527,N2,imb2,set3,image09,ch1,81,8.5744,3303.0676,260527_N2_imb2_set3_image09_ch1,21
260527,N2,imb2,set3,image09,ch1,82,8.6816,3304.8718,260527_N2_imb2_set3_image09_ch1,22
260527,N2,imb2,set3,image09,ch1,83,8.7888,3309.1687,260527_N2_imb2_set3_image09_ch1,23
260527,N2,imb2,set3,image09,ch1,84,8.8959,3316.2661,260527_N2_imb2_set3_image09_ch1,24
260527,N2,imb2,set3,image09,ch1,85,9.0031,3337.2041,260527_N2_imb2_set3_image09_ch1,25
260527,N2,imb2,set3,image09,ch1,86,9.1103,3375.167,260527_N2_imb2_set3_image09_ch1,26
260527,N2,imb2,set3,image09,ch1,87,9.2175,3407.2554,260527_N2_imb2_set3_image09_ch1,27
260527,N2,imb2,set3,image09,ch1,88,9.3247,3421.5671,260527_N2_imb2_set3_image09_ch1,28
260527,N2,imb2,set3,image09,ch1,89,9.4318,3409.0825,260527_N2_imb2_set3_image09_ch1,29
260527,N2,imb2,set3,image09,ch1,90,9.539,3370.3655,260527_N2_imb2_set3_image09_ch1,30
260527,N2,imb2,set3,image09,ch1,91,9.6462,3337.9375,260527_N2_imb2_set3_image09_ch1,31
260527,N2,imb2,set3,image09,ch1,92,9.7534,3331.7485,260527_N2_imb2_set3_image09_ch1,32
260527,N2,imb2,set3,image09,ch1,93,9.8606,3335.6782,260527_N2_imb2_set3_image09_ch1,33
260527,N2,imb2,set3,image09,ch1,94,9.9677,3330.9788,260527_N2_imb2_set3_image09_ch1,34
260527,N2,imb2,set3,image09,ch1,95,10.0749,3334.6799,260527_N2_imb2_set3_image09_ch1,35
260527,N2,imb2,set3,image09,ch1,96,10.1821,3322.5986,260527_N2_imb2_set3_image09_ch1,36
260527,N2,imb2,set3,image09,ch1,97,10.2893,3287.5674,260527_N2_imb2_set3_image09_ch1,37
260527,N2,imb2,set3,image09,ch1,98,10.3965,3256.3611,260527_N2_imb2_set3_image09_ch1,38
260527,N2,imb2,set3,image09,ch1,99,10.5036,3228.6196,260527_N2_imb2_set3_image09_ch1,39
260527,N2,imb2,set3,image09,ch1,100,10.6108,3190.853,260527_N2_imb2_set3_image09_ch1,40
260527,N2,imb2,set3,image09,ch1,101,10.718,3158.6611,260527_N2_imb2_set3_image09_ch1,41
260527,N2,imb2,set3,image09,ch1,102,10.8252,3131.2129,260527_N2_imb2_set3_image09_ch1,42
260527,N2,imb2,set3,image09,ch1,103,10.9324,3094.8418,260527_N2_imb2_set3_image09_ch1,43
260527,N2,imb2,set3,image09,ch1,104,11.0395,3078.5603,260527_N2_imb2_set3_image09_ch1,44
260527,N2,imb2,set3,image09,ch1,105,11.1467,3078.9595,260527_N2_imb2_set3_image09_ch1,45
260527,N2,imb2,set3,image09,ch1,106,11.2539,3075.7009,260527_N2_imb2_set3_image09_ch1,46
260527,N2,imb2,set3,image09,ch1,107,11.3611,3077.4404,260527_N2_imb2_set3_image09_ch1,47
260527,N2,imb2,set3,image09,ch1,108,11.4683,3069.113,260527_N2_imb2_set3_image09_ch1,48
260527,N2,imb2,set3,image09,ch1,109,11.5754,3047.7893,260527_N2_imb2_set3_image09_ch1,49
260527,N2,imb2,set3,image09,ch1,110,11.6826,3031.6375,260527_N2_imb2_set3_image09_ch1,50
260527,N2,imb2,set3,image09,ch1,111,11.7898,3011.4312,260527_N2_imb2_set3_image09_ch1,51
260527,N2,imb2,set3,image09,ch1,112,11.897,2994.9866,260527_N2_imb2_set3_image09_ch1,52
260527,N2,imb2,set3,image09,ch1,113,12.0042,2973.9661,260527_N2_imb2_set3_image09_ch1,53
260527,N2,imb2,set3,image09,ch1,114,12.1113,2951.2092,260527_N2_imb2_set3_image09_ch1,54
260527,N2,imb2,set3,image09,ch1,115,12.2185,2916.2397,260527_N2_imb2_set3_image09_ch1,55
260527,N2,imb2,set3,image09,ch1,116,12.3257,2893.5315,260527_N2_imb2_set3_image09_ch1,56
260527,N2,imb2,set3,image09,ch1,117,12.4329,2853.0698,260527_N2_imb2_set3_image09_ch1,57
260527,N2,imb2,set3,image09,ch1,118,12.5401,2810.2791,260527_N2_imb2_set3_image09_ch1,58
260527,N2,imb2,set3,image09,ch1,119,NA,NA,260527_N2_imb2_set3_image09_ch1,59
260527,N2,imb2,set3,image09,ch2,1,0,4821.0166,260527_N2_imb2_set3_image09_ch2,-59
260527,N2,imb2,set3,image09,ch2,2,0.1072,4829.4458,260527_N2_imb2_set3_image09_ch2,-58
260527,N2,imb2,set3,image09,ch2,3,0.2144,4834.5923,260527_N2_imb2_set3_image09_ch2,-57
260527,N2,imb2,set3,image09,ch2,4,0.3215,4845.6392,260527_N2_imb2_set3_image09_ch2,-56
260527,N2,imb2,set3,image09,ch2,5,0.4287,4854.5488,260527_N2_imb2_set3_image09_ch2,-55
260527,N2,imb2,set3,image09,ch2,6,0.5359,4844.605,260527_N2_imb2_set3_image09_ch2,-54
260527,N2,imb2,set3,image09,ch2,7,0.6431,4816.1035,260527_N2_imb2_set3_image09_ch2,-53
260527,N2,imb2,set3,image09,ch2,8,0.7503,4787.2183000000005,260527_N2_imb2_set3_image09_ch2,-52
260527,N2,imb2,set3,image09,ch2,9,0.8574,4779.5845,260527_N2_imb2_set3_image09_ch2,-51
260527,N2,imb2,set3,image09,ch2,10,0.9646,4767.874,260527_N2_imb2_set3_image09_ch2,-50
260527,N2,imb2,set3,image09,ch2,11,1.0718,4763.2583,260527_N2_imb2_set3_image09_ch2,-49
260527,N2,imb2,set3,image09,ch2,12,1.179,4768.4883,260527_N2_imb2_set3_image09_ch2,-48
260527,N2,imb2,set3,image09,ch2,13,1.2862,4770.5391,260527_N2_imb2_set3_image09_ch2,-47
260527,N2,imb2,set3,image09,ch2,14,1.3933,4786.498,260527_N2_imb2_set3_image09_ch2,-46
260527,N2,imb2,set3,image09,ch2,15,1.5005,4799.7959,260527_N2_imb2_set3_image09_ch2,-45
260527,N2,imb2,set3,image09,ch2,16,1.6077,4826.7725,260527_N2_imb2_set3_image09_ch2,-44
260527,N2,imb2,set3,image09,ch2,17,1.7149,4844.7759,260527_N2_imb2_set3_image09_ch2,-43
260527,N2,imb2,set3,image09,ch2,18,1.8221,4866.4897,260527_N2_imb2_set3_image09_ch2,-42
260527,N2,imb2,set3,image09,ch2,19,1.9292,4897.8193,260527_N2_imb2_set3_image09_ch2,-41
260527,N2,imb2,set3,image09,ch2,20,2.0364,4955.1484,260527_N2_imb2_set3_image09_ch2,-40
260527,N2,imb2,set3,image09,ch2,21,2.1436,4980.5137,260527_N2_imb2_set3_image09_ch2,-39
260527,N2,imb2,set3,image09,ch2,22,2.2508,4969.2705,260527_N2_imb2_set3_image09_ch2,-38
260527,N2,imb2,set3,image09,ch2,23,2.358,4921.2495,260527_N2_imb2_set3_image09_ch2,-37
260527,N2,imb2,set3,image09,ch2,24,2.4651,4852.2568,260527_N2_imb2_set3_image09_ch2,-36
260527,N2,imb2,set3,image09,ch2,25,2.5723,4803.1357,260527_N2_imb2_set3_image09_ch2,-35
260527,N2,imb2,set3,image09,ch2,26,2.6795,4776.1846,260527_N2_imb2_set3_image09_ch2,-34
260527,N2,imb2,set3,image09,ch2,27,2.7867,4753.1743,260527_N2_imb2_set3_image09_ch2,-33
260527,N2,imb2,set3,image09,ch2,28,2.8939,4725.2427,260527_N2_imb2_set3_image09_ch2,-32
260527,N2,imb2,set3,image09,ch2,29,3.001,4705.2456,260527_N2_imb2_set3_image09_ch2,-31
260527,N2,imb2,set3,image09,ch2,30,3.1082,4694.5601,260527_N2_imb2_set3_image09_ch2,-30
260527,N2,imb2,set3,image09,ch2,31,3.2154,4676.9312,260527_N2_imb2_set3_image09_ch2,-29
260527,N2,imb2,set3,image09,ch2,32,3.3226,4665.7773,260527_N2_imb2_set3_image09_ch2,-28
260527,N2,imb2,set3,image09,ch2,33,3.4298,4659.2588,260527_N2_imb2_set3_image09_ch2,-27
260527,N2,imb2,set3,image09,ch2,34,3.5369,4655.7236,260527_N2_imb2_set3_image09_ch2,-26
260527,N2,imb2,set3,image09,ch2,35,3.6441,4652.1548,260527_N2_imb2_set3_image09_ch2,-25
260527,N2,imb2,set3,image09,ch2,36,3.7513,4656.4551,260527_N2_imb2_set3_image09_ch2,-24
260527,N2,imb2,set3,image09,ch2,37,3.8585,4660.2046,260527_N2_imb2_set3_image09_ch2,-23
260527,N2,imb2,set3,image09,ch2,38,3.9657,4668.5444,260527_N2_imb2_set3_image09_ch2,-22
260527,N2,imb2,set3,image09,ch2,39,4.0728,4659.3506,260527_N2_imb2_set3_image09_ch2,-21
260527,N2,imb2,set3,image09,ch2,40,4.18,4660.5186,260527_N2_imb2_set3_image09_ch2,-20
260527,N2,imb2,set3,image09,ch2,41,4.2872,4658.7671,260527_N2_imb2_set3_image09_ch2,-19
260527,N2,imb2,set3,image09,ch2,42,4.3944,4669.7744,260527_N2_imb2_set3_image09_ch2,-18
260527,N2,imb2,set3,image09,ch2,43,4.5016,4670.7505,260527_N2_imb2_set3_image09_ch2,-17
260527,N2,imb2,set3,image09,ch2,44,4.6087,4670.6934,260527_N2_imb2_set3_image09_ch2,-16
260527,N2,imb2,set3,image09,ch2,45,4.7159,4677.9575,260527_N2_imb2_set3_image09_ch2,-15
260527,N2,imb2,set3,image09,ch2,46,4.8231,4674.7119,260527_N2_imb2_set3_image09_ch2,-14
260527,N2,imb2,set3,image09,ch2,47,4.9303,4675.916,260527_N2_imb2_set3_image09_ch2,-13
260527,N2,imb2,set3,image09,ch2,48,5.0375,4683.3467,260527_N2_imb2_set3_image09_ch2,-12
260527,N2,imb2,set3,image09,ch2,49,5.1446,4713.0107,260527_N2_imb2_set3_image09_ch2,-11
260527,N2,imb2,set3,image09,ch2,50,5.2518,4739.106,260527_N2_imb2_set3_image09_ch2,-10
260527,N2,imb2,set3,image09,ch2,51,5.359,4775.7725,260527_N2_imb2_set3_image09_ch2,-9
260527,N2,imb2,set3,image09,ch2,52,5.4662,4808.8374,260527_N2_imb2_set3_image09_ch2,-8
260527,N2,imb2,set3,image09,ch2,53,5.5734,4814.4097,260527_N2_imb2_set3_image09_ch2,-7
260527,N2,imb2,set3,image09,ch2,54,5.6805,4798.0747,260527_N2_imb2_set3_image09_ch2,-6
260527,N2,imb2,set3,image09,ch2,55,5.7877,4751.1074,260527_N2_imb2_set3_image09_ch2,-5
260527,N2,imb2,set3,image09,ch2,56,5.8949,4730.7544,260527_N2_imb2_set3_image09_ch2,-4
260527,N2,imb2,set3,image09,ch2,57,6.0021,4712.3374,260527_N2_imb2_set3_image09_ch2,-3
260527,N2,imb2,set3,image09,ch2,58,6.1093,4690.4722,260527_N2_imb2_set3_image09_ch2,-2
260527,N2,imb2,set3,image09,ch2,59,6.2164,4672.6973,260527_N2_imb2_set3_image09_ch2,-1
260527,N2,imb2,set3,image09,ch2,60,6.3236,4673.8452,260527_N2_imb2_set3_image09_ch2,0
260527,N2,imb2,set3,image09,ch2,61,6.4308,4666.7695,260527_N2_imb2_set3_image09_ch2,1
260527,N2,imb2,set3,image09,ch2,62,6.538,4658.4561,260527_N2_imb2_set3_image09_ch2,2
260527,N2,imb2,set3,image09,ch2,63,6.6452,4652.2075,260527_N2_imb2_set3_image09_ch2,3
260527,N2,imb2,set3,image09,ch2,64,6.7523,4632.4644,260527_N2_imb2_set3_image09_ch2,4
260527,N2,imb2,set3,image09,ch2,65,6.8595,4636.8384,260527_N2_imb2_set3_image09_ch2,5
260527,N2,imb2,set3,image09,ch2,66,6.9667,4632.1362,260527_N2_imb2_set3_image09_ch2,6
260527,N2,imb2,set3,image09,ch2,67,7.0739,4645.3296,260527_N2_imb2_set3_image09_ch2,7
260527,N2,imb2,set3,image09,ch2,68,7.1811,4665.314,260527_N2_imb2_set3_image09_ch2,8
260527,N2,imb2,set3,image09,ch2,69,7.2882,4673.8242,260527_N2_imb2_set3_image09_ch2,9
260527,N2,imb2,set3,image09,ch2,70,7.3954,4678.6274,260527_N2_imb2_set3_image09_ch2,10
260527,N2,imb2,set3,image09,ch2,71,7.5026,4683.5049,260527_N2_imb2_set3_image09_ch2,11
260527,N2,imb2,set3,image09,ch2,72,7.6098,4672.2627,260527_N2_imb2_set3_image09_ch2,12
260527,N2,imb2,set3,image09,ch2,73,7.717,4652.8125,260527_N2_imb2_set3_image09_ch2,13
260527,N2,imb2,set3,image09,ch2,74,7.8241,4639.9888,260527_N2_imb2_set3_image09_ch2,14
260527,N2,imb2,set3,image09,ch2,75,7.9313,4621.2578,260527_N2_imb2_set3_image09_ch2,15
260527,N2,imb2,set3,image09,ch2,76,8.0385,4616.7617,260527_N2_imb2_set3_image09_ch2,16
260527,N2,imb2,set3,image09,ch2,77,8.1457,4610.2041,260527_N2_imb2_set3_image09_ch2,17
260527,N2,imb2,set3,image09,ch2,78,8.2529,4603.936,260527_N2_imb2_set3_image09_ch2,18
260527,N2,imb2,set3,image09,ch2,79,8.36,4610.3647,260527_N2_imb2_set3_image09_ch2,19
260527,N2,imb2,set3,image09,ch2,80,8.4672,4618.0859,260527_N2_imb2_set3_image09_ch2,20
260527,N2,imb2,set3,image09,ch2,81,8.5744,4617.415,260527_N2_imb2_set3_image09_ch2,21
260527,N2,imb2,set3,image09,ch2,82,8.6816,4595.1855,260527_N2_imb2_set3_image09_ch2,22
260527,N2,imb2,set3,image09,ch2,83,8.7888,4569.77,260527_N2_imb2_set3_image09_ch2,23
260527,N2,imb2,set3,image09,ch2,84,8.8959,4546.2471,260527_N2_imb2_set3_image09_ch2,24
260527,N2,imb2,set3,image09,ch2,85,9.0031,4513.5332,260527_N2_imb2_set3_image09_ch2,25
260527,N2,imb2,set3,image09,ch2,86,9.1103,4490.2886,260527_N2_imb2_set3_image09_ch2,26
260527,N2,imb2,set3,image09,ch2,87,9.2175,4471.9023,260527_N2_imb2_set3_image09_ch2,27
260527,N2,imb2,set3,image09,ch2,88,9.3247,4447.9121,260527_N2_imb2_set3_image09_ch2,28
260527,N2,imb2,set3,image09,ch2,89,9.4318,4420.9355,260527_N2_imb2_set3_image09_ch2,29
260527,N2,imb2,set3,image09,ch2,90,9.539,4401.6621,260527_N2_imb2_set3_image09_ch2,30
260527,N2,imb2,set3,image09,ch2,91,9.6462,4390.2729,260527_N2_imb2_set3_image09_ch2,31
260527,N2,imb2,set3,image09,ch2,92,9.7534,4375.5469,260527_N2_imb2_set3_image09_ch2,32
260527,N2,imb2,set3,image09,ch2,93,9.8606,4370.0269,260527_N2_imb2_set3_image09_ch2,33
260527,N2,imb2,set3,image09,ch2,94,9.9677,4351.1709,260527_N2_imb2_set3_image09_ch2,34
260527,N2,imb2,set3,image09,ch2,95,10.0749,4328.625,260527_N2_imb2_set3_image09_ch2,35
260527,N2,imb2,set3,image09,ch2,96,10.1821,4285.4932,260527_N2_imb2_set3_image09_ch2,36
260527,N2,imb2,set3,image09,ch2,97,10.2893,4245.353,260527_N2_imb2_set3_image09_ch2,37
260527,N2,imb2,set3,image09,ch2,98,10.3965,4203.6279,260527_N2_imb2_set3_image09_ch2,38
260527,N2,imb2,set3,image09,ch2,99,10.5036,4177.7397,260527_N2_imb2_set3_image09_ch2,39
260527,N2,imb2,set3,image09,ch2,100,10.6108,4148.6694,260527_N2_imb2_set3_image09_ch2,40
260527,N2,imb2,set3,image09,ch2,101,10.718,4111.2656,260527_N2_imb2_set3_image09_ch2,41
260527,N2,imb2,set3,image09,ch2,102,10.8252,4088.6733,260527_N2_imb2_set3_image09_ch2,42
260527,N2,imb2,set3,image09,ch2,103,10.9324,4068.9534,260527_N2_imb2_set3_image09_ch2,43
260527,N2,imb2,set3,image09,ch2,104,11.0395,4056.5603,260527_N2_imb2_set3_image09_ch2,44
260527,N2,imb2,set3,image09,ch2,105,11.1467,4042.4492,260527_N2_imb2_set3_image09_ch2,45
260527,N2,imb2,set3,image09,ch2,106,11.2539,4017.3684,260527_N2_imb2_set3_image09_ch2,46
260527,N2,imb2,set3,image09,ch2,107,11.3611,3984.4944,260527_N2_imb2_set3_image09_ch2,47
260527,N2,imb2,set3,image09,ch2,108,11.4683,3953.0615,260527_N2_imb2_set3_image09_ch2,48
260527,N2,imb2,set3,image09,ch2,109,11.5754,3915.3179,260527_N2_imb2_set3_image09_ch2,49
260527,N2,imb2,set3,image09,ch2,110,11.6826,3869.9067,260527_N2_imb2_set3_image09_ch2,50
260527,N2,imb2,set3,image09,ch2,111,11.7898,3826.5723,260527_N2_imb2_set3_image09_ch2,51
260527,N2,imb2,set3,image09,ch2,112,11.897,3781.5073,260527_N2_imb2_set3_image09_ch2,52
260527,N2,imb2,set3,image09,ch2,113,12.0042,3741.0271,260527_N2_imb2_set3_image09_ch2,53
260527,N2,imb2,set3,image09,ch2,114,12.1113,3714.6333,260527_N2_imb2_set3_image09_ch2,54
260527,N2,imb2,set3,image09,ch2,115,12.2185,3690.9973,260527_N2_imb2_set3_image09_ch2,55
260527,N2,imb2,set3,image09,ch2,116,12.3257,3654.3496,260527_N2_imb2_set3_image09_ch2,56
260527,N2,imb2,set3,image09,ch2,117,12.4329,3606.9907,260527_N2_imb2_set3_image09_ch2,57
260527,N2,imb2,set3,image09,ch2,118,12.5401,3569.1907,260527_N2_imb2_set3_image09_ch2,58
260527,N2,imb2,set3,image09,ch2,119,NA,NA,260527_N2_imb2_set3_image09_ch2,59
260527,N2,imb2,set3,image12,ch1,1,0,6359.2661,260527_N2_imb2_set3_image12_ch1,-59
260527,N2,imb2,set3,image12,ch1,2,0.1072,6304.8589,260527_N2_imb2_set3_image12_ch1,-58
260527,N2,imb2,set3,image12,ch1,3,0.2144,6211.8945,260527_N2_imb2_set3_image12_ch1,-57
260527,N2,imb2,set3,image12,ch1,4,0.3215,6091.9917,260527_N2_imb2_set3_image12_ch1,-56
260527,N2,imb2,set3,image12,ch1,5,0.4287,5999.7412,260527_N2_imb2_set3_image12_ch1,-55
260527,N2,imb2,set3,image12,ch1,6,0.5359,5910.521,260527_N2_imb2_set3_image12_ch1,-54
260527,N2,imb2,set3,image12,ch1,7,0.6431,5821.5781,260527_N2_imb2_set3_image12_ch1,-53
260527,N2,imb2,set3,image12,ch1,8,0.7503,5693.3853,260527_N2_imb2_set3_image12_ch1,-52
260527,N2,imb2,set3,image12,ch1,9,0.8574,5564.7866,260527_N2_imb2_set3_image12_ch1,-51
260527,N2,imb2,set3,image12,ch1,10,0.9646,5473.8896,260527_N2_imb2_set3_image12_ch1,-50
260527,N2,imb2,set3,image12,ch1,11,1.0718,5420.8042,260527_N2_imb2_set3_image12_ch1,-49
260527,N2,imb2,set3,image12,ch1,12,1.179,5366.4517,260527_N2_imb2_set3_image12_ch1,-48
260527,N2,imb2,set3,image12,ch1,13,1.2862,5304.9009,260527_N2_imb2_set3_image12_ch1,-47
260527,N2,imb2,set3,image12,ch1,14,1.3933,5250.958,260527_N2_imb2_set3_image12_ch1,-46
260527,N2,imb2,set3,image12,ch1,15,1.5005,5199.6104,260527_N2_imb2_set3_image12_ch1,-45
260527,N2,imb2,set3,image12,ch1,16,1.6077,5142.8516,260527_N2_imb2_set3_image12_ch1,-44
260527,N2,imb2,set3,image12,ch1,17,1.7149,5095.9883,260527_N2_imb2_set3_image12_ch1,-43
260527,N2,imb2,set3,image12,ch1,18,1.8221,5053.9639,260527_N2_imb2_set3_image12_ch1,-42
260527,N2,imb2,set3,image12,ch1,19,1.9292,5018.9561,260527_N2_imb2_set3_image12_ch1,-41
260527,N2,imb2,set3,image12,ch1,20,2.0364,4982.731,260527_N2_imb2_set3_image12_ch1,-40
260527,N2,imb2,set3,image12,ch1,21,2.1436,4957.8896,260527_N2_imb2_set3_image12_ch1,-39
260527,N2,imb2,set3,image12,ch1,22,2.2508,4931.0054,260527_N2_imb2_set3_image12_ch1,-38
260527,N2,imb2,set3,image12,ch1,23,2.358,4899.8643,260527_N2_imb2_set3_image12_ch1,-37
260527,N2,imb2,set3,image12,ch1,24,2.4651,4878.8936,260527_N2_imb2_set3_image12_ch1,-36
260527,N2,imb2,set3,image12,ch1,25,2.5723,4861.1582,260527_N2_imb2_set3_image12_ch1,-35
260527,N2,imb2,set3,image12,ch1,26,2.6795,4835.4614,260527_N2_imb2_set3_image12_ch1,-34
260527,N2,imb2,set3,image12,ch1,27,2.7867,4833.3477,260527_N2_imb2_set3_image12_ch1,-33
260527,N2,imb2,set3,image12,ch1,28,2.8939,4817.9863,260527_N2_imb2_set3_image12_ch1,-32
260527,N2,imb2,set3,image12,ch1,29,3.001,4818.8325,260527_N2_imb2_set3_image12_ch1,-31
260527,N2,imb2,set3,image12,ch1,30,3.1082,4801.2881,260527_N2_imb2_set3_image12_ch1,-30
260527,N2,imb2,set3,image12,ch1,31,3.2154,4795.5127,260527_N2_imb2_set3_image12_ch1,-29
260527,N2,imb2,set3,image12,ch1,32,3.3226,4790.5161,260527_N2_imb2_set3_image12_ch1,-28
260527,N2,imb2,set3,image12,ch1,33,3.4298,4795.8462,260527_N2_imb2_set3_image12_ch1,-27
260527,N2,imb2,set3,image12,ch1,34,3.5369,4795.1167,260527_N2_imb2_set3_image12_ch1,-26
260527,N2,imb2,set3,image12,ch1,35,3.6441,4794.9668,260527_N2_imb2_set3_image12_ch1,-25
260527,N2,imb2,set3,image12,ch1,36,3.7513,4806.1465,260527_N2_imb2_set3_image12_ch1,-24
260527,N2,imb2,set3,image12,ch1,37,3.8585,4823.7988,260527_N2_imb2_set3_image12_ch1,-23
260527,N2,imb2,set3,image12,ch1,38,3.9657,4846.4517,260527_N2_imb2_set3_image12_ch1,-22
260527,N2,imb2,set3,image12,ch1,39,4.0728,4864.3311,260527_N2_imb2_set3_image12_ch1,-21
260527,N2,imb2,set3,image12,ch1,40,4.18,4880.373,260527_N2_imb2_set3_image12_ch1,-20
260527,N2,imb2,set3,image12,ch1,41,4.2872,4912.0991,260527_N2_imb2_set3_image12_ch1,-19
260527,N2,imb2,set3,image12,ch1,42,4.3944,4943.3828,260527_N2_imb2_set3_image12_ch1,-18
260527,N2,imb2,set3,image12,ch1,43,4.5016,4984.3213,260527_N2_imb2_set3_image12_ch1,-17
260527,N2,imb2,set3,image12,ch1,44,4.6087,5037.6147,260527_N2_imb2_set3_image12_ch1,-16
260527,N2,imb2,set3,image12,ch1,45,4.7159,5107.2729,260527_N2_imb2_set3_image12_ch1,-15
260527,N2,imb2,set3,image12,ch1,46,4.8231,5195.1465,260527_N2_imb2_set3_image12_ch1,-14
260527,N2,imb2,set3,image12,ch1,47,4.9303,5289.8438,260527_N2_imb2_set3_image12_ch1,-13
260527,N2,imb2,set3,image12,ch1,48,5.0375,5402.0693,260527_N2_imb2_set3_image12_ch1,-12
260527,N2,imb2,set3,image12,ch1,49,5.1446,5483.5957,260527_N2_imb2_set3_image12_ch1,-11
260527,N2,imb2,set3,image12,ch1,50,5.2518,5595.1919,260527_N2_imb2_set3_image12_ch1,-10
260527,N2,imb2,set3,image12,ch1,51,5.359,5731.1748,260527_N2_imb2_set3_image12_ch1,-9
260527,N2,imb2,set3,image12,ch1,52,5.4662,5879.3413,260527_N2_imb2_set3_image12_ch1,-8
260527,N2,imb2,set3,image12,ch1,53,5.5734,6032.5444,260527_N2_imb2_set3_image12_ch1,-7
260527,N2,imb2,set3,image12,ch1,54,5.6805,6274.0405,260527_N2_imb2_set3_image12_ch1,-6
260527,N2,imb2,set3,image12,ch1,55,5.7877,6560.3711,260527_N2_imb2_set3_image12_ch1,-5
260527,N2,imb2,set3,image12,ch1,56,5.8949,6781.1821,260527_N2_imb2_set3_image12_ch1,-4
260527,N2,imb2,set3,image12,ch1,57,6.0021,6841.9854,260527_N2_imb2_set3_image12_ch1,-3
260527,N2,imb2,set3,image12,ch1,58,6.1093,6773.229,260527_N2_imb2_set3_image12_ch1,-2
260527,N2,imb2,set3,image12,ch1,59,6.2164,6654.3691,260527_N2_imb2_set3_image12_ch1,-1
260527,N2,imb2,set3,image12,ch1,60,6.3236,6450.4307,260527_N2_imb2_set3_image12_ch1,0
260527,N2,imb2,set3,image12,ch1,61,6.4308,6198.5923,260527_N2_imb2_set3_image12_ch1,1
260527,N2,imb2,set3,image12,ch1,62,6.538,5977.4956,260527_N2_imb2_set3_image12_ch1,2
260527,N2,imb2,set3,image12,ch1,63,6.6452,5799.4854,260527_N2_imb2_set3_image12_ch1,3
260527,N2,imb2,set3,image12,ch1,64,6.7523,5673.1133,260527_N2_imb2_set3_image12_ch1,4
260527,N2,imb2,set3,image12,ch1,65,6.8595,5523.3906,260527_N2_imb2_set3_image12_ch1,5
260527,N2,imb2,set3,image12,ch1,66,6.9667,5236.7725,260527_N2_imb2_set3_image12_ch1,6
260527,N2,imb2,set3,image12,ch1,67,7.0739,4970.8457,260527_N2_imb2_set3_image12_ch1,7
260527,N2,imb2,set3,image12,ch1,68,7.1811,4761.9385,260527_N2_imb2_set3_image12_ch1,8
260527,N2,imb2,set3,image12,ch1,69,7.2882,4580.3701,260527_N2_imb2_set3_image12_ch1,9
260527,N2,imb2,set3,image12,ch1,70,7.3954,4430.0371,260527_N2_imb2_set3_image12_ch1,10
260527,N2,imb2,set3,image12,ch1,71,7.5026,4294.4888,260527_N2_imb2_set3_image12_ch1,11
260527,N2,imb2,set3,image12,ch1,72,7.6098,4159.9595,260527_N2_imb2_set3_image12_ch1,12
260527,N2,imb2,set3,image12,ch1,73,7.717,4046.7261,260527_N2_imb2_set3_image12_ch1,13
260527,N2,imb2,set3,image12,ch1,74,7.8241,3951.5752,260527_N2_imb2_set3_image12_ch1,14
260527,N2,imb2,set3,image12,ch1,75,7.9313,3877.8616,260527_N2_imb2_set3_image12_ch1,15
260527,N2,imb2,set3,image12,ch1,76,8.0385,3815.9724,260527_N2_imb2_set3_image12_ch1,16
260527,N2,imb2,set3,image12,ch1,77,8.1457,3760.385,260527_N2_imb2_set3_image12_ch1,17
260527,N2,imb2,set3,image12,ch1,78,8.2529,3707.9758,260527_N2_imb2_set3_image12_ch1,18
260527,N2,imb2,set3,image12,ch1,79,8.36,3634.4116,260527_N2_imb2_set3_image12_ch1,19
260527,N2,imb2,set3,image12,ch1,80,8.4672,3565.1304,260527_N2_imb2_set3_image12_ch1,20
260527,N2,imb2,set3,image12,ch1,81,8.5744,3504.231,260527_N2_imb2_set3_image12_ch1,21
260527,N2,imb2,set3,image12,ch1,82,8.6816,3455.73,260527_N2_imb2_set3_image12_ch1,22
260527,N2,imb2,set3,image12,ch1,83,8.7888,3423.7195,260527_N2_imb2_set3_image12_ch1,23
260527,N2,imb2,set3,image12,ch1,84,8.8959,3383.7825,260527_N2_imb2_set3_image12_ch1,24
260527,N2,imb2,set3,image12,ch1,85,9.0031,3315.98,260527_N2_imb2_set3_image12_ch1,25
260527,N2,imb2,set3,image12,ch1,86,9.1103,3222.1013,260527_N2_imb2_set3_image12_ch1,26
260527,N2,imb2,set3,image12,ch1,87,9.2175,3128.0613,260527_N2_imb2_set3_image12_ch1,27
260527,N2,imb2,set3,image12,ch1,88,9.3247,3062.8271,260527_N2_imb2_set3_image12_ch1,28
260527,N2,imb2,set3,image12,ch1,89,9.4318,3029.6565,260527_N2_imb2_set3_image12_ch1,29
260527,N2,imb2,set3,image12,ch1,90,9.539,2999.8027,260527_N2_imb2_set3_image12_ch1,30
260527,N2,imb2,set3,image12,ch1,91,9.6462,2957.2068,260527_N2_imb2_set3_image12_ch1,31
260527,N2,imb2,set3,image12,ch1,92,9.7534,2896.2715,260527_N2_imb2_set3_image12_ch1,32
260527,N2,imb2,set3,image12,ch1,93,9.8606,2835.2004,260527_N2_imb2_set3_image12_ch1,33
260527,N2,imb2,set3,image12,ch1,94,9.9677,2804.3247,260527_N2_imb2_set3_image12_ch1,34
260527,N2,imb2,set3,image12,ch1,95,10.0749,2813.0237,260527_N2_imb2_set3_image12_ch1,35
260527,N2,imb2,set3,image12,ch1,96,10.1821,2843.6641,260527_N2_imb2_set3_image12_ch1,36
260527,N2,imb2,set3,image12,ch1,97,10.2893,2820.0461,260527_N2_imb2_set3_image12_ch1,37
260527,N2,imb2,set3,image12,ch1,98,10.3965,2741.01,260527_N2_imb2_set3_image12_ch1,38
260527,N2,imb2,set3,image12,ch1,99,10.5036,2650.405,260527_N2_imb2_set3_image12_ch1,39
260527,N2,imb2,set3,image12,ch1,100,10.6108,2583.5969,260527_N2_imb2_set3_image12_ch1,40
260527,N2,imb2,set3,image12,ch1,101,10.718,2527.1646,260527_N2_imb2_set3_image12_ch1,41
260527,N2,imb2,set3,image12,ch1,102,10.8252,2464.2959,260527_N2_imb2_set3_image12_ch1,42
260527,N2,imb2,set3,image12,ch1,103,10.9324,2401.6147,260527_N2_imb2_set3_image12_ch1,43
260527,N2,imb2,set3,image12,ch1,104,11.0395,2339.1179,260527_N2_imb2_set3_image12_ch1,44
260527,N2,imb2,set3,image12,ch1,105,11.1467,2294.3499,260527_N2_imb2_set3_image12_ch1,45
260527,N2,imb2,set3,image12,ch1,106,11.2539,2258.0583,260527_N2_imb2_set3_image12_ch1,46
260527,N2,imb2,set3,image12,ch1,107,11.3611,2212.3555,260527_N2_imb2_set3_image12_ch1,47
260527,N2,imb2,set3,image12,ch1,108,11.4683,2170.6025,260527_N2_imb2_set3_image12_ch1,48
260527,N2,imb2,set3,image12,ch1,109,11.5754,2131.9116,260527_N2_imb2_set3_image12_ch1,49
260527,N2,imb2,set3,image12,ch1,110,11.6826,2098.9368,260527_N2_imb2_set3_image12_ch1,50
260527,N2,imb2,set3,image12,ch1,111,11.7898,2073.752,260527_N2_imb2_set3_image12_ch1,51
260527,N2,imb2,set3,image12,ch1,112,11.897,2055.4175,260527_N2_imb2_set3_image12_ch1,52
260527,N2,imb2,set3,image12,ch1,113,12.0042,2040.8533,260527_N2_imb2_set3_image12_ch1,53
260527,N2,imb2,set3,image12,ch1,114,12.1113,2012.3989,260527_N2_imb2_set3_image12_ch1,54
260527,N2,imb2,set3,image12,ch1,115,12.2185,1980.5093,260527_N2_imb2_set3_image12_ch1,55
260527,N2,imb2,set3,image12,ch1,116,12.3257,1944.5732,260527_N2_imb2_set3_image12_ch1,56
260527,N2,imb2,set3,image12,ch1,117,12.4329,1914.1429,260527_N2_imb2_set3_image12_ch1,57
260527,N2,imb2,set3,image12,ch1,118,12.5401,1892.5166,260527_N2_imb2_set3_image12_ch1,58
260527,N2,imb2,set3,image12,ch1,119,NA,NA,260527_N2_imb2_set3_image12_ch1,59
260527,N2,imb2,set3,image12,ch2,1,0,4140.188,260527_N2_imb2_set3_image12_ch2,-59
260527,N2,imb2,set3,image12,ch2,2,0.1072,4113.2456,260527_N2_imb2_set3_image12_ch2,-58
260527,N2,imb2,set3,image12,ch2,3,0.2144,4095.658,260527_N2_imb2_set3_image12_ch2,-57
260527,N2,imb2,set3,image12,ch2,4,0.3215,4078.217,260527_N2_imb2_set3_image12_ch2,-56
260527,N2,imb2,set3,image12,ch2,5,0.4287,4059.4536,260527_N2_imb2_set3_image12_ch2,-55
260527,N2,imb2,set3,image12,ch2,6,0.5359,4045.3413,260527_N2_imb2_set3_image12_ch2,-54
260527,N2,imb2,set3,image12,ch2,7,0.6431,4037.5291,260527_N2_imb2_set3_image12_ch2,-53
260527,N2,imb2,set3,image12,ch2,8,0.7503,4023.6248,260527_N2_imb2_set3_image12_ch2,-52
260527,N2,imb2,set3,image12,ch2,9,0.8574,4012.9734,260527_N2_imb2_set3_image12_ch2,-51
260527,N2,imb2,set3,image12,ch2,10,0.9646,4013.3491,260527_N2_imb2_set3_image12_ch2,-50
260527,N2,imb2,set3,image12,ch2,11,1.0718,3997.6179,260527_N2_imb2_set3_image12_ch2,-49
260527,N2,imb2,set3,image12,ch2,12,1.179,3985.1128,260527_N2_imb2_set3_image12_ch2,-48
260527,N2,imb2,set3,image12,ch2,13,1.2862,3966.925,260527_N2_imb2_set3_image12_ch2,-47
260527,N2,imb2,set3,image12,ch2,14,1.3933,3949.9624,260527_N2_imb2_set3_image12_ch2,-46
260527,N2,imb2,set3,image12,ch2,15,1.5005,3941.1812,260527_N2_imb2_set3_image12_ch2,-45
260527,N2,imb2,set3,image12,ch2,16,1.6077,3933.6062,260527_N2_imb2_set3_image12_ch2,-44
260527,N2,imb2,set3,image12,ch2,17,1.7149,3921.8535,260527_N2_imb2_set3_image12_ch2,-43
260527,N2,imb2,set3,image12,ch2,18,1.8221,3907.7642,260527_N2_imb2_set3_image12_ch2,-42
260527,N2,imb2,set3,image12,ch2,19,1.9292,3901.0518,260527_N2_imb2_set3_image12_ch2,-41
260527,N2,imb2,set3,image12,ch2,20,2.0364,3898.2646,260527_N2_imb2_set3_image12_ch2,-40
260527,N2,imb2,set3,image12,ch2,21,2.1436,3897.9617,260527_N2_imb2_set3_image12_ch2,-39
260527,N2,imb2,set3,image12,ch2,22,2.2508,3891.5615,260527_N2_imb2_set3_image12_ch2,-38
260527,N2,imb2,set3,image12,ch2,23,2.358,3882.0759,260527_N2_imb2_set3_image12_ch2,-37
260527,N2,imb2,set3,image12,ch2,24,2.4651,3864.7722,260527_N2_imb2_set3_image12_ch2,-36
260527,N2,imb2,set3,image12,ch2,25,2.5723,3851.3623,260527_N2_imb2_set3_image12_ch2,-35
260527,N2,imb2,set3,image12,ch2,26,2.6795,3843.4016,260527_N2_imb2_set3_image12_ch2,-34
260527,N2,imb2,set3,image12,ch2,27,2.7867,3830.1311,260527_N2_imb2_set3_image12_ch2,-33
260527,N2,imb2,set3,image12,ch2,28,2.8939,3825.2759,260527_N2_imb2_set3_image12_ch2,-32
260527,N2,imb2,set3,image12,ch2,29,3.001,3819.4619,260527_N2_imb2_set3_image12_ch2,-31
260527,N2,imb2,set3,image12,ch2,30,3.1082,3810.5149,260527_N2_imb2_set3_image12_ch2,-30
260527,N2,imb2,set3,image12,ch2,31,3.2154,3803.3188,260527_N2_imb2_set3_image12_ch2,-29
260527,N2,imb2,set3,image12,ch2,32,3.3226,3792.8376,260527_N2_imb2_set3_image12_ch2,-28
260527,N2,imb2,set3,image12,ch2,33,3.4298,3793.644,260527_N2_imb2_set3_image12_ch2,-27
260527,N2,imb2,set3,image12,ch2,34,3.5369,3787.4614,260527_N2_imb2_set3_image12_ch2,-26
260527,N2,imb2,set3,image12,ch2,35,3.6441,3782.6333,260527_N2_imb2_set3_image12_ch2,-25
260527,N2,imb2,set3,image12,ch2,36,3.7513,3777.6069,260527_N2_imb2_set3_image12_ch2,-24
260527,N2,imb2,set3,image12,ch2,37,3.8585,3773.7905,260527_N2_imb2_set3_image12_ch2,-23
260527,N2,imb2,set3,image12,ch2,38,3.9657,3777.1875,260527_N2_imb2_set3_image12_ch2,-22
260527,N2,imb2,set3,image12,ch2,39,4.0728,3769.1025,260527_N2_imb2_set3_image12_ch2,-21
260527,N2,imb2,set3,image12,ch2,40,4.18,3771.1826,260527_N2_imb2_set3_image12_ch2,-20
260527,N2,imb2,set3,image12,ch2,41,4.2872,3767.8528,260527_N2_imb2_set3_image12_ch2,-19
260527,N2,imb2,set3,image12,ch2,42,4.3944,3768.968,260527_N2_imb2_set3_image12_ch2,-18
260527,N2,imb2,set3,image12,ch2,43,4.5016,3768.4568,260527_N2_imb2_set3_image12_ch2,-17
260527,N2,imb2,set3,image12,ch2,44,4.6087,3775.2339,260527_N2_imb2_set3_image12_ch2,-16
260527,N2,imb2,set3,image12,ch2,45,4.7159,3773.2229,260527_N2_imb2_set3_image12_ch2,-15
260527,N2,imb2,set3,image12,ch2,46,4.8231,3774.4336,260527_N2_imb2_set3_image12_ch2,-14
260527,N2,imb2,set3,image12,ch2,47,4.9303,3787.5254,260527_N2_imb2_set3_image12_ch2,-13
260527,N2,imb2,set3,image12,ch2,48,5.0375,3792.1069,260527_N2_imb2_set3_image12_ch2,-12
260527,N2,imb2,set3,image12,ch2,49,5.1446,3793.9229,260527_N2_imb2_set3_image12_ch2,-11
260527,N2,imb2,set3,image12,ch2,50,5.2518,3797.9409,260527_N2_imb2_set3_image12_ch2,-10
260527,N2,imb2,set3,image12,ch2,51,5.359,3807.5525,260527_N2_imb2_set3_image12_ch2,-9
260527,N2,imb2,set3,image12,ch2,52,5.4662,3809.4873,260527_N2_imb2_set3_image12_ch2,-8
260527,N2,imb2,set3,image12,ch2,53,5.5734,3813.0374,260527_N2_imb2_set3_image12_ch2,-7
260527,N2,imb2,set3,image12,ch2,54,5.6805,3830.3616,260527_N2_imb2_set3_image12_ch2,-6
260527,N2,imb2,set3,image12,ch2,55,5.7877,3843.3704,260527_N2_imb2_set3_image12_ch2,-5
260527,N2,imb2,set3,image12,ch2,56,5.8949,3828.9055,260527_N2_imb2_set3_image12_ch2,-4
260527,N2,imb2,set3,image12,ch2,57,6.0021,3817.4336,260527_N2_imb2_set3_image12_ch2,-3
260527,N2,imb2,set3,image12,ch2,58,6.1093,3802.6655,260527_N2_imb2_set3_image12_ch2,-2
260527,N2,imb2,set3,image12,ch2,59,6.2164,3809.1509,260527_N2_imb2_set3_image12_ch2,-1
260527,N2,imb2,set3,image12,ch2,60,6.3236,3810.5776,260527_N2_imb2_set3_image12_ch2,0
260527,N2,imb2,set3,image12,ch2,61,6.4308,3824.7227,260527_N2_imb2_set3_image12_ch2,1
260527,N2,imb2,set3,image12,ch2,62,6.538,3837.2644,260527_N2_imb2_set3_image12_ch2,2
260527,N2,imb2,set3,image12,ch2,63,6.6452,3864.9089,260527_N2_imb2_set3_image12_ch2,3
260527,N2,imb2,set3,image12,ch2,64,6.7523,3919.1189,260527_N2_imb2_set3_image12_ch2,4
260527,N2,imb2,set3,image12,ch2,65,6.8595,4010.6643,260527_N2_imb2_set3_image12_ch2,5
260527,N2,imb2,set3,image12,ch2,66,6.9667,4045.7002,260527_N2_imb2_set3_image12_ch2,6
260527,N2,imb2,set3,image12,ch2,67,7.0739,3996.3542,260527_N2_imb2_set3_image12_ch2,7
260527,N2,imb2,set3,image12,ch2,68,7.1811,3932.5352,260527_N2_imb2_set3_image12_ch2,8
260527,N2,imb2,set3,image12,ch2,69,7.2882,3905.5623,260527_N2_imb2_set3_image12_ch2,9
260527,N2,imb2,set3,image12,ch2,70,7.3954,3875.7659,260527_N2_imb2_set3_image12_ch2,10
260527,N2,imb2,set3,image12,ch2,71,7.5026,3850.793,260527_N2_imb2_set3_image12_ch2,11
260527,N2,imb2,set3,image12,ch2,72,7.6098,3827.8479,260527_N2_imb2_set3_image12_ch2,12
260527,N2,imb2,set3,image12,ch2,73,7.717,3826.8718,260527_N2_imb2_set3_image12_ch2,13
260527,N2,imb2,set3,image12,ch2,74,7.8241,3825.1267,260527_N2_imb2_set3_image12_ch2,14
260527,N2,imb2,set3,image12,ch2,75,7.9313,3791.4038,260527_N2_imb2_set3_image12_ch2,15
260527,N2,imb2,set3,image12,ch2,76,8.0385,3753.0952,260527_N2_imb2_set3_image12_ch2,16
260527,N2,imb2,set3,image12,ch2,77,8.1457,3759.0647,260527_N2_imb2_set3_image12_ch2,17
260527,N2,imb2,set3,image12,ch2,78,8.2529,3753.8396,260527_N2_imb2_set3_image12_ch2,18
260527,N2,imb2,set3,image12,ch2,79,8.36,3745.4915,260527_N2_imb2_set3_image12_ch2,19
260527,N2,imb2,set3,image12,ch2,80,8.4672,3745.5276,260527_N2_imb2_set3_image12_ch2,20
260527,N2,imb2,set3,image12,ch2,81,8.5744,3710.9912,260527_N2_imb2_set3_image12_ch2,21
260527,N2,imb2,set3,image12,ch2,82,8.6816,3621.5725,260527_N2_imb2_set3_image12_ch2,22
260527,N2,imb2,set3,image12,ch2,83,8.7888,3552.0554,260527_N2_imb2_set3_image12_ch2,23
260527,N2,imb2,set3,image12,ch2,84,8.8959,3518.7219,260527_N2_imb2_set3_image12_ch2,24
260527,N2,imb2,set3,image12,ch2,85,9.0031,3515.1414,260527_N2_imb2_set3_image12_ch2,25
260527,N2,imb2,set3,image12,ch2,86,9.1103,3533.4922,260527_N2_imb2_set3_image12_ch2,26
260527,N2,imb2,set3,image12,ch2,87,9.2175,3603.3081,260527_N2_imb2_set3_image12_ch2,27
260527,N2,imb2,set3,image12,ch2,88,9.3247,3664.958,260527_N2_imb2_set3_image12_ch2,28
260527,N2,imb2,set3,image12,ch2,89,9.4318,3657.5103,260527_N2_imb2_set3_image12_ch2,29
260527,N2,imb2,set3,image12,ch2,90,9.539,3587.6289,260527_N2_imb2_set3_image12_ch2,30
260527,N2,imb2,set3,image12,ch2,91,9.6462,3520.5615,260527_N2_imb2_set3_image12_ch2,31
260527,N2,imb2,set3,image12,ch2,92,9.7534,3496.3357,260527_N2_imb2_set3_image12_ch2,32
260527,N2,imb2,set3,image12,ch2,93,9.8606,3510.5371,260527_N2_imb2_set3_image12_ch2,33
260527,N2,imb2,set3,image12,ch2,94,9.9677,3510.1672,260527_N2_imb2_set3_image12_ch2,34
260527,N2,imb2,set3,image12,ch2,95,10.0749,3485.1321,260527_N2_imb2_set3_image12_ch2,35
260527,N2,imb2,set3,image12,ch2,96,10.1821,3409.7783,260527_N2_imb2_set3_image12_ch2,36
260527,N2,imb2,set3,image12,ch2,97,10.2893,3331.7109,260527_N2_imb2_set3_image12_ch2,37
260527,N2,imb2,set3,image12,ch2,98,10.3965,3280.9578,260527_N2_imb2_set3_image12_ch2,38
260527,N2,imb2,set3,image12,ch2,99,10.5036,3253.0779000000002,260527_N2_imb2_set3_image12_ch2,39
260527,N2,imb2,set3,image12,ch2,100,10.6108,3208.186,260527_N2_imb2_set3_image12_ch2,40
260527,N2,imb2,set3,image12,ch2,101,10.718,3164.636,260527_N2_imb2_set3_image12_ch2,41
260527,N2,imb2,set3,image12,ch2,102,10.8252,3109.8281,260527_N2_imb2_set3_image12_ch2,42
260527,N2,imb2,set3,image12,ch2,103,10.9324,3019.8394,260527_N2_imb2_set3_image12_ch2,43
260527,N2,imb2,set3,image12,ch2,104,11.0395,2921.6851,260527_N2_imb2_set3_image12_ch2,44
260527,N2,imb2,set3,image12,ch2,105,11.1467,2830.365,260527_N2_imb2_set3_image12_ch2,45
260527,N2,imb2,set3,image12,ch2,106,11.2539,2768.0117,260527_N2_imb2_set3_image12_ch2,46
260527,N2,imb2,set3,image12,ch2,107,11.3611,2707.4834,260527_N2_imb2_set3_image12_ch2,47
260527,N2,imb2,set3,image12,ch2,108,11.4683,2646.8254,260527_N2_imb2_set3_image12_ch2,48
260527,N2,imb2,set3,image12,ch2,109,11.5754,2596.4849,260527_N2_imb2_set3_image12_ch2,49
260527,N2,imb2,set3,image12,ch2,110,11.6826,2544.2317,260527_N2_imb2_set3_image12_ch2,50
260527,N2,imb2,set3,image12,ch2,111,11.7898,2503.9004,260527_N2_imb2_set3_image12_ch2,51
260527,N2,imb2,set3,image12,ch2,112,11.897,2479.3645,260527_N2_imb2_set3_image12_ch2,52
260527,N2,imb2,set3,image12,ch2,113,12.0042,2461.0996,260527_N2_imb2_set3_image12_ch2,53
260527,N2,imb2,set3,image12,ch2,114,12.1113,2448.5342,260527_N2_imb2_set3_image12_ch2,54
260527,N2,imb2,set3,image12,ch2,115,12.2185,2413.301,260527_N2_imb2_set3_image12_ch2,55
260527,N2,imb2,set3,image12,ch2,116,12.3257,2355.0066,260527_N2_imb2_set3_image12_ch2,56
260527,N2,imb2,set3,image12,ch2,117,12.4329,2293.0002,260527_N2_imb2_set3_image12_ch2,57
260527,N2,imb2,set3,image12,ch2,118,12.5401,2243.3962,260527_N2_imb2_set3_image12_ch2,58
260527,N2,imb2,set3,image12,ch2,119,NA,NA,260527_N2_imb2_set3_image12_ch2,59
260527,N2,imb2,set3,image13,ch1,1,0,4707.1387,260527_N2_imb2_set3_image13_ch1,-59
260527,N2,imb2,set3,image13,ch1,2,0.1072,4633.5522,260527_N2_imb2_set3_image13_ch1,-58
260527,N2,imb2,set3,image13,ch1,3,0.2144,4564.1475,260527_N2_imb2_set3_image13_ch1,-57
260527,N2,imb2,set3,image13,ch1,4,0.3215,4500.3218,260527_N2_imb2_set3_image13_ch1,-56
260527,N2,imb2,set3,image13,ch1,5,0.4287,4441.9243,260527_N2_imb2_set3_image13_ch1,-55
260527,N2,imb2,set3,image13,ch1,6,0.5359,4366.3521,260527_N2_imb2_set3_image13_ch1,-54
260527,N2,imb2,set3,image13,ch1,7,0.6431,4293.1431,260527_N2_imb2_set3_image13_ch1,-53
260527,N2,imb2,set3,image13,ch1,8,0.7503,4220.6108,260527_N2_imb2_set3_image13_ch1,-52
260527,N2,imb2,set3,image13,ch1,9,0.8574,4160.7329,260527_N2_imb2_set3_image13_ch1,-51
260527,N2,imb2,set3,image13,ch1,10,0.9646,4133.667,260527_N2_imb2_set3_image13_ch1,-50
260527,N2,imb2,set3,image13,ch1,11,1.0718,4100.0229,260527_N2_imb2_set3_image13_ch1,-49
260527,N2,imb2,set3,image13,ch1,12,1.179,4064.5144,260527_N2_imb2_set3_image13_ch1,-48
260527,N2,imb2,set3,image13,ch1,13,1.2862,4026.8308,260527_N2_imb2_set3_image13_ch1,-47
260527,N2,imb2,set3,image13,ch1,14,1.3933,3990.1108,260527_N2_imb2_set3_image13_ch1,-46
260527,N2,imb2,set3,image13,ch1,15,1.5005,3954.6609,260527_N2_imb2_set3_image13_ch1,-45
260527,N2,imb2,set3,image13,ch1,16,1.6077,3921.0046,260527_N2_imb2_set3_image13_ch1,-44
260527,N2,imb2,set3,image13,ch1,17,1.7149,3895.7686,260527_N2_imb2_set3_image13_ch1,-43
260527,N2,imb2,set3,image13,ch1,18,1.8221,3862.9602,260527_N2_imb2_set3_image13_ch1,-42
260527,N2,imb2,set3,image13,ch1,19,1.9292,3829.8755,260527_N2_imb2_set3_image13_ch1,-41
260527,N2,imb2,set3,image13,ch1,20,2.0364,3806.928,260527_N2_imb2_set3_image13_ch1,-40
260527,N2,imb2,set3,image13,ch1,21,2.1436,3781.6335,260527_N2_imb2_set3_image13_ch1,-39
260527,N2,imb2,set3,image13,ch1,22,2.2508,3759.8508,260527_N2_imb2_set3_image13_ch1,-38
260527,N2,imb2,set3,image13,ch1,23,2.358,3748.2566,260527_N2_imb2_set3_image13_ch1,-37
260527,N2,imb2,set3,image13,ch1,24,2.4651,3741.2346,260527_N2_imb2_set3_image13_ch1,-36
260527,N2,imb2,set3,image13,ch1,25,2.5723,3720.397,260527_N2_imb2_set3_image13_ch1,-35
260527,N2,imb2,set3,image13,ch1,26,2.6795,3705.3875,260527_N2_imb2_set3_image13_ch1,-34
260527,N2,imb2,set3,image13,ch1,27,2.7867,3696.1318,260527_N2_imb2_set3_image13_ch1,-33
260527,N2,imb2,set3,image13,ch1,28,2.8939,3691.9575,260527_N2_imb2_set3_image13_ch1,-32
260527,N2,imb2,set3,image13,ch1,29,3.001,3684.9583,260527_N2_imb2_set3_image13_ch1,-31
260527,N2,imb2,set3,image13,ch1,30,3.1082,3672.5176,260527_N2_imb2_set3_image13_ch1,-30
260527,N2,imb2,set3,image13,ch1,31,3.2154,3672.5918,260527_N2_imb2_set3_image13_ch1,-29
260527,N2,imb2,set3,image13,ch1,32,3.3226,3668.8767,260527_N2_imb2_set3_image13_ch1,-28
260527,N2,imb2,set3,image13,ch1,33,3.4298,3667.7156,260527_N2_imb2_set3_image13_ch1,-27
260527,N2,imb2,set3,image13,ch1,34,3.5369,3668.4753,260527_N2_imb2_set3_image13_ch1,-26
260527,N2,imb2,set3,image13,ch1,35,3.6441,3661.9551,260527_N2_imb2_set3_image13_ch1,-25
260527,N2,imb2,set3,image13,ch1,36,3.7513,3655.7737,260527_N2_imb2_set3_image13_ch1,-24
260527,N2,imb2,set3,image13,ch1,37,3.8585,3667.46,260527_N2_imb2_set3_image13_ch1,-23
260527,N2,imb2,set3,image13,ch1,38,3.9657,3680.8706,260527_N2_imb2_set3_image13_ch1,-22
260527,N2,imb2,set3,image13,ch1,39,4.0728,3684.0269,260527_N2_imb2_set3_image13_ch1,-21
260527,N2,imb2,set3,image13,ch1,40,4.18,3699.9194,260527_N2_imb2_set3_image13_ch1,-20
260527,N2,imb2,set3,image13,ch1,41,4.2872,3712.6597,260527_N2_imb2_set3_image13_ch1,-19
260527,N2,imb2,set3,image13,ch1,42,4.3944,3733.2358,260527_N2_imb2_set3_image13_ch1,-18
260527,N2,imb2,set3,image13,ch1,43,4.5016,3755.9424,260527_N2_imb2_set3_image13_ch1,-17
260527,N2,imb2,set3,image13,ch1,44,4.6087,3773.3262,260527_N2_imb2_set3_image13_ch1,-16
260527,N2,imb2,set3,image13,ch1,45,4.7159,3797.8796,260527_N2_imb2_set3_image13_ch1,-15
260527,N2,imb2,set3,image13,ch1,46,4.8231,3825.4534,260527_N2_imb2_set3_image13_ch1,-14
260527,N2,imb2,set3,image13,ch1,47,4.9303,3854.741,260527_N2_imb2_set3_image13_ch1,-13
260527,N2,imb2,set3,image13,ch1,48,5.0375,3897.4182,260527_N2_imb2_set3_image13_ch1,-12
260527,N2,imb2,set3,image13,ch1,49,5.1446,3922.1018,260527_N2_imb2_set3_image13_ch1,-11
260527,N2,imb2,set3,image13,ch1,50,5.2518,3959.4783,260527_N2_imb2_set3_image13_ch1,-10
260527,N2,imb2,set3,image13,ch1,51,5.359,3995.7942,260527_N2_imb2_set3_image13_ch1,-9
260527,N2,imb2,set3,image13,ch1,52,5.4662,4033.04,260527_N2_imb2_set3_image13_ch1,-8
260527,N2,imb2,set3,image13,ch1,53,5.5734,4075.0261,260527_N2_imb2_set3_image13_ch1,-7
260527,N2,imb2,set3,image13,ch1,54,5.6805,4131.0391,260527_N2_imb2_set3_image13_ch1,-6
260527,N2,imb2,set3,image13,ch1,55,5.7877,4223.4214,260527_N2_imb2_set3_image13_ch1,-5
260527,N2,imb2,set3,image13,ch1,56,5.8949,4314.6377,260527_N2_imb2_set3_image13_ch1,-4
260527,N2,imb2,set3,image13,ch1,57,6.0021,4427.9893,260527_N2_imb2_set3_image13_ch1,-3
260527,N2,imb2,set3,image13,ch1,58,6.1093,4534.6016,260527_N2_imb2_set3_image13_ch1,-2
260527,N2,imb2,set3,image13,ch1,59,6.2164,4645.8999,260527_N2_imb2_set3_image13_ch1,-1
260527,N2,imb2,set3,image13,ch1,60,6.3236,4749.7236,260527_N2_imb2_set3_image13_ch1,0
260527,N2,imb2,set3,image13,ch1,61,6.4308,4836.0376,260527_N2_imb2_set3_image13_ch1,1
260527,N2,imb2,set3,image13,ch1,62,6.538,4929.1836,260527_N2_imb2_set3_image13_ch1,2
260527,N2,imb2,set3,image13,ch1,63,6.6452,5002.1855,260527_N2_imb2_set3_image13_ch1,3
260527,N2,imb2,set3,image13,ch1,64,6.7523,5062.0396,260527_N2_imb2_set3_image13_ch1,4
260527,N2,imb2,set3,image13,ch1,65,6.8595,5073.7007,260527_N2_imb2_set3_image13_ch1,5
260527,N2,imb2,set3,image13,ch1,66,6.9667,5009.5557,260527_N2_imb2_set3_image13_ch1,6
260527,N2,imb2,set3,image13,ch1,67,7.0739,4892.46,260527_N2_imb2_set3_image13_ch1,7
260527,N2,imb2,set3,image13,ch1,68,7.1811,4742.7593,260527_N2_imb2_set3_image13_ch1,8
260527,N2,imb2,set3,image13,ch1,69,7.2882,4587.8184,260527_N2_imb2_set3_image13_ch1,9
260527,N2,imb2,set3,image13,ch1,70,7.3954,4475.0806,260527_N2_imb2_set3_image13_ch1,10
260527,N2,imb2,set3,image13,ch1,71,7.5026,4400.313,260527_N2_imb2_set3_image13_ch1,11
260527,N2,imb2,set3,image13,ch1,72,7.6098,4322.7026,260527_N2_imb2_set3_image13_ch1,12
260527,N2,imb2,set3,image13,ch1,73,7.717,4252.4766,260527_N2_imb2_set3_image13_ch1,13
260527,N2,imb2,set3,image13,ch1,74,7.8241,4168.7754,260527_N2_imb2_set3_image13_ch1,14
260527,N2,imb2,set3,image13,ch1,75,7.9313,4083.594,260527_N2_imb2_set3_image13_ch1,15
260527,N2,imb2,set3,image13,ch1,76,8.0385,3988.9316,260527_N2_imb2_set3_image13_ch1,16
260527,N2,imb2,set3,image13,ch1,77,8.1457,3901.8745,260527_N2_imb2_set3_image13_ch1,17
260527,N2,imb2,set3,image13,ch1,78,8.2529,3830.9661,260527_N2_imb2_set3_image13_ch1,18
260527,N2,imb2,set3,image13,ch1,79,8.36,3768.8892,260527_N2_imb2_set3_image13_ch1,19
260527,N2,imb2,set3,image13,ch1,80,8.4672,3742.9172,260527_N2_imb2_set3_image13_ch1,20
260527,N2,imb2,set3,image13,ch1,81,8.5744,3725.5979,260527_N2_imb2_set3_image13_ch1,21
260527,N2,imb2,set3,image13,ch1,82,8.6816,3710.6184,260527_N2_imb2_set3_image13_ch1,22
260527,N2,imb2,set3,image13,ch1,83,8.7888,3685.0806,260527_N2_imb2_set3_image13_ch1,23
260527,N2,imb2,set3,image13,ch1,84,8.8959,3660.0281,260527_N2_imb2_set3_image13_ch1,24
260527,N2,imb2,set3,image13,ch1,85,9.0031,3634.8323,260527_N2_imb2_set3_image13_ch1,25
260527,N2,imb2,set3,image13,ch1,86,9.1103,3606.6421,260527_N2_imb2_set3_image13_ch1,26
260527,N2,imb2,set3,image13,ch1,87,9.2175,3594.7664,260527_N2_imb2_set3_image13_ch1,27
260527,N2,imb2,set3,image13,ch1,88,9.3247,3591.6255,260527_N2_imb2_set3_image13_ch1,28
260527,N2,imb2,set3,image13,ch1,89,9.4318,3594.3354,260527_N2_imb2_set3_image13_ch1,29
260527,N2,imb2,set3,image13,ch1,90,9.539,3585.2361,260527_N2_imb2_set3_image13_ch1,30
260527,N2,imb2,set3,image13,ch1,91,9.6462,3568.4138,260527_N2_imb2_set3_image13_ch1,31
260527,N2,imb2,set3,image13,ch1,92,9.7534,3531.3567,260527_N2_imb2_set3_image13_ch1,32
260527,N2,imb2,set3,image13,ch1,93,9.8606,3470.5181,260527_N2_imb2_set3_image13_ch1,33
260527,N2,imb2,set3,image13,ch1,94,9.9677,3389.782,260527_N2_imb2_set3_image13_ch1,34
260527,N2,imb2,set3,image13,ch1,95,10.0749,3343.0256,260527_N2_imb2_set3_image13_ch1,35
260527,N2,imb2,set3,image13,ch1,96,10.1821,3301.6328,260527_N2_imb2_set3_image13_ch1,36
260527,N2,imb2,set3,image13,ch1,97,10.2893,3265.1729,260527_N2_imb2_set3_image13_ch1,37
260527,N2,imb2,set3,image13,ch1,98,10.3965,3233.124,260527_N2_imb2_set3_image13_ch1,38
260527,N2,imb2,set3,image13,ch1,99,10.5036,3199.5188,260527_N2_imb2_set3_image13_ch1,39
260527,N2,imb2,set3,image13,ch1,100,10.6108,3154.4211,260527_N2_imb2_set3_image13_ch1,40
260527,N2,imb2,set3,image13,ch1,101,10.718,3100.2217,260527_N2_imb2_set3_image13_ch1,41
260527,N2,imb2,set3,image13,ch1,102,10.8252,3055.7158,260527_N2_imb2_set3_image13_ch1,42
260527,N2,imb2,set3,image13,ch1,103,10.9324,3029.5808,260527_N2_imb2_set3_image13_ch1,43
260527,N2,imb2,set3,image13,ch1,104,11.0395,3001.3567,260527_N2_imb2_set3_image13_ch1,44
260527,N2,imb2,set3,image13,ch1,105,11.1467,2976.6033,260527_N2_imb2_set3_image13_ch1,45
260527,N2,imb2,set3,image13,ch1,106,11.2539,2941.8271,260527_N2_imb2_set3_image13_ch1,46
260527,N2,imb2,set3,image13,ch1,107,11.3611,2905.5029,260527_N2_imb2_set3_image13_ch1,47
260527,N2,imb2,set3,image13,ch1,108,11.4683,2866.7581,260527_N2_imb2_set3_image13_ch1,48
260527,N2,imb2,set3,image13,ch1,109,11.5754,2824.0125,260527_N2_imb2_set3_image13_ch1,49
260527,N2,imb2,set3,image13,ch1,110,11.6826,2772.6003,260527_N2_imb2_set3_image13_ch1,50
260527,N2,imb2,set3,image13,ch1,111,11.7898,2723.512,260527_N2_imb2_set3_image13_ch1,51
260527,N2,imb2,set3,image13,ch1,112,11.897,2684.6396,260527_N2_imb2_set3_image13_ch1,52
260527,N2,imb2,set3,image13,ch1,113,12.0042,2655.4373,260527_N2_imb2_set3_image13_ch1,53
260527,N2,imb2,set3,image13,ch1,114,12.1113,2634.8674,260527_N2_imb2_set3_image13_ch1,54
260527,N2,imb2,set3,image13,ch1,115,12.2185,2611.1204,260527_N2_imb2_set3_image13_ch1,55
260527,N2,imb2,set3,image13,ch1,116,12.3257,2596.1377,260527_N2_imb2_set3_image13_ch1,56
260527,N2,imb2,set3,image13,ch1,117,12.4329,2574.6875,260527_N2_imb2_set3_image13_ch1,57
260527,N2,imb2,set3,image13,ch1,118,12.5401,2549.6836,260527_N2_imb2_set3_image13_ch1,58
260527,N2,imb2,set3,image13,ch1,119,NA,NA,260527_N2_imb2_set3_image13_ch1,59
260527,N2,imb2,set3,image13,ch2,1,0,3850.3567,260527_N2_imb2_set3_image13_ch2,-59
260527,N2,imb2,set3,image13,ch2,2,0.1072,3837.0518,260527_N2_imb2_set3_image13_ch2,-58
260527,N2,imb2,set3,image13,ch2,3,0.2144,3833.1816,260527_N2_imb2_set3_image13_ch2,-57
260527,N2,imb2,set3,image13,ch2,4,0.3215,3819.03,260527_N2_imb2_set3_image13_ch2,-56
260527,N2,imb2,set3,image13,ch2,5,0.4287,3820.7393,260527_N2_imb2_set3_image13_ch2,-55
260527,N2,imb2,set3,image13,ch2,6,0.5359,3825.582,260527_N2_imb2_set3_image13_ch2,-54
260527,N2,imb2,set3,image13,ch2,7,0.6431,3828.5991,260527_N2_imb2_set3_image13_ch2,-53
260527,N2,imb2,set3,image13,ch2,8,0.7503,3844.2986,260527_N2_imb2_set3_image13_ch2,-52
260527,N2,imb2,set3,image13,ch2,9,0.8574,3845.3259,260527_N2_imb2_set3_image13_ch2,-51
260527,N2,imb2,set3,image13,ch2,10,0.9646,3857.939,260527_N2_imb2_set3_image13_ch2,-50
260527,N2,imb2,set3,image13,ch2,11,1.0718,3863.8086,260527_N2_imb2_set3_image13_ch2,-49
260527,N2,imb2,set3,image13,ch2,12,1.179,3885.7219,260527_N2_imb2_set3_image13_ch2,-48
260527,N2,imb2,set3,image13,ch2,13,1.2862,3904.8806,260527_N2_imb2_set3_image13_ch2,-47
260527,N2,imb2,set3,image13,ch2,14,1.3933,3912.9385,260527_N2_imb2_set3_image13_ch2,-46
260527,N2,imb2,set3,image13,ch2,15,1.5005,3918.8027,260527_N2_imb2_set3_image13_ch2,-45
260527,N2,imb2,set3,image13,ch2,16,1.6077,3927.3555,260527_N2_imb2_set3_image13_ch2,-44
260527,N2,imb2,set3,image13,ch2,17,1.7149,3911.0068,260527_N2_imb2_set3_image13_ch2,-43
260527,N2,imb2,set3,image13,ch2,18,1.8221,3881.8608,260527_N2_imb2_set3_image13_ch2,-42
260527,N2,imb2,set3,image13,ch2,19,1.9292,3868.811,260527_N2_imb2_set3_image13_ch2,-41
260527,N2,imb2,set3,image13,ch2,20,2.0364,3860.2603,260527_N2_imb2_set3_image13_ch2,-40
260527,N2,imb2,set3,image13,ch2,21,2.1436,3849.4067,260527_N2_imb2_set3_image13_ch2,-39
260527,N2,imb2,set3,image13,ch2,22,2.2508,3847.8013,260527_N2_imb2_set3_image13_ch2,-38
260527,N2,imb2,set3,image13,ch2,23,2.358,3835.0791,260527_N2_imb2_set3_image13_ch2,-37
260527,N2,imb2,set3,image13,ch2,24,2.4651,3832.0493,260527_N2_imb2_set3_image13_ch2,-36
260527,N2,imb2,set3,image13,ch2,25,2.5723,3825.739,260527_N2_imb2_set3_image13_ch2,-35
260527,N2,imb2,set3,image13,ch2,26,2.6795,3821.5796,260527_N2_imb2_set3_image13_ch2,-34
260527,N2,imb2,set3,image13,ch2,27,2.7867,3809.084,260527_N2_imb2_set3_image13_ch2,-33
260527,N2,imb2,set3,image13,ch2,28,2.8939,3805.9358,260527_N2_imb2_set3_image13_ch2,-32
260527,N2,imb2,set3,image13,ch2,29,3.001,3800.5896,260527_N2_imb2_set3_image13_ch2,-31
260527,N2,imb2,set3,image13,ch2,30,3.1082,3804.1904,260527_N2_imb2_set3_image13_ch2,-30
260527,N2,imb2,set3,image13,ch2,31,3.2154,3798.8267,260527_N2_imb2_set3_image13_ch2,-29
260527,N2,imb2,set3,image13,ch2,32,3.3226,3800.6204,260527_N2_imb2_set3_image13_ch2,-28
260527,N2,imb2,set3,image13,ch2,33,3.4298,3801.4202,260527_N2_imb2_set3_image13_ch2,-27
260527,N2,imb2,set3,image13,ch2,34,3.5369,3793.8354,260527_N2_imb2_set3_image13_ch2,-26
260527,N2,imb2,set3,image13,ch2,35,3.6441,3794.6216,260527_N2_imb2_set3_image13_ch2,-25
260527,N2,imb2,set3,image13,ch2,36,3.7513,3797.9253,260527_N2_imb2_set3_image13_ch2,-24
260527,N2,imb2,set3,image13,ch2,37,3.8585,3806.4568,260527_N2_imb2_set3_image13_ch2,-23
260527,N2,imb2,set3,image13,ch2,38,3.9657,3811.2983,260527_N2_imb2_set3_image13_ch2,-22
260527,N2,imb2,set3,image13,ch2,39,4.0728,3814.4951,260527_N2_imb2_set3_image13_ch2,-21
260527,N2,imb2,set3,image13,ch2,40,4.18,3824.6533,260527_N2_imb2_set3_image13_ch2,-20
260527,N2,imb2,set3,image13,ch2,41,4.2872,3831.6394,260527_N2_imb2_set3_image13_ch2,-19
260527,N2,imb2,set3,image13,ch2,42,4.3944,3838.7964,260527_N2_imb2_set3_image13_ch2,-18
260527,N2,imb2,set3,image13,ch2,43,4.5016,3850.3826,260527_N2_imb2_set3_image13_ch2,-17
260527,N2,imb2,set3,image13,ch2,44,4.6087,3855.0842,260527_N2_imb2_set3_image13_ch2,-16
260527,N2,imb2,set3,image13,ch2,45,4.7159,3868.3821,260527_N2_imb2_set3_image13_ch2,-15
260527,N2,imb2,set3,image13,ch2,46,4.8231,3885.7852,260527_N2_imb2_set3_image13_ch2,-14
260527,N2,imb2,set3,image13,ch2,47,4.9303,3889.7104,260527_N2_imb2_set3_image13_ch2,-13
260527,N2,imb2,set3,image13,ch2,48,5.0375,3903.895,260527_N2_imb2_set3_image13_ch2,-12
260527,N2,imb2,set3,image13,ch2,49,5.1446,3917.7727,260527_N2_imb2_set3_image13_ch2,-11
260527,N2,imb2,set3,image13,ch2,50,5.2518,3934.3765,260527_N2_imb2_set3_image13_ch2,-10
260527,N2,imb2,set3,image13,ch2,51,5.359,3945.4634,260527_N2_imb2_set3_image13_ch2,-9
260527,N2,imb2,set3,image13,ch2,52,5.4662,3961.6411,260527_N2_imb2_set3_image13_ch2,-8
260527,N2,imb2,set3,image13,ch2,53,5.5734,3986.3823,260527_N2_imb2_set3_image13_ch2,-7
260527,N2,imb2,set3,image13,ch2,54,5.6805,4010.1348,260527_N2_imb2_set3_image13_ch2,-6
260527,N2,imb2,set3,image13,ch2,55,5.7877,4040.5371,260527_N2_imb2_set3_image13_ch2,-5
260527,N2,imb2,set3,image13,ch2,56,5.8949,4059.616,260527_N2_imb2_set3_image13_ch2,-4
260527,N2,imb2,set3,image13,ch2,57,6.0021,4075.6914,260527_N2_imb2_set3_image13_ch2,-3
260527,N2,imb2,set3,image13,ch2,58,6.1093,4094.2427,260527_N2_imb2_set3_image13_ch2,-2
260527,N2,imb2,set3,image13,ch2,59,6.2164,4102.8926,260527_N2_imb2_set3_image13_ch2,-1
260527,N2,imb2,set3,image13,ch2,60,6.3236,4115.1689,260527_N2_imb2_set3_image13_ch2,0
260527,N2,imb2,set3,image13,ch2,61,6.4308,4125.2056,260527_N2_imb2_set3_image13_ch2,1
260527,N2,imb2,set3,image13,ch2,62,6.538,4134.4048,260527_N2_imb2_set3_image13_ch2,2
260527,N2,imb2,set3,image13,ch2,63,6.6452,4146.5444,260527_N2_imb2_set3_image13_ch2,3
260527,N2,imb2,set3,image13,ch2,64,6.7523,4150.0986,260527_N2_imb2_set3_image13_ch2,4
260527,N2,imb2,set3,image13,ch2,65,6.8595,4149.2705,260527_N2_imb2_set3_image13_ch2,5
260527,N2,imb2,set3,image13,ch2,66,6.9667,4140.2671,260527_N2_imb2_set3_image13_ch2,6
260527,N2,imb2,set3,image13,ch2,67,7.0739,4138.9375,260527_N2_imb2_set3_image13_ch2,7
260527,N2,imb2,set3,image13,ch2,68,7.1811,4132.9141,260527_N2_imb2_set3_image13_ch2,8
260527,N2,imb2,set3,image13,ch2,69,7.2882,4133.0796,260527_N2_imb2_set3_image13_ch2,9
260527,N2,imb2,set3,image13,ch2,70,7.3954,4129.5166,260527_N2_imb2_set3_image13_ch2,10
260527,N2,imb2,set3,image13,ch2,71,7.5026,4127.7007,260527_N2_imb2_set3_image13_ch2,11
260527,N2,imb2,set3,image13,ch2,72,7.6098,4122.3491,260527_N2_imb2_set3_image13_ch2,12
260527,N2,imb2,set3,image13,ch2,73,7.717,4120.5273,260527_N2_imb2_set3_image13_ch2,13
260527,N2,imb2,set3,image13,ch2,74,7.8241,4122.3428,260527_N2_imb2_set3_image13_ch2,14
260527,N2,imb2,set3,image13,ch2,75,7.9313,4127.3403,260527_N2_imb2_set3_image13_ch2,15
260527,N2,imb2,set3,image13,ch2,76,8.0385,4134.2163,260527_N2_imb2_set3_image13_ch2,16
260527,N2,imb2,set3,image13,ch2,77,8.1457,4119.4956,260527_N2_imb2_set3_image13_ch2,17
260527,N2,imb2,set3,image13,ch2,78,8.2529,4096.9395,260527_N2_imb2_set3_image13_ch2,18
260527,N2,imb2,set3,image13,ch2,79,8.36,4064.6125,260527_N2_imb2_set3_image13_ch2,19
260527,N2,imb2,set3,image13,ch2,80,8.4672,4047.239,260527_N2_imb2_set3_image13_ch2,20
260527,N2,imb2,set3,image13,ch2,81,8.5744,4028.1616,260527_N2_imb2_set3_image13_ch2,21
260527,N2,imb2,set3,image13,ch2,82,8.6816,4027.5024,260527_N2_imb2_set3_image13_ch2,22
260527,N2,imb2,set3,image13,ch2,83,8.7888,4017.373,260527_N2_imb2_set3_image13_ch2,23
260527,N2,imb2,set3,image13,ch2,84,8.8959,4011.0476,260527_N2_imb2_set3_image13_ch2,24
260527,N2,imb2,set3,image13,ch2,85,9.0031,4011.3762,260527_N2_imb2_set3_image13_ch2,25
260527,N2,imb2,set3,image13,ch2,86,9.1103,4032.3391,260527_N2_imb2_set3_image13_ch2,26
260527,N2,imb2,set3,image13,ch2,87,9.2175,4056.3042,260527_N2_imb2_set3_image13_ch2,27
260527,N2,imb2,set3,image13,ch2,88,9.3247,4096.0913,260527_N2_imb2_set3_image13_ch2,28
260527,N2,imb2,set3,image13,ch2,89,9.4318,4109.4863,260527_N2_imb2_set3_image13_ch2,29
260527,N2,imb2,set3,image13,ch2,90,9.539,4098.3042,260527_N2_imb2_set3_image13_ch2,30
260527,N2,imb2,set3,image13,ch2,91,9.6462,4062.4954,260527_N2_imb2_set3_image13_ch2,31
260527,N2,imb2,set3,image13,ch2,92,9.7534,3987.9636,260527_N2_imb2_set3_image13_ch2,32
260527,N2,imb2,set3,image13,ch2,93,9.8606,3935.5742,260527_N2_imb2_set3_image13_ch2,33
260527,N2,imb2,set3,image13,ch2,94,9.9677,3887.281,260527_N2_imb2_set3_image13_ch2,34
260527,N2,imb2,set3,image13,ch2,95,10.0749,3843.4043,260527_N2_imb2_set3_image13_ch2,35
260527,N2,imb2,set3,image13,ch2,96,10.1821,3801.1558,260527_N2_imb2_set3_image13_ch2,36
260527,N2,imb2,set3,image13,ch2,97,10.2893,3749.0376,260527_N2_imb2_set3_image13_ch2,37
260527,N2,imb2,set3,image13,ch2,98,10.3965,3703.1804,260527_N2_imb2_set3_image13_ch2,38
260527,N2,imb2,set3,image13,ch2,99,10.5036,3660.7017,260527_N2_imb2_set3_image13_ch2,39
260527,N2,imb2,set3,image13,ch2,100,10.6108,3628.3828,260527_N2_imb2_set3_image13_ch2,40
260527,N2,imb2,set3,image13,ch2,101,10.718,3607.8323,260527_N2_imb2_set3_image13_ch2,41
260527,N2,imb2,set3,image13,ch2,102,10.8252,3586.5178,260527_N2_imb2_set3_image13_ch2,42
260527,N2,imb2,set3,image13,ch2,103,10.9324,3579.9277,260527_N2_imb2_set3_image13_ch2,43
260527,N2,imb2,set3,image13,ch2,104,11.0395,3608.9197,260527_N2_imb2_set3_image13_ch2,44
260527,N2,imb2,set3,image13,ch2,105,11.1467,3648.2112,260527_N2_imb2_set3_image13_ch2,45
260527,N2,imb2,set3,image13,ch2,106,11.2539,3675.6865,260527_N2_imb2_set3_image13_ch2,46
260527,N2,imb2,set3,image13,ch2,107,11.3611,3687.52,260527_N2_imb2_set3_image13_ch2,47
260527,N2,imb2,set3,image13,ch2,108,11.4683,3672.7007,260527_N2_imb2_set3_image13_ch2,48
260527,N2,imb2,set3,image13,ch2,109,11.5754,3615.3997,260527_N2_imb2_set3_image13_ch2,49
260527,N2,imb2,set3,image13,ch2,110,11.6826,3558.6741,260527_N2_imb2_set3_image13_ch2,50
260527,N2,imb2,set3,image13,ch2,111,11.7898,3482.9651,260527_N2_imb2_set3_image13_ch2,51
260527,N2,imb2,set3,image13,ch2,112,11.897,3407.0225,260527_N2_imb2_set3_image13_ch2,52
260527,N2,imb2,set3,image13,ch2,113,12.0042,3353.2551,260527_N2_imb2_set3_image13_ch2,53
260527,N2,imb2,set3,image13,ch2,114,12.1113,3319.9453,260527_N2_imb2_set3_image13_ch2,54
260527,N2,imb2,set3,image13,ch2,115,12.2185,3291.8489,260527_N2_imb2_set3_image13_ch2,55
260527,N2,imb2,set3,image13,ch2,116,12.3257,3244.9055,260527_N2_imb2_set3_image13_ch2,56
260527,N2,imb2,set3,image13,ch2,117,12.4329,3164.7712,260527_N2_imb2_set3_image13_ch2,57
260527,N2,imb2,set3,image13,ch2,118,12.5401,3077.6931,260527_N2_imb2_set3_image13_ch2,58
260527,N2,imb2,set3,image13,ch2,119,NA,NA,260527_N2_imb2_set3_image13_ch2,59
260527,N2,imb2,set3,image14,ch1,1,0,4652.8682,260527_N2_imb2_set3_image14_ch1,-59
260527,N2,imb2,set3,image14,ch1,2,0.1072,4654.6899,260527_N2_imb2_set3_image14_ch1,-58
260527,N2,imb2,set3,image14,ch1,3,0.2144,4671.373,260527_N2_imb2_set3_image14_ch1,-57
260527,N2,imb2,set3,image14,ch1,4,0.3215,4679.9805,260527_N2_imb2_set3_image14_ch1,-56
260527,N2,imb2,set3,image14,ch1,5,0.4287,4687.9629,260527_N2_imb2_set3_image14_ch1,-55
260527,N2,imb2,set3,image14,ch1,6,0.5359,4704.7993,260527_N2_imb2_set3_image14_ch1,-54
260527,N2,imb2,set3,image14,ch1,7,0.6431,4713.4746,260527_N2_imb2_set3_image14_ch1,-53
260527,N2,imb2,set3,image14,ch1,8,0.7503,4734.5444,260527_N2_imb2_set3_image14_ch1,-52
260527,N2,imb2,set3,image14,ch1,9,0.8574,4761.6382,260527_N2_imb2_set3_image14_ch1,-51
260527,N2,imb2,set3,image14,ch1,10,0.9646,4761.4502,260527_N2_imb2_set3_image14_ch1,-50
260527,N2,imb2,set3,image14,ch1,11,1.0718,4740.3213,260527_N2_imb2_set3_image14_ch1,-49
260527,N2,imb2,set3,image14,ch1,12,1.179,4693.4507,260527_N2_imb2_set3_image14_ch1,-48
260527,N2,imb2,set3,image14,ch1,13,1.2862,4634.0029,260527_N2_imb2_set3_image14_ch1,-47
260527,N2,imb2,set3,image14,ch1,14,1.3933,4592.0483,260527_N2_imb2_set3_image14_ch1,-46
260527,N2,imb2,set3,image14,ch1,15,1.5005,4555.0117,260527_N2_imb2_set3_image14_ch1,-45
260527,N2,imb2,set3,image14,ch1,16,1.6077,4529.3149,260527_N2_imb2_set3_image14_ch1,-44
260527,N2,imb2,set3,image14,ch1,17,1.7149,4526.6929,260527_N2_imb2_set3_image14_ch1,-43
260527,N2,imb2,set3,image14,ch1,18,1.8221,4510.2031,260527_N2_imb2_set3_image14_ch1,-42
260527,N2,imb2,set3,image14,ch1,19,1.9292,4494.0762,260527_N2_imb2_set3_image14_ch1,-41
260527,N2,imb2,set3,image14,ch1,20,2.0364,4483.5698,260527_N2_imb2_set3_image14_ch1,-40
260527,N2,imb2,set3,image14,ch1,21,2.1436,4471.0283,260527_N2_imb2_set3_image14_ch1,-39
260527,N2,imb2,set3,image14,ch1,22,2.2508,4465.2515,260527_N2_imb2_set3_image14_ch1,-38
260527,N2,imb2,set3,image14,ch1,23,2.358,4462.7412,260527_N2_imb2_set3_image14_ch1,-37
260527,N2,imb2,set3,image14,ch1,24,2.4651,4464.8047,260527_N2_imb2_set3_image14_ch1,-36
260527,N2,imb2,set3,image14,ch1,25,2.5723,4470.6167,260527_N2_imb2_set3_image14_ch1,-35
260527,N2,imb2,set3,image14,ch1,26,2.6795,4479.6646,260527_N2_imb2_set3_image14_ch1,-34
260527,N2,imb2,set3,image14,ch1,27,2.7867,4480.5142,260527_N2_imb2_set3_image14_ch1,-33
260527,N2,imb2,set3,image14,ch1,28,2.8939,4500.7964,260527_N2_imb2_set3_image14_ch1,-32
260527,N2,imb2,set3,image14,ch1,29,3.001,4505.4155,260527_N2_imb2_set3_image14_ch1,-31
260527,N2,imb2,set3,image14,ch1,30,3.1082,4521.5273,260527_N2_imb2_set3_image14_ch1,-30
260527,N2,imb2,set3,image14,ch1,31,3.2154,4534.813,260527_N2_imb2_set3_image14_ch1,-29
260527,N2,imb2,set3,image14,ch1,32,3.3226,4551.0132,260527_N2_imb2_set3_image14_ch1,-28
260527,N2,imb2,set3,image14,ch1,33,3.4298,4568.6377,260527_N2_imb2_set3_image14_ch1,-27
260527,N2,imb2,set3,image14,ch1,34,3.5369,4582.0986,260527_N2_imb2_set3_image14_ch1,-26
260527,N2,imb2,set3,image14,ch1,35,3.6441,4597.7632,260527_N2_imb2_set3_image14_ch1,-25
260527,N2,imb2,set3,image14,ch1,36,3.7513,4618.4043,260527_N2_imb2_set3_image14_ch1,-24
260527,N2,imb2,set3,image14,ch1,37,3.8585,4651.3643,260527_N2_imb2_set3_image14_ch1,-23
260527,N2,imb2,set3,image14,ch1,38,3.9657,4682.2163,260527_N2_imb2_set3_image14_ch1,-22
260527,N2,imb2,set3,image14,ch1,39,4.0728,4709.0078,260527_N2_imb2_set3_image14_ch1,-21
260527,N2,imb2,set3,image14,ch1,40,4.18,4737.2266,260527_N2_imb2_set3_image14_ch1,-20
260527,N2,imb2,set3,image14,ch1,41,4.2872,4784.1875,260527_N2_imb2_set3_image14_ch1,-19
260527,N2,imb2,set3,image14,ch1,42,4.3944,4827.4111,260527_N2_imb2_set3_image14_ch1,-18
260527,N2,imb2,set3,image14,ch1,43,4.5016,4868.0796,260527_N2_imb2_set3_image14_ch1,-17
260527,N2,imb2,set3,image14,ch1,44,4.6087,4920.9795,260527_N2_imb2_set3_image14_ch1,-16
260527,N2,imb2,set3,image14,ch1,45,4.7159,4987.0674,260527_N2_imb2_set3_image14_ch1,-15
260527,N2,imb2,set3,image14,ch1,46,4.8231,5079.896,260527_N2_imb2_set3_image14_ch1,-14
260527,N2,imb2,set3,image14,ch1,47,4.9303,5180.7534,260527_N2_imb2_set3_image14_ch1,-13
260527,N2,imb2,set3,image14,ch1,48,5.0375,5291.2695,260527_N2_imb2_set3_image14_ch1,-12
260527,N2,imb2,set3,image14,ch1,49,5.1446,5401.1382,260527_N2_imb2_set3_image14_ch1,-11
260527,N2,imb2,set3,image14,ch1,50,5.2518,5497.6729,260527_N2_imb2_set3_image14_ch1,-10
260527,N2,imb2,set3,image14,ch1,51,5.359,5581.7524,260527_N2_imb2_set3_image14_ch1,-9
260527,N2,imb2,set3,image14,ch1,52,5.4662,5643.4043,260527_N2_imb2_set3_image14_ch1,-8
260527,N2,imb2,set3,image14,ch1,53,5.5734,5727.2412,260527_N2_imb2_set3_image14_ch1,-7
260527,N2,imb2,set3,image14,ch1,54,5.6805,5826.0527,260527_N2_imb2_set3_image14_ch1,-6
260527,N2,imb2,set3,image14,ch1,55,5.7877,5886.9663,260527_N2_imb2_set3_image14_ch1,-5
260527,N2,imb2,set3,image14,ch1,56,5.8949,5938.4849,260527_N2_imb2_set3_image14_ch1,-4
260527,N2,imb2,set3,image14,ch1,57,6.0021,5952.1665,260527_N2_imb2_set3_image14_ch1,-3
260527,N2,imb2,set3,image14,ch1,58,6.1093,5946.6353,260527_N2_imb2_set3_image14_ch1,-2
260527,N2,imb2,set3,image14,ch1,59,6.2164,5942.0845,260527_N2_imb2_set3_image14_ch1,-1
260527,N2,imb2,set3,image14,ch1,60,6.3236,5963.6157,260527_N2_imb2_set3_image14_ch1,0
260527,N2,imb2,set3,image14,ch1,61,6.4308,5989.1372,260527_N2_imb2_set3_image14_ch1,1
260527,N2,imb2,set3,image14,ch1,62,6.538,6008.9194,260527_N2_imb2_set3_image14_ch1,2
260527,N2,imb2,set3,image14,ch1,63,6.6452,5991.4761,260527_N2_imb2_set3_image14_ch1,3
260527,N2,imb2,set3,image14,ch1,64,6.7523,5912.8672,260527_N2_imb2_set3_image14_ch1,4
260527,N2,imb2,set3,image14,ch1,65,6.8595,5767.3564,260527_N2_imb2_set3_image14_ch1,5
260527,N2,imb2,set3,image14,ch1,66,6.9667,5556.8369,260527_N2_imb2_set3_image14_ch1,6
260527,N2,imb2,set3,image14,ch1,67,7.0739,5324.1309,260527_N2_imb2_set3_image14_ch1,7
260527,N2,imb2,set3,image14,ch1,68,7.1811,5124.6655,260527_N2_imb2_set3_image14_ch1,8
260527,N2,imb2,set3,image14,ch1,69,7.2882,4952.6978,260527_N2_imb2_set3_image14_ch1,9
260527,N2,imb2,set3,image14,ch1,70,7.3954,4820.0107,260527_N2_imb2_set3_image14_ch1,10
260527,N2,imb2,set3,image14,ch1,71,7.5026,4716.4346,260527_N2_imb2_set3_image14_ch1,11
260527,N2,imb2,set3,image14,ch1,72,7.6098,4613.2417,260527_N2_imb2_set3_image14_ch1,12
260527,N2,imb2,set3,image14,ch1,73,7.717,4536.5347,260527_N2_imb2_set3_image14_ch1,13
260527,N2,imb2,set3,image14,ch1,74,7.8241,4470.8467,260527_N2_imb2_set3_image14_ch1,14
260527,N2,imb2,set3,image14,ch1,75,7.9313,4428.75,260527_N2_imb2_set3_image14_ch1,15
260527,N2,imb2,set3,image14,ch1,76,8.0385,4410.1055,260527_N2_imb2_set3_image14_ch1,16
260527,N2,imb2,set3,image14,ch1,77,8.1457,4415.8364,260527_N2_imb2_set3_image14_ch1,17
260527,N2,imb2,set3,image14,ch1,78,8.2529,4459.8481,260527_N2_imb2_set3_image14_ch1,18
260527,N2,imb2,set3,image14,ch1,79,8.36,4484.9824,260527_N2_imb2_set3_image14_ch1,19
260527,N2,imb2,set3,image14,ch1,80,8.4672,4475.1855,260527_N2_imb2_set3_image14_ch1,20
260527,N2,imb2,set3,image14,ch1,81,8.5744,4438.6426,260527_N2_imb2_set3_image14_ch1,21
260527,N2,imb2,set3,image14,ch1,82,8.6816,4372.3657,260527_N2_imb2_set3_image14_ch1,22
260527,N2,imb2,set3,image14,ch1,83,8.7888,4301.9624,260527_N2_imb2_set3_image14_ch1,23
260527,N2,imb2,set3,image14,ch1,84,8.8959,4228.918,260527_N2_imb2_set3_image14_ch1,24
260527,N2,imb2,set3,image14,ch1,85,9.0031,4170.9976,260527_N2_imb2_set3_image14_ch1,25
260527,N2,imb2,set3,image14,ch1,86,9.1103,4145.8936,260527_N2_imb2_set3_image14_ch1,26
260527,N2,imb2,set3,image14,ch1,87,9.2175,4119.8091,260527_N2_imb2_set3_image14_ch1,27
260527,N2,imb2,set3,image14,ch1,88,9.3247,4074.4563,260527_N2_imb2_set3_image14_ch1,28
260527,N2,imb2,set3,image14,ch1,89,9.4318,4022.0635,260527_N2_imb2_set3_image14_ch1,29
260527,N2,imb2,set3,image14,ch1,90,9.539,3960.7769,260527_N2_imb2_set3_image14_ch1,30
260527,N2,imb2,set3,image14,ch1,91,9.6462,3923.3127,260527_N2_imb2_set3_image14_ch1,31
260527,N2,imb2,set3,image14,ch1,92,9.7534,3886.0073,260527_N2_imb2_set3_image14_ch1,32
260527,N2,imb2,set3,image14,ch1,93,9.8606,3857.8418,260527_N2_imb2_set3_image14_ch1,33
260527,N2,imb2,set3,image14,ch1,94,9.9677,3862.8831,260527_N2_imb2_set3_image14_ch1,34
260527,N2,imb2,set3,image14,ch1,95,10.0749,3891.6157,260527_N2_imb2_set3_image14_ch1,35
260527,N2,imb2,set3,image14,ch1,96,10.1821,3945.8906,260527_N2_imb2_set3_image14_ch1,36
260527,N2,imb2,set3,image14,ch1,97,10.2893,3981.0596,260527_N2_imb2_set3_image14_ch1,37
260527,N2,imb2,set3,image14,ch1,98,10.3965,3975.665,260527_N2_imb2_set3_image14_ch1,38
260527,N2,imb2,set3,image14,ch1,99,10.5036,3954.3584,260527_N2_imb2_set3_image14_ch1,39
260527,N2,imb2,set3,image14,ch1,100,10.6108,3918.3311,260527_N2_imb2_set3_image14_ch1,40
260527,N2,imb2,set3,image14,ch1,101,10.718,3871.4878,260527_N2_imb2_set3_image14_ch1,41
260527,N2,imb2,set3,image14,ch1,102,10.8252,3815.2344,260527_N2_imb2_set3_image14_ch1,42
260527,N2,imb2,set3,image14,ch1,103,10.9324,3757.8418,260527_N2_imb2_set3_image14_ch1,43
260527,N2,imb2,set3,image14,ch1,104,11.0395,3711.0378,260527_N2_imb2_set3_image14_ch1,44
260527,N2,imb2,set3,image14,ch1,105,11.1467,3671.6318,260527_N2_imb2_set3_image14_ch1,45
260527,N2,imb2,set3,image14,ch1,106,11.2539,3628.1499,260527_N2_imb2_set3_image14_ch1,46
260527,N2,imb2,set3,image14,ch1,107,11.3611,3579.3567,260527_N2_imb2_set3_image14_ch1,47
260527,N2,imb2,set3,image14,ch1,108,11.4683,3546.9751,260527_N2_imb2_set3_image14_ch1,48
260527,N2,imb2,set3,image14,ch1,109,11.5754,3529.5403,260527_N2_imb2_set3_image14_ch1,49
260527,N2,imb2,set3,image14,ch1,110,11.6826,3521.7717,260527_N2_imb2_set3_image14_ch1,50
260527,N2,imb2,set3,image14,ch1,111,11.7898,3531.2021,260527_N2_imb2_set3_image14_ch1,51
260527,N2,imb2,set3,image14,ch1,112,11.897,3517.5149,260527_N2_imb2_set3_image14_ch1,52
260527,N2,imb2,set3,image14,ch1,113,12.0042,3507.1902,260527_N2_imb2_set3_image14_ch1,53
260527,N2,imb2,set3,image14,ch1,114,12.1113,3500.6465,260527_N2_imb2_set3_image14_ch1,54
260527,N2,imb2,set3,image14,ch1,115,12.2185,3496.1377,260527_N2_imb2_set3_image14_ch1,55
260527,N2,imb2,set3,image14,ch1,116,12.3257,3481.7969,260527_N2_imb2_set3_image14_ch1,56
260527,N2,imb2,set3,image14,ch1,117,12.4329,3446.6885,260527_N2_imb2_set3_image14_ch1,57
260527,N2,imb2,set3,image14,ch1,118,12.5401,3406.4436,260527_N2_imb2_set3_image14_ch1,58
260527,N2,imb2,set3,image14,ch1,119,NA,NA,260527_N2_imb2_set3_image14_ch1,59
260527,N2,imb2,set3,image14,ch2,1,0,4550.1123,260527_N2_imb2_set3_image14_ch2,-59
260527,N2,imb2,set3,image14,ch2,2,0.1072,4536.7856,260527_N2_imb2_set3_image14_ch2,-58
260527,N2,imb2,set3,image14,ch2,3,0.2144,4512.0552,260527_N2_imb2_set3_image14_ch2,-57
260527,N2,imb2,set3,image14,ch2,4,0.3215,4486.624,260527_N2_imb2_set3_image14_ch2,-56
260527,N2,imb2,set3,image14,ch2,5,0.4287,4464.5381,260527_N2_imb2_set3_image14_ch2,-55
260527,N2,imb2,set3,image14,ch2,6,0.5359,4460.2075,260527_N2_imb2_set3_image14_ch2,-54
260527,N2,imb2,set3,image14,ch2,7,0.6431,4458.6782,260527_N2_imb2_set3_image14_ch2,-53
260527,N2,imb2,set3,image14,ch2,8,0.7503,4464.4741,260527_N2_imb2_set3_image14_ch2,-52
260527,N2,imb2,set3,image14,ch2,9,0.8574,4454.0698,260527_N2_imb2_set3_image14_ch2,-51
260527,N2,imb2,set3,image14,ch2,10,0.9646,4458.1597,260527_N2_imb2_set3_image14_ch2,-50
260527,N2,imb2,set3,image14,ch2,11,1.0718,4463.7959,260527_N2_imb2_set3_image14_ch2,-49
260527,N2,imb2,set3,image14,ch2,12,1.179,4458.5161,260527_N2_imb2_set3_image14_ch2,-48
260527,N2,imb2,set3,image14,ch2,13,1.2862,4455.8804,260527_N2_imb2_set3_image14_ch2,-47
260527,N2,imb2,set3,image14,ch2,14,1.3933,4453.27,260527_N2_imb2_set3_image14_ch2,-46
260527,N2,imb2,set3,image14,ch2,15,1.5005,4438.2158,260527_N2_imb2_set3_image14_ch2,-45
260527,N2,imb2,set3,image14,ch2,16,1.6077,4435.5029,260527_N2_imb2_set3_image14_ch2,-44
260527,N2,imb2,set3,image14,ch2,17,1.7149,4435.458,260527_N2_imb2_set3_image14_ch2,-43
260527,N2,imb2,set3,image14,ch2,18,1.8221,4419.4976,260527_N2_imb2_set3_image14_ch2,-42
260527,N2,imb2,set3,image14,ch2,19,1.9292,4406.0874,260527_N2_imb2_set3_image14_ch2,-41
260527,N2,imb2,set3,image14,ch2,20,2.0364,4389.0444,260527_N2_imb2_set3_image14_ch2,-40
260527,N2,imb2,set3,image14,ch2,21,2.1436,4374.479,260527_N2_imb2_set3_image14_ch2,-39
260527,N2,imb2,set3,image14,ch2,22,2.2508,4356.7554,260527_N2_imb2_set3_image14_ch2,-38
260527,N2,imb2,set3,image14,ch2,23,2.358,4332.271,260527_N2_imb2_set3_image14_ch2,-37
260527,N2,imb2,set3,image14,ch2,24,2.4651,4325.5928,260527_N2_imb2_set3_image14_ch2,-36
260527,N2,imb2,set3,image14,ch2,25,2.5723,4327.9741,260527_N2_imb2_set3_image14_ch2,-35
260527,N2,imb2,set3,image14,ch2,26,2.6795,4335.1797,260527_N2_imb2_set3_image14_ch2,-34
260527,N2,imb2,set3,image14,ch2,27,2.7867,4328.6982,260527_N2_imb2_set3_image14_ch2,-33
260527,N2,imb2,set3,image14,ch2,28,2.8939,4329.873,260527_N2_imb2_set3_image14_ch2,-32
260527,N2,imb2,set3,image14,ch2,29,3.001,4328.4443,260527_N2_imb2_set3_image14_ch2,-31
260527,N2,imb2,set3,image14,ch2,30,3.1082,4321.1348,260527_N2_imb2_set3_image14_ch2,-30
260527,N2,imb2,set3,image14,ch2,31,3.2154,4314.1392,260527_N2_imb2_set3_image14_ch2,-29
260527,N2,imb2,set3,image14,ch2,32,3.3226,4310.5527,260527_N2_imb2_set3_image14_ch2,-28
260527,N2,imb2,set3,image14,ch2,33,3.4298,4311.3496,260527_N2_imb2_set3_image14_ch2,-27
260527,N2,imb2,set3,image14,ch2,34,3.5369,4307.9438,260527_N2_imb2_set3_image14_ch2,-26
260527,N2,imb2,set3,image14,ch2,35,3.6441,4307.7114,260527_N2_imb2_set3_image14_ch2,-25
260527,N2,imb2,set3,image14,ch2,36,3.7513,4320.8735,260527_N2_imb2_set3_image14_ch2,-24
260527,N2,imb2,set3,image14,ch2,37,3.8585,4325.0195,260527_N2_imb2_set3_image14_ch2,-23
260527,N2,imb2,set3,image14,ch2,38,3.9657,4333.1777,260527_N2_imb2_set3_image14_ch2,-22
260527,N2,imb2,set3,image14,ch2,39,4.0728,4343.3906,260527_N2_imb2_set3_image14_ch2,-21
260527,N2,imb2,set3,image14,ch2,40,4.18,4364.2637,260527_N2_imb2_set3_image14_ch2,-20
260527,N2,imb2,set3,image14,ch2,41,4.2872,4380.2827,260527_N2_imb2_set3_image14_ch2,-19
260527,N2,imb2,set3,image14,ch2,42,4.3944,4412.1709,260527_N2_imb2_set3_image14_ch2,-18
260527,N2,imb2,set3,image14,ch2,43,4.5016,4426.8896,260527_N2_imb2_set3_image14_ch2,-17
260527,N2,imb2,set3,image14,ch2,44,4.6087,4445.2095,260527_N2_imb2_set3_image14_ch2,-16
260527,N2,imb2,set3,image14,ch2,45,4.7159,4479.0117,260527_N2_imb2_set3_image14_ch2,-15
260527,N2,imb2,set3,image14,ch2,46,4.8231,4508.0059,260527_N2_imb2_set3_image14_ch2,-14
260527,N2,imb2,set3,image14,ch2,47,4.9303,4539.3184,260527_N2_imb2_set3_image14_ch2,-13
260527,N2,imb2,set3,image14,ch2,48,5.0375,4561.6157,260527_N2_imb2_set3_image14_ch2,-12
260527,N2,imb2,set3,image14,ch2,49,5.1446,4591.0674,260527_N2_imb2_set3_image14_ch2,-11
260527,N2,imb2,set3,image14,ch2,50,5.2518,4621.2617,260527_N2_imb2_set3_image14_ch2,-10
260527,N2,imb2,set3,image14,ch2,51,5.359,4660.5098,260527_N2_imb2_set3_image14_ch2,-9
260527,N2,imb2,set3,image14,ch2,52,5.4662,4685.3555,260527_N2_imb2_set3_image14_ch2,-8
260527,N2,imb2,set3,image14,ch2,53,5.5734,4724.7051,260527_N2_imb2_set3_image14_ch2,-7
260527,N2,imb2,set3,image14,ch2,54,5.6805,4768.1602,260527_N2_imb2_set3_image14_ch2,-6
260527,N2,imb2,set3,image14,ch2,55,5.7877,4802.5845,260527_N2_imb2_set3_image14_ch2,-5
260527,N2,imb2,set3,image14,ch2,56,5.8949,4835.2954,260527_N2_imb2_set3_image14_ch2,-4
260527,N2,imb2,set3,image14,ch2,57,6.0021,4867.9248,260527_N2_imb2_set3_image14_ch2,-3
260527,N2,imb2,set3,image14,ch2,58,6.1093,4897.7085,260527_N2_imb2_set3_image14_ch2,-2
260527,N2,imb2,set3,image14,ch2,59,6.2164,4928.5752,260527_N2_imb2_set3_image14_ch2,-1
260527,N2,imb2,set3,image14,ch2,60,6.3236,4969.9663,260527_N2_imb2_set3_image14_ch2,0
260527,N2,imb2,set3,image14,ch2,61,6.4308,4992.0513,260527_N2_imb2_set3_image14_ch2,1
260527,N2,imb2,set3,image14,ch2,62,6.538,5035.0635,260527_N2_imb2_set3_image14_ch2,2
260527,N2,imb2,set3,image14,ch2,63,6.6452,5063.9375,260527_N2_imb2_set3_image14_ch2,3
260527,N2,imb2,set3,image14,ch2,64,6.7523,5088.5283,260527_N2_imb2_set3_image14_ch2,4
260527,N2,imb2,set3,image14,ch2,65,6.8595,5113.6816,260527_N2_imb2_set3_image14_ch2,5
260527,N2,imb2,set3,image14,ch2,66,6.9667,5139.2046,260527_N2_imb2_set3_image14_ch2,6
260527,N2,imb2,set3,image14,ch2,67,7.0739,5141.9028,260527_N2_imb2_set3_image14_ch2,7
260527,N2,imb2,set3,image14,ch2,68,7.1811,5149.9678,260527_N2_imb2_set3_image14_ch2,8
260527,N2,imb2,set3,image14,ch2,69,7.2882,5156.0547,260527_N2_imb2_set3_image14_ch2,9
260527,N2,imb2,set3,image14,ch2,70,7.3954,5165.1802,260527_N2_imb2_set3_image14_ch2,10
260527,N2,imb2,set3,image14,ch2,71,7.5026,5172.5488,260527_N2_imb2_set3_image14_ch2,11
260527,N2,imb2,set3,image14,ch2,72,7.6098,5175.5771,260527_N2_imb2_set3_image14_ch2,12
260527,N2,imb2,set3,image14,ch2,73,7.717,5165.3042,260527_N2_imb2_set3_image14_ch2,13
260527,N2,imb2,set3,image14,ch2,74,7.8241,5156.3452,260527_N2_imb2_set3_image14_ch2,14
260527,N2,imb2,set3,image14,ch2,75,7.9313,5145.3667,260527_N2_imb2_set3_image14_ch2,15
260527,N2,imb2,set3,image14,ch2,76,8.0385,5146.2402,260527_N2_imb2_set3_image14_ch2,16
260527,N2,imb2,set3,image14,ch2,77,8.1457,5145.2095,260527_N2_imb2_set3_image14_ch2,17
260527,N2,imb2,set3,image14,ch2,78,8.2529,5123.8618,260527_N2_imb2_set3_image14_ch2,18
260527,N2,imb2,set3,image14,ch2,79,8.36,5080.3306,260527_N2_imb2_set3_image14_ch2,19
260527,N2,imb2,set3,image14,ch2,80,8.4672,5033.2412,260527_N2_imb2_set3_image14_ch2,20
260527,N2,imb2,set3,image14,ch2,81,8.5744,4985.8022,260527_N2_imb2_set3_image14_ch2,21
260527,N2,imb2,set3,image14,ch2,82,8.6816,4958.9473,260527_N2_imb2_set3_image14_ch2,22
260527,N2,imb2,set3,image14,ch2,83,8.7888,4925.3604,260527_N2_imb2_set3_image14_ch2,23
260527,N2,imb2,set3,image14,ch2,84,8.8959,4918.3862,260527_N2_imb2_set3_image14_ch2,24
260527,N2,imb2,set3,image14,ch2,85,9.0031,4938.3354,260527_N2_imb2_set3_image14_ch2,25
260527,N2,imb2,set3,image14,ch2,86,9.1103,4972.9062,260527_N2_imb2_set3_image14_ch2,26
260527,N2,imb2,set3,image14,ch2,87,9.2175,4984.0493,260527_N2_imb2_set3_image14_ch2,27
260527,N2,imb2,set3,image14,ch2,88,9.3247,4974.2363,260527_N2_imb2_set3_image14_ch2,28
260527,N2,imb2,set3,image14,ch2,89,9.4318,4939.4155,260527_N2_imb2_set3_image14_ch2,29
260527,N2,imb2,set3,image14,ch2,90,9.539,4895.7896,260527_N2_imb2_set3_image14_ch2,30
260527,N2,imb2,set3,image14,ch2,91,9.6462,4859.6758,260527_N2_imb2_set3_image14_ch2,31
260527,N2,imb2,set3,image14,ch2,92,9.7534,4820.52,260527_N2_imb2_set3_image14_ch2,32
260527,N2,imb2,set3,image14,ch2,93,9.8606,4808.832,260527_N2_imb2_set3_image14_ch2,33
260527,N2,imb2,set3,image14,ch2,94,9.9677,4807.4385,260527_N2_imb2_set3_image14_ch2,34
260527,N2,imb2,set3,image14,ch2,95,10.0749,4815.1797,260527_N2_imb2_set3_image14_ch2,35
260527,N2,imb2,set3,image14,ch2,96,10.1821,4828.1348,260527_N2_imb2_set3_image14_ch2,36
260527,N2,imb2,set3,image14,ch2,97,10.2893,4832.8193,260527_N2_imb2_set3_image14_ch2,37
260527,N2,imb2,set3,image14,ch2,98,10.3965,4796.3521,260527_N2_imb2_set3_image14_ch2,38
260527,N2,imb2,set3,image14,ch2,99,10.5036,4744.8652,260527_N2_imb2_set3_image14_ch2,39
260527,N2,imb2,set3,image14,ch2,100,10.6108,4699.4761,260527_N2_imb2_set3_image14_ch2,40
260527,N2,imb2,set3,image14,ch2,101,10.718,4660.4395,260527_N2_imb2_set3_image14_ch2,41
260527,N2,imb2,set3,image14,ch2,102,10.8252,4625.4204,260527_N2_imb2_set3_image14_ch2,42
260527,N2,imb2,set3,image14,ch2,103,10.9324,4605.3242,260527_N2_imb2_set3_image14_ch2,43
260527,N2,imb2,set3,image14,ch2,104,11.0395,4579.3677,260527_N2_imb2_set3_image14_ch2,44
260527,N2,imb2,set3,image14,ch2,105,11.1467,4570.5034,260527_N2_imb2_set3_image14_ch2,45
260527,N2,imb2,set3,image14,ch2,106,11.2539,4551.8823,260527_N2_imb2_set3_image14_ch2,46
260527,N2,imb2,set3,image14,ch2,107,11.3611,4543.0278,260527_N2_imb2_set3_image14_ch2,47
260527,N2,imb2,set3,image14,ch2,108,11.4683,4525.8979,260527_N2_imb2_set3_image14_ch2,48
260527,N2,imb2,set3,image14,ch2,109,11.5754,4515.207,260527_N2_imb2_set3_image14_ch2,49
260527,N2,imb2,set3,image14,ch2,110,11.6826,4497.4854,260527_N2_imb2_set3_image14_ch2,50
260527,N2,imb2,set3,image14,ch2,111,11.7898,4481.8057,260527_N2_imb2_set3_image14_ch2,51
260527,N2,imb2,set3,image14,ch2,112,11.897,4475.0894,260527_N2_imb2_set3_image14_ch2,52
260527,N2,imb2,set3,image14,ch2,113,12.0042,4493.8384,260527_N2_imb2_set3_image14_ch2,53
260527,N2,imb2,set3,image14,ch2,114,12.1113,4501.0352,260527_N2_imb2_set3_image14_ch2,54
260527,N2,imb2,set3,image14,ch2,115,12.2185,4456.6108,260527_N2_imb2_set3_image14_ch2,55
260527,N2,imb2,set3,image14,ch2,116,12.3257,4377.5029,260527_N2_imb2_set3_image14_ch2,56
260527,N2,imb2,set3,image14,ch2,117,12.4329,4278.1455,260527_N2_imb2_set3_image14_ch2,57
260527,N2,imb2,set3,image14,ch2,118,12.5401,4176.8501,260527_N2_imb2_set3_image14_ch2,58
260527,N2,imb2,set3,image14,ch2,119,NA,NA,260527_N2_imb2_set3_image14_ch2,59
260527,N2,imb2,set3,image16,ch1,1,0,3832.4326,260527_N2_imb2_set3_image16_ch1,-59
260527,N2,imb2,set3,image16,ch1,2,0.1072,3870.9194,260527_N2_imb2_set3_image16_ch1,-58
260527,N2,imb2,set3,image16,ch1,3,0.2144,3887.0312,260527_N2_imb2_set3_image16_ch1,-57
260527,N2,imb2,set3,image16,ch1,4,0.3215,3909.5857,260527_N2_imb2_set3_image16_ch1,-56
260527,N2,imb2,set3,image16,ch1,5,0.4287,3955.6692,260527_N2_imb2_set3_image16_ch1,-55
260527,N2,imb2,set3,image16,ch1,6,0.5359,4019.9202,260527_N2_imb2_set3_image16_ch1,-54
260527,N2,imb2,set3,image16,ch1,7,0.6431,4098.0898,260527_N2_imb2_set3_image16_ch1,-53
260527,N2,imb2,set3,image16,ch1,8,0.7503,4127.7437,260527_N2_imb2_set3_image16_ch1,-52
260527,N2,imb2,set3,image16,ch1,9,0.8574,4098.7764,260527_N2_imb2_set3_image16_ch1,-51
260527,N2,imb2,set3,image16,ch1,10,0.9646,4082.8464,260527_N2_imb2_set3_image16_ch1,-50
260527,N2,imb2,set3,image16,ch1,11,1.0718,4081.0154000000002,260527_N2_imb2_set3_image16_ch1,-49
260527,N2,imb2,set3,image16,ch1,12,1.179,4089.8745,260527_N2_imb2_set3_image16_ch1,-48
260527,N2,imb2,set3,image16,ch1,13,1.2862,4087.2756,260527_N2_imb2_set3_image16_ch1,-47
260527,N2,imb2,set3,image16,ch1,14,1.3933,4043.3901,260527_N2_imb2_set3_image16_ch1,-46
260527,N2,imb2,set3,image16,ch1,15,1.5005,4003.2151,260527_N2_imb2_set3_image16_ch1,-45
260527,N2,imb2,set3,image16,ch1,16,1.6077,3969.2019,260527_N2_imb2_set3_image16_ch1,-44
260527,N2,imb2,set3,image16,ch1,17,1.7149,3969.469,260527_N2_imb2_set3_image16_ch1,-43
260527,N2,imb2,set3,image16,ch1,18,1.8221,3970.6826,260527_N2_imb2_set3_image16_ch1,-42
260527,N2,imb2,set3,image16,ch1,19,1.9292,3975.6887,260527_N2_imb2_set3_image16_ch1,-41
260527,N2,imb2,set3,image16,ch1,20,2.0364,3962.2429,260527_N2_imb2_set3_image16_ch1,-40
260527,N2,imb2,set3,image16,ch1,21,2.1436,3926.6309,260527_N2_imb2_set3_image16_ch1,-39
260527,N2,imb2,set3,image16,ch1,22,2.2508,3868.0874,260527_N2_imb2_set3_image16_ch1,-38
260527,N2,imb2,set3,image16,ch1,23,2.358,3816.5786,260527_N2_imb2_set3_image16_ch1,-37
260527,N2,imb2,set3,image16,ch1,24,2.4651,3771.0942,260527_N2_imb2_set3_image16_ch1,-36
260527,N2,imb2,set3,image16,ch1,25,2.5723,3742.6541,260527_N2_imb2_set3_image16_ch1,-35
260527,N2,imb2,set3,image16,ch1,26,2.6795,3713.4807,260527_N2_imb2_set3_image16_ch1,-34
260527,N2,imb2,set3,image16,ch1,27,2.7867,3699.9158,260527_N2_imb2_set3_image16_ch1,-33
260527,N2,imb2,set3,image16,ch1,28,2.8939,3697.0261,260527_N2_imb2_set3_image16_ch1,-32
260527,N2,imb2,set3,image16,ch1,29,3.001,3688.2632,260527_N2_imb2_set3_image16_ch1,-31
260527,N2,imb2,set3,image16,ch1,30,3.1082,3694.3367,260527_N2_imb2_set3_image16_ch1,-30
260527,N2,imb2,set3,image16,ch1,31,3.2154,3708.2698,260527_N2_imb2_set3_image16_ch1,-29
260527,N2,imb2,set3,image16,ch1,32,3.3226,3719.7222,260527_N2_imb2_set3_image16_ch1,-28
260527,N2,imb2,set3,image16,ch1,33,3.4298,3734.1169,260527_N2_imb2_set3_image16_ch1,-27
260527,N2,imb2,set3,image16,ch1,34,3.5369,3743.9822,260527_N2_imb2_set3_image16_ch1,-26
260527,N2,imb2,set3,image16,ch1,35,3.6441,3764.3721,260527_N2_imb2_set3_image16_ch1,-25
260527,N2,imb2,set3,image16,ch1,36,3.7513,3772.7751,260527_N2_imb2_set3_image16_ch1,-24
260527,N2,imb2,set3,image16,ch1,37,3.8585,3784.187,260527_N2_imb2_set3_image16_ch1,-23
260527,N2,imb2,set3,image16,ch1,38,3.9657,3787.5925,260527_N2_imb2_set3_image16_ch1,-22
260527,N2,imb2,set3,image16,ch1,39,4.0728,3800.9714,260527_N2_imb2_set3_image16_ch1,-21
260527,N2,imb2,set3,image16,ch1,40,4.18,3810.2363,260527_N2_imb2_set3_image16_ch1,-20
260527,N2,imb2,set3,image16,ch1,41,4.2872,3821.3547,260527_N2_imb2_set3_image16_ch1,-19
260527,N2,imb2,set3,image16,ch1,42,4.3944,3827.4817,260527_N2_imb2_set3_image16_ch1,-18
260527,N2,imb2,set3,image16,ch1,43,4.5016,3852.2273,260527_N2_imb2_set3_image16_ch1,-17
260527,N2,imb2,set3,image16,ch1,44,4.6087,3883.1584,260527_N2_imb2_set3_image16_ch1,-16
260527,N2,imb2,set3,image16,ch1,45,4.7159,3920.7166,260527_N2_imb2_set3_image16_ch1,-15
260527,N2,imb2,set3,image16,ch1,46,4.8231,3973.1646,260527_N2_imb2_set3_image16_ch1,-14
260527,N2,imb2,set3,image16,ch1,47,4.9303,4000.5244,260527_N2_imb2_set3_image16_ch1,-13
260527,N2,imb2,set3,image16,ch1,48,5.0375,4023.7119,260527_N2_imb2_set3_image16_ch1,-12
260527,N2,imb2,set3,image16,ch1,49,5.1446,4037.5547,260527_N2_imb2_set3_image16_ch1,-11
260527,N2,imb2,set3,image16,ch1,50,5.2518,4040.2349,260527_N2_imb2_set3_image16_ch1,-10
260527,N2,imb2,set3,image16,ch1,51,5.359,4066.7678,260527_N2_imb2_set3_image16_ch1,-9
260527,N2,imb2,set3,image16,ch1,52,5.4662,4113.1968,260527_N2_imb2_set3_image16_ch1,-8
260527,N2,imb2,set3,image16,ch1,53,5.5734,4180.6982,260527_N2_imb2_set3_image16_ch1,-7
260527,N2,imb2,set3,image16,ch1,54,5.6805,4262.3242,260527_N2_imb2_set3_image16_ch1,-6
260527,N2,imb2,set3,image16,ch1,55,5.7877,4326.0391,260527_N2_imb2_set3_image16_ch1,-5
260527,N2,imb2,set3,image16,ch1,56,5.8949,4363.9971,260527_N2_imb2_set3_image16_ch1,-4
260527,N2,imb2,set3,image16,ch1,57,6.0021,4357.1431,260527_N2_imb2_set3_image16_ch1,-3
260527,N2,imb2,set3,image16,ch1,58,6.1093,4314.541,260527_N2_imb2_set3_image16_ch1,-2
260527,N2,imb2,set3,image16,ch1,59,6.2164,4269.6543,260527_N2_imb2_set3_image16_ch1,-1
260527,N2,imb2,set3,image16,ch1,60,6.3236,4245.9829,260527_N2_imb2_set3_image16_ch1,0
260527,N2,imb2,set3,image16,ch1,61,6.4308,4225.0928,260527_N2_imb2_set3_image16_ch1,1
260527,N2,imb2,set3,image16,ch1,62,6.538,4183.1235,260527_N2_imb2_set3_image16_ch1,2
260527,N2,imb2,set3,image16,ch1,63,6.6452,4134.7812,260527_N2_imb2_set3_image16_ch1,3
260527,N2,imb2,set3,image16,ch1,64,6.7523,4097.0718,260527_N2_imb2_set3_image16_ch1,4
260527,N2,imb2,set3,image16,ch1,65,6.8595,4081.5105,260527_N2_imb2_set3_image16_ch1,5
260527,N2,imb2,set3,image16,ch1,66,6.9667,4073.1392,260527_N2_imb2_set3_image16_ch1,6
260527,N2,imb2,set3,image16,ch1,67,7.0739,4081.8152,260527_N2_imb2_set3_image16_ch1,7
260527,N2,imb2,set3,image16,ch1,68,7.1811,4078.7207,260527_N2_imb2_set3_image16_ch1,8
260527,N2,imb2,set3,image16,ch1,69,7.2882,4039.1538,260527_N2_imb2_set3_image16_ch1,9
260527,N2,imb2,set3,image16,ch1,70,7.3954,3967.7034,260527_N2_imb2_set3_image16_ch1,10
260527,N2,imb2,set3,image16,ch1,71,7.5026,3876.2732,260527_N2_imb2_set3_image16_ch1,11
260527,N2,imb2,set3,image16,ch1,72,7.6098,3790.3896,260527_N2_imb2_set3_image16_ch1,12
260527,N2,imb2,set3,image16,ch1,73,7.717,3748.0811,260527_N2_imb2_set3_image16_ch1,13
260527,N2,imb2,set3,image16,ch1,74,7.8241,3716.4092,260527_N2_imb2_set3_image16_ch1,14
260527,N2,imb2,set3,image16,ch1,75,7.9313,3693.1179,260527_N2_imb2_set3_image16_ch1,15
260527,N2,imb2,set3,image16,ch1,76,8.0385,3678.8787,260527_N2_imb2_set3_image16_ch1,16
260527,N2,imb2,set3,image16,ch1,77,8.1457,3665.8323,260527_N2_imb2_set3_image16_ch1,17
260527,N2,imb2,set3,image16,ch1,78,8.2529,3648.0408,260527_N2_imb2_set3_image16_ch1,18
260527,N2,imb2,set3,image16,ch1,79,8.36,3641.6028,260527_N2_imb2_set3_image16_ch1,19
260527,N2,imb2,set3,image16,ch1,80,8.4672,3626.05,260527_N2_imb2_set3_image16_ch1,20
260527,N2,imb2,set3,image16,ch1,81,8.5744,3635.6189,260527_N2_imb2_set3_image16_ch1,21
260527,N2,imb2,set3,image16,ch1,82,8.6816,3645.1052,260527_N2_imb2_set3_image16_ch1,22
260527,N2,imb2,set3,image16,ch1,83,8.7888,3612.1926,260527_N2_imb2_set3_image16_ch1,23
260527,N2,imb2,set3,image16,ch1,84,8.8959,3566.6689,260527_N2_imb2_set3_image16_ch1,24
260527,N2,imb2,set3,image16,ch1,85,9.0031,3504.7295,260527_N2_imb2_set3_image16_ch1,25
260527,N2,imb2,set3,image16,ch1,86,9.1103,3469.9521,260527_N2_imb2_set3_image16_ch1,26
260527,N2,imb2,set3,image16,ch1,87,9.2175,3445.1252,260527_N2_imb2_set3_image16_ch1,27
260527,N2,imb2,set3,image16,ch1,88,9.3247,3436.9875,260527_N2_imb2_set3_image16_ch1,28
260527,N2,imb2,set3,image16,ch1,89,9.4318,3437.7966,260527_N2_imb2_set3_image16_ch1,29
260527,N2,imb2,set3,image16,ch1,90,9.539,3441.3149,260527_N2_imb2_set3_image16_ch1,30
260527,N2,imb2,set3,image16,ch1,91,9.6462,3433.0144,260527_N2_imb2_set3_image16_ch1,31
260527,N2,imb2,set3,image16,ch1,92,9.7534,3426.4568,260527_N2_imb2_set3_image16_ch1,32
260527,N2,imb2,set3,image16,ch1,93,9.8606,3402.7134,260527_N2_imb2_set3_image16_ch1,33
260527,N2,imb2,set3,image16,ch1,94,9.9677,3396.5042,260527_N2_imb2_set3_image16_ch1,34
260527,N2,imb2,set3,image16,ch1,95,10.0749,3405.2185,260527_N2_imb2_set3_image16_ch1,35
260527,N2,imb2,set3,image16,ch1,96,10.1821,3418.8579,260527_N2_imb2_set3_image16_ch1,36
260527,N2,imb2,set3,image16,ch1,97,10.2893,3431.6472,260527_N2_imb2_set3_image16_ch1,37
260527,N2,imb2,set3,image16,ch1,98,10.3965,3435.5273,260527_N2_imb2_set3_image16_ch1,38
260527,N2,imb2,set3,image16,ch1,99,10.5036,3405.2388,260527_N2_imb2_set3_image16_ch1,39
260527,N2,imb2,set3,image16,ch1,100,10.6108,3387.9922,260527_N2_imb2_set3_image16_ch1,40
260527,N2,imb2,set3,image16,ch1,101,10.718,3364.613,260527_N2_imb2_set3_image16_ch1,41
260527,N2,imb2,set3,image16,ch1,102,10.8252,3348.7517,260527_N2_imb2_set3_image16_ch1,42
260527,N2,imb2,set3,image16,ch1,103,10.9324,3334.9961,260527_N2_imb2_set3_image16_ch1,43
260527,N2,imb2,set3,image16,ch1,104,11.0395,3325.01,260527_N2_imb2_set3_image16_ch1,44
260527,N2,imb2,set3,image16,ch1,105,11.1467,3318.8076,260527_N2_imb2_set3_image16_ch1,45
260527,N2,imb2,set3,image16,ch1,106,11.2539,3326.9482,260527_N2_imb2_set3_image16_ch1,46
260527,N2,imb2,set3,image16,ch1,107,11.3611,3332.4648,260527_N2_imb2_set3_image16_ch1,47
260527,N2,imb2,set3,image16,ch1,108,11.4683,3334.2432,260527_N2_imb2_set3_image16_ch1,48
260527,N2,imb2,set3,image16,ch1,109,11.5754,3347.2607,260527_N2_imb2_set3_image16_ch1,49
260527,N2,imb2,set3,image16,ch1,110,11.6826,3370.2402,260527_N2_imb2_set3_image16_ch1,50
260527,N2,imb2,set3,image16,ch1,111,11.7898,3387.8835,260527_N2_imb2_set3_image16_ch1,51
260527,N2,imb2,set3,image16,ch1,112,11.897,3390.8037,260527_N2_imb2_set3_image16_ch1,52
260527,N2,imb2,set3,image16,ch1,113,12.0042,3387.8303,260527_N2_imb2_set3_image16_ch1,53
260527,N2,imb2,set3,image16,ch1,114,12.1113,3390.9573,260527_N2_imb2_set3_image16_ch1,54
260527,N2,imb2,set3,image16,ch1,115,12.2185,3403.509,260527_N2_imb2_set3_image16_ch1,55
260527,N2,imb2,set3,image16,ch1,116,12.3257,3418.7639,260527_N2_imb2_set3_image16_ch1,56
260527,N2,imb2,set3,image16,ch1,117,12.4329,3433.1365,260527_N2_imb2_set3_image16_ch1,57
260527,N2,imb2,set3,image16,ch1,118,12.5401,3416.4988,260527_N2_imb2_set3_image16_ch1,58
260527,N2,imb2,set3,image16,ch1,119,NA,NA,260527_N2_imb2_set3_image16_ch1,59
260527,N2,imb2,set3,image16,ch2,1,0,4147.8115,260527_N2_imb2_set3_image16_ch2,-59
260527,N2,imb2,set3,image16,ch2,2,0.1072,4144.0449,260527_N2_imb2_set3_image16_ch2,-58
260527,N2,imb2,set3,image16,ch2,3,0.2144,4134.8228,260527_N2_imb2_set3_image16_ch2,-57
260527,N2,imb2,set3,image16,ch2,4,0.3215,4146.8394,260527_N2_imb2_set3_image16_ch2,-56
260527,N2,imb2,set3,image16,ch2,5,0.4287,4143.9355,260527_N2_imb2_set3_image16_ch2,-55
260527,N2,imb2,set3,image16,ch2,6,0.5359,4150.9868,260527_N2_imb2_set3_image16_ch2,-54
260527,N2,imb2,set3,image16,ch2,7,0.6431,4153.6157,260527_N2_imb2_set3_image16_ch2,-53
260527,N2,imb2,set3,image16,ch2,8,0.7503,4159.8828,260527_N2_imb2_set3_image16_ch2,-52
260527,N2,imb2,set3,image16,ch2,9,0.8574,4162.6006,260527_N2_imb2_set3_image16_ch2,-51
260527,N2,imb2,set3,image16,ch2,10,0.9646,4175.686,260527_N2_imb2_set3_image16_ch2,-50
260527,N2,imb2,set3,image16,ch2,11,1.0718,4176.5503,260527_N2_imb2_set3_image16_ch2,-49
260527,N2,imb2,set3,image16,ch2,12,1.179,4190.9111,260527_N2_imb2_set3_image16_ch2,-48
260527,N2,imb2,set3,image16,ch2,13,1.2862,4201.396,260527_N2_imb2_set3_image16_ch2,-47
260527,N2,imb2,set3,image16,ch2,14,1.3933,4209.0918,260527_N2_imb2_set3_image16_ch2,-46
260527,N2,imb2,set3,image16,ch2,15,1.5005,4224.2041,260527_N2_imb2_set3_image16_ch2,-45
260527,N2,imb2,set3,image16,ch2,16,1.6077,4249.3813,260527_N2_imb2_set3_image16_ch2,-44
260527,N2,imb2,set3,image16,ch2,17,1.7149,4253.3872,260527_N2_imb2_set3_image16_ch2,-43
260527,N2,imb2,set3,image16,ch2,18,1.8221,4254.1904,260527_N2_imb2_set3_image16_ch2,-42
260527,N2,imb2,set3,image16,ch2,19,1.9292,4253.0151,260527_N2_imb2_set3_image16_ch2,-41
260527,N2,imb2,set3,image16,ch2,20,2.0364,4244.2534,260527_N2_imb2_set3_image16_ch2,-40
260527,N2,imb2,set3,image16,ch2,21,2.1436,4240.167,260527_N2_imb2_set3_image16_ch2,-39
260527,N2,imb2,set3,image16,ch2,22,2.2508,4230.9512,260527_N2_imb2_set3_image16_ch2,-38
260527,N2,imb2,set3,image16,ch2,23,2.358,4222.7739,260527_N2_imb2_set3_image16_ch2,-37
260527,N2,imb2,set3,image16,ch2,24,2.4651,4223.0605,260527_N2_imb2_set3_image16_ch2,-36
260527,N2,imb2,set3,image16,ch2,25,2.5723,4234.8633,260527_N2_imb2_set3_image16_ch2,-35
260527,N2,imb2,set3,image16,ch2,26,2.6795,4240.9712,260527_N2_imb2_set3_image16_ch2,-34
260527,N2,imb2,set3,image16,ch2,27,2.7867,4245.7778,260527_N2_imb2_set3_image16_ch2,-33
260527,N2,imb2,set3,image16,ch2,28,2.8939,4251.3008,260527_N2_imb2_set3_image16_ch2,-32
260527,N2,imb2,set3,image16,ch2,29,3.001,4252.4062,260527_N2_imb2_set3_image16_ch2,-31
260527,N2,imb2,set3,image16,ch2,30,3.1082,4254.9834,260527_N2_imb2_set3_image16_ch2,-30
260527,N2,imb2,set3,image16,ch2,31,3.2154,4264.231,260527_N2_imb2_set3_image16_ch2,-29
260527,N2,imb2,set3,image16,ch2,32,3.3226,4268.8579,260527_N2_imb2_set3_image16_ch2,-28
260527,N2,imb2,set3,image16,ch2,33,3.4298,4268.4614,260527_N2_imb2_set3_image16_ch2,-27
260527,N2,imb2,set3,image16,ch2,34,3.5369,4276.6523,260527_N2_imb2_set3_image16_ch2,-26
260527,N2,imb2,set3,image16,ch2,35,3.6441,4298.8765,260527_N2_imb2_set3_image16_ch2,-25
260527,N2,imb2,set3,image16,ch2,36,3.7513,4327.2227,260527_N2_imb2_set3_image16_ch2,-24
260527,N2,imb2,set3,image16,ch2,37,3.8585,4341.2104,260527_N2_imb2_set3_image16_ch2,-23
260527,N2,imb2,set3,image16,ch2,38,3.9657,4337.4858,260527_N2_imb2_set3_image16_ch2,-22
260527,N2,imb2,set3,image16,ch2,39,4.0728,4335.2681,260527_N2_imb2_set3_image16_ch2,-21
260527,N2,imb2,set3,image16,ch2,40,4.18,4330.1392,260527_N2_imb2_set3_image16_ch2,-20
260527,N2,imb2,set3,image16,ch2,41,4.2872,4337.7607,260527_N2_imb2_set3_image16_ch2,-19
260527,N2,imb2,set3,image16,ch2,42,4.3944,4356.5654,260527_N2_imb2_set3_image16_ch2,-18
260527,N2,imb2,set3,image16,ch2,43,4.5016,4372.9316,260527_N2_imb2_set3_image16_ch2,-17
260527,N2,imb2,set3,image16,ch2,44,4.6087,4388.561,260527_N2_imb2_set3_image16_ch2,-16
260527,N2,imb2,set3,image16,ch2,45,4.7159,4409.8916,260527_N2_imb2_set3_image16_ch2,-15
260527,N2,imb2,set3,image16,ch2,46,4.8231,4442.8179,260527_N2_imb2_set3_image16_ch2,-14
260527,N2,imb2,set3,image16,ch2,47,4.9303,4472.3965,260527_N2_imb2_set3_image16_ch2,-13
260527,N2,imb2,set3,image16,ch2,48,5.0375,4480.6753,260527_N2_imb2_set3_image16_ch2,-12
260527,N2,imb2,set3,image16,ch2,49,5.1446,4490.9814,260527_N2_imb2_set3_image16_ch2,-11
260527,N2,imb2,set3,image16,ch2,50,5.2518,4502.0518,260527_N2_imb2_set3_image16_ch2,-10
260527,N2,imb2,set3,image16,ch2,51,5.359,4508.2163,260527_N2_imb2_set3_image16_ch2,-9
260527,N2,imb2,set3,image16,ch2,52,5.4662,4514.4268,260527_N2_imb2_set3_image16_ch2,-8
260527,N2,imb2,set3,image16,ch2,53,5.5734,4517.6191,260527_N2_imb2_set3_image16_ch2,-7
260527,N2,imb2,set3,image16,ch2,54,5.6805,4525.2861,260527_N2_imb2_set3_image16_ch2,-6
260527,N2,imb2,set3,image16,ch2,55,5.7877,4532.0596,260527_N2_imb2_set3_image16_ch2,-5
260527,N2,imb2,set3,image16,ch2,56,5.8949,4557.1421,260527_N2_imb2_set3_image16_ch2,-4
260527,N2,imb2,set3,image16,ch2,57,6.0021,4569.6284,260527_N2_imb2_set3_image16_ch2,-3
260527,N2,imb2,set3,image16,ch2,58,6.1093,4591.4082,260527_N2_imb2_set3_image16_ch2,-2
260527,N2,imb2,set3,image16,ch2,59,6.2164,4590.3862,260527_N2_imb2_set3_image16_ch2,-1
260527,N2,imb2,set3,image16,ch2,60,6.3236,4600.3818,260527_N2_imb2_set3_image16_ch2,0
260527,N2,imb2,set3,image16,ch2,61,6.4308,4617.0239,260527_N2_imb2_set3_image16_ch2,1
260527,N2,imb2,set3,image16,ch2,62,6.538,4635.624,260527_N2_imb2_set3_image16_ch2,2
260527,N2,imb2,set3,image16,ch2,63,6.6452,4652.165,260527_N2_imb2_set3_image16_ch2,3
260527,N2,imb2,set3,image16,ch2,64,6.7523,4668.1445,260527_N2_imb2_set3_image16_ch2,4
260527,N2,imb2,set3,image16,ch2,65,6.8595,4701.9609,260527_N2_imb2_set3_image16_ch2,5
260527,N2,imb2,set3,image16,ch2,66,6.9667,4739.5757,260527_N2_imb2_set3_image16_ch2,6
260527,N2,imb2,set3,image16,ch2,67,7.0739,4784.7056,260527_N2_imb2_set3_image16_ch2,7
260527,N2,imb2,set3,image16,ch2,68,7.1811,4823.978,260527_N2_imb2_set3_image16_ch2,8
260527,N2,imb2,set3,image16,ch2,69,7.2882,4840.1113,260527_N2_imb2_set3_image16_ch2,9
260527,N2,imb2,set3,image16,ch2,70,7.3954,4855.918,260527_N2_imb2_set3_image16_ch2,10
260527,N2,imb2,set3,image16,ch2,71,7.5026,4880.895,260527_N2_imb2_set3_image16_ch2,11
260527,N2,imb2,set3,image16,ch2,72,7.6098,4871.5796,260527_N2_imb2_set3_image16_ch2,12
260527,N2,imb2,set3,image16,ch2,73,7.717,4815.8975,260527_N2_imb2_set3_image16_ch2,13
260527,N2,imb2,set3,image16,ch2,74,7.8241,4723.2603,260527_N2_imb2_set3_image16_ch2,14
260527,N2,imb2,set3,image16,ch2,75,7.9313,4651.6001,260527_N2_imb2_set3_image16_ch2,15
260527,N2,imb2,set3,image16,ch2,76,8.0385,4598.9053,260527_N2_imb2_set3_image16_ch2,16
260527,N2,imb2,set3,image16,ch2,77,8.1457,4544.4507,260527_N2_imb2_set3_image16_ch2,17
260527,N2,imb2,set3,image16,ch2,78,8.2529,4500.0161,260527_N2_imb2_set3_image16_ch2,18
260527,N2,imb2,set3,image16,ch2,79,8.36,4471.9697,260527_N2_imb2_set3_image16_ch2,19
260527,N2,imb2,set3,image16,ch2,80,8.4672,4449.2227,260527_N2_imb2_set3_image16_ch2,20
260527,N2,imb2,set3,image16,ch2,81,8.5744,4422.8472,260527_N2_imb2_set3_image16_ch2,21
260527,N2,imb2,set3,image16,ch2,82,8.6816,4388.9077,260527_N2_imb2_set3_image16_ch2,22
260527,N2,imb2,set3,image16,ch2,83,8.7888,4353.4575,260527_N2_imb2_set3_image16_ch2,23
260527,N2,imb2,set3,image16,ch2,84,8.8959,4326.9097,260527_N2_imb2_set3_image16_ch2,24
260527,N2,imb2,set3,image16,ch2,85,9.0031,4306.3555,260527_N2_imb2_set3_image16_ch2,25
260527,N2,imb2,set3,image16,ch2,86,9.1103,4297.3906,260527_N2_imb2_set3_image16_ch2,26
260527,N2,imb2,set3,image16,ch2,87,9.2175,4308.8457,260527_N2_imb2_set3_image16_ch2,27
260527,N2,imb2,set3,image16,ch2,88,9.3247,4305.3569,260527_N2_imb2_set3_image16_ch2,28
260527,N2,imb2,set3,image16,ch2,89,9.4318,4298.6143,260527_N2_imb2_set3_image16_ch2,29
260527,N2,imb2,set3,image16,ch2,90,9.539,4293.9634,260527_N2_imb2_set3_image16_ch2,30
260527,N2,imb2,set3,image16,ch2,91,9.6462,4291.541,260527_N2_imb2_set3_image16_ch2,31
260527,N2,imb2,set3,image16,ch2,92,9.7534,4293.9126,260527_N2_imb2_set3_image16_ch2,32
260527,N2,imb2,set3,image16,ch2,93,9.8606,4291.9136,260527_N2_imb2_set3_image16_ch2,33
260527,N2,imb2,set3,image16,ch2,94,9.9677,4268.4326,260527_N2_imb2_set3_image16_ch2,34
260527,N2,imb2,set3,image16,ch2,95,10.0749,4233.6382,260527_N2_imb2_set3_image16_ch2,35
260527,N2,imb2,set3,image16,ch2,96,10.1821,4210.6772,260527_N2_imb2_set3_image16_ch2,36
260527,N2,imb2,set3,image16,ch2,97,10.2893,4209.3467,260527_N2_imb2_set3_image16_ch2,37
260527,N2,imb2,set3,image16,ch2,98,10.3965,4222.627,260527_N2_imb2_set3_image16_ch2,38
260527,N2,imb2,set3,image16,ch2,99,10.5036,4245.8638,260527_N2_imb2_set3_image16_ch2,39
260527,N2,imb2,set3,image16,ch2,100,10.6108,4271.3447,260527_N2_imb2_set3_image16_ch2,40
260527,N2,imb2,set3,image16,ch2,101,10.718,4297.228,260527_N2_imb2_set3_image16_ch2,41
260527,N2,imb2,set3,image16,ch2,102,10.8252,4310.3193,260527_N2_imb2_set3_image16_ch2,42
260527,N2,imb2,set3,image16,ch2,103,10.9324,4303.8193,260527_N2_imb2_set3_image16_ch2,43
260527,N2,imb2,set3,image16,ch2,104,11.0395,4247.2603,260527_N2_imb2_set3_image16_ch2,44
260527,N2,imb2,set3,image16,ch2,105,11.1467,4157.4443,260527_N2_imb2_set3_image16_ch2,45
260527,N2,imb2,set3,image16,ch2,106,11.2539,4091.2222,260527_N2_imb2_set3_image16_ch2,46
260527,N2,imb2,set3,image16,ch2,107,11.3611,4041.7046,260527_N2_imb2_set3_image16_ch2,47
260527,N2,imb2,set3,image16,ch2,108,11.4683,4005.5242,260527_N2_imb2_set3_image16_ch2,48
260527,N2,imb2,set3,image16,ch2,109,11.5754,3981.5215,260527_N2_imb2_set3_image16_ch2,49
260527,N2,imb2,set3,image16,ch2,110,11.6826,3960.5649,260527_N2_imb2_set3_image16_ch2,50
260527,N2,imb2,set3,image16,ch2,111,11.7898,3952.3413,260527_N2_imb2_set3_image16_ch2,51
260527,N2,imb2,set3,image16,ch2,112,11.897,3956.7234,260527_N2_imb2_set3_image16_ch2,52
260527,N2,imb2,set3,image16,ch2,113,12.0042,3986.6777,260527_N2_imb2_set3_image16_ch2,53
260527,N2,imb2,set3,image16,ch2,114,12.1113,4008.7078,260527_N2_imb2_set3_image16_ch2,54
260527,N2,imb2,set3,image16,ch2,115,12.2185,3990.9575,260527_N2_imb2_set3_image16_ch2,55
260527,N2,imb2,set3,image16,ch2,116,12.3257,3944.1731,260527_N2_imb2_set3_image16_ch2,56
260527,N2,imb2,set3,image16,ch2,117,12.4329,3878.5381,260527_N2_imb2_set3_image16_ch2,57
260527,N2,imb2,set3,image16,ch2,118,12.5401,3819.1443,260527_N2_imb2_set3_image16_ch2,58
260527,N2,imb2,set3,image16,ch2,119,NA,NA,260527_N2_imb2_set3_image16_ch2,59
260527,N2,imb2,set3,image17,ch1,1,0,3424.7366,260527_N2_imb2_set3_image17_ch1,-59
260527,N2,imb2,set3,image17,ch1,2,0.1072,3423.3369,260527_N2_imb2_set3_image17_ch1,-58
260527,N2,imb2,set3,image17,ch1,3,0.2144,3424.2888,260527_N2_imb2_set3_image17_ch1,-57
260527,N2,imb2,set3,image17,ch1,4,0.3215,3438.8945,260527_N2_imb2_set3_image17_ch1,-56
260527,N2,imb2,set3,image17,ch1,5,0.4287,3469.3958,260527_N2_imb2_set3_image17_ch1,-55
260527,N2,imb2,set3,image17,ch1,6,0.5359,3505.51,260527_N2_imb2_set3_image17_ch1,-54
260527,N2,imb2,set3,image17,ch1,7,0.6431,3545.3188,260527_N2_imb2_set3_image17_ch1,-53
260527,N2,imb2,set3,image17,ch1,8,0.7503,3572.4375,260527_N2_imb2_set3_image17_ch1,-52
260527,N2,imb2,set3,image17,ch1,9,0.8574,3587.7615,260527_N2_imb2_set3_image17_ch1,-51
260527,N2,imb2,set3,image17,ch1,10,0.9646,3603.2539,260527_N2_imb2_set3_image17_ch1,-50
260527,N2,imb2,set3,image17,ch1,11,1.0718,3604.8337,260527_N2_imb2_set3_image17_ch1,-49
260527,N2,imb2,set3,image17,ch1,12,1.179,3615.656,260527_N2_imb2_set3_image17_ch1,-48
260527,N2,imb2,set3,image17,ch1,13,1.2862,3622.1658,260527_N2_imb2_set3_image17_ch1,-47
260527,N2,imb2,set3,image17,ch1,14,1.3933,3643.1355,260527_N2_imb2_set3_image17_ch1,-46
260527,N2,imb2,set3,image17,ch1,15,1.5005,3654.5806,260527_N2_imb2_set3_image17_ch1,-45
260527,N2,imb2,set3,image17,ch1,16,1.6077,3649.4392,260527_N2_imb2_set3_image17_ch1,-44
260527,N2,imb2,set3,image17,ch1,17,1.7149,3638.7622,260527_N2_imb2_set3_image17_ch1,-43
260527,N2,imb2,set3,image17,ch1,18,1.8221,3627.4927,260527_N2_imb2_set3_image17_ch1,-42
260527,N2,imb2,set3,image17,ch1,19,1.9292,3612.5752,260527_N2_imb2_set3_image17_ch1,-41
260527,N2,imb2,set3,image17,ch1,20,2.0364,3608.0923,260527_N2_imb2_set3_image17_ch1,-40
260527,N2,imb2,set3,image17,ch1,21,2.1436,3596.6467,260527_N2_imb2_set3_image17_ch1,-39
260527,N2,imb2,set3,image17,ch1,22,2.2508,3595.8711,260527_N2_imb2_set3_image17_ch1,-38
260527,N2,imb2,set3,image17,ch1,23,2.358,3596.45,260527_N2_imb2_set3_image17_ch1,-37
260527,N2,imb2,set3,image17,ch1,24,2.4651,3585.4346,260527_N2_imb2_set3_image17_ch1,-36
260527,N2,imb2,set3,image17,ch1,25,2.5723,3587.79,260527_N2_imb2_set3_image17_ch1,-35
260527,N2,imb2,set3,image17,ch1,26,2.6795,3588.4968,260527_N2_imb2_set3_image17_ch1,-34
260527,N2,imb2,set3,image17,ch1,27,2.7867,3582.2451,260527_N2_imb2_set3_image17_ch1,-33
260527,N2,imb2,set3,image17,ch1,28,2.8939,3581.1306,260527_N2_imb2_set3_image17_ch1,-32
260527,N2,imb2,set3,image17,ch1,29,3.001,3559.2046,260527_N2_imb2_set3_image17_ch1,-31
260527,N2,imb2,set3,image17,ch1,30,3.1082,3550.9624,260527_N2_imb2_set3_image17_ch1,-30
260527,N2,imb2,set3,image17,ch1,31,3.2154,3546.2146,260527_N2_imb2_set3_image17_ch1,-29
260527,N2,imb2,set3,image17,ch1,32,3.3226,3545.3188,260527_N2_imb2_set3_image17_ch1,-28
260527,N2,imb2,set3,image17,ch1,33,3.4298,3550.2039,260527_N2_imb2_set3_image17_ch1,-27
260527,N2,imb2,set3,image17,ch1,34,3.5369,3560.4556,260527_N2_imb2_set3_image17_ch1,-26
260527,N2,imb2,set3,image17,ch1,35,3.6441,3552.9353,260527_N2_imb2_set3_image17_ch1,-25
260527,N2,imb2,set3,image17,ch1,36,3.7513,3525.5977,260527_N2_imb2_set3_image17_ch1,-24
260527,N2,imb2,set3,image17,ch1,37,3.8585,3505.7581,260527_N2_imb2_set3_image17_ch1,-23
260527,N2,imb2,set3,image17,ch1,38,3.9657,3484.9028,260527_N2_imb2_set3_image17_ch1,-22
260527,N2,imb2,set3,image17,ch1,39,4.0728,3450.929,260527_N2_imb2_set3_image17_ch1,-21
260527,N2,imb2,set3,image17,ch1,40,4.18,3448.8892,260527_N2_imb2_set3_image17_ch1,-20
260527,N2,imb2,set3,image17,ch1,41,4.2872,3459.4087,260527_N2_imb2_set3_image17_ch1,-19
260527,N2,imb2,set3,image17,ch1,42,4.3944,3483.8889,260527_N2_imb2_set3_image17_ch1,-18
260527,N2,imb2,set3,image17,ch1,43,4.5016,3507.2429,260527_N2_imb2_set3_image17_ch1,-17
260527,N2,imb2,set3,image17,ch1,44,4.6087,3548.7671,260527_N2_imb2_set3_image17_ch1,-16
260527,N2,imb2,set3,image17,ch1,45,4.7159,3590.5935,260527_N2_imb2_set3_image17_ch1,-15
260527,N2,imb2,set3,image17,ch1,46,4.8231,3612.2549,260527_N2_imb2_set3_image17_ch1,-14
260527,N2,imb2,set3,image17,ch1,47,4.9303,3627.9595,260527_N2_imb2_set3_image17_ch1,-13
260527,N2,imb2,set3,image17,ch1,48,5.0375,3631.9524,260527_N2_imb2_set3_image17_ch1,-12
260527,N2,imb2,set3,image17,ch1,49,5.1446,3619.562,260527_N2_imb2_set3_image17_ch1,-11
260527,N2,imb2,set3,image17,ch1,50,5.2518,3607.7129,260527_N2_imb2_set3_image17_ch1,-10
260527,N2,imb2,set3,image17,ch1,51,5.359,3579.5947,260527_N2_imb2_set3_image17_ch1,-9
260527,N2,imb2,set3,image17,ch1,52,5.4662,3526.1509,260527_N2_imb2_set3_image17_ch1,-8
260527,N2,imb2,set3,image17,ch1,53,5.5734,3489.9268,260527_N2_imb2_set3_image17_ch1,-7
260527,N2,imb2,set3,image17,ch1,54,5.6805,3476.6426,260527_N2_imb2_set3_image17_ch1,-6
260527,N2,imb2,set3,image17,ch1,55,5.7877,3488.0771,260527_N2_imb2_set3_image17_ch1,-5
260527,N2,imb2,set3,image17,ch1,56,5.8949,3524.8833,260527_N2_imb2_set3_image17_ch1,-4
260527,N2,imb2,set3,image17,ch1,57,6.0021,3576.3286,260527_N2_imb2_set3_image17_ch1,-3
260527,N2,imb2,set3,image17,ch1,58,6.1093,3622.1206,260527_N2_imb2_set3_image17_ch1,-2
260527,N2,imb2,set3,image17,ch1,59,6.2164,3642.6812,260527_N2_imb2_set3_image17_ch1,-1
260527,N2,imb2,set3,image17,ch1,60,6.3236,3622.365,260527_N2_imb2_set3_image17_ch1,0
260527,N2,imb2,set3,image17,ch1,61,6.4308,3555.2222,260527_N2_imb2_set3_image17_ch1,1
260527,N2,imb2,set3,image17,ch1,62,6.538,3459.3162,260527_N2_imb2_set3_image17_ch1,2
260527,N2,imb2,set3,image17,ch1,63,6.6452,3382.3931,260527_N2_imb2_set3_image17_ch1,3
260527,N2,imb2,set3,image17,ch1,64,6.7523,3313.551,260527_N2_imb2_set3_image17_ch1,4
260527,N2,imb2,set3,image17,ch1,65,6.8595,3264.6741,260527_N2_imb2_set3_image17_ch1,5
260527,N2,imb2,set3,image17,ch1,66,6.9667,3246.9341,260527_N2_imb2_set3_image17_ch1,6
260527,N2,imb2,set3,image17,ch1,67,7.0739,3237.1589,260527_N2_imb2_set3_image17_ch1,7
260527,N2,imb2,set3,image17,ch1,68,7.1811,3226.5068,260527_N2_imb2_set3_image17_ch1,8
260527,N2,imb2,set3,image17,ch1,69,7.2882,3204.0942,260527_N2_imb2_set3_image17_ch1,9
260527,N2,imb2,set3,image17,ch1,70,7.3954,3171.0381,260527_N2_imb2_set3_image17_ch1,10
260527,N2,imb2,set3,image17,ch1,71,7.5026,3141.6509,260527_N2_imb2_set3_image17_ch1,11
260527,N2,imb2,set3,image17,ch1,72,7.6098,3123.6216,260527_N2_imb2_set3_image17_ch1,12
260527,N2,imb2,set3,image17,ch1,73,7.717,3108.7883,260527_N2_imb2_set3_image17_ch1,13
260527,N2,imb2,set3,image17,ch1,74,7.8241,3110.947,260527_N2_imb2_set3_image17_ch1,14
260527,N2,imb2,set3,image17,ch1,75,7.9313,3115.2737,260527_N2_imb2_set3_image17_ch1,15
260527,N2,imb2,set3,image17,ch1,76,8.0385,3122.0261,260527_N2_imb2_set3_image17_ch1,16
260527,N2,imb2,set3,image17,ch1,77,8.1457,3118.9343,260527_N2_imb2_set3_image17_ch1,17
260527,N2,imb2,set3,image17,ch1,78,8.2529,3122.8271,260527_N2_imb2_set3_image17_ch1,18
260527,N2,imb2,set3,image17,ch1,79,8.36,3134.7371,260527_N2_imb2_set3_image17_ch1,19
260527,N2,imb2,set3,image17,ch1,80,8.4672,3161.196,260527_N2_imb2_set3_image17_ch1,20
260527,N2,imb2,set3,image17,ch1,81,8.5744,3173.761,260527_N2_imb2_set3_image17_ch1,21
260527,N2,imb2,set3,image17,ch1,82,8.6816,3178.3396,260527_N2_imb2_set3_image17_ch1,22
260527,N2,imb2,set3,image17,ch1,83,8.7888,3167.7283,260527_N2_imb2_set3_image17_ch1,23
260527,N2,imb2,set3,image17,ch1,84,8.8959,3139.5044,260527_N2_imb2_set3_image17_ch1,24
260527,N2,imb2,set3,image17,ch1,85,9.0031,3107.9077,260527_N2_imb2_set3_image17_ch1,25
260527,N2,imb2,set3,image17,ch1,86,9.1103,3087.7842,260527_N2_imb2_set3_image17_ch1,26
260527,N2,imb2,set3,image17,ch1,87,9.2175,3077.5898,260527_N2_imb2_set3_image17_ch1,27
260527,N2,imb2,set3,image17,ch1,88,9.3247,3064.2898,260527_N2_imb2_set3_image17_ch1,28
260527,N2,imb2,set3,image17,ch1,89,9.4318,3051.2336,260527_N2_imb2_set3_image17_ch1,29
260527,N2,imb2,set3,image17,ch1,90,9.539,3039.4907,260527_N2_imb2_set3_image17_ch1,30
260527,N2,imb2,set3,image17,ch1,91,9.6462,3025.8667,260527_N2_imb2_set3_image17_ch1,31
260527,N2,imb2,set3,image17,ch1,92,9.7534,3012.0676,260527_N2_imb2_set3_image17_ch1,32
260527,N2,imb2,set3,image17,ch1,93,9.8606,2996.9902,260527_N2_imb2_set3_image17_ch1,33
260527,N2,imb2,set3,image17,ch1,94,9.9677,2971.9497,260527_N2_imb2_set3_image17_ch1,34
260527,N2,imb2,set3,image17,ch1,95,10.0749,2948.1089,260527_N2_imb2_set3_image17_ch1,35
260527,N2,imb2,set3,image17,ch1,96,10.1821,2929.7974,260527_N2_imb2_set3_image17_ch1,36
260527,N2,imb2,set3,image17,ch1,97,10.2893,2911.0762,260527_N2_imb2_set3_image17_ch1,37
260527,N2,imb2,set3,image17,ch1,98,10.3965,2898.9597,260527_N2_imb2_set3_image17_ch1,38
260527,N2,imb2,set3,image17,ch1,99,10.5036,2887.9941,260527_N2_imb2_set3_image17_ch1,39
260527,N2,imb2,set3,image17,ch1,100,10.6108,2870.6685,260527_N2_imb2_set3_image17_ch1,40
260527,N2,imb2,set3,image17,ch1,101,10.718,2863.2131,260527_N2_imb2_set3_image17_ch1,41
260527,N2,imb2,set3,image17,ch1,102,10.8252,2851.1809,260527_N2_imb2_set3_image17_ch1,42
260527,N2,imb2,set3,image17,ch1,103,10.9324,2842.4292,260527_N2_imb2_set3_image17_ch1,43
260527,N2,imb2,set3,image17,ch1,104,11.0395,2830.5125,260527_N2_imb2_set3_image17_ch1,44
260527,N2,imb2,set3,image17,ch1,105,11.1467,2826.0273,260527_N2_imb2_set3_image17_ch1,45
260527,N2,imb2,set3,image17,ch1,106,11.2539,2814.1602,260527_N2_imb2_set3_image17_ch1,46
260527,N2,imb2,set3,image17,ch1,107,11.3611,2801.7754,260527_N2_imb2_set3_image17_ch1,47
260527,N2,imb2,set3,image17,ch1,108,11.4683,2788.1394,260527_N2_imb2_set3_image17_ch1,48
260527,N2,imb2,set3,image17,ch1,109,11.5754,2778.4741,260527_N2_imb2_set3_image17_ch1,49
260527,N2,imb2,set3,image17,ch1,110,11.6826,2758.7966,260527_N2_imb2_set3_image17_ch1,50
260527,N2,imb2,set3,image17,ch1,111,11.7898,2738.155,260527_N2_imb2_set3_image17_ch1,51
260527,N2,imb2,set3,image17,ch1,112,11.897,2717.7659,260527_N2_imb2_set3_image17_ch1,52
260527,N2,imb2,set3,image17,ch1,113,12.0042,2694.6414,260527_N2_imb2_set3_image17_ch1,53
260527,N2,imb2,set3,image17,ch1,114,12.1113,2642.8293,260527_N2_imb2_set3_image17_ch1,54
260527,N2,imb2,set3,image17,ch1,115,12.2185,2593.2698,260527_N2_imb2_set3_image17_ch1,55
260527,N2,imb2,set3,image17,ch1,116,12.3257,2550.4182,260527_N2_imb2_set3_image17_ch1,56
260527,N2,imb2,set3,image17,ch1,117,12.4329,2504.0798,260527_N2_imb2_set3_image17_ch1,57
260527,N2,imb2,set3,image17,ch1,118,12.5401,2468.9021,260527_N2_imb2_set3_image17_ch1,58
260527,N2,imb2,set3,image17,ch1,119,NA,NA,260527_N2_imb2_set3_image17_ch1,59
260527,N2,imb2,set3,image17,ch2,1,0,4621.4551,260527_N2_imb2_set3_image17_ch2,-59
260527,N2,imb2,set3,image17,ch2,2,0.1072,4634.8525,260527_N2_imb2_set3_image17_ch2,-58
260527,N2,imb2,set3,image17,ch2,3,0.2144,4665.3096,260527_N2_imb2_set3_image17_ch2,-57
260527,N2,imb2,set3,image17,ch2,4,0.3215,4691.4302,260527_N2_imb2_set3_image17_ch2,-56
260527,N2,imb2,set3,image17,ch2,5,0.4287,4754.5776,260527_N2_imb2_set3_image17_ch2,-55
260527,N2,imb2,set3,image17,ch2,6,0.5359,4813.3735,260527_N2_imb2_set3_image17_ch2,-54
260527,N2,imb2,set3,image17,ch2,7,0.6431,4842.6626,260527_N2_imb2_set3_image17_ch2,-53
260527,N2,imb2,set3,image17,ch2,8,0.7503,4836.3511,260527_N2_imb2_set3_image17_ch2,-52
260527,N2,imb2,set3,image17,ch2,9,0.8574,4783.3657,260527_N2_imb2_set3_image17_ch2,-51
260527,N2,imb2,set3,image17,ch2,10,0.9646,4722.3315,260527_N2_imb2_set3_image17_ch2,-50
260527,N2,imb2,set3,image17,ch2,11,1.0718,4701.5015,260527_N2_imb2_set3_image17_ch2,-49
260527,N2,imb2,set3,image17,ch2,12,1.179,4700.0938,260527_N2_imb2_set3_image17_ch2,-48
260527,N2,imb2,set3,image17,ch2,13,1.2862,4697.3369,260527_N2_imb2_set3_image17_ch2,-47
260527,N2,imb2,set3,image17,ch2,14,1.3933,4715.7114,260527_N2_imb2_set3_image17_ch2,-46
260527,N2,imb2,set3,image17,ch2,15,1.5005,4739.0659,260527_N2_imb2_set3_image17_ch2,-45
260527,N2,imb2,set3,image17,ch2,16,1.6077,4761.5513,260527_N2_imb2_set3_image17_ch2,-44
260527,N2,imb2,set3,image17,ch2,17,1.7149,4781.043,260527_N2_imb2_set3_image17_ch2,-43
260527,N2,imb2,set3,image17,ch2,18,1.8221,4800.728,260527_N2_imb2_set3_image17_ch2,-42
260527,N2,imb2,set3,image17,ch2,19,1.9292,4822.4678,260527_N2_imb2_set3_image17_ch2,-41
260527,N2,imb2,set3,image17,ch2,20,2.0364,4846.2134,260527_N2_imb2_set3_image17_ch2,-40
260527,N2,imb2,set3,image17,ch2,21,2.1436,4856.0259,260527_N2_imb2_set3_image17_ch2,-39
260527,N2,imb2,set3,image17,ch2,22,2.2508,4856.0024,260527_N2_imb2_set3_image17_ch2,-38
260527,N2,imb2,set3,image17,ch2,23,2.358,4853.4072,260527_N2_imb2_set3_image17_ch2,-37
260527,N2,imb2,set3,image17,ch2,24,2.4651,4844.9663,260527_N2_imb2_set3_image17_ch2,-36
260527,N2,imb2,set3,image17,ch2,25,2.5723,4839.2378,260527_N2_imb2_set3_image17_ch2,-35
260527,N2,imb2,set3,image17,ch2,26,2.6795,4815.8818,260527_N2_imb2_set3_image17_ch2,-34
260527,N2,imb2,set3,image17,ch2,27,2.7867,4807.9165,260527_N2_imb2_set3_image17_ch2,-33
260527,N2,imb2,set3,image17,ch2,28,2.8939,4822.1265,260527_N2_imb2_set3_image17_ch2,-32
260527,N2,imb2,set3,image17,ch2,29,3.001,4819.9175,260527_N2_imb2_set3_image17_ch2,-31
260527,N2,imb2,set3,image17,ch2,30,3.1082,4812.1396,260527_N2_imb2_set3_image17_ch2,-30
260527,N2,imb2,set3,image17,ch2,31,3.2154,4778,260527_N2_imb2_set3_image17_ch2,-29
260527,N2,imb2,set3,image17,ch2,32,3.3226,4760.4155,260527_N2_imb2_set3_image17_ch2,-28
260527,N2,imb2,set3,image17,ch2,33,3.4298,4749.4712,260527_N2_imb2_set3_image17_ch2,-27
260527,N2,imb2,set3,image17,ch2,34,3.5369,4734.5845,260527_N2_imb2_set3_image17_ch2,-26
260527,N2,imb2,set3,image17,ch2,35,3.6441,4730.9985,260527_N2_imb2_set3_image17_ch2,-25
260527,N2,imb2,set3,image17,ch2,36,3.7513,4725.585,260527_N2_imb2_set3_image17_ch2,-24
260527,N2,imb2,set3,image17,ch2,37,3.8585,4712.3506,260527_N2_imb2_set3_image17_ch2,-23
260527,N2,imb2,set3,image17,ch2,38,3.9657,4700.937,260527_N2_imb2_set3_image17_ch2,-22
260527,N2,imb2,set3,image17,ch2,39,4.0728,4681.21,260527_N2_imb2_set3_image17_ch2,-21
260527,N2,imb2,set3,image17,ch2,40,4.18,4670.9565,260527_N2_imb2_set3_image17_ch2,-20
260527,N2,imb2,set3,image17,ch2,41,4.2872,4666.8394,260527_N2_imb2_set3_image17_ch2,-19
260527,N2,imb2,set3,image17,ch2,42,4.3944,4670.8066,260527_N2_imb2_set3_image17_ch2,-18
260527,N2,imb2,set3,image17,ch2,43,4.5016,4668.2603,260527_N2_imb2_set3_image17_ch2,-17
260527,N2,imb2,set3,image17,ch2,44,4.6087,4664.0352,260527_N2_imb2_set3_image17_ch2,-16
260527,N2,imb2,set3,image17,ch2,45,4.7159,4671.8975,260527_N2_imb2_set3_image17_ch2,-15
260527,N2,imb2,set3,image17,ch2,46,4.8231,4673.9712,260527_N2_imb2_set3_image17_ch2,-14
260527,N2,imb2,set3,image17,ch2,47,4.9303,4687.3657,260527_N2_imb2_set3_image17_ch2,-13
260527,N2,imb2,set3,image17,ch2,48,5.0375,4712.5225,260527_N2_imb2_set3_image17_ch2,-12
260527,N2,imb2,set3,image17,ch2,49,5.1446,4735.7334,260527_N2_imb2_set3_image17_ch2,-11
260527,N2,imb2,set3,image17,ch2,50,5.2518,4783.041,260527_N2_imb2_set3_image17_ch2,-10
260527,N2,imb2,set3,image17,ch2,51,5.359,4837.582,260527_N2_imb2_set3_image17_ch2,-9
260527,N2,imb2,set3,image17,ch2,52,5.4662,4889.1064,260527_N2_imb2_set3_image17_ch2,-8
260527,N2,imb2,set3,image17,ch2,53,5.5734,4913.895,260527_N2_imb2_set3_image17_ch2,-7
260527,N2,imb2,set3,image17,ch2,54,5.6805,4904.4829,260527_N2_imb2_set3_image17_ch2,-6
260527,N2,imb2,set3,image17,ch2,55,5.7877,4868.9204,260527_N2_imb2_set3_image17_ch2,-5
260527,N2,imb2,set3,image17,ch2,56,5.8949,4785.7656,260527_N2_imb2_set3_image17_ch2,-4
260527,N2,imb2,set3,image17,ch2,57,6.0021,4726.4414,260527_N2_imb2_set3_image17_ch2,-3
260527,N2,imb2,set3,image17,ch2,58,6.1093,4686.5972,260527_N2_imb2_set3_image17_ch2,-2
260527,N2,imb2,set3,image17,ch2,59,6.2164,4664.5801,260527_N2_imb2_set3_image17_ch2,-1
260527,N2,imb2,set3,image17,ch2,60,6.3236,4644.5269,260527_N2_imb2_set3_image17_ch2,0
260527,N2,imb2,set3,image17,ch2,61,6.4308,4635.0449,260527_N2_imb2_set3_image17_ch2,1
260527,N2,imb2,set3,image17,ch2,62,6.538,4605.8438,260527_N2_imb2_set3_image17_ch2,2
260527,N2,imb2,set3,image17,ch2,63,6.6452,4576.1978,260527_N2_imb2_set3_image17_ch2,3
260527,N2,imb2,set3,image17,ch2,64,6.7523,4533.6572,260527_N2_imb2_set3_image17_ch2,4
260527,N2,imb2,set3,image17,ch2,65,6.8595,4507.876,260527_N2_imb2_set3_image17_ch2,5
260527,N2,imb2,set3,image17,ch2,66,6.9667,4485.4053,260527_N2_imb2_set3_image17_ch2,6
260527,N2,imb2,set3,image17,ch2,67,7.0739,4465.8242,260527_N2_imb2_set3_image17_ch2,7
260527,N2,imb2,set3,image17,ch2,68,7.1811,4447.0083,260527_N2_imb2_set3_image17_ch2,8
260527,N2,imb2,set3,image17,ch2,69,7.2882,4442.1509,260527_N2_imb2_set3_image17_ch2,9
260527,N2,imb2,set3,image17,ch2,70,7.3954,4434.1162,260527_N2_imb2_set3_image17_ch2,10
260527,N2,imb2,set3,image17,ch2,71,7.5026,4420.3218,260527_N2_imb2_set3_image17_ch2,11
260527,N2,imb2,set3,image17,ch2,72,7.6098,4402.2173,260527_N2_imb2_set3_image17_ch2,12
260527,N2,imb2,set3,image17,ch2,73,7.717,4392.5854,260527_N2_imb2_set3_image17_ch2,13
260527,N2,imb2,set3,image17,ch2,74,7.8241,4386.46,260527_N2_imb2_set3_image17_ch2,14
260527,N2,imb2,set3,image17,ch2,75,7.9313,4386.2075,260527_N2_imb2_set3_image17_ch2,15
260527,N2,imb2,set3,image17,ch2,76,8.0385,4383.0361,260527_N2_imb2_set3_image17_ch2,16
260527,N2,imb2,set3,image17,ch2,77,8.1457,4376.1982,260527_N2_imb2_set3_image17_ch2,17
260527,N2,imb2,set3,image17,ch2,78,8.2529,4377.376,260527_N2_imb2_set3_image17_ch2,18
260527,N2,imb2,set3,image17,ch2,79,8.36,4376.3955,260527_N2_imb2_set3_image17_ch2,19
260527,N2,imb2,set3,image17,ch2,80,8.4672,4378.8613,260527_N2_imb2_set3_image17_ch2,20
260527,N2,imb2,set3,image17,ch2,81,8.5744,4395.6699,260527_N2_imb2_set3_image17_ch2,21
260527,N2,imb2,set3,image17,ch2,82,8.6816,4417.6694,260527_N2_imb2_set3_image17_ch2,22
260527,N2,imb2,set3,image17,ch2,83,8.7888,4449.2002,260527_N2_imb2_set3_image17_ch2,23
260527,N2,imb2,set3,image17,ch2,84,8.8959,4487.4463,260527_N2_imb2_set3_image17_ch2,24
260527,N2,imb2,set3,image17,ch2,85,9.0031,4505.3105,260527_N2_imb2_set3_image17_ch2,25
260527,N2,imb2,set3,image17,ch2,86,9.1103,4495.4624,260527_N2_imb2_set3_image17_ch2,26
260527,N2,imb2,set3,image17,ch2,87,9.2175,4467.5464,260527_N2_imb2_set3_image17_ch2,27
260527,N2,imb2,set3,image17,ch2,88,9.3247,4432.6597,260527_N2_imb2_set3_image17_ch2,28
260527,N2,imb2,set3,image17,ch2,89,9.4318,4403.7256,260527_N2_imb2_set3_image17_ch2,29
260527,N2,imb2,set3,image17,ch2,90,9.539,4391.4336,260527_N2_imb2_set3_image17_ch2,30
260527,N2,imb2,set3,image17,ch2,91,9.6462,4392.5859,260527_N2_imb2_set3_image17_ch2,31
260527,N2,imb2,set3,image17,ch2,92,9.7534,4389.0024,260527_N2_imb2_set3_image17_ch2,32
260527,N2,imb2,set3,image17,ch2,93,9.8606,4378.0078,260527_N2_imb2_set3_image17_ch2,33
260527,N2,imb2,set3,image17,ch2,94,9.9677,4368.1987,260527_N2_imb2_set3_image17_ch2,34
260527,N2,imb2,set3,image17,ch2,95,10.0749,4312.9917,260527_N2_imb2_set3_image17_ch2,35
260527,N2,imb2,set3,image17,ch2,96,10.1821,4274.0195,260527_N2_imb2_set3_image17_ch2,36
260527,N2,imb2,set3,image17,ch2,97,10.2893,4259.3457,260527_N2_imb2_set3_image17_ch2,37
260527,N2,imb2,set3,image17,ch2,98,10.3965,4253.8496,260527_N2_imb2_set3_image17_ch2,38
260527,N2,imb2,set3,image17,ch2,99,10.5036,4246.0244,260527_N2_imb2_set3_image17_ch2,39
260527,N2,imb2,set3,image17,ch2,100,10.6108,4226.73,260527_N2_imb2_set3_image17_ch2,40
260527,N2,imb2,set3,image17,ch2,101,10.718,4223.3716,260527_N2_imb2_set3_image17_ch2,41
260527,N2,imb2,set3,image17,ch2,102,10.8252,4199.7529,260527_N2_imb2_set3_image17_ch2,42
260527,N2,imb2,set3,image17,ch2,103,10.9324,4155.4756,260527_N2_imb2_set3_image17_ch2,43
260527,N2,imb2,set3,image17,ch2,104,11.0395,4112.9448,260527_N2_imb2_set3_image17_ch2,44
260527,N2,imb2,set3,image17,ch2,105,11.1467,4067.5134,260527_N2_imb2_set3_image17_ch2,45
260527,N2,imb2,set3,image17,ch2,106,11.2539,4036.6287,260527_N2_imb2_set3_image17_ch2,46
260527,N2,imb2,set3,image17,ch2,107,11.3611,4028.866,260527_N2_imb2_set3_image17_ch2,47
260527,N2,imb2,set3,image17,ch2,108,11.4683,4050.4478,260527_N2_imb2_set3_image17_ch2,48
260527,N2,imb2,set3,image17,ch2,109,11.5754,4072.7961,260527_N2_imb2_set3_image17_ch2,49
260527,N2,imb2,set3,image17,ch2,110,11.6826,4111.6602,260527_N2_imb2_set3_image17_ch2,50
260527,N2,imb2,set3,image17,ch2,111,11.7898,4131.0234,260527_N2_imb2_set3_image17_ch2,51
260527,N2,imb2,set3,image17,ch2,112,11.897,4115.396,260527_N2_imb2_set3_image17_ch2,52
260527,N2,imb2,set3,image17,ch2,113,12.0042,4056.1633,260527_N2_imb2_set3_image17_ch2,53
260527,N2,imb2,set3,image17,ch2,114,12.1113,3984.803,260527_N2_imb2_set3_image17_ch2,54
260527,N2,imb2,set3,image17,ch2,115,12.2185,3896.158,260527_N2_imb2_set3_image17_ch2,55
260527,N2,imb2,set3,image17,ch2,116,12.3257,3801.988,260527_N2_imb2_set3_image17_ch2,56
260527,N2,imb2,set3,image17,ch2,117,12.4329,3714.2788,260527_N2_imb2_set3_image17_ch2,57
260527,N2,imb2,set3,image17,ch2,118,12.5401,3644.7268,260527_N2_imb2_set3_image17_ch2,58
260527,N2,imb2,set3,image17,ch2,119,NA,NA,260527_N2_imb2_set3_image17_ch2,59
