date,strain,mRNA1,mRNA2,embryoID,channel,xpoint,timepoints,intensity,unique_id,aligned_row
231206,U2OS,gapdh,tnpo1,image01,ch1,1,0,3822.72,231206_U2OS_gapdh_tnpo1_image01_ch1,-90
231206,U2OS,gapdh,tnpo1,image01,ch1,2,0.1072,3819.4797,231206_U2OS_gapdh_tnpo1_image01_ch1,-89
231206,U2OS,gapdh,tnpo1,image01,ch1,3,0.2144,3844.0725,231206_U2OS_gapdh_tnpo1_image01_ch1,-88
231206,U2OS,gapdh,tnpo1,image01,ch1,4,0.3215,3849.4207,231206_U2OS_gapdh_tnpo1_image01_ch1,-87
231206,U2OS,gapdh,tnpo1,image01,ch1,5,0.4287,3817.6938,231206_U2OS_gapdh_tnpo1_image01_ch1,-86
231206,U2OS,gapdh,tnpo1,image01,ch1,6,0.5359,3783.5947,231206_U2OS_gapdh_tnpo1_image01_ch1,-85
231206,U2OS,gapdh,tnpo1,image01,ch1,7,0.6431,3784.511,231206_U2OS_gapdh_tnpo1_image01_ch1,-84
231206,U2OS,gapdh,tnpo1,image01,ch1,8,0.7503,3818.3574,231206_U2OS_gapdh_tnpo1_image01_ch1,-83
231206,U2OS,gapdh,tnpo1,image01,ch1,9,0.8574,3844.1079,231206_U2OS_gapdh_tnpo1_image01_ch1,-82
231206,U2OS,gapdh,tnpo1,image01,ch1,10,0.9646,3858.3057,231206_U2OS_gapdh_tnpo1_image01_ch1,-81
231206,U2OS,gapdh,tnpo1,image01,ch1,11,1.0718,3860.0156,231206_U2OS_gapdh_tnpo1_image01_ch1,-80
231206,U2OS,gapdh,tnpo1,image01,ch1,12,1.179,3868.2793,231206_U2OS_gapdh_tnpo1_image01_ch1,-79
231206,U2OS,gapdh,tnpo1,image01,ch1,13,1.2862,3847.3525,231206_U2OS_gapdh_tnpo1_image01_ch1,-78
231206,U2OS,gapdh,tnpo1,image01,ch1,14,1.3933,3772.4626,231206_U2OS_gapdh_tnpo1_image01_ch1,-77
231206,U2OS,gapdh,tnpo1,image01,ch1,15,1.5005,3697.6343,231206_U2OS_gapdh_tnpo1_image01_ch1,-76
231206,U2OS,gapdh,tnpo1,image01,ch1,16,1.6077,3667.5835,231206_U2OS_gapdh_tnpo1_image01_ch1,-75
231206,U2OS,gapdh,tnpo1,image01,ch1,17,1.7149,3671.1484,231206_U2OS_gapdh_tnpo1_image01_ch1,-74
231206,U2OS,gapdh,tnpo1,image01,ch1,18,1.8221,3678.562,231206_U2OS_gapdh_tnpo1_image01_ch1,-73
231206,U2OS,gapdh,tnpo1,image01,ch1,19,1.9292,3703.9365,231206_U2OS_gapdh_tnpo1_image01_ch1,-72
231206,U2OS,gapdh,tnpo1,image01,ch1,20,2.0364,3719.8469,231206_U2OS_gapdh_tnpo1_image01_ch1,-71
231206,U2OS,gapdh,tnpo1,image01,ch1,21,2.1436,3729.5684,231206_U2OS_gapdh_tnpo1_image01_ch1,-70
231206,U2OS,gapdh,tnpo1,image01,ch1,22,2.2508,3742.6165,231206_U2OS_gapdh_tnpo1_image01_ch1,-69
231206,U2OS,gapdh,tnpo1,image01,ch1,23,2.358,3775.2744,231206_U2OS_gapdh_tnpo1_image01_ch1,-68
231206,U2OS,gapdh,tnpo1,image01,ch1,24,2.4651,3793.3142,231206_U2OS_gapdh_tnpo1_image01_ch1,-67
231206,U2OS,gapdh,tnpo1,image01,ch1,25,2.5723,3825.3354,231206_U2OS_gapdh_tnpo1_image01_ch1,-66
231206,U2OS,gapdh,tnpo1,image01,ch1,26,2.6795,3843.5498,231206_U2OS_gapdh_tnpo1_image01_ch1,-65
231206,U2OS,gapdh,tnpo1,image01,ch1,27,2.7867,3861.8569,231206_U2OS_gapdh_tnpo1_image01_ch1,-64
231206,U2OS,gapdh,tnpo1,image01,ch1,28,2.8939,3871.0093,231206_U2OS_gapdh_tnpo1_image01_ch1,-63
231206,U2OS,gapdh,tnpo1,image01,ch1,29,3.001,3864.9934,231206_U2OS_gapdh_tnpo1_image01_ch1,-62
231206,U2OS,gapdh,tnpo1,image01,ch1,30,3.1082,3834.3335,231206_U2OS_gapdh_tnpo1_image01_ch1,-61
231206,U2OS,gapdh,tnpo1,image01,ch1,31,3.2154,3795.4238,231206_U2OS_gapdh_tnpo1_image01_ch1,-60
231206,U2OS,gapdh,tnpo1,image01,ch1,32,3.3226,3759.2986,231206_U2OS_gapdh_tnpo1_image01_ch1,-59
231206,U2OS,gapdh,tnpo1,image01,ch1,33,3.4298,3755.7837,231206_U2OS_gapdh_tnpo1_image01_ch1,-58
231206,U2OS,gapdh,tnpo1,image01,ch1,34,3.5369,3771.5217,231206_U2OS_gapdh_tnpo1_image01_ch1,-57
231206,U2OS,gapdh,tnpo1,image01,ch1,35,3.6441,3793.0151,231206_U2OS_gapdh_tnpo1_image01_ch1,-56
231206,U2OS,gapdh,tnpo1,image01,ch1,36,3.7513,3825.6921,231206_U2OS_gapdh_tnpo1_image01_ch1,-55
231206,U2OS,gapdh,tnpo1,image01,ch1,37,3.8585,3838.0303,231206_U2OS_gapdh_tnpo1_image01_ch1,-54
231206,U2OS,gapdh,tnpo1,image01,ch1,38,3.9657,3818.5249,231206_U2OS_gapdh_tnpo1_image01_ch1,-53
231206,U2OS,gapdh,tnpo1,image01,ch1,39,4.0728,3768.751,231206_U2OS_gapdh_tnpo1_image01_ch1,-52
231206,U2OS,gapdh,tnpo1,image01,ch1,40,4.18,3721.2327,231206_U2OS_gapdh_tnpo1_image01_ch1,-51
231206,U2OS,gapdh,tnpo1,image01,ch1,41,4.2872,3695.095,231206_U2OS_gapdh_tnpo1_image01_ch1,-50
231206,U2OS,gapdh,tnpo1,image01,ch1,42,4.3944,3675.8206,231206_U2OS_gapdh_tnpo1_image01_ch1,-49
231206,U2OS,gapdh,tnpo1,image01,ch1,43,4.5016,3668.1938,231206_U2OS_gapdh_tnpo1_image01_ch1,-48
231206,U2OS,gapdh,tnpo1,image01,ch1,44,4.6087,3679.2688,231206_U2OS_gapdh_tnpo1_image01_ch1,-47
231206,U2OS,gapdh,tnpo1,image01,ch1,45,4.7159,3695.5122,231206_U2OS_gapdh_tnpo1_image01_ch1,-46
231206,U2OS,gapdh,tnpo1,image01,ch1,46,4.8231,3702.4675,231206_U2OS_gapdh_tnpo1_image01_ch1,-45
231206,U2OS,gapdh,tnpo1,image01,ch1,47,4.9303,3683.7153,231206_U2OS_gapdh_tnpo1_image01_ch1,-44
231206,U2OS,gapdh,tnpo1,image01,ch1,48,5.0375,3667.9255,231206_U2OS_gapdh_tnpo1_image01_ch1,-43
231206,U2OS,gapdh,tnpo1,image01,ch1,49,5.1446,3656.2998,231206_U2OS_gapdh_tnpo1_image01_ch1,-42
231206,U2OS,gapdh,tnpo1,image01,ch1,50,5.2518,3673.7114,231206_U2OS_gapdh_tnpo1_image01_ch1,-41
231206,U2OS,gapdh,tnpo1,image01,ch1,51,5.359,3714.6228,231206_U2OS_gapdh_tnpo1_image01_ch1,-40
231206,U2OS,gapdh,tnpo1,image01,ch1,52,5.4662,3756.6575,231206_U2OS_gapdh_tnpo1_image01_ch1,-39
231206,U2OS,gapdh,tnpo1,image01,ch1,53,5.5734,3789.6365,231206_U2OS_gapdh_tnpo1_image01_ch1,-38
231206,U2OS,gapdh,tnpo1,image01,ch1,54,5.6805,3829.1399,231206_U2OS_gapdh_tnpo1_image01_ch1,-37
231206,U2OS,gapdh,tnpo1,image01,ch1,55,5.7877,3845.3228,231206_U2OS_gapdh_tnpo1_image01_ch1,-36
231206,U2OS,gapdh,tnpo1,image01,ch1,56,5.8949,3834.2529,231206_U2OS_gapdh_tnpo1_image01_ch1,-35
231206,U2OS,gapdh,tnpo1,image01,ch1,57,6.0021,3807.032,231206_U2OS_gapdh_tnpo1_image01_ch1,-34
231206,U2OS,gapdh,tnpo1,image01,ch1,58,6.1093,3769.1929,231206_U2OS_gapdh_tnpo1_image01_ch1,-33
231206,U2OS,gapdh,tnpo1,image01,ch1,59,6.2164,3741.6892,231206_U2OS_gapdh_tnpo1_image01_ch1,-32
231206,U2OS,gapdh,tnpo1,image01,ch1,60,6.3236,3728.5984,231206_U2OS_gapdh_tnpo1_image01_ch1,-31
231206,U2OS,gapdh,tnpo1,image01,ch1,61,6.4308,3737.6057,231206_U2OS_gapdh_tnpo1_image01_ch1,-30
231206,U2OS,gapdh,tnpo1,image01,ch1,62,6.538,3762.1235,231206_U2OS_gapdh_tnpo1_image01_ch1,-29
231206,U2OS,gapdh,tnpo1,image01,ch1,63,6.6452,3778.9995,231206_U2OS_gapdh_tnpo1_image01_ch1,-28
231206,U2OS,gapdh,tnpo1,image01,ch1,64,6.7523,3796.0278,231206_U2OS_gapdh_tnpo1_image01_ch1,-27
231206,U2OS,gapdh,tnpo1,image01,ch1,65,6.8595,3794.5276,231206_U2OS_gapdh_tnpo1_image01_ch1,-26
231206,U2OS,gapdh,tnpo1,image01,ch1,66,6.9667,3762.2856,231206_U2OS_gapdh_tnpo1_image01_ch1,-25
231206,U2OS,gapdh,tnpo1,image01,ch1,67,7.0739,3719.9253,231206_U2OS_gapdh_tnpo1_image01_ch1,-24
231206,U2OS,gapdh,tnpo1,image01,ch1,68,7.1811,3683.6375,231206_U2OS_gapdh_tnpo1_image01_ch1,-23
231206,U2OS,gapdh,tnpo1,image01,ch1,69,7.2882,3672.3198,231206_U2OS_gapdh_tnpo1_image01_ch1,-22
231206,U2OS,gapdh,tnpo1,image01,ch1,70,7.3954,3672.6604,231206_U2OS_gapdh_tnpo1_image01_ch1,-21
231206,U2OS,gapdh,tnpo1,image01,ch1,71,7.5026,3680.7419,231206_U2OS_gapdh_tnpo1_image01_ch1,-20
231206,U2OS,gapdh,tnpo1,image01,ch1,72,7.6098,3689.6672,231206_U2OS_gapdh_tnpo1_image01_ch1,-19
231206,U2OS,gapdh,tnpo1,image01,ch1,73,7.717,3702.3611,231206_U2OS_gapdh_tnpo1_image01_ch1,-18
231206,U2OS,gapdh,tnpo1,image01,ch1,74,7.8241,3710.4407,231206_U2OS_gapdh_tnpo1_image01_ch1,-17
231206,U2OS,gapdh,tnpo1,image01,ch1,75,7.9313,3728.7009,231206_U2OS_gapdh_tnpo1_image01_ch1,-16
231206,U2OS,gapdh,tnpo1,image01,ch1,76,8.0385,3740.9326,231206_U2OS_gapdh_tnpo1_image01_ch1,-15
231206,U2OS,gapdh,tnpo1,image01,ch1,77,8.1457,3755.6045,231206_U2OS_gapdh_tnpo1_image01_ch1,-14
231206,U2OS,gapdh,tnpo1,image01,ch1,78,8.2529,3768.2993,231206_U2OS_gapdh_tnpo1_image01_ch1,-13
231206,U2OS,gapdh,tnpo1,image01,ch1,79,8.36,3788.4771,231206_U2OS_gapdh_tnpo1_image01_ch1,-12
231206,U2OS,gapdh,tnpo1,image01,ch1,80,8.4672,3831.9189,231206_U2OS_gapdh_tnpo1_image01_ch1,-11
231206,U2OS,gapdh,tnpo1,image01,ch1,81,8.5744,3879.2092,231206_U2OS_gapdh_tnpo1_image01_ch1,-10
231206,U2OS,gapdh,tnpo1,image01,ch1,82,8.6816,3919.937,231206_U2OS_gapdh_tnpo1_image01_ch1,-9
231206,U2OS,gapdh,tnpo1,image01,ch1,83,8.7888,3944.6311,231206_U2OS_gapdh_tnpo1_image01_ch1,-8
231206,U2OS,gapdh,tnpo1,image01,ch1,84,8.8959,3987.0149,231206_U2OS_gapdh_tnpo1_image01_ch1,-7
231206,U2OS,gapdh,tnpo1,image01,ch1,85,9.0031,4083.853,231206_U2OS_gapdh_tnpo1_image01_ch1,-6
231206,U2OS,gapdh,tnpo1,image01,ch1,86,9.1103,4199.6714,231206_U2OS_gapdh_tnpo1_image01_ch1,-5
231206,U2OS,gapdh,tnpo1,image01,ch1,87,9.2175,4299.4419,231206_U2OS_gapdh_tnpo1_image01_ch1,-4
231206,U2OS,gapdh,tnpo1,image01,ch1,88,9.3247,4356.8096,231206_U2OS_gapdh_tnpo1_image01_ch1,-3
231206,U2OS,gapdh,tnpo1,image01,ch1,89,9.4318,4393.1206,231206_U2OS_gapdh_tnpo1_image01_ch1,-2
231206,U2OS,gapdh,tnpo1,image01,ch1,90,9.539,4444.1929,231206_U2OS_gapdh_tnpo1_image01_ch1,-1
231206,U2OS,gapdh,tnpo1,image01,ch1,91,9.6462,4526.584,231206_U2OS_gapdh_tnpo1_image01_ch1,0
231206,U2OS,gapdh,tnpo1,image01,ch1,92,9.7534,4617.4512,231206_U2OS_gapdh_tnpo1_image01_ch1,1
231206,U2OS,gapdh,tnpo1,image01,ch1,93,9.8606,4705.0776,231206_U2OS_gapdh_tnpo1_image01_ch1,2
231206,U2OS,gapdh,tnpo1,image01,ch1,94,9.9677,4790.4111,231206_U2OS_gapdh_tnpo1_image01_ch1,3
231206,U2OS,gapdh,tnpo1,image01,ch1,95,10.0749,4879.439,231206_U2OS_gapdh_tnpo1_image01_ch1,4
231206,U2OS,gapdh,tnpo1,image01,ch1,96,10.1821,4985.4414,231206_U2OS_gapdh_tnpo1_image01_ch1,5
231206,U2OS,gapdh,tnpo1,image01,ch1,97,10.2893,5037.0054,231206_U2OS_gapdh_tnpo1_image01_ch1,6
231206,U2OS,gapdh,tnpo1,image01,ch1,98,10.3965,5006.7778,231206_U2OS_gapdh_tnpo1_image01_ch1,7
231206,U2OS,gapdh,tnpo1,image01,ch1,99,10.5036,4924.9561,231206_U2OS_gapdh_tnpo1_image01_ch1,8
231206,U2OS,gapdh,tnpo1,image01,ch1,100,10.6108,4853.1162,231206_U2OS_gapdh_tnpo1_image01_ch1,9
231206,U2OS,gapdh,tnpo1,image01,ch1,101,10.718,4866.9248,231206_U2OS_gapdh_tnpo1_image01_ch1,10
231206,U2OS,gapdh,tnpo1,image01,ch1,102,10.8252,4960.769,231206_U2OS_gapdh_tnpo1_image01_ch1,11
231206,U2OS,gapdh,tnpo1,image01,ch1,103,10.9324,5064.6851,231206_U2OS_gapdh_tnpo1_image01_ch1,12
231206,U2OS,gapdh,tnpo1,image01,ch1,104,11.0395,5121.5376,231206_U2OS_gapdh_tnpo1_image01_ch1,13
231206,U2OS,gapdh,tnpo1,image01,ch1,105,11.1467,5119.6797,231206_U2OS_gapdh_tnpo1_image01_ch1,14
231206,U2OS,gapdh,tnpo1,image01,ch1,106,11.2539,5105.897,231206_U2OS_gapdh_tnpo1_image01_ch1,15
231206,U2OS,gapdh,tnpo1,image01,ch1,107,11.3611,5108.4058000000005,231206_U2OS_gapdh_tnpo1_image01_ch1,16
231206,U2OS,gapdh,tnpo1,image01,ch1,108,11.4683,5109.9937,231206_U2OS_gapdh_tnpo1_image01_ch1,17
231206,U2OS,gapdh,tnpo1,image01,ch1,109,11.5754,5099.52,231206_U2OS_gapdh_tnpo1_image01_ch1,18
231206,U2OS,gapdh,tnpo1,image01,ch1,110,11.6826,5065.1685,231206_U2OS_gapdh_tnpo1_image01_ch1,19
231206,U2OS,gapdh,tnpo1,image01,ch1,111,11.7898,5052.3325,231206_U2OS_gapdh_tnpo1_image01_ch1,20
231206,U2OS,gapdh,tnpo1,image01,ch1,112,11.897,5102.2554,231206_U2OS_gapdh_tnpo1_image01_ch1,21
231206,U2OS,gapdh,tnpo1,image01,ch1,113,12.0042,5156.5674,231206_U2OS_gapdh_tnpo1_image01_ch1,22
231206,U2OS,gapdh,tnpo1,image01,ch1,114,12.1113,5170.1216,231206_U2OS_gapdh_tnpo1_image01_ch1,23
231206,U2OS,gapdh,tnpo1,image01,ch1,115,12.2185,5153.4077,231206_U2OS_gapdh_tnpo1_image01_ch1,24
231206,U2OS,gapdh,tnpo1,image01,ch1,116,12.3257,5121.6211,231206_U2OS_gapdh_tnpo1_image01_ch1,25
231206,U2OS,gapdh,tnpo1,image01,ch1,117,12.4329,5110.2432,231206_U2OS_gapdh_tnpo1_image01_ch1,26
231206,U2OS,gapdh,tnpo1,image01,ch1,118,12.5401,5155.0508,231206_U2OS_gapdh_tnpo1_image01_ch1,27
231206,U2OS,gapdh,tnpo1,image01,ch1,119,12.6472,5261.4678,231206_U2OS_gapdh_tnpo1_image01_ch1,28
231206,U2OS,gapdh,tnpo1,image01,ch1,120,12.7544,5376.9351,231206_U2OS_gapdh_tnpo1_image01_ch1,29
231206,U2OS,gapdh,tnpo1,image01,ch1,121,12.8616,5445.7671,231206_U2OS_gapdh_tnpo1_image01_ch1,30
231206,U2OS,gapdh,tnpo1,image01,ch1,122,12.9688,5446.6279,231206_U2OS_gapdh_tnpo1_image01_ch1,31
231206,U2OS,gapdh,tnpo1,image01,ch1,123,13.076,5407.9189,231206_U2OS_gapdh_tnpo1_image01_ch1,32
231206,U2OS,gapdh,tnpo1,image01,ch1,124,13.1831,5351.3311,231206_U2OS_gapdh_tnpo1_image01_ch1,33
231206,U2OS,gapdh,tnpo1,image01,ch1,125,13.2903,5284.1606,231206_U2OS_gapdh_tnpo1_image01_ch1,34
231206,U2OS,gapdh,tnpo1,image01,ch1,126,13.3975,5163.0728,231206_U2OS_gapdh_tnpo1_image01_ch1,35
231206,U2OS,gapdh,tnpo1,image01,ch1,127,13.5047,5025.6489,231206_U2OS_gapdh_tnpo1_image01_ch1,36
231206,U2OS,gapdh,tnpo1,image01,ch1,128,13.6119,4930.7754,231206_U2OS_gapdh_tnpo1_image01_ch1,37
231206,U2OS,gapdh,tnpo1,image01,ch1,129,13.719,4874.8281,231206_U2OS_gapdh_tnpo1_image01_ch1,38
231206,U2OS,gapdh,tnpo1,image01,ch1,130,13.8262,4826.9727,231206_U2OS_gapdh_tnpo1_image01_ch1,39
231206,U2OS,gapdh,tnpo1,image01,ch1,131,13.9334,4765.8623,231206_U2OS_gapdh_tnpo1_image01_ch1,40
231206,U2OS,gapdh,tnpo1,image01,ch1,132,14.0406,4732.8594,231206_U2OS_gapdh_tnpo1_image01_ch1,41
231206,U2OS,gapdh,tnpo1,image01,ch1,133,14.1478,4739.624,231206_U2OS_gapdh_tnpo1_image01_ch1,42
231206,U2OS,gapdh,tnpo1,image01,ch1,134,14.2549,4713.6548,231206_U2OS_gapdh_tnpo1_image01_ch1,43
231206,U2OS,gapdh,tnpo1,image01,ch1,135,14.3621,4626.5581,231206_U2OS_gapdh_tnpo1_image01_ch1,44
231206,U2OS,gapdh,tnpo1,image01,ch1,136,14.4693,4586.6763,231206_U2OS_gapdh_tnpo1_image01_ch1,45
231206,U2OS,gapdh,tnpo1,image01,ch1,137,14.5765,4663.8584,231206_U2OS_gapdh_tnpo1_image01_ch1,46
231206,U2OS,gapdh,tnpo1,image01,ch1,138,14.6837,4787.6958,231206_U2OS_gapdh_tnpo1_image01_ch1,47
231206,U2OS,gapdh,tnpo1,image01,ch1,139,14.7908,4855.4756,231206_U2OS_gapdh_tnpo1_image01_ch1,48
231206,U2OS,gapdh,tnpo1,image01,ch1,140,14.898,4844.9214,231206_U2OS_gapdh_tnpo1_image01_ch1,49
231206,U2OS,gapdh,tnpo1,image01,ch1,141,15.0052,4774.166,231206_U2OS_gapdh_tnpo1_image01_ch1,50
231206,U2OS,gapdh,tnpo1,image01,ch1,142,15.1124,4676.6577,231206_U2OS_gapdh_tnpo1_image01_ch1,51
231206,U2OS,gapdh,tnpo1,image01,ch1,143,15.2196,4549.2056,231206_U2OS_gapdh_tnpo1_image01_ch1,52
231206,U2OS,gapdh,tnpo1,image01,ch1,144,15.3267,4449.9678,231206_U2OS_gapdh_tnpo1_image01_ch1,53
231206,U2OS,gapdh,tnpo1,image01,ch1,145,15.4339,4377.0962,231206_U2OS_gapdh_tnpo1_image01_ch1,54
231206,U2OS,gapdh,tnpo1,image01,ch1,146,15.5411,4378.3286,231206_U2OS_gapdh_tnpo1_image01_ch1,55
231206,U2OS,gapdh,tnpo1,image01,ch1,147,15.6483,4432.1782,231206_U2OS_gapdh_tnpo1_image01_ch1,56
231206,U2OS,gapdh,tnpo1,image01,ch1,148,15.7555,4499.2319,231206_U2OS_gapdh_tnpo1_image01_ch1,57
231206,U2OS,gapdh,tnpo1,image01,ch1,149,15.8626,4514.5962,231206_U2OS_gapdh_tnpo1_image01_ch1,58
231206,U2OS,gapdh,tnpo1,image01,ch1,150,15.9698,4462.541,231206_U2OS_gapdh_tnpo1_image01_ch1,59
231206,U2OS,gapdh,tnpo1,image01,ch1,151,16.077,4382.3911,231206_U2OS_gapdh_tnpo1_image01_ch1,60
231206,U2OS,gapdh,tnpo1,image01,ch1,152,16.1842,4284.4761,231206_U2OS_gapdh_tnpo1_image01_ch1,61
231206,U2OS,gapdh,tnpo1,image01,ch1,153,16.2914,4211.7754,231206_U2OS_gapdh_tnpo1_image01_ch1,62
231206,U2OS,gapdh,tnpo1,image01,ch1,154,16.3985,4163.2397,231206_U2OS_gapdh_tnpo1_image01_ch1,63
231206,U2OS,gapdh,tnpo1,image01,ch1,155,16.5057,4137.5942,231206_U2OS_gapdh_tnpo1_image01_ch1,64
231206,U2OS,gapdh,tnpo1,image01,ch1,156,16.6129,4157.4731,231206_U2OS_gapdh_tnpo1_image01_ch1,65
231206,U2OS,gapdh,tnpo1,image01,ch1,157,16.7201,4215.6909,231206_U2OS_gapdh_tnpo1_image01_ch1,66
231206,U2OS,gapdh,tnpo1,image01,ch1,158,16.8273,4294.6318,231206_U2OS_gapdh_tnpo1_image01_ch1,67
231206,U2OS,gapdh,tnpo1,image01,ch1,159,16.9344,4340.0811,231206_U2OS_gapdh_tnpo1_image01_ch1,68
231206,U2OS,gapdh,tnpo1,image01,ch1,160,17.0416,4354.2222,231206_U2OS_gapdh_tnpo1_image01_ch1,69
231206,U2OS,gapdh,tnpo1,image01,ch1,161,17.1488,4360.1758,231206_U2OS_gapdh_tnpo1_image01_ch1,70
231206,U2OS,gapdh,tnpo1,image01,ch1,162,17.256,4327.7485,231206_U2OS_gapdh_tnpo1_image01_ch1,71
231206,U2OS,gapdh,tnpo1,image01,ch1,163,17.3632,4302.7988,231206_U2OS_gapdh_tnpo1_image01_ch1,72
231206,U2OS,gapdh,tnpo1,image01,ch1,164,17.4703,4299.8984,231206_U2OS_gapdh_tnpo1_image01_ch1,73
231206,U2OS,gapdh,tnpo1,image01,ch1,165,17.5775,4297.5728,231206_U2OS_gapdh_tnpo1_image01_ch1,74
231206,U2OS,gapdh,tnpo1,image01,ch1,166,17.6847,4274.3452,231206_U2OS_gapdh_tnpo1_image01_ch1,75
231206,U2OS,gapdh,tnpo1,image01,ch1,167,17.7919,4257.6792,231206_U2OS_gapdh_tnpo1_image01_ch1,76
231206,U2OS,gapdh,tnpo1,image01,ch1,168,17.8991,4258.8428,231206_U2OS_gapdh_tnpo1_image01_ch1,77
231206,U2OS,gapdh,tnpo1,image01,ch1,169,18.0062,4269.0952,231206_U2OS_gapdh_tnpo1_image01_ch1,78
231206,U2OS,gapdh,tnpo1,image01,ch1,170,18.1134,4278.373,231206_U2OS_gapdh_tnpo1_image01_ch1,79
231206,U2OS,gapdh,tnpo1,image01,ch1,171,18.2206,4270.3027,231206_U2OS_gapdh_tnpo1_image01_ch1,80
231206,U2OS,gapdh,tnpo1,image01,ch1,172,18.3278,4278.0762,231206_U2OS_gapdh_tnpo1_image01_ch1,81
231206,U2OS,gapdh,tnpo1,image01,ch1,173,18.435,4312.564,231206_U2OS_gapdh_tnpo1_image01_ch1,82
231206,U2OS,gapdh,tnpo1,image01,ch1,174,18.5421,4396.2217,231206_U2OS_gapdh_tnpo1_image01_ch1,83
231206,U2OS,gapdh,tnpo1,image01,ch1,175,18.6493,4473.2627,231206_U2OS_gapdh_tnpo1_image01_ch1,84
231206,U2OS,gapdh,tnpo1,image01,ch1,176,18.7565,4427.7061,231206_U2OS_gapdh_tnpo1_image01_ch1,85
231206,U2OS,gapdh,tnpo1,image01,ch1,177,18.8637,4296.5239,231206_U2OS_gapdh_tnpo1_image01_ch1,86
231206,U2OS,gapdh,tnpo1,image01,ch1,178,18.9709,4114.3735,231206_U2OS_gapdh_tnpo1_image01_ch1,87
231206,U2OS,gapdh,tnpo1,image01,ch1,179,19.078,3965.499,231206_U2OS_gapdh_tnpo1_image01_ch1,88
231206,U2OS,gapdh,tnpo1,image01,ch1,180,19.1852,3870.6912,231206_U2OS_gapdh_tnpo1_image01_ch1,89
231206,U2OS,gapdh,tnpo1,image01,ch1,181,19.2924,3850.738,231206_U2OS_gapdh_tnpo1_image01_ch1,90
231206,U2OS,gapdh,tnpo1,image01,ch2,1,0,6118.2271,231206_U2OS_gapdh_tnpo1_image01_ch2,-90
231206,U2OS,gapdh,tnpo1,image01,ch2,2,0.1072,5931.5005,231206_U2OS_gapdh_tnpo1_image01_ch2,-89
231206,U2OS,gapdh,tnpo1,image01,ch2,3,0.2144,5805.2129,231206_U2OS_gapdh_tnpo1_image01_ch2,-88
231206,U2OS,gapdh,tnpo1,image01,ch2,4,0.3215,5743.6885,231206_U2OS_gapdh_tnpo1_image01_ch2,-87
231206,U2OS,gapdh,tnpo1,image01,ch2,5,0.4287,5739.603,231206_U2OS_gapdh_tnpo1_image01_ch2,-86
231206,U2OS,gapdh,tnpo1,image01,ch2,6,0.5359,5739.6875,231206_U2OS_gapdh_tnpo1_image01_ch2,-85
231206,U2OS,gapdh,tnpo1,image01,ch2,7,0.6431,5729.7109,231206_U2OS_gapdh_tnpo1_image01_ch2,-84
231206,U2OS,gapdh,tnpo1,image01,ch2,8,0.7503,5705.9404,231206_U2OS_gapdh_tnpo1_image01_ch2,-83
231206,U2OS,gapdh,tnpo1,image01,ch2,9,0.8574,5673.29,231206_U2OS_gapdh_tnpo1_image01_ch2,-82
231206,U2OS,gapdh,tnpo1,image01,ch2,10,0.9646,5643.8789,231206_U2OS_gapdh_tnpo1_image01_ch2,-81
231206,U2OS,gapdh,tnpo1,image01,ch2,11,1.0718,5615.271,231206_U2OS_gapdh_tnpo1_image01_ch2,-80
231206,U2OS,gapdh,tnpo1,image01,ch2,12,1.179,5634.0488,231206_U2OS_gapdh_tnpo1_image01_ch2,-79
231206,U2OS,gapdh,tnpo1,image01,ch2,13,1.2862,5648.6924,231206_U2OS_gapdh_tnpo1_image01_ch2,-78
231206,U2OS,gapdh,tnpo1,image01,ch2,14,1.3933,5635.3726,231206_U2OS_gapdh_tnpo1_image01_ch2,-77
231206,U2OS,gapdh,tnpo1,image01,ch2,15,1.5005,5583.6787,231206_U2OS_gapdh_tnpo1_image01_ch2,-76
231206,U2OS,gapdh,tnpo1,image01,ch2,16,1.6077,5515.6484,231206_U2OS_gapdh_tnpo1_image01_ch2,-75
231206,U2OS,gapdh,tnpo1,image01,ch2,17,1.7149,5453.8184,231206_U2OS_gapdh_tnpo1_image01_ch2,-74
231206,U2OS,gapdh,tnpo1,image01,ch2,18,1.8221,5431.4927,231206_U2OS_gapdh_tnpo1_image01_ch2,-73
231206,U2OS,gapdh,tnpo1,image01,ch2,19,1.9292,5427.6421,231206_U2OS_gapdh_tnpo1_image01_ch2,-72
231206,U2OS,gapdh,tnpo1,image01,ch2,20,2.0364,5433.0718,231206_U2OS_gapdh_tnpo1_image01_ch2,-71
231206,U2OS,gapdh,tnpo1,image01,ch2,21,2.1436,5438.7739,231206_U2OS_gapdh_tnpo1_image01_ch2,-70
231206,U2OS,gapdh,tnpo1,image01,ch2,22,2.2508,5408.8716,231206_U2OS_gapdh_tnpo1_image01_ch2,-69
231206,U2OS,gapdh,tnpo1,image01,ch2,23,2.358,5389.0435,231206_U2OS_gapdh_tnpo1_image01_ch2,-68
231206,U2OS,gapdh,tnpo1,image01,ch2,24,2.4651,5368.1367,231206_U2OS_gapdh_tnpo1_image01_ch2,-67
231206,U2OS,gapdh,tnpo1,image01,ch2,25,2.5723,5355.4194,231206_U2OS_gapdh_tnpo1_image01_ch2,-66
231206,U2OS,gapdh,tnpo1,image01,ch2,26,2.6795,5338.5923,231206_U2OS_gapdh_tnpo1_image01_ch2,-65
231206,U2OS,gapdh,tnpo1,image01,ch2,27,2.7867,5337.7886,231206_U2OS_gapdh_tnpo1_image01_ch2,-64
231206,U2OS,gapdh,tnpo1,image01,ch2,28,2.8939,5327.188,231206_U2OS_gapdh_tnpo1_image01_ch2,-63
231206,U2OS,gapdh,tnpo1,image01,ch2,29,3.001,5294.436,231206_U2OS_gapdh_tnpo1_image01_ch2,-62
231206,U2OS,gapdh,tnpo1,image01,ch2,30,3.1082,5269.7139,231206_U2OS_gapdh_tnpo1_image01_ch2,-61
231206,U2OS,gapdh,tnpo1,image01,ch2,31,3.2154,5256.3672,231206_U2OS_gapdh_tnpo1_image01_ch2,-60
231206,U2OS,gapdh,tnpo1,image01,ch2,32,3.3226,5254.9355,231206_U2OS_gapdh_tnpo1_image01_ch2,-59
231206,U2OS,gapdh,tnpo1,image01,ch2,33,3.4298,5264.9272,231206_U2OS_gapdh_tnpo1_image01_ch2,-58
231206,U2OS,gapdh,tnpo1,image01,ch2,34,3.5369,5254.7759,231206_U2OS_gapdh_tnpo1_image01_ch2,-57
231206,U2OS,gapdh,tnpo1,image01,ch2,35,3.6441,5231.8765,231206_U2OS_gapdh_tnpo1_image01_ch2,-56
231206,U2OS,gapdh,tnpo1,image01,ch2,36,3.7513,5209.395,231206_U2OS_gapdh_tnpo1_image01_ch2,-55
231206,U2OS,gapdh,tnpo1,image01,ch2,37,3.8585,5189.3936,231206_U2OS_gapdh_tnpo1_image01_ch2,-54
231206,U2OS,gapdh,tnpo1,image01,ch2,38,3.9657,5188.2583,231206_U2OS_gapdh_tnpo1_image01_ch2,-53
231206,U2OS,gapdh,tnpo1,image01,ch2,39,4.0728,5190.0112,231206_U2OS_gapdh_tnpo1_image01_ch2,-52
231206,U2OS,gapdh,tnpo1,image01,ch2,40,4.18,5198.874,231206_U2OS_gapdh_tnpo1_image01_ch2,-51
231206,U2OS,gapdh,tnpo1,image01,ch2,41,4.2872,5185.418,231206_U2OS_gapdh_tnpo1_image01_ch2,-50
231206,U2OS,gapdh,tnpo1,image01,ch2,42,4.3944,5166.6768,231206_U2OS_gapdh_tnpo1_image01_ch2,-49
231206,U2OS,gapdh,tnpo1,image01,ch2,43,4.5016,5130.5791,231206_U2OS_gapdh_tnpo1_image01_ch2,-48
231206,U2OS,gapdh,tnpo1,image01,ch2,44,4.6087,5096.4092,231206_U2OS_gapdh_tnpo1_image01_ch2,-47
231206,U2OS,gapdh,tnpo1,image01,ch2,45,4.7159,5102.7988,231206_U2OS_gapdh_tnpo1_image01_ch2,-46
231206,U2OS,gapdh,tnpo1,image01,ch2,46,4.8231,5151.0371,231206_U2OS_gapdh_tnpo1_image01_ch2,-45
231206,U2OS,gapdh,tnpo1,image01,ch2,47,4.9303,5210.915,231206_U2OS_gapdh_tnpo1_image01_ch2,-44
231206,U2OS,gapdh,tnpo1,image01,ch2,48,5.0375,5256.7676,231206_U2OS_gapdh_tnpo1_image01_ch2,-43
231206,U2OS,gapdh,tnpo1,image01,ch2,49,5.1446,5301.5845,231206_U2OS_gapdh_tnpo1_image01_ch2,-42
231206,U2OS,gapdh,tnpo1,image01,ch2,50,5.2518,5331.5513,231206_U2OS_gapdh_tnpo1_image01_ch2,-41
231206,U2OS,gapdh,tnpo1,image01,ch2,51,5.359,5355.4189,231206_U2OS_gapdh_tnpo1_image01_ch2,-40
231206,U2OS,gapdh,tnpo1,image01,ch2,52,5.4662,5380.9688,231206_U2OS_gapdh_tnpo1_image01_ch2,-39
231206,U2OS,gapdh,tnpo1,image01,ch2,53,5.5734,5402.085,231206_U2OS_gapdh_tnpo1_image01_ch2,-38
231206,U2OS,gapdh,tnpo1,image01,ch2,54,5.6805,5381.5635,231206_U2OS_gapdh_tnpo1_image01_ch2,-37
231206,U2OS,gapdh,tnpo1,image01,ch2,55,5.7877,5340.0864,231206_U2OS_gapdh_tnpo1_image01_ch2,-36
231206,U2OS,gapdh,tnpo1,image01,ch2,56,5.8949,5325.1528,231206_U2OS_gapdh_tnpo1_image01_ch2,-35
231206,U2OS,gapdh,tnpo1,image01,ch2,57,6.0021,5330.9541,231206_U2OS_gapdh_tnpo1_image01_ch2,-34
231206,U2OS,gapdh,tnpo1,image01,ch2,58,6.1093,5310.4414,231206_U2OS_gapdh_tnpo1_image01_ch2,-33
231206,U2OS,gapdh,tnpo1,image01,ch2,59,6.2164,5304.2944,231206_U2OS_gapdh_tnpo1_image01_ch2,-32
231206,U2OS,gapdh,tnpo1,image01,ch2,60,6.3236,5333.4092,231206_U2OS_gapdh_tnpo1_image01_ch2,-31
231206,U2OS,gapdh,tnpo1,image01,ch2,61,6.4308,5375.9146,231206_U2OS_gapdh_tnpo1_image01_ch2,-30
231206,U2OS,gapdh,tnpo1,image01,ch2,62,6.538,5350.606,231206_U2OS_gapdh_tnpo1_image01_ch2,-29
231206,U2OS,gapdh,tnpo1,image01,ch2,63,6.6452,5259.5439,231206_U2OS_gapdh_tnpo1_image01_ch2,-28
231206,U2OS,gapdh,tnpo1,image01,ch2,64,6.7523,5127.9141,231206_U2OS_gapdh_tnpo1_image01_ch2,-27
231206,U2OS,gapdh,tnpo1,image01,ch2,65,6.8595,4984.001,231206_U2OS_gapdh_tnpo1_image01_ch2,-26
231206,U2OS,gapdh,tnpo1,image01,ch2,66,6.9667,4858.8516,231206_U2OS_gapdh_tnpo1_image01_ch2,-25
231206,U2OS,gapdh,tnpo1,image01,ch2,67,7.0739,4804.6934,231206_U2OS_gapdh_tnpo1_image01_ch2,-24
231206,U2OS,gapdh,tnpo1,image01,ch2,68,7.1811,4799.3608,231206_U2OS_gapdh_tnpo1_image01_ch2,-23
231206,U2OS,gapdh,tnpo1,image01,ch2,69,7.2882,4785.0762,231206_U2OS_gapdh_tnpo1_image01_ch2,-22
231206,U2OS,gapdh,tnpo1,image01,ch2,70,7.3954,4768.3306,231206_U2OS_gapdh_tnpo1_image01_ch2,-21
231206,U2OS,gapdh,tnpo1,image01,ch2,71,7.5026,4766.8765,231206_U2OS_gapdh_tnpo1_image01_ch2,-20
231206,U2OS,gapdh,tnpo1,image01,ch2,72,7.6098,4765.8237,231206_U2OS_gapdh_tnpo1_image01_ch2,-19
231206,U2OS,gapdh,tnpo1,image01,ch2,73,7.717,4740.9893,231206_U2OS_gapdh_tnpo1_image01_ch2,-18
231206,U2OS,gapdh,tnpo1,image01,ch2,74,7.8241,4691.3701,231206_U2OS_gapdh_tnpo1_image01_ch2,-17
231206,U2OS,gapdh,tnpo1,image01,ch2,75,7.9313,4661.1748,231206_U2OS_gapdh_tnpo1_image01_ch2,-16
231206,U2OS,gapdh,tnpo1,image01,ch2,76,8.0385,4672.834,231206_U2OS_gapdh_tnpo1_image01_ch2,-15
231206,U2OS,gapdh,tnpo1,image01,ch2,77,8.1457,4688.0596,231206_U2OS_gapdh_tnpo1_image01_ch2,-14
231206,U2OS,gapdh,tnpo1,image01,ch2,78,8.2529,4709.2759,231206_U2OS_gapdh_tnpo1_image01_ch2,-13
231206,U2OS,gapdh,tnpo1,image01,ch2,79,8.36,4722.5449,231206_U2OS_gapdh_tnpo1_image01_ch2,-12
231206,U2OS,gapdh,tnpo1,image01,ch2,80,8.4672,4719.9165,231206_U2OS_gapdh_tnpo1_image01_ch2,-11
231206,U2OS,gapdh,tnpo1,image01,ch2,81,8.5744,4704.1167,231206_U2OS_gapdh_tnpo1_image01_ch2,-10
231206,U2OS,gapdh,tnpo1,image01,ch2,82,8.6816,4680.8145,231206_U2OS_gapdh_tnpo1_image01_ch2,-9
231206,U2OS,gapdh,tnpo1,image01,ch2,83,8.7888,4656.1919,231206_U2OS_gapdh_tnpo1_image01_ch2,-8
231206,U2OS,gapdh,tnpo1,image01,ch2,84,8.8959,4637.7324,231206_U2OS_gapdh_tnpo1_image01_ch2,-7
231206,U2OS,gapdh,tnpo1,image01,ch2,85,9.0031,4651.9648,231206_U2OS_gapdh_tnpo1_image01_ch2,-6
231206,U2OS,gapdh,tnpo1,image01,ch2,86,9.1103,4674.0518,231206_U2OS_gapdh_tnpo1_image01_ch2,-5
231206,U2OS,gapdh,tnpo1,image01,ch2,87,9.2175,4705.1689,231206_U2OS_gapdh_tnpo1_image01_ch2,-4
231206,U2OS,gapdh,tnpo1,image01,ch2,88,9.3247,4734.5811,231206_U2OS_gapdh_tnpo1_image01_ch2,-3
231206,U2OS,gapdh,tnpo1,image01,ch2,89,9.4318,4743.9575,231206_U2OS_gapdh_tnpo1_image01_ch2,-2
231206,U2OS,gapdh,tnpo1,image01,ch2,90,9.539,4771.9839,231206_U2OS_gapdh_tnpo1_image01_ch2,-1
231206,U2OS,gapdh,tnpo1,image01,ch2,91,9.6462,4772.0713,231206_U2OS_gapdh_tnpo1_image01_ch2,0
231206,U2OS,gapdh,tnpo1,image01,ch2,92,9.7534,4772.7461,231206_U2OS_gapdh_tnpo1_image01_ch2,1
231206,U2OS,gapdh,tnpo1,image01,ch2,93,9.8606,4781.6992,231206_U2OS_gapdh_tnpo1_image01_ch2,2
231206,U2OS,gapdh,tnpo1,image01,ch2,94,9.9677,4769.0791,231206_U2OS_gapdh_tnpo1_image01_ch2,3
231206,U2OS,gapdh,tnpo1,image01,ch2,95,10.0749,4731.0034,231206_U2OS_gapdh_tnpo1_image01_ch2,4
231206,U2OS,gapdh,tnpo1,image01,ch2,96,10.1821,4679.6724,231206_U2OS_gapdh_tnpo1_image01_ch2,5
231206,U2OS,gapdh,tnpo1,image01,ch2,97,10.2893,4659.6641,231206_U2OS_gapdh_tnpo1_image01_ch2,6
231206,U2OS,gapdh,tnpo1,image01,ch2,98,10.3965,4660.7759,231206_U2OS_gapdh_tnpo1_image01_ch2,7
231206,U2OS,gapdh,tnpo1,image01,ch2,99,10.5036,4679.1265,231206_U2OS_gapdh_tnpo1_image01_ch2,8
231206,U2OS,gapdh,tnpo1,image01,ch2,100,10.6108,4711.7964,231206_U2OS_gapdh_tnpo1_image01_ch2,9
231206,U2OS,gapdh,tnpo1,image01,ch2,101,10.718,4732.0332,231206_U2OS_gapdh_tnpo1_image01_ch2,10
231206,U2OS,gapdh,tnpo1,image01,ch2,102,10.8252,4776.2612,231206_U2OS_gapdh_tnpo1_image01_ch2,11
231206,U2OS,gapdh,tnpo1,image01,ch2,103,10.9324,4851.0864,231206_U2OS_gapdh_tnpo1_image01_ch2,12
231206,U2OS,gapdh,tnpo1,image01,ch2,104,11.0395,4971.7524,231206_U2OS_gapdh_tnpo1_image01_ch2,13
231206,U2OS,gapdh,tnpo1,image01,ch2,105,11.1467,5096.4873,231206_U2OS_gapdh_tnpo1_image01_ch2,14
231206,U2OS,gapdh,tnpo1,image01,ch2,106,11.2539,5147.7822,231206_U2OS_gapdh_tnpo1_image01_ch2,15
231206,U2OS,gapdh,tnpo1,image01,ch2,107,11.3611,5103.5605,231206_U2OS_gapdh_tnpo1_image01_ch2,16
231206,U2OS,gapdh,tnpo1,image01,ch2,108,11.4683,4971.4346,231206_U2OS_gapdh_tnpo1_image01_ch2,17
231206,U2OS,gapdh,tnpo1,image01,ch2,109,11.5754,4841.4189,231206_U2OS_gapdh_tnpo1_image01_ch2,18
231206,U2OS,gapdh,tnpo1,image01,ch2,110,11.6826,4707.0605,231206_U2OS_gapdh_tnpo1_image01_ch2,19
231206,U2OS,gapdh,tnpo1,image01,ch2,111,11.7898,4611.208,231206_U2OS_gapdh_tnpo1_image01_ch2,20
231206,U2OS,gapdh,tnpo1,image01,ch2,112,11.897,4553.0527,231206_U2OS_gapdh_tnpo1_image01_ch2,21
231206,U2OS,gapdh,tnpo1,image01,ch2,113,12.0042,4519.311,231206_U2OS_gapdh_tnpo1_image01_ch2,22
231206,U2OS,gapdh,tnpo1,image01,ch2,114,12.1113,4515.8618,231206_U2OS_gapdh_tnpo1_image01_ch2,23
231206,U2OS,gapdh,tnpo1,image01,ch2,115,12.2185,4540.5591,231206_U2OS_gapdh_tnpo1_image01_ch2,24
231206,U2OS,gapdh,tnpo1,image01,ch2,116,12.3257,4565.7954,231206_U2OS_gapdh_tnpo1_image01_ch2,25
231206,U2OS,gapdh,tnpo1,image01,ch2,117,12.4329,4574.7578,231206_U2OS_gapdh_tnpo1_image01_ch2,26
231206,U2OS,gapdh,tnpo1,image01,ch2,118,12.5401,4547.1924,231206_U2OS_gapdh_tnpo1_image01_ch2,27
231206,U2OS,gapdh,tnpo1,image01,ch2,119,12.6472,4519.0859,231206_U2OS_gapdh_tnpo1_image01_ch2,28
231206,U2OS,gapdh,tnpo1,image01,ch2,120,12.7544,4536.0479,231206_U2OS_gapdh_tnpo1_image01_ch2,29
231206,U2OS,gapdh,tnpo1,image01,ch2,121,12.8616,4580.856,231206_U2OS_gapdh_tnpo1_image01_ch2,30
231206,U2OS,gapdh,tnpo1,image01,ch2,122,12.9688,4627.0693,231206_U2OS_gapdh_tnpo1_image01_ch2,31
231206,U2OS,gapdh,tnpo1,image01,ch2,123,13.076,4650.3232,231206_U2OS_gapdh_tnpo1_image01_ch2,32
231206,U2OS,gapdh,tnpo1,image01,ch2,124,13.1831,4632.1118,231206_U2OS_gapdh_tnpo1_image01_ch2,33
231206,U2OS,gapdh,tnpo1,image01,ch2,125,13.2903,4548.9355,231206_U2OS_gapdh_tnpo1_image01_ch2,34
231206,U2OS,gapdh,tnpo1,image01,ch2,126,13.3975,4459.291,231206_U2OS_gapdh_tnpo1_image01_ch2,35
231206,U2OS,gapdh,tnpo1,image01,ch2,127,13.5047,4349.0723,231206_U2OS_gapdh_tnpo1_image01_ch2,36
231206,U2OS,gapdh,tnpo1,image01,ch2,128,13.6119,4252.4644,231206_U2OS_gapdh_tnpo1_image01_ch2,37
231206,U2OS,gapdh,tnpo1,image01,ch2,129,13.719,4169.2036,231206_U2OS_gapdh_tnpo1_image01_ch2,38
231206,U2OS,gapdh,tnpo1,image01,ch2,130,13.8262,4117.9907,231206_U2OS_gapdh_tnpo1_image01_ch2,39
231206,U2OS,gapdh,tnpo1,image01,ch2,131,13.9334,4091.9155,231206_U2OS_gapdh_tnpo1_image01_ch2,40
231206,U2OS,gapdh,tnpo1,image01,ch2,132,14.0406,4073.4854,231206_U2OS_gapdh_tnpo1_image01_ch2,41
231206,U2OS,gapdh,tnpo1,image01,ch2,133,14.1478,4076.7903,231206_U2OS_gapdh_tnpo1_image01_ch2,42
231206,U2OS,gapdh,tnpo1,image01,ch2,134,14.2549,4124.6094,231206_U2OS_gapdh_tnpo1_image01_ch2,43
231206,U2OS,gapdh,tnpo1,image01,ch2,135,14.3621,4183.9106,231206_U2OS_gapdh_tnpo1_image01_ch2,44
231206,U2OS,gapdh,tnpo1,image01,ch2,136,14.4693,4205.2773,231206_U2OS_gapdh_tnpo1_image01_ch2,45
231206,U2OS,gapdh,tnpo1,image01,ch2,137,14.5765,4165.1587,231206_U2OS_gapdh_tnpo1_image01_ch2,46
231206,U2OS,gapdh,tnpo1,image01,ch2,138,14.6837,4097.2051,231206_U2OS_gapdh_tnpo1_image01_ch2,47
231206,U2OS,gapdh,tnpo1,image01,ch2,139,14.7908,4025.1501,231206_U2OS_gapdh_tnpo1_image01_ch2,48
231206,U2OS,gapdh,tnpo1,image01,ch2,140,14.898,3965.5645,231206_U2OS_gapdh_tnpo1_image01_ch2,49
231206,U2OS,gapdh,tnpo1,image01,ch2,141,15.0052,3935.9956,231206_U2OS_gapdh_tnpo1_image01_ch2,50
231206,U2OS,gapdh,tnpo1,image01,ch2,142,15.1124,3941.3225,231206_U2OS_gapdh_tnpo1_image01_ch2,51
231206,U2OS,gapdh,tnpo1,image01,ch2,143,15.2196,3977.6782,231206_U2OS_gapdh_tnpo1_image01_ch2,52
231206,U2OS,gapdh,tnpo1,image01,ch2,144,15.3267,4004.366,231206_U2OS_gapdh_tnpo1_image01_ch2,53
231206,U2OS,gapdh,tnpo1,image01,ch2,145,15.4339,3998.0125,231206_U2OS_gapdh_tnpo1_image01_ch2,54
231206,U2OS,gapdh,tnpo1,image01,ch2,146,15.5411,3992.3086,231206_U2OS_gapdh_tnpo1_image01_ch2,55
231206,U2OS,gapdh,tnpo1,image01,ch2,147,15.6483,4012.5054,231206_U2OS_gapdh_tnpo1_image01_ch2,56
231206,U2OS,gapdh,tnpo1,image01,ch2,148,15.7555,4084.5361,231206_U2OS_gapdh_tnpo1_image01_ch2,57
231206,U2OS,gapdh,tnpo1,image01,ch2,149,15.8626,4188.269,231206_U2OS_gapdh_tnpo1_image01_ch2,58
231206,U2OS,gapdh,tnpo1,image01,ch2,150,15.9698,4298.958,231206_U2OS_gapdh_tnpo1_image01_ch2,59
231206,U2OS,gapdh,tnpo1,image01,ch2,151,16.077,4366.8174,231206_U2OS_gapdh_tnpo1_image01_ch2,60
231206,U2OS,gapdh,tnpo1,image01,ch2,152,16.1842,4304.1484,231206_U2OS_gapdh_tnpo1_image01_ch2,61
231206,U2OS,gapdh,tnpo1,image01,ch2,153,16.2914,4169.0454,231206_U2OS_gapdh_tnpo1_image01_ch2,62
231206,U2OS,gapdh,tnpo1,image01,ch2,154,16.3985,4007.6006,231206_U2OS_gapdh_tnpo1_image01_ch2,63
231206,U2OS,gapdh,tnpo1,image01,ch2,155,16.5057,3892.9841,231206_U2OS_gapdh_tnpo1_image01_ch2,64
231206,U2OS,gapdh,tnpo1,image01,ch2,156,16.6129,3813.635,231206_U2OS_gapdh_tnpo1_image01_ch2,65
231206,U2OS,gapdh,tnpo1,image01,ch2,157,16.7201,3761.3049,231206_U2OS_gapdh_tnpo1_image01_ch2,66
231206,U2OS,gapdh,tnpo1,image01,ch2,158,16.8273,3757.344,231206_U2OS_gapdh_tnpo1_image01_ch2,67
231206,U2OS,gapdh,tnpo1,image01,ch2,159,16.9344,3768.4102,231206_U2OS_gapdh_tnpo1_image01_ch2,68
231206,U2OS,gapdh,tnpo1,image01,ch2,160,17.0416,3789.5503,231206_U2OS_gapdh_tnpo1_image01_ch2,69
231206,U2OS,gapdh,tnpo1,image01,ch2,161,17.1488,3807.9277,231206_U2OS_gapdh_tnpo1_image01_ch2,70
231206,U2OS,gapdh,tnpo1,image01,ch2,162,17.256,3799.8875,231206_U2OS_gapdh_tnpo1_image01_ch2,71
231206,U2OS,gapdh,tnpo1,image01,ch2,163,17.3632,3782.3821,231206_U2OS_gapdh_tnpo1_image01_ch2,72
231206,U2OS,gapdh,tnpo1,image01,ch2,164,17.4703,3756.4734,231206_U2OS_gapdh_tnpo1_image01_ch2,73
231206,U2OS,gapdh,tnpo1,image01,ch2,165,17.5775,3757.8853,231206_U2OS_gapdh_tnpo1_image01_ch2,74
231206,U2OS,gapdh,tnpo1,image01,ch2,166,17.6847,3755.3521,231206_U2OS_gapdh_tnpo1_image01_ch2,75
231206,U2OS,gapdh,tnpo1,image01,ch2,167,17.7919,3738.6411,231206_U2OS_gapdh_tnpo1_image01_ch2,76
231206,U2OS,gapdh,tnpo1,image01,ch2,168,17.8991,3703.2078,231206_U2OS_gapdh_tnpo1_image01_ch2,77
231206,U2OS,gapdh,tnpo1,image01,ch2,169,18.0062,3659.3652,231206_U2OS_gapdh_tnpo1_image01_ch2,78
231206,U2OS,gapdh,tnpo1,image01,ch2,170,18.1134,3637.7476,231206_U2OS_gapdh_tnpo1_image01_ch2,79
231206,U2OS,gapdh,tnpo1,image01,ch2,171,18.2206,3613.3247,231206_U2OS_gapdh_tnpo1_image01_ch2,80
231206,U2OS,gapdh,tnpo1,image01,ch2,172,18.3278,3598.0764,231206_U2OS_gapdh_tnpo1_image01_ch2,81
231206,U2OS,gapdh,tnpo1,image01,ch2,173,18.435,3582.8425,231206_U2OS_gapdh_tnpo1_image01_ch2,82
231206,U2OS,gapdh,tnpo1,image01,ch2,174,18.5421,3605.0842,231206_U2OS_gapdh_tnpo1_image01_ch2,83
231206,U2OS,gapdh,tnpo1,image01,ch2,175,18.6493,3632.0913,231206_U2OS_gapdh_tnpo1_image01_ch2,84
231206,U2OS,gapdh,tnpo1,image01,ch2,176,18.7565,3649.4473,231206_U2OS_gapdh_tnpo1_image01_ch2,85
231206,U2OS,gapdh,tnpo1,image01,ch2,177,18.8637,3670.9128,231206_U2OS_gapdh_tnpo1_image01_ch2,86
231206,U2OS,gapdh,tnpo1,image01,ch2,178,18.9709,3674.7327,231206_U2OS_gapdh_tnpo1_image01_ch2,87
231206,U2OS,gapdh,tnpo1,image01,ch2,179,19.078,3666.053,231206_U2OS_gapdh_tnpo1_image01_ch2,88
231206,U2OS,gapdh,tnpo1,image01,ch2,180,19.1852,3653.0745,231206_U2OS_gapdh_tnpo1_image01_ch2,89
231206,U2OS,gapdh,tnpo1,image01,ch2,181,19.2924,3638.6702,231206_U2OS_gapdh_tnpo1_image01_ch2,90
231206,U2OS,gapdh,tnpo1,image02,ch1,1,0,3232.9529000000002,231206_U2OS_gapdh_tnpo1_image02_ch1,-90
231206,U2OS,gapdh,tnpo1,image02,ch1,2,0.1072,3206.4207,231206_U2OS_gapdh_tnpo1_image02_ch1,-89
231206,U2OS,gapdh,tnpo1,image02,ch1,3,0.2144,3182.8374,231206_U2OS_gapdh_tnpo1_image02_ch1,-88
231206,U2OS,gapdh,tnpo1,image02,ch1,4,0.3215,3164.4094,231206_U2OS_gapdh_tnpo1_image02_ch1,-87
231206,U2OS,gapdh,tnpo1,image02,ch1,5,0.4287,3146.1155,231206_U2OS_gapdh_tnpo1_image02_ch1,-86
231206,U2OS,gapdh,tnpo1,image02,ch1,6,0.5359,3141.0474,231206_U2OS_gapdh_tnpo1_image02_ch1,-85
231206,U2OS,gapdh,tnpo1,image02,ch1,7,0.6431,3128.3931,231206_U2OS_gapdh_tnpo1_image02_ch1,-84
231206,U2OS,gapdh,tnpo1,image02,ch1,8,0.7503,3120.9683,231206_U2OS_gapdh_tnpo1_image02_ch1,-83
231206,U2OS,gapdh,tnpo1,image02,ch1,9,0.8574,3119.689,231206_U2OS_gapdh_tnpo1_image02_ch1,-82
231206,U2OS,gapdh,tnpo1,image02,ch1,10,0.9646,3107.4553,231206_U2OS_gapdh_tnpo1_image02_ch1,-81
231206,U2OS,gapdh,tnpo1,image02,ch1,11,1.0718,3100.2571,231206_U2OS_gapdh_tnpo1_image02_ch1,-80
231206,U2OS,gapdh,tnpo1,image02,ch1,12,1.179,3111.7683,231206_U2OS_gapdh_tnpo1_image02_ch1,-79
231206,U2OS,gapdh,tnpo1,image02,ch1,13,1.2862,3120.792,231206_U2OS_gapdh_tnpo1_image02_ch1,-78
231206,U2OS,gapdh,tnpo1,image02,ch1,14,1.3933,3130.1191,231206_U2OS_gapdh_tnpo1_image02_ch1,-77
231206,U2OS,gapdh,tnpo1,image02,ch1,15,1.5005,3144.3489,231206_U2OS_gapdh_tnpo1_image02_ch1,-76
231206,U2OS,gapdh,tnpo1,image02,ch1,16,1.6077,3157.9873,231206_U2OS_gapdh_tnpo1_image02_ch1,-75
231206,U2OS,gapdh,tnpo1,image02,ch1,17,1.7149,3153.7153,231206_U2OS_gapdh_tnpo1_image02_ch1,-74
231206,U2OS,gapdh,tnpo1,image02,ch1,18,1.8221,3150.9224,231206_U2OS_gapdh_tnpo1_image02_ch1,-73
231206,U2OS,gapdh,tnpo1,image02,ch1,19,1.9292,3156.7351,231206_U2OS_gapdh_tnpo1_image02_ch1,-72
231206,U2OS,gapdh,tnpo1,image02,ch1,20,2.0364,3155.0522,231206_U2OS_gapdh_tnpo1_image02_ch1,-71
231206,U2OS,gapdh,tnpo1,image02,ch1,21,2.1436,3157.0095,231206_U2OS_gapdh_tnpo1_image02_ch1,-70
231206,U2OS,gapdh,tnpo1,image02,ch1,22,2.2508,3150.6956,231206_U2OS_gapdh_tnpo1_image02_ch1,-69
231206,U2OS,gapdh,tnpo1,image02,ch1,23,2.358,3151.5146,231206_U2OS_gapdh_tnpo1_image02_ch1,-68
231206,U2OS,gapdh,tnpo1,image02,ch1,24,2.4651,3144.5505,231206_U2OS_gapdh_tnpo1_image02_ch1,-67
231206,U2OS,gapdh,tnpo1,image02,ch1,25,2.5723,3131.5728,231206_U2OS_gapdh_tnpo1_image02_ch1,-66
231206,U2OS,gapdh,tnpo1,image02,ch1,26,2.6795,3130.4043,231206_U2OS_gapdh_tnpo1_image02_ch1,-65
231206,U2OS,gapdh,tnpo1,image02,ch1,27,2.7867,3136.616,231206_U2OS_gapdh_tnpo1_image02_ch1,-64
231206,U2OS,gapdh,tnpo1,image02,ch1,28,2.8939,3146.0076,231206_U2OS_gapdh_tnpo1_image02_ch1,-63
231206,U2OS,gapdh,tnpo1,image02,ch1,29,3.001,3164.9771,231206_U2OS_gapdh_tnpo1_image02_ch1,-62
231206,U2OS,gapdh,tnpo1,image02,ch1,30,3.1082,3174.1321,231206_U2OS_gapdh_tnpo1_image02_ch1,-61
231206,U2OS,gapdh,tnpo1,image02,ch1,31,3.2154,3180.5063,231206_U2OS_gapdh_tnpo1_image02_ch1,-60
231206,U2OS,gapdh,tnpo1,image02,ch1,32,3.3226,3180.751,231206_U2OS_gapdh_tnpo1_image02_ch1,-59
231206,U2OS,gapdh,tnpo1,image02,ch1,33,3.4298,3164.1838,231206_U2OS_gapdh_tnpo1_image02_ch1,-58
231206,U2OS,gapdh,tnpo1,image02,ch1,34,3.5369,3151.0417,231206_U2OS_gapdh_tnpo1_image02_ch1,-57
231206,U2OS,gapdh,tnpo1,image02,ch1,35,3.6441,3144.8057,231206_U2OS_gapdh_tnpo1_image02_ch1,-56
231206,U2OS,gapdh,tnpo1,image02,ch1,36,3.7513,3140.5903,231206_U2OS_gapdh_tnpo1_image02_ch1,-55
231206,U2OS,gapdh,tnpo1,image02,ch1,37,3.8585,3142.418,231206_U2OS_gapdh_tnpo1_image02_ch1,-54
231206,U2OS,gapdh,tnpo1,image02,ch1,38,3.9657,3137.3037,231206_U2OS_gapdh_tnpo1_image02_ch1,-53
231206,U2OS,gapdh,tnpo1,image02,ch1,39,4.0728,3140.3755,231206_U2OS_gapdh_tnpo1_image02_ch1,-52
231206,U2OS,gapdh,tnpo1,image02,ch1,40,4.18,3142.2295,231206_U2OS_gapdh_tnpo1_image02_ch1,-51
231206,U2OS,gapdh,tnpo1,image02,ch1,41,4.2872,3154.8906,231206_U2OS_gapdh_tnpo1_image02_ch1,-50
231206,U2OS,gapdh,tnpo1,image02,ch1,42,4.3944,3160.2891,231206_U2OS_gapdh_tnpo1_image02_ch1,-49
231206,U2OS,gapdh,tnpo1,image02,ch1,43,4.5016,3172.7556,231206_U2OS_gapdh_tnpo1_image02_ch1,-48
231206,U2OS,gapdh,tnpo1,image02,ch1,44,4.6087,3165.4492,231206_U2OS_gapdh_tnpo1_image02_ch1,-47
231206,U2OS,gapdh,tnpo1,image02,ch1,45,4.7159,3159.7673,231206_U2OS_gapdh_tnpo1_image02_ch1,-46
231206,U2OS,gapdh,tnpo1,image02,ch1,46,4.8231,3165.9448,231206_U2OS_gapdh_tnpo1_image02_ch1,-45
231206,U2OS,gapdh,tnpo1,image02,ch1,47,4.9303,3173.6838,231206_U2OS_gapdh_tnpo1_image02_ch1,-44
231206,U2OS,gapdh,tnpo1,image02,ch1,48,5.0375,3194.7058,231206_U2OS_gapdh_tnpo1_image02_ch1,-43
231206,U2OS,gapdh,tnpo1,image02,ch1,49,5.1446,3210.3396,231206_U2OS_gapdh_tnpo1_image02_ch1,-42
231206,U2OS,gapdh,tnpo1,image02,ch1,50,5.2518,3223.6948,231206_U2OS_gapdh_tnpo1_image02_ch1,-41
231206,U2OS,gapdh,tnpo1,image02,ch1,51,5.359,3235.1931,231206_U2OS_gapdh_tnpo1_image02_ch1,-40
231206,U2OS,gapdh,tnpo1,image02,ch1,52,5.4662,3246.3501,231206_U2OS_gapdh_tnpo1_image02_ch1,-39
231206,U2OS,gapdh,tnpo1,image02,ch1,53,5.5734,3263.4929,231206_U2OS_gapdh_tnpo1_image02_ch1,-38
231206,U2OS,gapdh,tnpo1,image02,ch1,54,5.6805,3266.7048,231206_U2OS_gapdh_tnpo1_image02_ch1,-37
231206,U2OS,gapdh,tnpo1,image02,ch1,55,5.7877,3280.1514,231206_U2OS_gapdh_tnpo1_image02_ch1,-36
231206,U2OS,gapdh,tnpo1,image02,ch1,56,5.8949,3292.4277,231206_U2OS_gapdh_tnpo1_image02_ch1,-35
231206,U2OS,gapdh,tnpo1,image02,ch1,57,6.0021,3307.9153,231206_U2OS_gapdh_tnpo1_image02_ch1,-34
231206,U2OS,gapdh,tnpo1,image02,ch1,58,6.1093,3314.9958,231206_U2OS_gapdh_tnpo1_image02_ch1,-33
231206,U2OS,gapdh,tnpo1,image02,ch1,59,6.2164,3315.7729,231206_U2OS_gapdh_tnpo1_image02_ch1,-32
231206,U2OS,gapdh,tnpo1,image02,ch1,60,6.3236,3317.9351,231206_U2OS_gapdh_tnpo1_image02_ch1,-31
231206,U2OS,gapdh,tnpo1,image02,ch1,61,6.4308,3325.8291,231206_U2OS_gapdh_tnpo1_image02_ch1,-30
231206,U2OS,gapdh,tnpo1,image02,ch1,62,6.538,3312.7314,231206_U2OS_gapdh_tnpo1_image02_ch1,-29
231206,U2OS,gapdh,tnpo1,image02,ch1,63,6.6452,3319.0701,231206_U2OS_gapdh_tnpo1_image02_ch1,-28
231206,U2OS,gapdh,tnpo1,image02,ch1,64,6.7523,3319.9392,231206_U2OS_gapdh_tnpo1_image02_ch1,-27
231206,U2OS,gapdh,tnpo1,image02,ch1,65,6.8595,3326.7156,231206_U2OS_gapdh_tnpo1_image02_ch1,-26
231206,U2OS,gapdh,tnpo1,image02,ch1,66,6.9667,3341.4905,231206_U2OS_gapdh_tnpo1_image02_ch1,-25
231206,U2OS,gapdh,tnpo1,image02,ch1,67,7.0739,3351.5898,231206_U2OS_gapdh_tnpo1_image02_ch1,-24
231206,U2OS,gapdh,tnpo1,image02,ch1,68,7.1811,3371.3857,231206_U2OS_gapdh_tnpo1_image02_ch1,-23
231206,U2OS,gapdh,tnpo1,image02,ch1,69,7.2882,3392.322,231206_U2OS_gapdh_tnpo1_image02_ch1,-22
231206,U2OS,gapdh,tnpo1,image02,ch1,70,7.3954,3392.613,231206_U2OS_gapdh_tnpo1_image02_ch1,-21
231206,U2OS,gapdh,tnpo1,image02,ch1,71,7.5026,3398.2522,231206_U2OS_gapdh_tnpo1_image02_ch1,-20
231206,U2OS,gapdh,tnpo1,image02,ch1,72,7.6098,3407.3755,231206_U2OS_gapdh_tnpo1_image02_ch1,-19
231206,U2OS,gapdh,tnpo1,image02,ch1,73,7.717,3429.9644,231206_U2OS_gapdh_tnpo1_image02_ch1,-18
231206,U2OS,gapdh,tnpo1,image02,ch1,74,7.8241,3444.0742,231206_U2OS_gapdh_tnpo1_image02_ch1,-17
231206,U2OS,gapdh,tnpo1,image02,ch1,75,7.9313,3455.6741,231206_U2OS_gapdh_tnpo1_image02_ch1,-16
231206,U2OS,gapdh,tnpo1,image02,ch1,76,8.0385,3461.3552,231206_U2OS_gapdh_tnpo1_image02_ch1,-15
231206,U2OS,gapdh,tnpo1,image02,ch1,77,8.1457,3466.3953,231206_U2OS_gapdh_tnpo1_image02_ch1,-14
231206,U2OS,gapdh,tnpo1,image02,ch1,78,8.2529,3466.9658,231206_U2OS_gapdh_tnpo1_image02_ch1,-13
231206,U2OS,gapdh,tnpo1,image02,ch1,79,8.36,3469.7341,231206_U2OS_gapdh_tnpo1_image02_ch1,-12
231206,U2OS,gapdh,tnpo1,image02,ch1,80,8.4672,3477.1594,231206_U2OS_gapdh_tnpo1_image02_ch1,-11
231206,U2OS,gapdh,tnpo1,image02,ch1,81,8.5744,3493.8269,231206_U2OS_gapdh_tnpo1_image02_ch1,-10
231206,U2OS,gapdh,tnpo1,image02,ch1,82,8.6816,3500.9551,231206_U2OS_gapdh_tnpo1_image02_ch1,-9
231206,U2OS,gapdh,tnpo1,image02,ch1,83,8.7888,3524.6724,231206_U2OS_gapdh_tnpo1_image02_ch1,-8
231206,U2OS,gapdh,tnpo1,image02,ch1,84,8.8959,3525.9819,231206_U2OS_gapdh_tnpo1_image02_ch1,-7
231206,U2OS,gapdh,tnpo1,image02,ch1,85,9.0031,3529.8606,231206_U2OS_gapdh_tnpo1_image02_ch1,-6
231206,U2OS,gapdh,tnpo1,image02,ch1,86,9.1103,3532.7932,231206_U2OS_gapdh_tnpo1_image02_ch1,-5
231206,U2OS,gapdh,tnpo1,image02,ch1,87,9.2175,3548.2722,231206_U2OS_gapdh_tnpo1_image02_ch1,-4
231206,U2OS,gapdh,tnpo1,image02,ch1,88,9.3247,3571.6421,231206_U2OS_gapdh_tnpo1_image02_ch1,-3
231206,U2OS,gapdh,tnpo1,image02,ch1,89,9.4318,3592.1858,231206_U2OS_gapdh_tnpo1_image02_ch1,-2
231206,U2OS,gapdh,tnpo1,image02,ch1,90,9.539,3616.6873,231206_U2OS_gapdh_tnpo1_image02_ch1,-1
231206,U2OS,gapdh,tnpo1,image02,ch1,91,9.6462,3621.4531,231206_U2OS_gapdh_tnpo1_image02_ch1,0
231206,U2OS,gapdh,tnpo1,image02,ch1,92,9.7534,3639.0596,231206_U2OS_gapdh_tnpo1_image02_ch1,1
231206,U2OS,gapdh,tnpo1,image02,ch1,93,9.8606,3665.6948,231206_U2OS_gapdh_tnpo1_image02_ch1,2
231206,U2OS,gapdh,tnpo1,image02,ch1,94,9.9677,3693.3293,231206_U2OS_gapdh_tnpo1_image02_ch1,3
231206,U2OS,gapdh,tnpo1,image02,ch1,95,10.0749,3729.0544,231206_U2OS_gapdh_tnpo1_image02_ch1,4
231206,U2OS,gapdh,tnpo1,image02,ch1,96,10.1821,3749.7971,231206_U2OS_gapdh_tnpo1_image02_ch1,5
231206,U2OS,gapdh,tnpo1,image02,ch1,97,10.2893,3781.467,231206_U2OS_gapdh_tnpo1_image02_ch1,6
231206,U2OS,gapdh,tnpo1,image02,ch1,98,10.3965,3793.7571,231206_U2OS_gapdh_tnpo1_image02_ch1,7
231206,U2OS,gapdh,tnpo1,image02,ch1,99,10.5036,3825.7385,231206_U2OS_gapdh_tnpo1_image02_ch1,8
231206,U2OS,gapdh,tnpo1,image02,ch1,100,10.6108,3856.3552,231206_U2OS_gapdh_tnpo1_image02_ch1,9
231206,U2OS,gapdh,tnpo1,image02,ch1,101,10.718,3886.7212,231206_U2OS_gapdh_tnpo1_image02_ch1,10
231206,U2OS,gapdh,tnpo1,image02,ch1,102,10.8252,3891.4136,231206_U2OS_gapdh_tnpo1_image02_ch1,11
231206,U2OS,gapdh,tnpo1,image02,ch1,103,10.9324,3885.6494,231206_U2OS_gapdh_tnpo1_image02_ch1,12
231206,U2OS,gapdh,tnpo1,image02,ch1,104,11.0395,3905.5549,231206_U2OS_gapdh_tnpo1_image02_ch1,13
231206,U2OS,gapdh,tnpo1,image02,ch1,105,11.1467,3936.4426,231206_U2OS_gapdh_tnpo1_image02_ch1,14
231206,U2OS,gapdh,tnpo1,image02,ch1,106,11.2539,3951.345,231206_U2OS_gapdh_tnpo1_image02_ch1,15
231206,U2OS,gapdh,tnpo1,image02,ch1,107,11.3611,3969.7402,231206_U2OS_gapdh_tnpo1_image02_ch1,16
231206,U2OS,gapdh,tnpo1,image02,ch1,108,11.4683,3993.8811,231206_U2OS_gapdh_tnpo1_image02_ch1,17
231206,U2OS,gapdh,tnpo1,image02,ch1,109,11.5754,3987.7004,231206_U2OS_gapdh_tnpo1_image02_ch1,18
231206,U2OS,gapdh,tnpo1,image02,ch1,110,11.6826,3973.4526,231206_U2OS_gapdh_tnpo1_image02_ch1,19
231206,U2OS,gapdh,tnpo1,image02,ch1,111,11.7898,3957.9497,231206_U2OS_gapdh_tnpo1_image02_ch1,20
231206,U2OS,gapdh,tnpo1,image02,ch1,112,11.897,3961.9412,231206_U2OS_gapdh_tnpo1_image02_ch1,21
231206,U2OS,gapdh,tnpo1,image02,ch1,113,12.0042,3987.0017,231206_U2OS_gapdh_tnpo1_image02_ch1,22
231206,U2OS,gapdh,tnpo1,image02,ch1,114,12.1113,4031.0698,231206_U2OS_gapdh_tnpo1_image02_ch1,23
231206,U2OS,gapdh,tnpo1,image02,ch1,115,12.2185,4068.9463,231206_U2OS_gapdh_tnpo1_image02_ch1,24
231206,U2OS,gapdh,tnpo1,image02,ch1,116,12.3257,4095.167,231206_U2OS_gapdh_tnpo1_image02_ch1,25
231206,U2OS,gapdh,tnpo1,image02,ch1,117,12.4329,4085.6951,231206_U2OS_gapdh_tnpo1_image02_ch1,26
231206,U2OS,gapdh,tnpo1,image02,ch1,118,12.5401,4093.3254,231206_U2OS_gapdh_tnpo1_image02_ch1,27
231206,U2OS,gapdh,tnpo1,image02,ch1,119,12.6472,4128.9141,231206_U2OS_gapdh_tnpo1_image02_ch1,28
231206,U2OS,gapdh,tnpo1,image02,ch1,120,12.7544,4166.6382,231206_U2OS_gapdh_tnpo1_image02_ch1,29
231206,U2OS,gapdh,tnpo1,image02,ch1,121,12.8616,4204.501,231206_U2OS_gapdh_tnpo1_image02_ch1,30
231206,U2OS,gapdh,tnpo1,image02,ch1,122,12.9688,4225.5195,231206_U2OS_gapdh_tnpo1_image02_ch1,31
231206,U2OS,gapdh,tnpo1,image02,ch1,123,13.076,4234.1631,231206_U2OS_gapdh_tnpo1_image02_ch1,32
231206,U2OS,gapdh,tnpo1,image02,ch1,124,13.1831,4219.3193,231206_U2OS_gapdh_tnpo1_image02_ch1,33
231206,U2OS,gapdh,tnpo1,image02,ch1,125,13.2903,4172.9043,231206_U2OS_gapdh_tnpo1_image02_ch1,34
231206,U2OS,gapdh,tnpo1,image02,ch1,126,13.3975,4098.3667,231206_U2OS_gapdh_tnpo1_image02_ch1,35
231206,U2OS,gapdh,tnpo1,image02,ch1,127,13.5047,4029.1289,231206_U2OS_gapdh_tnpo1_image02_ch1,36
231206,U2OS,gapdh,tnpo1,image02,ch1,128,13.6119,3987.6353,231206_U2OS_gapdh_tnpo1_image02_ch1,37
231206,U2OS,gapdh,tnpo1,image02,ch1,129,13.719,3975.3015,231206_U2OS_gapdh_tnpo1_image02_ch1,38
231206,U2OS,gapdh,tnpo1,image02,ch1,130,13.8262,3955.6658,231206_U2OS_gapdh_tnpo1_image02_ch1,39
231206,U2OS,gapdh,tnpo1,image02,ch1,131,13.9334,3921.0508,231206_U2OS_gapdh_tnpo1_image02_ch1,40
231206,U2OS,gapdh,tnpo1,image02,ch1,132,14.0406,3863.2888,231206_U2OS_gapdh_tnpo1_image02_ch1,41
231206,U2OS,gapdh,tnpo1,image02,ch1,133,14.1478,3797.1699,231206_U2OS_gapdh_tnpo1_image02_ch1,42
231206,U2OS,gapdh,tnpo1,image02,ch1,134,14.2549,3715.5798,231206_U2OS_gapdh_tnpo1_image02_ch1,43
231206,U2OS,gapdh,tnpo1,image02,ch1,135,14.3621,3645.3755,231206_U2OS_gapdh_tnpo1_image02_ch1,44
231206,U2OS,gapdh,tnpo1,image02,ch1,136,14.4693,3605.9771,231206_U2OS_gapdh_tnpo1_image02_ch1,45
231206,U2OS,gapdh,tnpo1,image02,ch1,137,14.5765,3583.8142,231206_U2OS_gapdh_tnpo1_image02_ch1,46
231206,U2OS,gapdh,tnpo1,image02,ch1,138,14.6837,3561.5317,231206_U2OS_gapdh_tnpo1_image02_ch1,47
231206,U2OS,gapdh,tnpo1,image02,ch1,139,14.7908,3544.4385,231206_U2OS_gapdh_tnpo1_image02_ch1,48
231206,U2OS,gapdh,tnpo1,image02,ch1,140,14.898,3528.4309,231206_U2OS_gapdh_tnpo1_image02_ch1,49
231206,U2OS,gapdh,tnpo1,image02,ch1,141,15.0052,3492.7031,231206_U2OS_gapdh_tnpo1_image02_ch1,50
231206,U2OS,gapdh,tnpo1,image02,ch1,142,15.1124,3443.8333,231206_U2OS_gapdh_tnpo1_image02_ch1,51
231206,U2OS,gapdh,tnpo1,image02,ch1,143,15.2196,3396.9504,231206_U2OS_gapdh_tnpo1_image02_ch1,52
231206,U2OS,gapdh,tnpo1,image02,ch1,144,15.3267,3344.6882,231206_U2OS_gapdh_tnpo1_image02_ch1,53
231206,U2OS,gapdh,tnpo1,image02,ch1,145,15.4339,3310.9399,231206_U2OS_gapdh_tnpo1_image02_ch1,54
231206,U2OS,gapdh,tnpo1,image02,ch1,146,15.5411,3284.3999,231206_U2OS_gapdh_tnpo1_image02_ch1,55
231206,U2OS,gapdh,tnpo1,image02,ch1,147,15.6483,3277.9756,231206_U2OS_gapdh_tnpo1_image02_ch1,56
231206,U2OS,gapdh,tnpo1,image02,ch1,148,15.7555,3298.355,231206_U2OS_gapdh_tnpo1_image02_ch1,57
231206,U2OS,gapdh,tnpo1,image02,ch1,149,15.8626,3343.6033,231206_U2OS_gapdh_tnpo1_image02_ch1,58
231206,U2OS,gapdh,tnpo1,image02,ch1,150,15.9698,3385.7334,231206_U2OS_gapdh_tnpo1_image02_ch1,59
231206,U2OS,gapdh,tnpo1,image02,ch1,151,16.077,3466.3584,231206_U2OS_gapdh_tnpo1_image02_ch1,60
231206,U2OS,gapdh,tnpo1,image02,ch1,152,16.1842,3545.5464,231206_U2OS_gapdh_tnpo1_image02_ch1,61
231206,U2OS,gapdh,tnpo1,image02,ch1,153,16.2914,3635.2322,231206_U2OS_gapdh_tnpo1_image02_ch1,62
231206,U2OS,gapdh,tnpo1,image02,ch1,154,16.3985,3718.9983,231206_U2OS_gapdh_tnpo1_image02_ch1,63
231206,U2OS,gapdh,tnpo1,image02,ch1,155,16.5057,3797.9866,231206_U2OS_gapdh_tnpo1_image02_ch1,64
231206,U2OS,gapdh,tnpo1,image02,ch1,156,16.6129,3819.8066,231206_U2OS_gapdh_tnpo1_image02_ch1,65
231206,U2OS,gapdh,tnpo1,image02,ch1,157,16.7201,3802.4065,231206_U2OS_gapdh_tnpo1_image02_ch1,66
231206,U2OS,gapdh,tnpo1,image02,ch1,158,16.8273,3747.2151,231206_U2OS_gapdh_tnpo1_image02_ch1,67
231206,U2OS,gapdh,tnpo1,image02,ch1,159,16.9344,3692.7576,231206_U2OS_gapdh_tnpo1_image02_ch1,68
231206,U2OS,gapdh,tnpo1,image02,ch1,160,17.0416,3635.8569,231206_U2OS_gapdh_tnpo1_image02_ch1,69
231206,U2OS,gapdh,tnpo1,image02,ch1,161,17.1488,3579.6721,231206_U2OS_gapdh_tnpo1_image02_ch1,70
231206,U2OS,gapdh,tnpo1,image02,ch1,162,17.256,3532.6462,231206_U2OS_gapdh_tnpo1_image02_ch1,71
231206,U2OS,gapdh,tnpo1,image02,ch1,163,17.3632,3492.8103,231206_U2OS_gapdh_tnpo1_image02_ch1,72
231206,U2OS,gapdh,tnpo1,image02,ch1,164,17.4703,3456.9207,231206_U2OS_gapdh_tnpo1_image02_ch1,73
231206,U2OS,gapdh,tnpo1,image02,ch1,165,17.5775,3439.1216,231206_U2OS_gapdh_tnpo1_image02_ch1,74
231206,U2OS,gapdh,tnpo1,image02,ch1,166,17.6847,3435.2603,231206_U2OS_gapdh_tnpo1_image02_ch1,75
231206,U2OS,gapdh,tnpo1,image02,ch1,167,17.7919,3417.1956,231206_U2OS_gapdh_tnpo1_image02_ch1,76
231206,U2OS,gapdh,tnpo1,image02,ch1,168,17.8991,3378.3652,231206_U2OS_gapdh_tnpo1_image02_ch1,77
231206,U2OS,gapdh,tnpo1,image02,ch1,169,18.0062,3351.9106,231206_U2OS_gapdh_tnpo1_image02_ch1,78
231206,U2OS,gapdh,tnpo1,image02,ch1,170,18.1134,3355.282,231206_U2OS_gapdh_tnpo1_image02_ch1,79
231206,U2OS,gapdh,tnpo1,image02,ch1,171,18.2206,3381.3333,231206_U2OS_gapdh_tnpo1_image02_ch1,80
231206,U2OS,gapdh,tnpo1,image02,ch1,172,18.3278,3437.1726,231206_U2OS_gapdh_tnpo1_image02_ch1,81
231206,U2OS,gapdh,tnpo1,image02,ch1,173,18.435,3507.9912,231206_U2OS_gapdh_tnpo1_image02_ch1,82
231206,U2OS,gapdh,tnpo1,image02,ch1,174,18.5421,3573.5518,231206_U2OS_gapdh_tnpo1_image02_ch1,83
231206,U2OS,gapdh,tnpo1,image02,ch1,175,18.6493,3638.4153,231206_U2OS_gapdh_tnpo1_image02_ch1,84
231206,U2OS,gapdh,tnpo1,image02,ch1,176,18.7565,3701.1528,231206_U2OS_gapdh_tnpo1_image02_ch1,85
231206,U2OS,gapdh,tnpo1,image02,ch1,177,18.8637,3766.196,231206_U2OS_gapdh_tnpo1_image02_ch1,86
231206,U2OS,gapdh,tnpo1,image02,ch1,178,18.9709,3810.625,231206_U2OS_gapdh_tnpo1_image02_ch1,87
231206,U2OS,gapdh,tnpo1,image02,ch1,179,19.078,3803.6184,231206_U2OS_gapdh_tnpo1_image02_ch1,88
231206,U2OS,gapdh,tnpo1,image02,ch1,180,19.1852,3769.729,231206_U2OS_gapdh_tnpo1_image02_ch1,89
231206,U2OS,gapdh,tnpo1,image02,ch1,181,19.2924,3707.1018,231206_U2OS_gapdh_tnpo1_image02_ch1,90
231206,U2OS,gapdh,tnpo1,image02,ch2,1,0,5625.3716,231206_U2OS_gapdh_tnpo1_image02_ch2,-90
231206,U2OS,gapdh,tnpo1,image02,ch2,2,0.1072,5636.8081,231206_U2OS_gapdh_tnpo1_image02_ch2,-89
231206,U2OS,gapdh,tnpo1,image02,ch2,3,0.2144,5673.4863,231206_U2OS_gapdh_tnpo1_image02_ch2,-88
231206,U2OS,gapdh,tnpo1,image02,ch2,4,0.3215,5679.0767,231206_U2OS_gapdh_tnpo1_image02_ch2,-87
231206,U2OS,gapdh,tnpo1,image02,ch2,5,0.4287,5671.1289,231206_U2OS_gapdh_tnpo1_image02_ch2,-86
231206,U2OS,gapdh,tnpo1,image02,ch2,6,0.5359,5657.7222,231206_U2OS_gapdh_tnpo1_image02_ch2,-85
231206,U2OS,gapdh,tnpo1,image02,ch2,7,0.6431,5636.1128,231206_U2OS_gapdh_tnpo1_image02_ch2,-84
231206,U2OS,gapdh,tnpo1,image02,ch2,8,0.7503,5618.5981,231206_U2OS_gapdh_tnpo1_image02_ch2,-83
231206,U2OS,gapdh,tnpo1,image02,ch2,9,0.8574,5602.2363,231206_U2OS_gapdh_tnpo1_image02_ch2,-82
231206,U2OS,gapdh,tnpo1,image02,ch2,10,0.9646,5596.0649,231206_U2OS_gapdh_tnpo1_image02_ch2,-81
231206,U2OS,gapdh,tnpo1,image02,ch2,11,1.0718,5586.6758,231206_U2OS_gapdh_tnpo1_image02_ch2,-80
231206,U2OS,gapdh,tnpo1,image02,ch2,12,1.179,5585.1968,231206_U2OS_gapdh_tnpo1_image02_ch2,-79
231206,U2OS,gapdh,tnpo1,image02,ch2,13,1.2862,5569.4673,231206_U2OS_gapdh_tnpo1_image02_ch2,-78
231206,U2OS,gapdh,tnpo1,image02,ch2,14,1.3933,5554.0767,231206_U2OS_gapdh_tnpo1_image02_ch2,-77
231206,U2OS,gapdh,tnpo1,image02,ch2,15,1.5005,5559.3081,231206_U2OS_gapdh_tnpo1_image02_ch2,-76
231206,U2OS,gapdh,tnpo1,image02,ch2,16,1.6077,5548.0898,231206_U2OS_gapdh_tnpo1_image02_ch2,-75
231206,U2OS,gapdh,tnpo1,image02,ch2,17,1.7149,5562.8389,231206_U2OS_gapdh_tnpo1_image02_ch2,-74
231206,U2OS,gapdh,tnpo1,image02,ch2,18,1.8221,5605.2563,231206_U2OS_gapdh_tnpo1_image02_ch2,-73
231206,U2OS,gapdh,tnpo1,image02,ch2,19,1.9292,5631.1333,231206_U2OS_gapdh_tnpo1_image02_ch2,-72
231206,U2OS,gapdh,tnpo1,image02,ch2,20,2.0364,5664.708,231206_U2OS_gapdh_tnpo1_image02_ch2,-71
231206,U2OS,gapdh,tnpo1,image02,ch2,21,2.1436,5685.0259,231206_U2OS_gapdh_tnpo1_image02_ch2,-70
231206,U2OS,gapdh,tnpo1,image02,ch2,22,2.2508,5697.6387,231206_U2OS_gapdh_tnpo1_image02_ch2,-69
231206,U2OS,gapdh,tnpo1,image02,ch2,23,2.358,5738.2007,231206_U2OS_gapdh_tnpo1_image02_ch2,-68
231206,U2OS,gapdh,tnpo1,image02,ch2,24,2.4651,5775.7305,231206_U2OS_gapdh_tnpo1_image02_ch2,-67
231206,U2OS,gapdh,tnpo1,image02,ch2,25,2.5723,5789.1079,231206_U2OS_gapdh_tnpo1_image02_ch2,-66
231206,U2OS,gapdh,tnpo1,image02,ch2,26,2.6795,5820.3325,231206_U2OS_gapdh_tnpo1_image02_ch2,-65
231206,U2OS,gapdh,tnpo1,image02,ch2,27,2.7867,5820.479,231206_U2OS_gapdh_tnpo1_image02_ch2,-64
231206,U2OS,gapdh,tnpo1,image02,ch2,28,2.8939,5817.4053,231206_U2OS_gapdh_tnpo1_image02_ch2,-63
231206,U2OS,gapdh,tnpo1,image02,ch2,29,3.001,5796.0737,231206_U2OS_gapdh_tnpo1_image02_ch2,-62
231206,U2OS,gapdh,tnpo1,image02,ch2,30,3.1082,5760.1611,231206_U2OS_gapdh_tnpo1_image02_ch2,-61
231206,U2OS,gapdh,tnpo1,image02,ch2,31,3.2154,5708.5264,231206_U2OS_gapdh_tnpo1_image02_ch2,-60
231206,U2OS,gapdh,tnpo1,image02,ch2,32,3.3226,5658.1914,231206_U2OS_gapdh_tnpo1_image02_ch2,-59
231206,U2OS,gapdh,tnpo1,image02,ch2,33,3.4298,5617.1445,231206_U2OS_gapdh_tnpo1_image02_ch2,-58
231206,U2OS,gapdh,tnpo1,image02,ch2,34,3.5369,5574.2266,231206_U2OS_gapdh_tnpo1_image02_ch2,-57
231206,U2OS,gapdh,tnpo1,image02,ch2,35,3.6441,5545.1904,231206_U2OS_gapdh_tnpo1_image02_ch2,-56
231206,U2OS,gapdh,tnpo1,image02,ch2,36,3.7513,5515.272,231206_U2OS_gapdh_tnpo1_image02_ch2,-55
231206,U2OS,gapdh,tnpo1,image02,ch2,37,3.8585,5494.5405,231206_U2OS_gapdh_tnpo1_image02_ch2,-54
231206,U2OS,gapdh,tnpo1,image02,ch2,38,3.9657,5468.9487,231206_U2OS_gapdh_tnpo1_image02_ch2,-53
231206,U2OS,gapdh,tnpo1,image02,ch2,39,4.0728,5462.4458,231206_U2OS_gapdh_tnpo1_image02_ch2,-52
231206,U2OS,gapdh,tnpo1,image02,ch2,40,4.18,5443.9639,231206_U2OS_gapdh_tnpo1_image02_ch2,-51
231206,U2OS,gapdh,tnpo1,image02,ch2,41,4.2872,5443.0854,231206_U2OS_gapdh_tnpo1_image02_ch2,-50
231206,U2OS,gapdh,tnpo1,image02,ch2,42,4.3944,5441.2207,231206_U2OS_gapdh_tnpo1_image02_ch2,-49
231206,U2OS,gapdh,tnpo1,image02,ch2,43,4.5016,5450.5137,231206_U2OS_gapdh_tnpo1_image02_ch2,-48
231206,U2OS,gapdh,tnpo1,image02,ch2,44,4.6087,5442.1699,231206_U2OS_gapdh_tnpo1_image02_ch2,-47
231206,U2OS,gapdh,tnpo1,image02,ch2,45,4.7159,5429.8242,231206_U2OS_gapdh_tnpo1_image02_ch2,-46
231206,U2OS,gapdh,tnpo1,image02,ch2,46,4.8231,5428.6855,231206_U2OS_gapdh_tnpo1_image02_ch2,-45
231206,U2OS,gapdh,tnpo1,image02,ch2,47,4.9303,5410.2876,231206_U2OS_gapdh_tnpo1_image02_ch2,-44
231206,U2OS,gapdh,tnpo1,image02,ch2,48,5.0375,5385.7529,231206_U2OS_gapdh_tnpo1_image02_ch2,-43
231206,U2OS,gapdh,tnpo1,image02,ch2,49,5.1446,5378.2935,231206_U2OS_gapdh_tnpo1_image02_ch2,-42
231206,U2OS,gapdh,tnpo1,image02,ch2,50,5.2518,5369.7295,231206_U2OS_gapdh_tnpo1_image02_ch2,-41
231206,U2OS,gapdh,tnpo1,image02,ch2,51,5.359,5384.0684,231206_U2OS_gapdh_tnpo1_image02_ch2,-40
231206,U2OS,gapdh,tnpo1,image02,ch2,52,5.4662,5411.9775,231206_U2OS_gapdh_tnpo1_image02_ch2,-39
231206,U2OS,gapdh,tnpo1,image02,ch2,53,5.5734,5447.0361,231206_U2OS_gapdh_tnpo1_image02_ch2,-38
231206,U2OS,gapdh,tnpo1,image02,ch2,54,5.6805,5461.6646,231206_U2OS_gapdh_tnpo1_image02_ch2,-37
231206,U2OS,gapdh,tnpo1,image02,ch2,55,5.7877,5472.8296,231206_U2OS_gapdh_tnpo1_image02_ch2,-36
231206,U2OS,gapdh,tnpo1,image02,ch2,56,5.8949,5475.0107,231206_U2OS_gapdh_tnpo1_image02_ch2,-35
231206,U2OS,gapdh,tnpo1,image02,ch2,57,6.0021,5477.583,231206_U2OS_gapdh_tnpo1_image02_ch2,-34
231206,U2OS,gapdh,tnpo1,image02,ch2,58,6.1093,5467.8652,231206_U2OS_gapdh_tnpo1_image02_ch2,-33
231206,U2OS,gapdh,tnpo1,image02,ch2,59,6.2164,5470.0859,231206_U2OS_gapdh_tnpo1_image02_ch2,-32
231206,U2OS,gapdh,tnpo1,image02,ch2,60,6.3236,5467.5674,231206_U2OS_gapdh_tnpo1_image02_ch2,-31
231206,U2OS,gapdh,tnpo1,image02,ch2,61,6.4308,5487.5942,231206_U2OS_gapdh_tnpo1_image02_ch2,-30
231206,U2OS,gapdh,tnpo1,image02,ch2,62,6.538,5488.271,231206_U2OS_gapdh_tnpo1_image02_ch2,-29
231206,U2OS,gapdh,tnpo1,image02,ch2,63,6.6452,5498.5186,231206_U2OS_gapdh_tnpo1_image02_ch2,-28
231206,U2OS,gapdh,tnpo1,image02,ch2,64,6.7523,5501.605,231206_U2OS_gapdh_tnpo1_image02_ch2,-27
231206,U2OS,gapdh,tnpo1,image02,ch2,65,6.8595,5514.4058000000005,231206_U2OS_gapdh_tnpo1_image02_ch2,-26
231206,U2OS,gapdh,tnpo1,image02,ch2,66,6.9667,5518.2104,231206_U2OS_gapdh_tnpo1_image02_ch2,-25
231206,U2OS,gapdh,tnpo1,image02,ch2,67,7.0739,5525.4292,231206_U2OS_gapdh_tnpo1_image02_ch2,-24
231206,U2OS,gapdh,tnpo1,image02,ch2,68,7.1811,5541.8994,231206_U2OS_gapdh_tnpo1_image02_ch2,-23
231206,U2OS,gapdh,tnpo1,image02,ch2,69,7.2882,5558.061,231206_U2OS_gapdh_tnpo1_image02_ch2,-22
231206,U2OS,gapdh,tnpo1,image02,ch2,70,7.3954,5576.7544,231206_U2OS_gapdh_tnpo1_image02_ch2,-21
231206,U2OS,gapdh,tnpo1,image02,ch2,71,7.5026,5574.8496,231206_U2OS_gapdh_tnpo1_image02_ch2,-20
231206,U2OS,gapdh,tnpo1,image02,ch2,72,7.6098,5547.9658,231206_U2OS_gapdh_tnpo1_image02_ch2,-19
231206,U2OS,gapdh,tnpo1,image02,ch2,73,7.717,5522.7383,231206_U2OS_gapdh_tnpo1_image02_ch2,-18
231206,U2OS,gapdh,tnpo1,image02,ch2,74,7.8241,5505.5054,231206_U2OS_gapdh_tnpo1_image02_ch2,-17
231206,U2OS,gapdh,tnpo1,image02,ch2,75,7.9313,5495.5205,231206_U2OS_gapdh_tnpo1_image02_ch2,-16
231206,U2OS,gapdh,tnpo1,image02,ch2,76,8.0385,5499.1304,231206_U2OS_gapdh_tnpo1_image02_ch2,-15
231206,U2OS,gapdh,tnpo1,image02,ch2,77,8.1457,5494.1685,231206_U2OS_gapdh_tnpo1_image02_ch2,-14
231206,U2OS,gapdh,tnpo1,image02,ch2,78,8.2529,5474.0928,231206_U2OS_gapdh_tnpo1_image02_ch2,-13
231206,U2OS,gapdh,tnpo1,image02,ch2,79,8.36,5427.5723,231206_U2OS_gapdh_tnpo1_image02_ch2,-12
231206,U2OS,gapdh,tnpo1,image02,ch2,80,8.4672,5417.1187,231206_U2OS_gapdh_tnpo1_image02_ch2,-11
231206,U2OS,gapdh,tnpo1,image02,ch2,81,8.5744,5419.2002,231206_U2OS_gapdh_tnpo1_image02_ch2,-10
231206,U2OS,gapdh,tnpo1,image02,ch2,82,8.6816,5411.3633,231206_U2OS_gapdh_tnpo1_image02_ch2,-9
231206,U2OS,gapdh,tnpo1,image02,ch2,83,8.7888,5398.7993,231206_U2OS_gapdh_tnpo1_image02_ch2,-8
231206,U2OS,gapdh,tnpo1,image02,ch2,84,8.8959,5368.4512,231206_U2OS_gapdh_tnpo1_image02_ch2,-7
231206,U2OS,gapdh,tnpo1,image02,ch2,85,9.0031,5330.7764,231206_U2OS_gapdh_tnpo1_image02_ch2,-6
231206,U2OS,gapdh,tnpo1,image02,ch2,86,9.1103,5294.0015,231206_U2OS_gapdh_tnpo1_image02_ch2,-5
231206,U2OS,gapdh,tnpo1,image02,ch2,87,9.2175,5277.4912,231206_U2OS_gapdh_tnpo1_image02_ch2,-4
231206,U2OS,gapdh,tnpo1,image02,ch2,88,9.3247,5260.3267,231206_U2OS_gapdh_tnpo1_image02_ch2,-3
231206,U2OS,gapdh,tnpo1,image02,ch2,89,9.4318,5236.1948,231206_U2OS_gapdh_tnpo1_image02_ch2,-2
231206,U2OS,gapdh,tnpo1,image02,ch2,90,9.539,5213.5015,231206_U2OS_gapdh_tnpo1_image02_ch2,-1
231206,U2OS,gapdh,tnpo1,image02,ch2,91,9.6462,5206.1377,231206_U2OS_gapdh_tnpo1_image02_ch2,0
231206,U2OS,gapdh,tnpo1,image02,ch2,92,9.7534,5215.5557,231206_U2OS_gapdh_tnpo1_image02_ch2,1
231206,U2OS,gapdh,tnpo1,image02,ch2,93,9.8606,5229.7896,231206_U2OS_gapdh_tnpo1_image02_ch2,2
231206,U2OS,gapdh,tnpo1,image02,ch2,94,9.9677,5254.6235,231206_U2OS_gapdh_tnpo1_image02_ch2,3
231206,U2OS,gapdh,tnpo1,image02,ch2,95,10.0749,5299.8828,231206_U2OS_gapdh_tnpo1_image02_ch2,4
231206,U2OS,gapdh,tnpo1,image02,ch2,96,10.1821,5331.7192,231206_U2OS_gapdh_tnpo1_image02_ch2,5
231206,U2OS,gapdh,tnpo1,image02,ch2,97,10.2893,5373.3789,231206_U2OS_gapdh_tnpo1_image02_ch2,6
231206,U2OS,gapdh,tnpo1,image02,ch2,98,10.3965,5417.4551,231206_U2OS_gapdh_tnpo1_image02_ch2,7
231206,U2OS,gapdh,tnpo1,image02,ch2,99,10.5036,5455.1387,231206_U2OS_gapdh_tnpo1_image02_ch2,8
231206,U2OS,gapdh,tnpo1,image02,ch2,100,10.6108,5483.8071,231206_U2OS_gapdh_tnpo1_image02_ch2,9
231206,U2OS,gapdh,tnpo1,image02,ch2,101,10.718,5513.2349,231206_U2OS_gapdh_tnpo1_image02_ch2,10
231206,U2OS,gapdh,tnpo1,image02,ch2,102,10.8252,5500.0718,231206_U2OS_gapdh_tnpo1_image02_ch2,11
231206,U2OS,gapdh,tnpo1,image02,ch2,103,10.9324,5462.4854,231206_U2OS_gapdh_tnpo1_image02_ch2,12
231206,U2OS,gapdh,tnpo1,image02,ch2,104,11.0395,5412.5967,231206_U2OS_gapdh_tnpo1_image02_ch2,13
231206,U2OS,gapdh,tnpo1,image02,ch2,105,11.1467,5380.2817,231206_U2OS_gapdh_tnpo1_image02_ch2,14
231206,U2OS,gapdh,tnpo1,image02,ch2,106,11.2539,5353.2568,231206_U2OS_gapdh_tnpo1_image02_ch2,15
231206,U2OS,gapdh,tnpo1,image02,ch2,107,11.3611,5357.3511,231206_U2OS_gapdh_tnpo1_image02_ch2,16
231206,U2OS,gapdh,tnpo1,image02,ch2,108,11.4683,5383.5225,231206_U2OS_gapdh_tnpo1_image02_ch2,17
231206,U2OS,gapdh,tnpo1,image02,ch2,109,11.5754,5419.3115,231206_U2OS_gapdh_tnpo1_image02_ch2,18
231206,U2OS,gapdh,tnpo1,image02,ch2,110,11.6826,5439.1553,231206_U2OS_gapdh_tnpo1_image02_ch2,19
231206,U2OS,gapdh,tnpo1,image02,ch2,111,11.7898,5445.5825,231206_U2OS_gapdh_tnpo1_image02_ch2,20
231206,U2OS,gapdh,tnpo1,image02,ch2,112,11.897,5428.4082,231206_U2OS_gapdh_tnpo1_image02_ch2,21
231206,U2OS,gapdh,tnpo1,image02,ch2,113,12.0042,5394.3359,231206_U2OS_gapdh_tnpo1_image02_ch2,22
231206,U2OS,gapdh,tnpo1,image02,ch2,114,12.1113,5361.3735,231206_U2OS_gapdh_tnpo1_image02_ch2,23
231206,U2OS,gapdh,tnpo1,image02,ch2,115,12.2185,5324.707,231206_U2OS_gapdh_tnpo1_image02_ch2,24
231206,U2OS,gapdh,tnpo1,image02,ch2,116,12.3257,5272.8599,231206_U2OS_gapdh_tnpo1_image02_ch2,25
231206,U2OS,gapdh,tnpo1,image02,ch2,117,12.4329,5205.9238,231206_U2OS_gapdh_tnpo1_image02_ch2,26
231206,U2OS,gapdh,tnpo1,image02,ch2,118,12.5401,5148.312,231206_U2OS_gapdh_tnpo1_image02_ch2,27
231206,U2OS,gapdh,tnpo1,image02,ch2,119,12.6472,5091.9473,231206_U2OS_gapdh_tnpo1_image02_ch2,28
231206,U2OS,gapdh,tnpo1,image02,ch2,120,12.7544,5048.4023,231206_U2OS_gapdh_tnpo1_image02_ch2,29
231206,U2OS,gapdh,tnpo1,image02,ch2,121,12.8616,5020.3179,231206_U2OS_gapdh_tnpo1_image02_ch2,30
231206,U2OS,gapdh,tnpo1,image02,ch2,122,12.9688,5007.0513,231206_U2OS_gapdh_tnpo1_image02_ch2,31
231206,U2OS,gapdh,tnpo1,image02,ch2,123,13.076,5008.9819,231206_U2OS_gapdh_tnpo1_image02_ch2,32
231206,U2OS,gapdh,tnpo1,image02,ch2,124,13.1831,5021.0957,231206_U2OS_gapdh_tnpo1_image02_ch2,33
231206,U2OS,gapdh,tnpo1,image02,ch2,125,13.2903,5037.0732,231206_U2OS_gapdh_tnpo1_image02_ch2,34
231206,U2OS,gapdh,tnpo1,image02,ch2,126,13.3975,5034.5498,231206_U2OS_gapdh_tnpo1_image02_ch2,35
231206,U2OS,gapdh,tnpo1,image02,ch2,127,13.5047,4984.6382,231206_U2OS_gapdh_tnpo1_image02_ch2,36
231206,U2OS,gapdh,tnpo1,image02,ch2,128,13.6119,4913.8301,231206_U2OS_gapdh_tnpo1_image02_ch2,37
231206,U2OS,gapdh,tnpo1,image02,ch2,129,13.719,4826.7861,231206_U2OS_gapdh_tnpo1_image02_ch2,38
231206,U2OS,gapdh,tnpo1,image02,ch2,130,13.8262,4749.7051,231206_U2OS_gapdh_tnpo1_image02_ch2,39
231206,U2OS,gapdh,tnpo1,image02,ch2,131,13.9334,4686.397,231206_U2OS_gapdh_tnpo1_image02_ch2,40
231206,U2OS,gapdh,tnpo1,image02,ch2,132,14.0406,4652.6489,231206_U2OS_gapdh_tnpo1_image02_ch2,41
231206,U2OS,gapdh,tnpo1,image02,ch2,133,14.1478,4642.3115,231206_U2OS_gapdh_tnpo1_image02_ch2,42
231206,U2OS,gapdh,tnpo1,image02,ch2,134,14.2549,4616.3516,231206_U2OS_gapdh_tnpo1_image02_ch2,43
231206,U2OS,gapdh,tnpo1,image02,ch2,135,14.3621,4594.0869,231206_U2OS_gapdh_tnpo1_image02_ch2,44
231206,U2OS,gapdh,tnpo1,image02,ch2,136,14.4693,4580.8867,231206_U2OS_gapdh_tnpo1_image02_ch2,45
231206,U2OS,gapdh,tnpo1,image02,ch2,137,14.5765,4573.8721,231206_U2OS_gapdh_tnpo1_image02_ch2,46
231206,U2OS,gapdh,tnpo1,image02,ch2,138,14.6837,4585.0054,231206_U2OS_gapdh_tnpo1_image02_ch2,47
231206,U2OS,gapdh,tnpo1,image02,ch2,139,14.7908,4592.0034,231206_U2OS_gapdh_tnpo1_image02_ch2,48
231206,U2OS,gapdh,tnpo1,image02,ch2,140,14.898,4601.7944,231206_U2OS_gapdh_tnpo1_image02_ch2,49
231206,U2OS,gapdh,tnpo1,image02,ch2,141,15.0052,4597.4165,231206_U2OS_gapdh_tnpo1_image02_ch2,50
231206,U2OS,gapdh,tnpo1,image02,ch2,142,15.1124,4572.7554,231206_U2OS_gapdh_tnpo1_image02_ch2,51
231206,U2OS,gapdh,tnpo1,image02,ch2,143,15.2196,4548.9307,231206_U2OS_gapdh_tnpo1_image02_ch2,52
231206,U2OS,gapdh,tnpo1,image02,ch2,144,15.3267,4508.6812,231206_U2OS_gapdh_tnpo1_image02_ch2,53
231206,U2OS,gapdh,tnpo1,image02,ch2,145,15.4339,4494.6738,231206_U2OS_gapdh_tnpo1_image02_ch2,54
231206,U2OS,gapdh,tnpo1,image02,ch2,146,15.5411,4460.8442,231206_U2OS_gapdh_tnpo1_image02_ch2,55
231206,U2OS,gapdh,tnpo1,image02,ch2,147,15.6483,4429.8462,231206_U2OS_gapdh_tnpo1_image02_ch2,56
231206,U2OS,gapdh,tnpo1,image02,ch2,148,15.7555,4397.5122,231206_U2OS_gapdh_tnpo1_image02_ch2,57
231206,U2OS,gapdh,tnpo1,image02,ch2,149,15.8626,4363.6362,231206_U2OS_gapdh_tnpo1_image02_ch2,58
231206,U2OS,gapdh,tnpo1,image02,ch2,150,15.9698,4342.1816,231206_U2OS_gapdh_tnpo1_image02_ch2,59
231206,U2OS,gapdh,tnpo1,image02,ch2,151,16.077,4348.3872,231206_U2OS_gapdh_tnpo1_image02_ch2,60
231206,U2OS,gapdh,tnpo1,image02,ch2,152,16.1842,4372.8794,231206_U2OS_gapdh_tnpo1_image02_ch2,61
231206,U2OS,gapdh,tnpo1,image02,ch2,153,16.2914,4396.5635,231206_U2OS_gapdh_tnpo1_image02_ch2,62
231206,U2OS,gapdh,tnpo1,image02,ch2,154,16.3985,4399.2471,231206_U2OS_gapdh_tnpo1_image02_ch2,63
231206,U2OS,gapdh,tnpo1,image02,ch2,155,16.5057,4402.2964,231206_U2OS_gapdh_tnpo1_image02_ch2,64
231206,U2OS,gapdh,tnpo1,image02,ch2,156,16.6129,4405.1978,231206_U2OS_gapdh_tnpo1_image02_ch2,65
231206,U2OS,gapdh,tnpo1,image02,ch2,157,16.7201,4426.9546,231206_U2OS_gapdh_tnpo1_image02_ch2,66
231206,U2OS,gapdh,tnpo1,image02,ch2,158,16.8273,4444.2822,231206_U2OS_gapdh_tnpo1_image02_ch2,67
231206,U2OS,gapdh,tnpo1,image02,ch2,159,16.9344,4445.186,231206_U2OS_gapdh_tnpo1_image02_ch2,68
231206,U2OS,gapdh,tnpo1,image02,ch2,160,17.0416,4430.1729,231206_U2OS_gapdh_tnpo1_image02_ch2,69
231206,U2OS,gapdh,tnpo1,image02,ch2,161,17.1488,4377.7788,231206_U2OS_gapdh_tnpo1_image02_ch2,70
231206,U2OS,gapdh,tnpo1,image02,ch2,162,17.256,4334.752,231206_U2OS_gapdh_tnpo1_image02_ch2,71
231206,U2OS,gapdh,tnpo1,image02,ch2,163,17.3632,4267.0542,231206_U2OS_gapdh_tnpo1_image02_ch2,72
231206,U2OS,gapdh,tnpo1,image02,ch2,164,17.4703,4216.7603,231206_U2OS_gapdh_tnpo1_image02_ch2,73
231206,U2OS,gapdh,tnpo1,image02,ch2,165,17.5775,4188.8379,231206_U2OS_gapdh_tnpo1_image02_ch2,74
231206,U2OS,gapdh,tnpo1,image02,ch2,166,17.6847,4185.4512,231206_U2OS_gapdh_tnpo1_image02_ch2,75
231206,U2OS,gapdh,tnpo1,image02,ch2,167,17.7919,4183.8828,231206_U2OS_gapdh_tnpo1_image02_ch2,76
231206,U2OS,gapdh,tnpo1,image02,ch2,168,17.8991,4175.2808000000005,231206_U2OS_gapdh_tnpo1_image02_ch2,77
231206,U2OS,gapdh,tnpo1,image02,ch2,169,18.0062,4160.7456,231206_U2OS_gapdh_tnpo1_image02_ch2,78
231206,U2OS,gapdh,tnpo1,image02,ch2,170,18.1134,4119.7197,231206_U2OS_gapdh_tnpo1_image02_ch2,79
231206,U2OS,gapdh,tnpo1,image02,ch2,171,18.2206,4079.0422,231206_U2OS_gapdh_tnpo1_image02_ch2,80
231206,U2OS,gapdh,tnpo1,image02,ch2,172,18.3278,4055.7732,231206_U2OS_gapdh_tnpo1_image02_ch2,81
231206,U2OS,gapdh,tnpo1,image02,ch2,173,18.435,4035.9509,231206_U2OS_gapdh_tnpo1_image02_ch2,82
231206,U2OS,gapdh,tnpo1,image02,ch2,174,18.5421,3993.7368,231206_U2OS_gapdh_tnpo1_image02_ch2,83
231206,U2OS,gapdh,tnpo1,image02,ch2,175,18.6493,3943.0515,231206_U2OS_gapdh_tnpo1_image02_ch2,84
231206,U2OS,gapdh,tnpo1,image02,ch2,176,18.7565,3881.5825,231206_U2OS_gapdh_tnpo1_image02_ch2,85
231206,U2OS,gapdh,tnpo1,image02,ch2,177,18.8637,3837.4558,231206_U2OS_gapdh_tnpo1_image02_ch2,86
231206,U2OS,gapdh,tnpo1,image02,ch2,178,18.9709,3816.8213,231206_U2OS_gapdh_tnpo1_image02_ch2,87
231206,U2OS,gapdh,tnpo1,image02,ch2,179,19.078,3814.4458,231206_U2OS_gapdh_tnpo1_image02_ch2,88
231206,U2OS,gapdh,tnpo1,image02,ch2,180,19.1852,3828.1243,231206_U2OS_gapdh_tnpo1_image02_ch2,89
231206,U2OS,gapdh,tnpo1,image02,ch2,181,19.2924,3837.696,231206_U2OS_gapdh_tnpo1_image02_ch2,90
231206,U2OS,gapdh,tnpo1,image07,ch1,1,0,4281.9155,231206_U2OS_gapdh_tnpo1_image07_ch1,-90
231206,U2OS,gapdh,tnpo1,image07,ch1,2,0.1072,4386.2705,231206_U2OS_gapdh_tnpo1_image07_ch1,-89
231206,U2OS,gapdh,tnpo1,image07,ch1,3,0.2144,4549.5498,231206_U2OS_gapdh_tnpo1_image07_ch1,-88
231206,U2OS,gapdh,tnpo1,image07,ch1,4,0.3215,4632.377,231206_U2OS_gapdh_tnpo1_image07_ch1,-87
231206,U2OS,gapdh,tnpo1,image07,ch1,5,0.4287,4577.1626,231206_U2OS_gapdh_tnpo1_image07_ch1,-86
231206,U2OS,gapdh,tnpo1,image07,ch1,6,0.5359,4455.2046,231206_U2OS_gapdh_tnpo1_image07_ch1,-85
231206,U2OS,gapdh,tnpo1,image07,ch1,7,0.6431,4362.3794,231206_U2OS_gapdh_tnpo1_image07_ch1,-84
231206,U2OS,gapdh,tnpo1,image07,ch1,8,0.7503,4287.0527,231206_U2OS_gapdh_tnpo1_image07_ch1,-83
231206,U2OS,gapdh,tnpo1,image07,ch1,9,0.8574,4222.6333,231206_U2OS_gapdh_tnpo1_image07_ch1,-82
231206,U2OS,gapdh,tnpo1,image07,ch1,10,0.9646,4177.752,231206_U2OS_gapdh_tnpo1_image07_ch1,-81
231206,U2OS,gapdh,tnpo1,image07,ch1,11,1.0718,4166.4902,231206_U2OS_gapdh_tnpo1_image07_ch1,-80
231206,U2OS,gapdh,tnpo1,image07,ch1,12,1.179,4208.4116,231206_U2OS_gapdh_tnpo1_image07_ch1,-79
231206,U2OS,gapdh,tnpo1,image07,ch1,13,1.2862,4274.9185,231206_U2OS_gapdh_tnpo1_image07_ch1,-78
231206,U2OS,gapdh,tnpo1,image07,ch1,14,1.3933,4286.1826,231206_U2OS_gapdh_tnpo1_image07_ch1,-77
231206,U2OS,gapdh,tnpo1,image07,ch1,15,1.5005,4216.8052,231206_U2OS_gapdh_tnpo1_image07_ch1,-76
231206,U2OS,gapdh,tnpo1,image07,ch1,16,1.6077,4140.5439,231206_U2OS_gapdh_tnpo1_image07_ch1,-75
231206,U2OS,gapdh,tnpo1,image07,ch1,17,1.7149,4108.4658,231206_U2OS_gapdh_tnpo1_image07_ch1,-74
231206,U2OS,gapdh,tnpo1,image07,ch1,18,1.8221,4121.5605,231206_U2OS_gapdh_tnpo1_image07_ch1,-73
231206,U2OS,gapdh,tnpo1,image07,ch1,19,1.9292,4120.1719,231206_U2OS_gapdh_tnpo1_image07_ch1,-72
231206,U2OS,gapdh,tnpo1,image07,ch1,20,2.0364,4089.8511,231206_U2OS_gapdh_tnpo1_image07_ch1,-71
231206,U2OS,gapdh,tnpo1,image07,ch1,21,2.1436,4063.5293,231206_U2OS_gapdh_tnpo1_image07_ch1,-70
231206,U2OS,gapdh,tnpo1,image07,ch1,22,2.2508,4076.8176,231206_U2OS_gapdh_tnpo1_image07_ch1,-69
231206,U2OS,gapdh,tnpo1,image07,ch1,23,2.358,4094.6221,231206_U2OS_gapdh_tnpo1_image07_ch1,-68
231206,U2OS,gapdh,tnpo1,image07,ch1,24,2.4651,4125.7026,231206_U2OS_gapdh_tnpo1_image07_ch1,-67
231206,U2OS,gapdh,tnpo1,image07,ch1,25,2.5723,4189.1465,231206_U2OS_gapdh_tnpo1_image07_ch1,-66
231206,U2OS,gapdh,tnpo1,image07,ch1,26,2.6795,4296.5854,231206_U2OS_gapdh_tnpo1_image07_ch1,-65
231206,U2OS,gapdh,tnpo1,image07,ch1,27,2.7867,4377.5024,231206_U2OS_gapdh_tnpo1_image07_ch1,-64
231206,U2OS,gapdh,tnpo1,image07,ch1,28,2.8939,4337.4316,231206_U2OS_gapdh_tnpo1_image07_ch1,-63
231206,U2OS,gapdh,tnpo1,image07,ch1,29,3.001,4246.4927,231206_U2OS_gapdh_tnpo1_image07_ch1,-62
231206,U2OS,gapdh,tnpo1,image07,ch1,30,3.1082,4171.103,231206_U2OS_gapdh_tnpo1_image07_ch1,-61
231206,U2OS,gapdh,tnpo1,image07,ch1,31,3.2154,4132.3545,231206_U2OS_gapdh_tnpo1_image07_ch1,-60
231206,U2OS,gapdh,tnpo1,image07,ch1,32,3.3226,4127.1089,231206_U2OS_gapdh_tnpo1_image07_ch1,-59
231206,U2OS,gapdh,tnpo1,image07,ch1,33,3.4298,4175.3853,231206_U2OS_gapdh_tnpo1_image07_ch1,-58
231206,U2OS,gapdh,tnpo1,image07,ch1,34,3.5369,4232.8232,231206_U2OS_gapdh_tnpo1_image07_ch1,-57
231206,U2OS,gapdh,tnpo1,image07,ch1,35,3.6441,4271.3848,231206_U2OS_gapdh_tnpo1_image07_ch1,-56
231206,U2OS,gapdh,tnpo1,image07,ch1,36,3.7513,4288.5684,231206_U2OS_gapdh_tnpo1_image07_ch1,-55
231206,U2OS,gapdh,tnpo1,image07,ch1,37,3.8585,4285.5132,231206_U2OS_gapdh_tnpo1_image07_ch1,-54
231206,U2OS,gapdh,tnpo1,image07,ch1,38,3.9657,4276.2666,231206_U2OS_gapdh_tnpo1_image07_ch1,-53
231206,U2OS,gapdh,tnpo1,image07,ch1,39,4.0728,4283.6934,231206_U2OS_gapdh_tnpo1_image07_ch1,-52
231206,U2OS,gapdh,tnpo1,image07,ch1,40,4.18,4284.5874,231206_U2OS_gapdh_tnpo1_image07_ch1,-51
231206,U2OS,gapdh,tnpo1,image07,ch1,41,4.2872,4288.3027,231206_U2OS_gapdh_tnpo1_image07_ch1,-50
231206,U2OS,gapdh,tnpo1,image07,ch1,42,4.3944,4319.7124,231206_U2OS_gapdh_tnpo1_image07_ch1,-49
231206,U2OS,gapdh,tnpo1,image07,ch1,43,4.5016,4373.4507,231206_U2OS_gapdh_tnpo1_image07_ch1,-48
231206,U2OS,gapdh,tnpo1,image07,ch1,44,4.6087,4444.1479,231206_U2OS_gapdh_tnpo1_image07_ch1,-47
231206,U2OS,gapdh,tnpo1,image07,ch1,45,4.7159,4515.3755,231206_U2OS_gapdh_tnpo1_image07_ch1,-46
231206,U2OS,gapdh,tnpo1,image07,ch1,46,4.8231,4558.4453,231206_U2OS_gapdh_tnpo1_image07_ch1,-45
231206,U2OS,gapdh,tnpo1,image07,ch1,47,4.9303,4539.6118,231206_U2OS_gapdh_tnpo1_image07_ch1,-44
231206,U2OS,gapdh,tnpo1,image07,ch1,48,5.0375,4506.0845,231206_U2OS_gapdh_tnpo1_image07_ch1,-43
231206,U2OS,gapdh,tnpo1,image07,ch1,49,5.1446,4515.0869,231206_U2OS_gapdh_tnpo1_image07_ch1,-42
231206,U2OS,gapdh,tnpo1,image07,ch1,50,5.2518,4561.1846,231206_U2OS_gapdh_tnpo1_image07_ch1,-41
231206,U2OS,gapdh,tnpo1,image07,ch1,51,5.359,4585.0142,231206_U2OS_gapdh_tnpo1_image07_ch1,-40
231206,U2OS,gapdh,tnpo1,image07,ch1,52,5.4662,4543.314,231206_U2OS_gapdh_tnpo1_image07_ch1,-39
231206,U2OS,gapdh,tnpo1,image07,ch1,53,5.5734,4469.6323,231206_U2OS_gapdh_tnpo1_image07_ch1,-38
231206,U2OS,gapdh,tnpo1,image07,ch1,54,5.6805,4403.4941,231206_U2OS_gapdh_tnpo1_image07_ch1,-37
231206,U2OS,gapdh,tnpo1,image07,ch1,55,5.7877,4376.8525,231206_U2OS_gapdh_tnpo1_image07_ch1,-36
231206,U2OS,gapdh,tnpo1,image07,ch1,56,5.8949,4361.6763,231206_U2OS_gapdh_tnpo1_image07_ch1,-35
231206,U2OS,gapdh,tnpo1,image07,ch1,57,6.0021,4331.915,231206_U2OS_gapdh_tnpo1_image07_ch1,-34
231206,U2OS,gapdh,tnpo1,image07,ch1,58,6.1093,4272.4189,231206_U2OS_gapdh_tnpo1_image07_ch1,-33
231206,U2OS,gapdh,tnpo1,image07,ch1,59,6.2164,4206.832,231206_U2OS_gapdh_tnpo1_image07_ch1,-32
231206,U2OS,gapdh,tnpo1,image07,ch1,60,6.3236,4186.6484,231206_U2OS_gapdh_tnpo1_image07_ch1,-31
231206,U2OS,gapdh,tnpo1,image07,ch1,61,6.4308,4191.5386,231206_U2OS_gapdh_tnpo1_image07_ch1,-30
231206,U2OS,gapdh,tnpo1,image07,ch1,62,6.538,4192.7515,231206_U2OS_gapdh_tnpo1_image07_ch1,-29
231206,U2OS,gapdh,tnpo1,image07,ch1,63,6.6452,4172.5571,231206_U2OS_gapdh_tnpo1_image07_ch1,-28
231206,U2OS,gapdh,tnpo1,image07,ch1,64,6.7523,4164.6162,231206_U2OS_gapdh_tnpo1_image07_ch1,-27
231206,U2OS,gapdh,tnpo1,image07,ch1,65,6.8595,4157.1011,231206_U2OS_gapdh_tnpo1_image07_ch1,-26
231206,U2OS,gapdh,tnpo1,image07,ch1,66,6.9667,4178.4424,231206_U2OS_gapdh_tnpo1_image07_ch1,-25
231206,U2OS,gapdh,tnpo1,image07,ch1,67,7.0739,4211.1733,231206_U2OS_gapdh_tnpo1_image07_ch1,-24
231206,U2OS,gapdh,tnpo1,image07,ch1,68,7.1811,4292.1616,231206_U2OS_gapdh_tnpo1_image07_ch1,-23
231206,U2OS,gapdh,tnpo1,image07,ch1,69,7.2882,4373.2676,231206_U2OS_gapdh_tnpo1_image07_ch1,-22
231206,U2OS,gapdh,tnpo1,image07,ch1,70,7.3954,4464.4111,231206_U2OS_gapdh_tnpo1_image07_ch1,-21
231206,U2OS,gapdh,tnpo1,image07,ch1,71,7.5026,4527.5215,231206_U2OS_gapdh_tnpo1_image07_ch1,-20
231206,U2OS,gapdh,tnpo1,image07,ch1,72,7.6098,4537.0024,231206_U2OS_gapdh_tnpo1_image07_ch1,-19
231206,U2OS,gapdh,tnpo1,image07,ch1,73,7.717,4505.314,231206_U2OS_gapdh_tnpo1_image07_ch1,-18
231206,U2OS,gapdh,tnpo1,image07,ch1,74,7.8241,4471.9375,231206_U2OS_gapdh_tnpo1_image07_ch1,-17
231206,U2OS,gapdh,tnpo1,image07,ch1,75,7.9313,4474.2749,231206_U2OS_gapdh_tnpo1_image07_ch1,-16
231206,U2OS,gapdh,tnpo1,image07,ch1,76,8.0385,4538.2812,231206_U2OS_gapdh_tnpo1_image07_ch1,-15
231206,U2OS,gapdh,tnpo1,image07,ch1,77,8.1457,4645.9727,231206_U2OS_gapdh_tnpo1_image07_ch1,-14
231206,U2OS,gapdh,tnpo1,image07,ch1,78,8.2529,4766.4482,231206_U2OS_gapdh_tnpo1_image07_ch1,-13
231206,U2OS,gapdh,tnpo1,image07,ch1,79,8.36,4819.7227,231206_U2OS_gapdh_tnpo1_image07_ch1,-12
231206,U2OS,gapdh,tnpo1,image07,ch1,80,8.4672,4792.6074,231206_U2OS_gapdh_tnpo1_image07_ch1,-11
231206,U2OS,gapdh,tnpo1,image07,ch1,81,8.5744,4754.3335,231206_U2OS_gapdh_tnpo1_image07_ch1,-10
231206,U2OS,gapdh,tnpo1,image07,ch1,82,8.6816,4781.8281,231206_U2OS_gapdh_tnpo1_image07_ch1,-9
231206,U2OS,gapdh,tnpo1,image07,ch1,83,8.7888,4835.6685,231206_U2OS_gapdh_tnpo1_image07_ch1,-8
231206,U2OS,gapdh,tnpo1,image07,ch1,84,8.8959,4912.4292,231206_U2OS_gapdh_tnpo1_image07_ch1,-7
231206,U2OS,gapdh,tnpo1,image07,ch1,85,9.0031,5016.2163,231206_U2OS_gapdh_tnpo1_image07_ch1,-6
231206,U2OS,gapdh,tnpo1,image07,ch1,86,9.1103,5169.3579,231206_U2OS_gapdh_tnpo1_image07_ch1,-5
231206,U2OS,gapdh,tnpo1,image07,ch1,87,9.2175,5348.4404,231206_U2OS_gapdh_tnpo1_image07_ch1,-4
231206,U2OS,gapdh,tnpo1,image07,ch1,88,9.3247,5542.8984,231206_U2OS_gapdh_tnpo1_image07_ch1,-3
231206,U2OS,gapdh,tnpo1,image07,ch1,89,9.4318,5731.7715,231206_U2OS_gapdh_tnpo1_image07_ch1,-2
231206,U2OS,gapdh,tnpo1,image07,ch1,90,9.539,5868.085,231206_U2OS_gapdh_tnpo1_image07_ch1,-1
231206,U2OS,gapdh,tnpo1,image07,ch1,91,9.6462,6033.1636,231206_U2OS_gapdh_tnpo1_image07_ch1,0
231206,U2OS,gapdh,tnpo1,image07,ch1,92,9.7534,6265.1587,231206_U2OS_gapdh_tnpo1_image07_ch1,1
231206,U2OS,gapdh,tnpo1,image07,ch1,93,9.8606,6612.3979,231206_U2OS_gapdh_tnpo1_image07_ch1,2
231206,U2OS,gapdh,tnpo1,image07,ch1,94,9.9677,7083.0601,231206_U2OS_gapdh_tnpo1_image07_ch1,3
231206,U2OS,gapdh,tnpo1,image07,ch1,95,10.0749,7549.6294,231206_U2OS_gapdh_tnpo1_image07_ch1,4
231206,U2OS,gapdh,tnpo1,image07,ch1,96,10.1821,7893.6963,231206_U2OS_gapdh_tnpo1_image07_ch1,5
231206,U2OS,gapdh,tnpo1,image07,ch1,97,10.2893,8121.8569,231206_U2OS_gapdh_tnpo1_image07_ch1,6
231206,U2OS,gapdh,tnpo1,image07,ch1,98,10.3965,8328.7539,231206_U2OS_gapdh_tnpo1_image07_ch1,7
231206,U2OS,gapdh,tnpo1,image07,ch1,99,10.5036,8550.6504,231206_U2OS_gapdh_tnpo1_image07_ch1,8
231206,U2OS,gapdh,tnpo1,image07,ch1,100,10.6108,8709.918,231206_U2OS_gapdh_tnpo1_image07_ch1,9
231206,U2OS,gapdh,tnpo1,image07,ch1,101,10.718,8788.4502,231206_U2OS_gapdh_tnpo1_image07_ch1,10
231206,U2OS,gapdh,tnpo1,image07,ch1,102,10.8252,8819.6514,231206_U2OS_gapdh_tnpo1_image07_ch1,11
231206,U2OS,gapdh,tnpo1,image07,ch1,103,10.9324,8806.4385,231206_U2OS_gapdh_tnpo1_image07_ch1,12
231206,U2OS,gapdh,tnpo1,image07,ch1,104,11.0395,8788.7188,231206_U2OS_gapdh_tnpo1_image07_ch1,13
231206,U2OS,gapdh,tnpo1,image07,ch1,105,11.1467,8879.2627,231206_U2OS_gapdh_tnpo1_image07_ch1,14
231206,U2OS,gapdh,tnpo1,image07,ch1,106,11.2539,9100.2285,231206_U2OS_gapdh_tnpo1_image07_ch1,15
231206,U2OS,gapdh,tnpo1,image07,ch1,107,11.3611,9309.7461,231206_U2OS_gapdh_tnpo1_image07_ch1,16
231206,U2OS,gapdh,tnpo1,image07,ch1,108,11.4683,9426.6172,231206_U2OS_gapdh_tnpo1_image07_ch1,17
231206,U2OS,gapdh,tnpo1,image07,ch1,109,11.5754,9442.2178,231206_U2OS_gapdh_tnpo1_image07_ch1,18
231206,U2OS,gapdh,tnpo1,image07,ch1,110,11.6826,9419.2988,231206_U2OS_gapdh_tnpo1_image07_ch1,19
231206,U2OS,gapdh,tnpo1,image07,ch1,111,11.7898,9395.1445,231206_U2OS_gapdh_tnpo1_image07_ch1,20
231206,U2OS,gapdh,tnpo1,image07,ch1,112,11.897,9478.3682,231206_U2OS_gapdh_tnpo1_image07_ch1,21
231206,U2OS,gapdh,tnpo1,image07,ch1,113,12.0042,9584.9824,231206_U2OS_gapdh_tnpo1_image07_ch1,22
231206,U2OS,gapdh,tnpo1,image07,ch1,114,12.1113,9592.874,231206_U2OS_gapdh_tnpo1_image07_ch1,23
231206,U2OS,gapdh,tnpo1,image07,ch1,115,12.2185,9485.2715,231206_U2OS_gapdh_tnpo1_image07_ch1,24
231206,U2OS,gapdh,tnpo1,image07,ch1,116,12.3257,9392.3115,231206_U2OS_gapdh_tnpo1_image07_ch1,25
231206,U2OS,gapdh,tnpo1,image07,ch1,117,12.4329,9360.0654,231206_U2OS_gapdh_tnpo1_image07_ch1,26
231206,U2OS,gapdh,tnpo1,image07,ch1,118,12.5401,9328.0352,231206_U2OS_gapdh_tnpo1_image07_ch1,27
231206,U2OS,gapdh,tnpo1,image07,ch1,119,12.6472,9211.6748,231206_U2OS_gapdh_tnpo1_image07_ch1,28
231206,U2OS,gapdh,tnpo1,image07,ch1,120,12.7544,9083.1816,231206_U2OS_gapdh_tnpo1_image07_ch1,29
231206,U2OS,gapdh,tnpo1,image07,ch1,121,12.8616,8983.8633,231206_U2OS_gapdh_tnpo1_image07_ch1,30
231206,U2OS,gapdh,tnpo1,image07,ch1,122,12.9688,8959.0879,231206_U2OS_gapdh_tnpo1_image07_ch1,31
231206,U2OS,gapdh,tnpo1,image07,ch1,123,13.076,9043.2764,231206_U2OS_gapdh_tnpo1_image07_ch1,32
231206,U2OS,gapdh,tnpo1,image07,ch1,124,13.1831,9154.2998,231206_U2OS_gapdh_tnpo1_image07_ch1,33
231206,U2OS,gapdh,tnpo1,image07,ch1,125,13.2903,9238.5322,231206_U2OS_gapdh_tnpo1_image07_ch1,34
231206,U2OS,gapdh,tnpo1,image07,ch1,126,13.3975,9354.6338,231206_U2OS_gapdh_tnpo1_image07_ch1,35
231206,U2OS,gapdh,tnpo1,image07,ch1,127,13.5047,9614.8486,231206_U2OS_gapdh_tnpo1_image07_ch1,36
231206,U2OS,gapdh,tnpo1,image07,ch1,128,13.6119,9953.5342,231206_U2OS_gapdh_tnpo1_image07_ch1,37
231206,U2OS,gapdh,tnpo1,image07,ch1,129,13.719,10237.7148,231206_U2OS_gapdh_tnpo1_image07_ch1,38
231206,U2OS,gapdh,tnpo1,image07,ch1,130,13.8262,10330.8916,231206_U2OS_gapdh_tnpo1_image07_ch1,39
231206,U2OS,gapdh,tnpo1,image07,ch1,131,13.9334,10295.542,231206_U2OS_gapdh_tnpo1_image07_ch1,40
231206,U2OS,gapdh,tnpo1,image07,ch1,132,14.0406,10190.498,231206_U2OS_gapdh_tnpo1_image07_ch1,41
231206,U2OS,gapdh,tnpo1,image07,ch1,133,14.1478,10015.1094,231206_U2OS_gapdh_tnpo1_image07_ch1,42
231206,U2OS,gapdh,tnpo1,image07,ch1,134,14.2549,9869.1045,231206_U2OS_gapdh_tnpo1_image07_ch1,43
231206,U2OS,gapdh,tnpo1,image07,ch1,135,14.3621,9749.4658,231206_U2OS_gapdh_tnpo1_image07_ch1,44
231206,U2OS,gapdh,tnpo1,image07,ch1,136,14.4693,9689.0742,231206_U2OS_gapdh_tnpo1_image07_ch1,45
231206,U2OS,gapdh,tnpo1,image07,ch1,137,14.5765,9666.96,231206_U2OS_gapdh_tnpo1_image07_ch1,46
231206,U2OS,gapdh,tnpo1,image07,ch1,138,14.6837,9583.8164,231206_U2OS_gapdh_tnpo1_image07_ch1,47
231206,U2OS,gapdh,tnpo1,image07,ch1,139,14.7908,9399.666,231206_U2OS_gapdh_tnpo1_image07_ch1,48
231206,U2OS,gapdh,tnpo1,image07,ch1,140,14.898,9204.4277,231206_U2OS_gapdh_tnpo1_image07_ch1,49
231206,U2OS,gapdh,tnpo1,image07,ch1,141,15.0052,8975.8779,231206_U2OS_gapdh_tnpo1_image07_ch1,50
231206,U2OS,gapdh,tnpo1,image07,ch1,142,15.1124,8638.8652,231206_U2OS_gapdh_tnpo1_image07_ch1,51
231206,U2OS,gapdh,tnpo1,image07,ch1,143,15.2196,8266.5879,231206_U2OS_gapdh_tnpo1_image07_ch1,52
231206,U2OS,gapdh,tnpo1,image07,ch1,144,15.3267,8023.7896,231206_U2OS_gapdh_tnpo1_image07_ch1,53
231206,U2OS,gapdh,tnpo1,image07,ch1,145,15.4339,7923.1787,231206_U2OS_gapdh_tnpo1_image07_ch1,54
231206,U2OS,gapdh,tnpo1,image07,ch1,146,15.5411,7882.9893,231206_U2OS_gapdh_tnpo1_image07_ch1,55
231206,U2OS,gapdh,tnpo1,image07,ch1,147,15.6483,7919.4795,231206_U2OS_gapdh_tnpo1_image07_ch1,56
231206,U2OS,gapdh,tnpo1,image07,ch1,148,15.7555,8010.9863,231206_U2OS_gapdh_tnpo1_image07_ch1,57
231206,U2OS,gapdh,tnpo1,image07,ch1,149,15.8626,8157.1665,231206_U2OS_gapdh_tnpo1_image07_ch1,58
231206,U2OS,gapdh,tnpo1,image07,ch1,150,15.9698,8345.6445,231206_U2OS_gapdh_tnpo1_image07_ch1,59
231206,U2OS,gapdh,tnpo1,image07,ch1,151,16.077,8594.1904,231206_U2OS_gapdh_tnpo1_image07_ch1,60
231206,U2OS,gapdh,tnpo1,image07,ch1,152,16.1842,8833.207,231206_U2OS_gapdh_tnpo1_image07_ch1,61
231206,U2OS,gapdh,tnpo1,image07,ch1,153,16.2914,8908.3389,231206_U2OS_gapdh_tnpo1_image07_ch1,62
231206,U2OS,gapdh,tnpo1,image07,ch1,154,16.3985,8843.7529,231206_U2OS_gapdh_tnpo1_image07_ch1,63
231206,U2OS,gapdh,tnpo1,image07,ch1,155,16.5057,8792.8613,231206_U2OS_gapdh_tnpo1_image07_ch1,64
231206,U2OS,gapdh,tnpo1,image07,ch1,156,16.6129,8889.251,231206_U2OS_gapdh_tnpo1_image07_ch1,65
231206,U2OS,gapdh,tnpo1,image07,ch1,157,16.7201,9145.0791,231206_U2OS_gapdh_tnpo1_image07_ch1,66
231206,U2OS,gapdh,tnpo1,image07,ch1,158,16.8273,9414.1729,231206_U2OS_gapdh_tnpo1_image07_ch1,67
231206,U2OS,gapdh,tnpo1,image07,ch1,159,16.9344,9535.0156,231206_U2OS_gapdh_tnpo1_image07_ch1,68
231206,U2OS,gapdh,tnpo1,image07,ch1,160,17.0416,9552.2061,231206_U2OS_gapdh_tnpo1_image07_ch1,69
231206,U2OS,gapdh,tnpo1,image07,ch1,161,17.1488,9547.1016,231206_U2OS_gapdh_tnpo1_image07_ch1,70
231206,U2OS,gapdh,tnpo1,image07,ch1,162,17.256,9524.292,231206_U2OS_gapdh_tnpo1_image07_ch1,71
231206,U2OS,gapdh,tnpo1,image07,ch1,163,17.3632,9387.1621,231206_U2OS_gapdh_tnpo1_image07_ch1,72
231206,U2OS,gapdh,tnpo1,image07,ch1,164,17.4703,9229.5176,231206_U2OS_gapdh_tnpo1_image07_ch1,73
231206,U2OS,gapdh,tnpo1,image07,ch1,165,17.5775,9131.5781,231206_U2OS_gapdh_tnpo1_image07_ch1,74
231206,U2OS,gapdh,tnpo1,image07,ch1,166,17.6847,9132.166,231206_U2OS_gapdh_tnpo1_image07_ch1,75
231206,U2OS,gapdh,tnpo1,image07,ch1,167,17.7919,9198.0801,231206_U2OS_gapdh_tnpo1_image07_ch1,76
231206,U2OS,gapdh,tnpo1,image07,ch1,168,17.8991,9193.6797,231206_U2OS_gapdh_tnpo1_image07_ch1,77
231206,U2OS,gapdh,tnpo1,image07,ch1,169,18.0062,9123.5625,231206_U2OS_gapdh_tnpo1_image07_ch1,78
231206,U2OS,gapdh,tnpo1,image07,ch1,170,18.1134,9008.6562,231206_U2OS_gapdh_tnpo1_image07_ch1,79
231206,U2OS,gapdh,tnpo1,image07,ch1,171,18.2206,8893.3203,231206_U2OS_gapdh_tnpo1_image07_ch1,80
231206,U2OS,gapdh,tnpo1,image07,ch1,172,18.3278,8769.1514,231206_U2OS_gapdh_tnpo1_image07_ch1,81
231206,U2OS,gapdh,tnpo1,image07,ch1,173,18.435,8551.6836,231206_U2OS_gapdh_tnpo1_image07_ch1,82
231206,U2OS,gapdh,tnpo1,image07,ch1,174,18.5421,8316.1611,231206_U2OS_gapdh_tnpo1_image07_ch1,83
231206,U2OS,gapdh,tnpo1,image07,ch1,175,18.6493,8221.3643,231206_U2OS_gapdh_tnpo1_image07_ch1,84
231206,U2OS,gapdh,tnpo1,image07,ch1,176,18.7565,8251.5361,231206_U2OS_gapdh_tnpo1_image07_ch1,85
231206,U2OS,gapdh,tnpo1,image07,ch1,177,18.8637,8302.5352,231206_U2OS_gapdh_tnpo1_image07_ch1,86
231206,U2OS,gapdh,tnpo1,image07,ch1,178,18.9709,8323.7734,231206_U2OS_gapdh_tnpo1_image07_ch1,87
231206,U2OS,gapdh,tnpo1,image07,ch1,179,19.078,8273.3438,231206_U2OS_gapdh_tnpo1_image07_ch1,88
231206,U2OS,gapdh,tnpo1,image07,ch1,180,19.1852,8069.0083,231206_U2OS_gapdh_tnpo1_image07_ch1,89
231206,U2OS,gapdh,tnpo1,image07,ch1,181,19.2924,7733.4863,231206_U2OS_gapdh_tnpo1_image07_ch1,90
231206,U2OS,gapdh,tnpo1,image07,ch2,1,0,8342.4326,231206_U2OS_gapdh_tnpo1_image07_ch2,-90
231206,U2OS,gapdh,tnpo1,image07,ch2,2,0.1072,8318.0215,231206_U2OS_gapdh_tnpo1_image07_ch2,-89
231206,U2OS,gapdh,tnpo1,image07,ch2,3,0.2144,8345.707,231206_U2OS_gapdh_tnpo1_image07_ch2,-88
231206,U2OS,gapdh,tnpo1,image07,ch2,4,0.3215,8372.7041,231206_U2OS_gapdh_tnpo1_image07_ch2,-87
231206,U2OS,gapdh,tnpo1,image07,ch2,5,0.4287,8341.4414,231206_U2OS_gapdh_tnpo1_image07_ch2,-86
231206,U2OS,gapdh,tnpo1,image07,ch2,6,0.5359,8235.4111,231206_U2OS_gapdh_tnpo1_image07_ch2,-85
231206,U2OS,gapdh,tnpo1,image07,ch2,7,0.6431,8122.9932,231206_U2OS_gapdh_tnpo1_image07_ch2,-84
231206,U2OS,gapdh,tnpo1,image07,ch2,8,0.7503,8046.8872,231206_U2OS_gapdh_tnpo1_image07_ch2,-83
231206,U2OS,gapdh,tnpo1,image07,ch2,9,0.8574,8016.7256,231206_U2OS_gapdh_tnpo1_image07_ch2,-82
231206,U2OS,gapdh,tnpo1,image07,ch2,10,0.9646,7970.4697,231206_U2OS_gapdh_tnpo1_image07_ch2,-81
231206,U2OS,gapdh,tnpo1,image07,ch2,11,1.0718,7968.3652,231206_U2OS_gapdh_tnpo1_image07_ch2,-80
231206,U2OS,gapdh,tnpo1,image07,ch2,12,1.179,7956.1807,231206_U2OS_gapdh_tnpo1_image07_ch2,-79
231206,U2OS,gapdh,tnpo1,image07,ch2,13,1.2862,7936.9297,231206_U2OS_gapdh_tnpo1_image07_ch2,-78
231206,U2OS,gapdh,tnpo1,image07,ch2,14,1.3933,7969.9932,231206_U2OS_gapdh_tnpo1_image07_ch2,-77
231206,U2OS,gapdh,tnpo1,image07,ch2,15,1.5005,7978.3994,231206_U2OS_gapdh_tnpo1_image07_ch2,-76
231206,U2OS,gapdh,tnpo1,image07,ch2,16,1.6077,7963.2271,231206_U2OS_gapdh_tnpo1_image07_ch2,-75
231206,U2OS,gapdh,tnpo1,image07,ch2,17,1.7149,7942.9443,231206_U2OS_gapdh_tnpo1_image07_ch2,-74
231206,U2OS,gapdh,tnpo1,image07,ch2,18,1.8221,7932.2432,231206_U2OS_gapdh_tnpo1_image07_ch2,-73
231206,U2OS,gapdh,tnpo1,image07,ch2,19,1.9292,7923.5259,231206_U2OS_gapdh_tnpo1_image07_ch2,-72
231206,U2OS,gapdh,tnpo1,image07,ch2,20,2.0364,7912.7734,231206_U2OS_gapdh_tnpo1_image07_ch2,-71
231206,U2OS,gapdh,tnpo1,image07,ch2,21,2.1436,7873.7158,231206_U2OS_gapdh_tnpo1_image07_ch2,-70
231206,U2OS,gapdh,tnpo1,image07,ch2,22,2.2508,7850.5811,231206_U2OS_gapdh_tnpo1_image07_ch2,-69
231206,U2OS,gapdh,tnpo1,image07,ch2,23,2.358,7822.4932,231206_U2OS_gapdh_tnpo1_image07_ch2,-68
231206,U2OS,gapdh,tnpo1,image07,ch2,24,2.4651,7802.4736,231206_U2OS_gapdh_tnpo1_image07_ch2,-67
231206,U2OS,gapdh,tnpo1,image07,ch2,25,2.5723,7821.3442,231206_U2OS_gapdh_tnpo1_image07_ch2,-66
231206,U2OS,gapdh,tnpo1,image07,ch2,26,2.6795,7875.168,231206_U2OS_gapdh_tnpo1_image07_ch2,-65
231206,U2OS,gapdh,tnpo1,image07,ch2,27,2.7867,7907.3574,231206_U2OS_gapdh_tnpo1_image07_ch2,-64
231206,U2OS,gapdh,tnpo1,image07,ch2,28,2.8939,7904.4722,231206_U2OS_gapdh_tnpo1_image07_ch2,-63
231206,U2OS,gapdh,tnpo1,image07,ch2,29,3.001,7939.4019,231206_U2OS_gapdh_tnpo1_image07_ch2,-62
231206,U2OS,gapdh,tnpo1,image07,ch2,30,3.1082,7972.5884,231206_U2OS_gapdh_tnpo1_image07_ch2,-61
231206,U2OS,gapdh,tnpo1,image07,ch2,31,3.2154,8034.3584,231206_U2OS_gapdh_tnpo1_image07_ch2,-60
231206,U2OS,gapdh,tnpo1,image07,ch2,32,3.3226,8111.6987,231206_U2OS_gapdh_tnpo1_image07_ch2,-59
231206,U2OS,gapdh,tnpo1,image07,ch2,33,3.4298,8112.999,231206_U2OS_gapdh_tnpo1_image07_ch2,-58
231206,U2OS,gapdh,tnpo1,image07,ch2,34,3.5369,7980.4756,231206_U2OS_gapdh_tnpo1_image07_ch2,-57
231206,U2OS,gapdh,tnpo1,image07,ch2,35,3.6441,7848.3809,231206_U2OS_gapdh_tnpo1_image07_ch2,-56
231206,U2OS,gapdh,tnpo1,image07,ch2,36,3.7513,7792.3145,231206_U2OS_gapdh_tnpo1_image07_ch2,-55
231206,U2OS,gapdh,tnpo1,image07,ch2,37,3.8585,7777.9116,231206_U2OS_gapdh_tnpo1_image07_ch2,-54
231206,U2OS,gapdh,tnpo1,image07,ch2,38,3.9657,7778.2954,231206_U2OS_gapdh_tnpo1_image07_ch2,-53
231206,U2OS,gapdh,tnpo1,image07,ch2,39,4.0728,7813.5186,231206_U2OS_gapdh_tnpo1_image07_ch2,-52
231206,U2OS,gapdh,tnpo1,image07,ch2,40,4.18,7862.4014,231206_U2OS_gapdh_tnpo1_image07_ch2,-51
231206,U2OS,gapdh,tnpo1,image07,ch2,41,4.2872,7893.6841,231206_U2OS_gapdh_tnpo1_image07_ch2,-50
231206,U2OS,gapdh,tnpo1,image07,ch2,42,4.3944,7891.9287,231206_U2OS_gapdh_tnpo1_image07_ch2,-49
231206,U2OS,gapdh,tnpo1,image07,ch2,43,4.5016,7945.4185,231206_U2OS_gapdh_tnpo1_image07_ch2,-48
231206,U2OS,gapdh,tnpo1,image07,ch2,44,4.6087,7992.9238,231206_U2OS_gapdh_tnpo1_image07_ch2,-47
231206,U2OS,gapdh,tnpo1,image07,ch2,45,4.7159,7946.8721,231206_U2OS_gapdh_tnpo1_image07_ch2,-46
231206,U2OS,gapdh,tnpo1,image07,ch2,46,4.8231,7871.2515,231206_U2OS_gapdh_tnpo1_image07_ch2,-45
231206,U2OS,gapdh,tnpo1,image07,ch2,47,4.9303,7822.438,231206_U2OS_gapdh_tnpo1_image07_ch2,-44
231206,U2OS,gapdh,tnpo1,image07,ch2,48,5.0375,7800.4478,231206_U2OS_gapdh_tnpo1_image07_ch2,-43
231206,U2OS,gapdh,tnpo1,image07,ch2,49,5.1446,7765.127,231206_U2OS_gapdh_tnpo1_image07_ch2,-42
231206,U2OS,gapdh,tnpo1,image07,ch2,50,5.2518,7704.1211,231206_U2OS_gapdh_tnpo1_image07_ch2,-41
231206,U2OS,gapdh,tnpo1,image07,ch2,51,5.359,7647.5464,231206_U2OS_gapdh_tnpo1_image07_ch2,-40
231206,U2OS,gapdh,tnpo1,image07,ch2,52,5.4662,7617.0547,231206_U2OS_gapdh_tnpo1_image07_ch2,-39
231206,U2OS,gapdh,tnpo1,image07,ch2,53,5.5734,7609.7559,231206_U2OS_gapdh_tnpo1_image07_ch2,-38
231206,U2OS,gapdh,tnpo1,image07,ch2,54,5.6805,7597.9224,231206_U2OS_gapdh_tnpo1_image07_ch2,-37
231206,U2OS,gapdh,tnpo1,image07,ch2,55,5.7877,7542.0386,231206_U2OS_gapdh_tnpo1_image07_ch2,-36
231206,U2OS,gapdh,tnpo1,image07,ch2,56,5.8949,7489.0317,231206_U2OS_gapdh_tnpo1_image07_ch2,-35
231206,U2OS,gapdh,tnpo1,image07,ch2,57,6.0021,7452.5571,231206_U2OS_gapdh_tnpo1_image07_ch2,-34
231206,U2OS,gapdh,tnpo1,image07,ch2,58,6.1093,7445.1211,231206_U2OS_gapdh_tnpo1_image07_ch2,-33
231206,U2OS,gapdh,tnpo1,image07,ch2,59,6.2164,7542.3179,231206_U2OS_gapdh_tnpo1_image07_ch2,-32
231206,U2OS,gapdh,tnpo1,image07,ch2,60,6.3236,7702.2842,231206_U2OS_gapdh_tnpo1_image07_ch2,-31
231206,U2OS,gapdh,tnpo1,image07,ch2,61,6.4308,7793.3584,231206_U2OS_gapdh_tnpo1_image07_ch2,-30
231206,U2OS,gapdh,tnpo1,image07,ch2,62,6.538,7798.3247,231206_U2OS_gapdh_tnpo1_image07_ch2,-29
231206,U2OS,gapdh,tnpo1,image07,ch2,63,6.6452,7686.6982,231206_U2OS_gapdh_tnpo1_image07_ch2,-28
231206,U2OS,gapdh,tnpo1,image07,ch2,64,6.7523,7552.0435,231206_U2OS_gapdh_tnpo1_image07_ch2,-27
231206,U2OS,gapdh,tnpo1,image07,ch2,65,6.8595,7429.6963,231206_U2OS_gapdh_tnpo1_image07_ch2,-26
231206,U2OS,gapdh,tnpo1,image07,ch2,66,6.9667,7429.98,231206_U2OS_gapdh_tnpo1_image07_ch2,-25
231206,U2OS,gapdh,tnpo1,image07,ch2,67,7.0739,7570.5479,231206_U2OS_gapdh_tnpo1_image07_ch2,-24
231206,U2OS,gapdh,tnpo1,image07,ch2,68,7.1811,7796.249,231206_U2OS_gapdh_tnpo1_image07_ch2,-23
231206,U2OS,gapdh,tnpo1,image07,ch2,69,7.2882,8091.1968,231206_U2OS_gapdh_tnpo1_image07_ch2,-22
231206,U2OS,gapdh,tnpo1,image07,ch2,70,7.3954,8372.0342,231206_U2OS_gapdh_tnpo1_image07_ch2,-21
231206,U2OS,gapdh,tnpo1,image07,ch2,71,7.5026,8567.4424,231206_U2OS_gapdh_tnpo1_image07_ch2,-20
231206,U2OS,gapdh,tnpo1,image07,ch2,72,7.6098,8624.1611,231206_U2OS_gapdh_tnpo1_image07_ch2,-19
231206,U2OS,gapdh,tnpo1,image07,ch2,73,7.717,8506.9648,231206_U2OS_gapdh_tnpo1_image07_ch2,-18
231206,U2OS,gapdh,tnpo1,image07,ch2,74,7.8241,8241.1592,231206_U2OS_gapdh_tnpo1_image07_ch2,-17
231206,U2OS,gapdh,tnpo1,image07,ch2,75,7.9313,8075.5405,231206_U2OS_gapdh_tnpo1_image07_ch2,-16
231206,U2OS,gapdh,tnpo1,image07,ch2,76,8.0385,8070.2422,231206_U2OS_gapdh_tnpo1_image07_ch2,-15
231206,U2OS,gapdh,tnpo1,image07,ch2,77,8.1457,8100.312,231206_U2OS_gapdh_tnpo1_image07_ch2,-14
231206,U2OS,gapdh,tnpo1,image07,ch2,78,8.2529,8133.145,231206_U2OS_gapdh_tnpo1_image07_ch2,-13
231206,U2OS,gapdh,tnpo1,image07,ch2,79,8.36,8125.4097,231206_U2OS_gapdh_tnpo1_image07_ch2,-12
231206,U2OS,gapdh,tnpo1,image07,ch2,80,8.4672,8080.0239,231206_U2OS_gapdh_tnpo1_image07_ch2,-11
231206,U2OS,gapdh,tnpo1,image07,ch2,81,8.5744,8047.7002,231206_U2OS_gapdh_tnpo1_image07_ch2,-10
231206,U2OS,gapdh,tnpo1,image07,ch2,82,8.6816,8014.1357,231206_U2OS_gapdh_tnpo1_image07_ch2,-9
231206,U2OS,gapdh,tnpo1,image07,ch2,83,8.7888,7948.8823,231206_U2OS_gapdh_tnpo1_image07_ch2,-8
231206,U2OS,gapdh,tnpo1,image07,ch2,84,8.8959,7930.4365,231206_U2OS_gapdh_tnpo1_image07_ch2,-7
231206,U2OS,gapdh,tnpo1,image07,ch2,85,9.0031,8009.1387,231206_U2OS_gapdh_tnpo1_image07_ch2,-6
231206,U2OS,gapdh,tnpo1,image07,ch2,86,9.1103,8034.7632,231206_U2OS_gapdh_tnpo1_image07_ch2,-5
231206,U2OS,gapdh,tnpo1,image07,ch2,87,9.2175,7966.8545,231206_U2OS_gapdh_tnpo1_image07_ch2,-4
231206,U2OS,gapdh,tnpo1,image07,ch2,88,9.3247,7909.874,231206_U2OS_gapdh_tnpo1_image07_ch2,-3
231206,U2OS,gapdh,tnpo1,image07,ch2,89,9.4318,7849.7964,231206_U2OS_gapdh_tnpo1_image07_ch2,-2
231206,U2OS,gapdh,tnpo1,image07,ch2,90,9.539,7730.1709,231206_U2OS_gapdh_tnpo1_image07_ch2,-1
231206,U2OS,gapdh,tnpo1,image07,ch2,91,9.6462,7645.6436,231206_U2OS_gapdh_tnpo1_image07_ch2,0
231206,U2OS,gapdh,tnpo1,image07,ch2,92,9.7534,7645.2363,231206_U2OS_gapdh_tnpo1_image07_ch2,1
231206,U2OS,gapdh,tnpo1,image07,ch2,93,9.8606,7677.9512,231206_U2OS_gapdh_tnpo1_image07_ch2,2
231206,U2OS,gapdh,tnpo1,image07,ch2,94,9.9677,7744.917,231206_U2OS_gapdh_tnpo1_image07_ch2,3
231206,U2OS,gapdh,tnpo1,image07,ch2,95,10.0749,7825.751,231206_U2OS_gapdh_tnpo1_image07_ch2,4
231206,U2OS,gapdh,tnpo1,image07,ch2,96,10.1821,7926.7881,231206_U2OS_gapdh_tnpo1_image07_ch2,5
231206,U2OS,gapdh,tnpo1,image07,ch2,97,10.2893,8048.3057,231206_U2OS_gapdh_tnpo1_image07_ch2,6
231206,U2OS,gapdh,tnpo1,image07,ch2,98,10.3965,8174.251,231206_U2OS_gapdh_tnpo1_image07_ch2,7
231206,U2OS,gapdh,tnpo1,image07,ch2,99,10.5036,8319.3975,231206_U2OS_gapdh_tnpo1_image07_ch2,8
231206,U2OS,gapdh,tnpo1,image07,ch2,100,10.6108,8489.1885,231206_U2OS_gapdh_tnpo1_image07_ch2,9
231206,U2OS,gapdh,tnpo1,image07,ch2,101,10.718,8589.1865,231206_U2OS_gapdh_tnpo1_image07_ch2,10
231206,U2OS,gapdh,tnpo1,image07,ch2,102,10.8252,8638.333,231206_U2OS_gapdh_tnpo1_image07_ch2,11
231206,U2OS,gapdh,tnpo1,image07,ch2,103,10.9324,8510.7354,231206_U2OS_gapdh_tnpo1_image07_ch2,12
231206,U2OS,gapdh,tnpo1,image07,ch2,104,11.0395,8217.8213,231206_U2OS_gapdh_tnpo1_image07_ch2,13
231206,U2OS,gapdh,tnpo1,image07,ch2,105,11.1467,7988.083,231206_U2OS_gapdh_tnpo1_image07_ch2,14
231206,U2OS,gapdh,tnpo1,image07,ch2,106,11.2539,7854.5513,231206_U2OS_gapdh_tnpo1_image07_ch2,15
231206,U2OS,gapdh,tnpo1,image07,ch2,107,11.3611,7785.1802,231206_U2OS_gapdh_tnpo1_image07_ch2,16
231206,U2OS,gapdh,tnpo1,image07,ch2,108,11.4683,7698.9058000000005,231206_U2OS_gapdh_tnpo1_image07_ch2,17
231206,U2OS,gapdh,tnpo1,image07,ch2,109,11.5754,7567.6118,231206_U2OS_gapdh_tnpo1_image07_ch2,18
231206,U2OS,gapdh,tnpo1,image07,ch2,110,11.6826,7466.7065,231206_U2OS_gapdh_tnpo1_image07_ch2,19
231206,U2OS,gapdh,tnpo1,image07,ch2,111,11.7898,7415.5015,231206_U2OS_gapdh_tnpo1_image07_ch2,20
231206,U2OS,gapdh,tnpo1,image07,ch2,112,11.897,7428.751,231206_U2OS_gapdh_tnpo1_image07_ch2,21
231206,U2OS,gapdh,tnpo1,image07,ch2,113,12.0042,7435.2852,231206_U2OS_gapdh_tnpo1_image07_ch2,22
231206,U2OS,gapdh,tnpo1,image07,ch2,114,12.1113,7412.2144,231206_U2OS_gapdh_tnpo1_image07_ch2,23
231206,U2OS,gapdh,tnpo1,image07,ch2,115,12.2185,7450.1636,231206_U2OS_gapdh_tnpo1_image07_ch2,24
231206,U2OS,gapdh,tnpo1,image07,ch2,116,12.3257,7508.7754,231206_U2OS_gapdh_tnpo1_image07_ch2,25
231206,U2OS,gapdh,tnpo1,image07,ch2,117,12.4329,7488.6611,231206_U2OS_gapdh_tnpo1_image07_ch2,26
231206,U2OS,gapdh,tnpo1,image07,ch2,118,12.5401,7349.7285,231206_U2OS_gapdh_tnpo1_image07_ch2,27
231206,U2OS,gapdh,tnpo1,image07,ch2,119,12.6472,7155.6064,231206_U2OS_gapdh_tnpo1_image07_ch2,28
231206,U2OS,gapdh,tnpo1,image07,ch2,120,12.7544,7013.5835,231206_U2OS_gapdh_tnpo1_image07_ch2,29
231206,U2OS,gapdh,tnpo1,image07,ch2,121,12.8616,6917.3901,231206_U2OS_gapdh_tnpo1_image07_ch2,30
231206,U2OS,gapdh,tnpo1,image07,ch2,122,12.9688,6882.4058000000005,231206_U2OS_gapdh_tnpo1_image07_ch2,31
231206,U2OS,gapdh,tnpo1,image07,ch2,123,13.076,6875.7476,231206_U2OS_gapdh_tnpo1_image07_ch2,32
231206,U2OS,gapdh,tnpo1,image07,ch2,124,13.1831,6836.9355,231206_U2OS_gapdh_tnpo1_image07_ch2,33
231206,U2OS,gapdh,tnpo1,image07,ch2,125,13.2903,6747.1162,231206_U2OS_gapdh_tnpo1_image07_ch2,34
231206,U2OS,gapdh,tnpo1,image07,ch2,126,13.3975,6639.1836,231206_U2OS_gapdh_tnpo1_image07_ch2,35
231206,U2OS,gapdh,tnpo1,image07,ch2,127,13.5047,6563.4448,231206_U2OS_gapdh_tnpo1_image07_ch2,36
231206,U2OS,gapdh,tnpo1,image07,ch2,128,13.6119,6550.2227,231206_U2OS_gapdh_tnpo1_image07_ch2,37
231206,U2OS,gapdh,tnpo1,image07,ch2,129,13.719,6581.0254,231206_U2OS_gapdh_tnpo1_image07_ch2,38
231206,U2OS,gapdh,tnpo1,image07,ch2,130,13.8262,6566.0835,231206_U2OS_gapdh_tnpo1_image07_ch2,39
231206,U2OS,gapdh,tnpo1,image07,ch2,131,13.9334,6541.4937,231206_U2OS_gapdh_tnpo1_image07_ch2,40
231206,U2OS,gapdh,tnpo1,image07,ch2,132,14.0406,6548.5786,231206_U2OS_gapdh_tnpo1_image07_ch2,41
231206,U2OS,gapdh,tnpo1,image07,ch2,133,14.1478,6566.0371,231206_U2OS_gapdh_tnpo1_image07_ch2,42
231206,U2OS,gapdh,tnpo1,image07,ch2,134,14.2549,6601.6411,231206_U2OS_gapdh_tnpo1_image07_ch2,43
231206,U2OS,gapdh,tnpo1,image07,ch2,135,14.3621,6621.5884,231206_U2OS_gapdh_tnpo1_image07_ch2,44
231206,U2OS,gapdh,tnpo1,image07,ch2,136,14.4693,6542.2314,231206_U2OS_gapdh_tnpo1_image07_ch2,45
231206,U2OS,gapdh,tnpo1,image07,ch2,137,14.5765,6446.9248,231206_U2OS_gapdh_tnpo1_image07_ch2,46
231206,U2OS,gapdh,tnpo1,image07,ch2,138,14.6837,6395.8188,231206_U2OS_gapdh_tnpo1_image07_ch2,47
231206,U2OS,gapdh,tnpo1,image07,ch2,139,14.7908,6423.4404,231206_U2OS_gapdh_tnpo1_image07_ch2,48
231206,U2OS,gapdh,tnpo1,image07,ch2,140,14.898,6457.064,231206_U2OS_gapdh_tnpo1_image07_ch2,49
231206,U2OS,gapdh,tnpo1,image07,ch2,141,15.0052,6449.2163,231206_U2OS_gapdh_tnpo1_image07_ch2,50
231206,U2OS,gapdh,tnpo1,image07,ch2,142,15.1124,6367.5571,231206_U2OS_gapdh_tnpo1_image07_ch2,51
231206,U2OS,gapdh,tnpo1,image07,ch2,143,15.2196,6238.1377,231206_U2OS_gapdh_tnpo1_image07_ch2,52
231206,U2OS,gapdh,tnpo1,image07,ch2,144,15.3267,6131.6982,231206_U2OS_gapdh_tnpo1_image07_ch2,53
231206,U2OS,gapdh,tnpo1,image07,ch2,145,15.4339,6110.9521,231206_U2OS_gapdh_tnpo1_image07_ch2,54
231206,U2OS,gapdh,tnpo1,image07,ch2,146,15.5411,6123.5103,231206_U2OS_gapdh_tnpo1_image07_ch2,55
231206,U2OS,gapdh,tnpo1,image07,ch2,147,15.6483,6137.0161,231206_U2OS_gapdh_tnpo1_image07_ch2,56
231206,U2OS,gapdh,tnpo1,image07,ch2,148,15.7555,6182.5376,231206_U2OS_gapdh_tnpo1_image07_ch2,57
231206,U2OS,gapdh,tnpo1,image07,ch2,149,15.8626,6292.4868,231206_U2OS_gapdh_tnpo1_image07_ch2,58
231206,U2OS,gapdh,tnpo1,image07,ch2,150,15.9698,6369.9946,231206_U2OS_gapdh_tnpo1_image07_ch2,59
231206,U2OS,gapdh,tnpo1,image07,ch2,151,16.077,6305.0991,231206_U2OS_gapdh_tnpo1_image07_ch2,60
231206,U2OS,gapdh,tnpo1,image07,ch2,152,16.1842,6252.0449,231206_U2OS_gapdh_tnpo1_image07_ch2,61
231206,U2OS,gapdh,tnpo1,image07,ch2,153,16.2914,6261.0229,231206_U2OS_gapdh_tnpo1_image07_ch2,62
231206,U2OS,gapdh,tnpo1,image07,ch2,154,16.3985,6377.5615,231206_U2OS_gapdh_tnpo1_image07_ch2,63
231206,U2OS,gapdh,tnpo1,image07,ch2,155,16.5057,6536.9463,231206_U2OS_gapdh_tnpo1_image07_ch2,64
231206,U2OS,gapdh,tnpo1,image07,ch2,156,16.6129,6600.2607,231206_U2OS_gapdh_tnpo1_image07_ch2,65
231206,U2OS,gapdh,tnpo1,image07,ch2,157,16.7201,6518.0078,231206_U2OS_gapdh_tnpo1_image07_ch2,66
231206,U2OS,gapdh,tnpo1,image07,ch2,158,16.8273,6369.1177,231206_U2OS_gapdh_tnpo1_image07_ch2,67
231206,U2OS,gapdh,tnpo1,image07,ch2,159,16.9344,6276.4624,231206_U2OS_gapdh_tnpo1_image07_ch2,68
231206,U2OS,gapdh,tnpo1,image07,ch2,160,17.0416,6226.0186,231206_U2OS_gapdh_tnpo1_image07_ch2,69
231206,U2OS,gapdh,tnpo1,image07,ch2,161,17.1488,6237.5239,231206_U2OS_gapdh_tnpo1_image07_ch2,70
231206,U2OS,gapdh,tnpo1,image07,ch2,162,17.256,6312.6094,231206_U2OS_gapdh_tnpo1_image07_ch2,71
231206,U2OS,gapdh,tnpo1,image07,ch2,163,17.3632,6372.832,231206_U2OS_gapdh_tnpo1_image07_ch2,72
231206,U2OS,gapdh,tnpo1,image07,ch2,164,17.4703,6417.9453,231206_U2OS_gapdh_tnpo1_image07_ch2,73
231206,U2OS,gapdh,tnpo1,image07,ch2,165,17.5775,6458.3223,231206_U2OS_gapdh_tnpo1_image07_ch2,74
231206,U2OS,gapdh,tnpo1,image07,ch2,166,17.6847,6473.8057,231206_U2OS_gapdh_tnpo1_image07_ch2,75
231206,U2OS,gapdh,tnpo1,image07,ch2,167,17.7919,6495.3262,231206_U2OS_gapdh_tnpo1_image07_ch2,76
231206,U2OS,gapdh,tnpo1,image07,ch2,168,17.8991,6519.5898,231206_U2OS_gapdh_tnpo1_image07_ch2,77
231206,U2OS,gapdh,tnpo1,image07,ch2,169,18.0062,6468.812,231206_U2OS_gapdh_tnpo1_image07_ch2,78
231206,U2OS,gapdh,tnpo1,image07,ch2,170,18.1134,6319.0796,231206_U2OS_gapdh_tnpo1_image07_ch2,79
231206,U2OS,gapdh,tnpo1,image07,ch2,171,18.2206,6192.5308000000005,231206_U2OS_gapdh_tnpo1_image07_ch2,80
231206,U2OS,gapdh,tnpo1,image07,ch2,172,18.3278,6168.5464,231206_U2OS_gapdh_tnpo1_image07_ch2,81
231206,U2OS,gapdh,tnpo1,image07,ch2,173,18.435,6182.9937,231206_U2OS_gapdh_tnpo1_image07_ch2,82
231206,U2OS,gapdh,tnpo1,image07,ch2,174,18.5421,6163.8223,231206_U2OS_gapdh_tnpo1_image07_ch2,83
231206,U2OS,gapdh,tnpo1,image07,ch2,175,18.6493,6071.4824,231206_U2OS_gapdh_tnpo1_image07_ch2,84
231206,U2OS,gapdh,tnpo1,image07,ch2,176,18.7565,5989.4746,231206_U2OS_gapdh_tnpo1_image07_ch2,85
231206,U2OS,gapdh,tnpo1,image07,ch2,177,18.8637,6029.2744,231206_U2OS_gapdh_tnpo1_image07_ch2,86
231206,U2OS,gapdh,tnpo1,image07,ch2,178,18.9709,6081.8413,231206_U2OS_gapdh_tnpo1_image07_ch2,87
231206,U2OS,gapdh,tnpo1,image07,ch2,179,19.078,6012.9297,231206_U2OS_gapdh_tnpo1_image07_ch2,88
231206,U2OS,gapdh,tnpo1,image07,ch2,180,19.1852,5866.042,231206_U2OS_gapdh_tnpo1_image07_ch2,89
231206,U2OS,gapdh,tnpo1,image07,ch2,181,19.2924,5718.1572,231206_U2OS_gapdh_tnpo1_image07_ch2,90
231206,U2OS,gapdh,tnpo1,image09,ch1,1,0,6319.6226,231206_U2OS_gapdh_tnpo1_image09_ch1,-90
231206,U2OS,gapdh,tnpo1,image09,ch1,2,0.1072,6258.4023,231206_U2OS_gapdh_tnpo1_image09_ch1,-89
231206,U2OS,gapdh,tnpo1,image09,ch1,3,0.2144,6237.7769,231206_U2OS_gapdh_tnpo1_image09_ch1,-88
231206,U2OS,gapdh,tnpo1,image09,ch1,4,0.3215,6256.0923,231206_U2OS_gapdh_tnpo1_image09_ch1,-87
231206,U2OS,gapdh,tnpo1,image09,ch1,5,0.4287,6308.3506,231206_U2OS_gapdh_tnpo1_image09_ch1,-86
231206,U2OS,gapdh,tnpo1,image09,ch1,6,0.5359,6376.4893,231206_U2OS_gapdh_tnpo1_image09_ch1,-85
231206,U2OS,gapdh,tnpo1,image09,ch1,7,0.6431,6436.3901,231206_U2OS_gapdh_tnpo1_image09_ch1,-84
231206,U2OS,gapdh,tnpo1,image09,ch1,8,0.7503,6457.3828,231206_U2OS_gapdh_tnpo1_image09_ch1,-83
231206,U2OS,gapdh,tnpo1,image09,ch1,9,0.8574,6451.6812,231206_U2OS_gapdh_tnpo1_image09_ch1,-82
231206,U2OS,gapdh,tnpo1,image09,ch1,10,0.9646,6427.1255,231206_U2OS_gapdh_tnpo1_image09_ch1,-81
231206,U2OS,gapdh,tnpo1,image09,ch1,11,1.0718,6364.5884,231206_U2OS_gapdh_tnpo1_image09_ch1,-80
231206,U2OS,gapdh,tnpo1,image09,ch1,12,1.179,6328.5928,231206_U2OS_gapdh_tnpo1_image09_ch1,-79
231206,U2OS,gapdh,tnpo1,image09,ch1,13,1.2862,6294.3877,231206_U2OS_gapdh_tnpo1_image09_ch1,-78
231206,U2OS,gapdh,tnpo1,image09,ch1,14,1.3933,6281.0117,231206_U2OS_gapdh_tnpo1_image09_ch1,-77
231206,U2OS,gapdh,tnpo1,image09,ch1,15,1.5005,6256.0552,231206_U2OS_gapdh_tnpo1_image09_ch1,-76
231206,U2OS,gapdh,tnpo1,image09,ch1,16,1.6077,6235.6045,231206_U2OS_gapdh_tnpo1_image09_ch1,-75
231206,U2OS,gapdh,tnpo1,image09,ch1,17,1.7149,6207.2529,231206_U2OS_gapdh_tnpo1_image09_ch1,-74
231206,U2OS,gapdh,tnpo1,image09,ch1,18,1.8221,6192.1025,231206_U2OS_gapdh_tnpo1_image09_ch1,-73
231206,U2OS,gapdh,tnpo1,image09,ch1,19,1.9292,6191.8774,231206_U2OS_gapdh_tnpo1_image09_ch1,-72
231206,U2OS,gapdh,tnpo1,image09,ch1,20,2.0364,6219.0605,231206_U2OS_gapdh_tnpo1_image09_ch1,-71
231206,U2OS,gapdh,tnpo1,image09,ch1,21,2.1436,6200.5854,231206_U2OS_gapdh_tnpo1_image09_ch1,-70
231206,U2OS,gapdh,tnpo1,image09,ch1,22,2.2508,6198.3667,231206_U2OS_gapdh_tnpo1_image09_ch1,-69
231206,U2OS,gapdh,tnpo1,image09,ch1,23,2.358,6199.6113,231206_U2OS_gapdh_tnpo1_image09_ch1,-68
231206,U2OS,gapdh,tnpo1,image09,ch1,24,2.4651,6221.3906,231206_U2OS_gapdh_tnpo1_image09_ch1,-67
231206,U2OS,gapdh,tnpo1,image09,ch1,25,2.5723,6246.6323,231206_U2OS_gapdh_tnpo1_image09_ch1,-66
231206,U2OS,gapdh,tnpo1,image09,ch1,26,2.6795,6297.9204,231206_U2OS_gapdh_tnpo1_image09_ch1,-65
231206,U2OS,gapdh,tnpo1,image09,ch1,27,2.7867,6359.4619,231206_U2OS_gapdh_tnpo1_image09_ch1,-64
231206,U2OS,gapdh,tnpo1,image09,ch1,28,2.8939,6412.144,231206_U2OS_gapdh_tnpo1_image09_ch1,-63
231206,U2OS,gapdh,tnpo1,image09,ch1,29,3.001,6474.9478,231206_U2OS_gapdh_tnpo1_image09_ch1,-62
231206,U2OS,gapdh,tnpo1,image09,ch1,30,3.1082,6492.4365,231206_U2OS_gapdh_tnpo1_image09_ch1,-61
231206,U2OS,gapdh,tnpo1,image09,ch1,31,3.2154,6490.3247,231206_U2OS_gapdh_tnpo1_image09_ch1,-60
231206,U2OS,gapdh,tnpo1,image09,ch1,32,3.3226,6471.8608,231206_U2OS_gapdh_tnpo1_image09_ch1,-59
231206,U2OS,gapdh,tnpo1,image09,ch1,33,3.4298,6452.4116,231206_U2OS_gapdh_tnpo1_image09_ch1,-58
231206,U2OS,gapdh,tnpo1,image09,ch1,34,3.5369,6428.082,231206_U2OS_gapdh_tnpo1_image09_ch1,-57
231206,U2OS,gapdh,tnpo1,image09,ch1,35,3.6441,6394.9395,231206_U2OS_gapdh_tnpo1_image09_ch1,-56
231206,U2OS,gapdh,tnpo1,image09,ch1,36,3.7513,6368.9155,231206_U2OS_gapdh_tnpo1_image09_ch1,-55
231206,U2OS,gapdh,tnpo1,image09,ch1,37,3.8585,6374.1528,231206_U2OS_gapdh_tnpo1_image09_ch1,-54
231206,U2OS,gapdh,tnpo1,image09,ch1,38,3.9657,6379.0083,231206_U2OS_gapdh_tnpo1_image09_ch1,-53
231206,U2OS,gapdh,tnpo1,image09,ch1,39,4.0728,6421.5493,231206_U2OS_gapdh_tnpo1_image09_ch1,-52
231206,U2OS,gapdh,tnpo1,image09,ch1,40,4.18,6464.7334,231206_U2OS_gapdh_tnpo1_image09_ch1,-51
231206,U2OS,gapdh,tnpo1,image09,ch1,41,4.2872,6512.0132,231206_U2OS_gapdh_tnpo1_image09_ch1,-50
231206,U2OS,gapdh,tnpo1,image09,ch1,42,4.3944,6575.791,231206_U2OS_gapdh_tnpo1_image09_ch1,-49
231206,U2OS,gapdh,tnpo1,image09,ch1,43,4.5016,6641.7192,231206_U2OS_gapdh_tnpo1_image09_ch1,-48
231206,U2OS,gapdh,tnpo1,image09,ch1,44,4.6087,6690.0713,231206_U2OS_gapdh_tnpo1_image09_ch1,-47
231206,U2OS,gapdh,tnpo1,image09,ch1,45,4.7159,6730.2734,231206_U2OS_gapdh_tnpo1_image09_ch1,-46
231206,U2OS,gapdh,tnpo1,image09,ch1,46,4.8231,6762.0586,231206_U2OS_gapdh_tnpo1_image09_ch1,-45
231206,U2OS,gapdh,tnpo1,image09,ch1,47,4.9303,6791.1523,231206_U2OS_gapdh_tnpo1_image09_ch1,-44
231206,U2OS,gapdh,tnpo1,image09,ch1,48,5.0375,6830.583,231206_U2OS_gapdh_tnpo1_image09_ch1,-43
231206,U2OS,gapdh,tnpo1,image09,ch1,49,5.1446,6908.7861,231206_U2OS_gapdh_tnpo1_image09_ch1,-42
231206,U2OS,gapdh,tnpo1,image09,ch1,50,5.2518,6989.9155,231206_U2OS_gapdh_tnpo1_image09_ch1,-41
231206,U2OS,gapdh,tnpo1,image09,ch1,51,5.359,7098.7949,231206_U2OS_gapdh_tnpo1_image09_ch1,-40
231206,U2OS,gapdh,tnpo1,image09,ch1,52,5.4662,7185.2974,231206_U2OS_gapdh_tnpo1_image09_ch1,-39
231206,U2OS,gapdh,tnpo1,image09,ch1,53,5.5734,7269.2505,231206_U2OS_gapdh_tnpo1_image09_ch1,-38
231206,U2OS,gapdh,tnpo1,image09,ch1,54,5.6805,7330.8203,231206_U2OS_gapdh_tnpo1_image09_ch1,-37
231206,U2OS,gapdh,tnpo1,image09,ch1,55,5.7877,7396.3125,231206_U2OS_gapdh_tnpo1_image09_ch1,-36
231206,U2OS,gapdh,tnpo1,image09,ch1,56,5.8949,7532.8511,231206_U2OS_gapdh_tnpo1_image09_ch1,-35
231206,U2OS,gapdh,tnpo1,image09,ch1,57,6.0021,7677.7266,231206_U2OS_gapdh_tnpo1_image09_ch1,-34
231206,U2OS,gapdh,tnpo1,image09,ch1,58,6.1093,7846.6558000000005,231206_U2OS_gapdh_tnpo1_image09_ch1,-33
231206,U2OS,gapdh,tnpo1,image09,ch1,59,6.2164,7978.3657,231206_U2OS_gapdh_tnpo1_image09_ch1,-32
231206,U2OS,gapdh,tnpo1,image09,ch1,60,6.3236,8096.2344,231206_U2OS_gapdh_tnpo1_image09_ch1,-31
231206,U2OS,gapdh,tnpo1,image09,ch1,61,6.4308,8138.8384,231206_U2OS_gapdh_tnpo1_image09_ch1,-30
231206,U2OS,gapdh,tnpo1,image09,ch1,62,6.538,8154.3193,231206_U2OS_gapdh_tnpo1_image09_ch1,-29
231206,U2OS,gapdh,tnpo1,image09,ch1,63,6.6452,8189.5537,231206_U2OS_gapdh_tnpo1_image09_ch1,-28
231206,U2OS,gapdh,tnpo1,image09,ch1,64,6.7523,8247.8906,231206_U2OS_gapdh_tnpo1_image09_ch1,-27
231206,U2OS,gapdh,tnpo1,image09,ch1,65,6.8595,8323.9775,231206_U2OS_gapdh_tnpo1_image09_ch1,-26
231206,U2OS,gapdh,tnpo1,image09,ch1,66,6.9667,8423.1689,231206_U2OS_gapdh_tnpo1_image09_ch1,-25
231206,U2OS,gapdh,tnpo1,image09,ch1,67,7.0739,8527.457,231206_U2OS_gapdh_tnpo1_image09_ch1,-24
231206,U2OS,gapdh,tnpo1,image09,ch1,68,7.1811,8629.1777,231206_U2OS_gapdh_tnpo1_image09_ch1,-23
231206,U2OS,gapdh,tnpo1,image09,ch1,69,7.2882,8738.8818,231206_U2OS_gapdh_tnpo1_image09_ch1,-22
231206,U2OS,gapdh,tnpo1,image09,ch1,70,7.3954,8904.4141,231206_U2OS_gapdh_tnpo1_image09_ch1,-21
231206,U2OS,gapdh,tnpo1,image09,ch1,71,7.5026,9080.4268,231206_U2OS_gapdh_tnpo1_image09_ch1,-20
231206,U2OS,gapdh,tnpo1,image09,ch1,72,7.6098,9292.2461,231206_U2OS_gapdh_tnpo1_image09_ch1,-19
231206,U2OS,gapdh,tnpo1,image09,ch1,73,7.717,9561.1221,231206_U2OS_gapdh_tnpo1_image09_ch1,-18
231206,U2OS,gapdh,tnpo1,image09,ch1,74,7.8241,9875.3799,231206_U2OS_gapdh_tnpo1_image09_ch1,-17
231206,U2OS,gapdh,tnpo1,image09,ch1,75,7.9313,10228.5723,231206_U2OS_gapdh_tnpo1_image09_ch1,-16
231206,U2OS,gapdh,tnpo1,image09,ch1,76,8.0385,10615.7324,231206_U2OS_gapdh_tnpo1_image09_ch1,-15
231206,U2OS,gapdh,tnpo1,image09,ch1,77,8.1457,10943.6396,231206_U2OS_gapdh_tnpo1_image09_ch1,-14
231206,U2OS,gapdh,tnpo1,image09,ch1,78,8.2529,11143.0742,231206_U2OS_gapdh_tnpo1_image09_ch1,-13
231206,U2OS,gapdh,tnpo1,image09,ch1,79,8.36,11214.2539,231206_U2OS_gapdh_tnpo1_image09_ch1,-12
231206,U2OS,gapdh,tnpo1,image09,ch1,80,8.4672,11259.8496,231206_U2OS_gapdh_tnpo1_image09_ch1,-11
231206,U2OS,gapdh,tnpo1,image09,ch1,81,8.5744,11325.1553,231206_U2OS_gapdh_tnpo1_image09_ch1,-10
231206,U2OS,gapdh,tnpo1,image09,ch1,82,8.6816,11342.0898,231206_U2OS_gapdh_tnpo1_image09_ch1,-9
231206,U2OS,gapdh,tnpo1,image09,ch1,83,8.7888,11374.9824,231206_U2OS_gapdh_tnpo1_image09_ch1,-8
231206,U2OS,gapdh,tnpo1,image09,ch1,84,8.8959,11389.5605,231206_U2OS_gapdh_tnpo1_image09_ch1,-7
231206,U2OS,gapdh,tnpo1,image09,ch1,85,9.0031,11410.1729,231206_U2OS_gapdh_tnpo1_image09_ch1,-6
231206,U2OS,gapdh,tnpo1,image09,ch1,86,9.1103,11384.0361,231206_U2OS_gapdh_tnpo1_image09_ch1,-5
231206,U2OS,gapdh,tnpo1,image09,ch1,87,9.2175,11345.1357,231206_U2OS_gapdh_tnpo1_image09_ch1,-4
231206,U2OS,gapdh,tnpo1,image09,ch1,88,9.3247,11346.6465,231206_U2OS_gapdh_tnpo1_image09_ch1,-3
231206,U2OS,gapdh,tnpo1,image09,ch1,89,9.4318,11337.6807,231206_U2OS_gapdh_tnpo1_image09_ch1,-2
231206,U2OS,gapdh,tnpo1,image09,ch1,90,9.539,11351.1123,231206_U2OS_gapdh_tnpo1_image09_ch1,-1
231206,U2OS,gapdh,tnpo1,image09,ch1,91,9.6462,11357.4697,231206_U2OS_gapdh_tnpo1_image09_ch1,0
231206,U2OS,gapdh,tnpo1,image09,ch1,92,9.7534,11419.4697,231206_U2OS_gapdh_tnpo1_image09_ch1,1
231206,U2OS,gapdh,tnpo1,image09,ch1,93,9.8606,11447.0996,231206_U2OS_gapdh_tnpo1_image09_ch1,2
231206,U2OS,gapdh,tnpo1,image09,ch1,94,9.9677,11397.6084,231206_U2OS_gapdh_tnpo1_image09_ch1,3
231206,U2OS,gapdh,tnpo1,image09,ch1,95,10.0749,11284.7285,231206_U2OS_gapdh_tnpo1_image09_ch1,4
231206,U2OS,gapdh,tnpo1,image09,ch1,96,10.1821,11111.5908,231206_U2OS_gapdh_tnpo1_image09_ch1,5
231206,U2OS,gapdh,tnpo1,image09,ch1,97,10.2893,10867.5967,231206_U2OS_gapdh_tnpo1_image09_ch1,6
231206,U2OS,gapdh,tnpo1,image09,ch1,98,10.3965,10700.6152,231206_U2OS_gapdh_tnpo1_image09_ch1,7
231206,U2OS,gapdh,tnpo1,image09,ch1,99,10.5036,10620.252,231206_U2OS_gapdh_tnpo1_image09_ch1,8
231206,U2OS,gapdh,tnpo1,image09,ch1,100,10.6108,10610.8721,231206_U2OS_gapdh_tnpo1_image09_ch1,9
231206,U2OS,gapdh,tnpo1,image09,ch1,101,10.718,10715.3877,231206_U2OS_gapdh_tnpo1_image09_ch1,10
231206,U2OS,gapdh,tnpo1,image09,ch1,102,10.8252,10804.1963,231206_U2OS_gapdh_tnpo1_image09_ch1,11
231206,U2OS,gapdh,tnpo1,image09,ch1,103,10.9324,10851.6289,231206_U2OS_gapdh_tnpo1_image09_ch1,12
231206,U2OS,gapdh,tnpo1,image09,ch1,104,11.0395,10927.915,231206_U2OS_gapdh_tnpo1_image09_ch1,13
231206,U2OS,gapdh,tnpo1,image09,ch1,105,11.1467,10966.5176,231206_U2OS_gapdh_tnpo1_image09_ch1,14
231206,U2OS,gapdh,tnpo1,image09,ch1,106,11.2539,10927.0791,231206_U2OS_gapdh_tnpo1_image09_ch1,15
231206,U2OS,gapdh,tnpo1,image09,ch1,107,11.3611,10795.7354,231206_U2OS_gapdh_tnpo1_image09_ch1,16
231206,U2OS,gapdh,tnpo1,image09,ch1,108,11.4683,10587.6709,231206_U2OS_gapdh_tnpo1_image09_ch1,17
231206,U2OS,gapdh,tnpo1,image09,ch1,109,11.5754,10367.6689,231206_U2OS_gapdh_tnpo1_image09_ch1,18
231206,U2OS,gapdh,tnpo1,image09,ch1,110,11.6826,10224.3633,231206_U2OS_gapdh_tnpo1_image09_ch1,19
231206,U2OS,gapdh,tnpo1,image09,ch1,111,11.7898,10092.3037,231206_U2OS_gapdh_tnpo1_image09_ch1,20
231206,U2OS,gapdh,tnpo1,image09,ch1,112,11.897,10061.4541,231206_U2OS_gapdh_tnpo1_image09_ch1,21
231206,U2OS,gapdh,tnpo1,image09,ch1,113,12.0042,10069.6328,231206_U2OS_gapdh_tnpo1_image09_ch1,22
231206,U2OS,gapdh,tnpo1,image09,ch1,114,12.1113,10037.8359,231206_U2OS_gapdh_tnpo1_image09_ch1,23
231206,U2OS,gapdh,tnpo1,image09,ch1,115,12.2185,9953.8281,231206_U2OS_gapdh_tnpo1_image09_ch1,24
231206,U2OS,gapdh,tnpo1,image09,ch1,116,12.3257,9850.2783,231206_U2OS_gapdh_tnpo1_image09_ch1,25
231206,U2OS,gapdh,tnpo1,image09,ch1,117,12.4329,9735.4639,231206_U2OS_gapdh_tnpo1_image09_ch1,26
231206,U2OS,gapdh,tnpo1,image09,ch1,118,12.5401,9608.9561,231206_U2OS_gapdh_tnpo1_image09_ch1,27
231206,U2OS,gapdh,tnpo1,image09,ch1,119,12.6472,9505.6992,231206_U2OS_gapdh_tnpo1_image09_ch1,28
231206,U2OS,gapdh,tnpo1,image09,ch1,120,12.7544,9400.0889,231206_U2OS_gapdh_tnpo1_image09_ch1,29
231206,U2OS,gapdh,tnpo1,image09,ch1,121,12.8616,9300.9121,231206_U2OS_gapdh_tnpo1_image09_ch1,30
231206,U2OS,gapdh,tnpo1,image09,ch1,122,12.9688,9226.6797,231206_U2OS_gapdh_tnpo1_image09_ch1,31
231206,U2OS,gapdh,tnpo1,image09,ch1,123,13.076,9160.8828,231206_U2OS_gapdh_tnpo1_image09_ch1,32
231206,U2OS,gapdh,tnpo1,image09,ch1,124,13.1831,9116.2402,231206_U2OS_gapdh_tnpo1_image09_ch1,33
231206,U2OS,gapdh,tnpo1,image09,ch1,125,13.2903,9085.4639,231206_U2OS_gapdh_tnpo1_image09_ch1,34
231206,U2OS,gapdh,tnpo1,image09,ch1,126,13.3975,9103.2432,231206_U2OS_gapdh_tnpo1_image09_ch1,35
231206,U2OS,gapdh,tnpo1,image09,ch1,127,13.5047,9104.667,231206_U2OS_gapdh_tnpo1_image09_ch1,36
231206,U2OS,gapdh,tnpo1,image09,ch1,128,13.6119,9108.3184,231206_U2OS_gapdh_tnpo1_image09_ch1,37
231206,U2OS,gapdh,tnpo1,image09,ch1,129,13.719,9092.8525,231206_U2OS_gapdh_tnpo1_image09_ch1,38
231206,U2OS,gapdh,tnpo1,image09,ch1,130,13.8262,9117.5088,231206_U2OS_gapdh_tnpo1_image09_ch1,39
231206,U2OS,gapdh,tnpo1,image09,ch1,131,13.9334,9136.5508,231206_U2OS_gapdh_tnpo1_image09_ch1,40
231206,U2OS,gapdh,tnpo1,image09,ch1,132,14.0406,9190.8662,231206_U2OS_gapdh_tnpo1_image09_ch1,41
231206,U2OS,gapdh,tnpo1,image09,ch1,133,14.1478,9257.2803,231206_U2OS_gapdh_tnpo1_image09_ch1,42
231206,U2OS,gapdh,tnpo1,image09,ch1,134,14.2549,9355.3154,231206_U2OS_gapdh_tnpo1_image09_ch1,43
231206,U2OS,gapdh,tnpo1,image09,ch1,135,14.3621,9486.0859,231206_U2OS_gapdh_tnpo1_image09_ch1,44
231206,U2OS,gapdh,tnpo1,image09,ch1,136,14.4693,9578.2441,231206_U2OS_gapdh_tnpo1_image09_ch1,45
231206,U2OS,gapdh,tnpo1,image09,ch1,137,14.5765,9609.9736,231206_U2OS_gapdh_tnpo1_image09_ch1,46
231206,U2OS,gapdh,tnpo1,image09,ch1,138,14.6837,9538.9941,231206_U2OS_gapdh_tnpo1_image09_ch1,47
231206,U2OS,gapdh,tnpo1,image09,ch1,139,14.7908,9531.7217,231206_U2OS_gapdh_tnpo1_image09_ch1,48
231206,U2OS,gapdh,tnpo1,image09,ch1,140,14.898,9607.6338,231206_U2OS_gapdh_tnpo1_image09_ch1,49
231206,U2OS,gapdh,tnpo1,image09,ch1,141,15.0052,9799.04,231206_U2OS_gapdh_tnpo1_image09_ch1,50
231206,U2OS,gapdh,tnpo1,image09,ch1,142,15.1124,10031.9775,231206_U2OS_gapdh_tnpo1_image09_ch1,51
231206,U2OS,gapdh,tnpo1,image09,ch1,143,15.2196,10177.8525,231206_U2OS_gapdh_tnpo1_image09_ch1,52
231206,U2OS,gapdh,tnpo1,image09,ch1,144,15.3267,10187.7705,231206_U2OS_gapdh_tnpo1_image09_ch1,53
231206,U2OS,gapdh,tnpo1,image09,ch1,145,15.4339,10129.5762,231206_U2OS_gapdh_tnpo1_image09_ch1,54
231206,U2OS,gapdh,tnpo1,image09,ch1,146,15.5411,10161.6826,231206_U2OS_gapdh_tnpo1_image09_ch1,55
231206,U2OS,gapdh,tnpo1,image09,ch1,147,15.6483,10217.9619,231206_U2OS_gapdh_tnpo1_image09_ch1,56
231206,U2OS,gapdh,tnpo1,image09,ch1,148,15.7555,10277.374,231206_U2OS_gapdh_tnpo1_image09_ch1,57
231206,U2OS,gapdh,tnpo1,image09,ch1,149,15.8626,10289.4805,231206_U2OS_gapdh_tnpo1_image09_ch1,58
231206,U2OS,gapdh,tnpo1,image09,ch1,150,15.9698,10324.9326,231206_U2OS_gapdh_tnpo1_image09_ch1,59
231206,U2OS,gapdh,tnpo1,image09,ch1,151,16.077,10340.1387,231206_U2OS_gapdh_tnpo1_image09_ch1,60
231206,U2OS,gapdh,tnpo1,image09,ch1,152,16.1842,10377.7168,231206_U2OS_gapdh_tnpo1_image09_ch1,61
231206,U2OS,gapdh,tnpo1,image09,ch1,153,16.2914,10455.79,231206_U2OS_gapdh_tnpo1_image09_ch1,62
231206,U2OS,gapdh,tnpo1,image09,ch1,154,16.3985,10537.8154,231206_U2OS_gapdh_tnpo1_image09_ch1,63
231206,U2OS,gapdh,tnpo1,image09,ch1,155,16.5057,10597.8818,231206_U2OS_gapdh_tnpo1_image09_ch1,64
231206,U2OS,gapdh,tnpo1,image09,ch1,156,16.6129,10671.9033,231206_U2OS_gapdh_tnpo1_image09_ch1,65
231206,U2OS,gapdh,tnpo1,image09,ch1,157,16.7201,10740.8672,231206_U2OS_gapdh_tnpo1_image09_ch1,66
231206,U2OS,gapdh,tnpo1,image09,ch1,158,16.8273,10642.4492,231206_U2OS_gapdh_tnpo1_image09_ch1,67
231206,U2OS,gapdh,tnpo1,image09,ch1,159,16.9344,10417.668,231206_U2OS_gapdh_tnpo1_image09_ch1,68
231206,U2OS,gapdh,tnpo1,image09,ch1,160,17.0416,10223.9375,231206_U2OS_gapdh_tnpo1_image09_ch1,69
231206,U2OS,gapdh,tnpo1,image09,ch1,161,17.1488,10096.0254,231206_U2OS_gapdh_tnpo1_image09_ch1,70
231206,U2OS,gapdh,tnpo1,image09,ch1,162,17.256,9966.7188,231206_U2OS_gapdh_tnpo1_image09_ch1,71
231206,U2OS,gapdh,tnpo1,image09,ch1,163,17.3632,9871.5195,231206_U2OS_gapdh_tnpo1_image09_ch1,72
231206,U2OS,gapdh,tnpo1,image09,ch1,164,17.4703,9837.8076,231206_U2OS_gapdh_tnpo1_image09_ch1,73
231206,U2OS,gapdh,tnpo1,image09,ch1,165,17.5775,9758.3477,231206_U2OS_gapdh_tnpo1_image09_ch1,74
231206,U2OS,gapdh,tnpo1,image09,ch1,166,17.6847,9722.0703,231206_U2OS_gapdh_tnpo1_image09_ch1,75
231206,U2OS,gapdh,tnpo1,image09,ch1,167,17.7919,9744.6182,231206_U2OS_gapdh_tnpo1_image09_ch1,76
231206,U2OS,gapdh,tnpo1,image09,ch1,168,17.8991,9756.8711,231206_U2OS_gapdh_tnpo1_image09_ch1,77
231206,U2OS,gapdh,tnpo1,image09,ch1,169,18.0062,9692.374,231206_U2OS_gapdh_tnpo1_image09_ch1,78
231206,U2OS,gapdh,tnpo1,image09,ch1,170,18.1134,9498.5332,231206_U2OS_gapdh_tnpo1_image09_ch1,79
231206,U2OS,gapdh,tnpo1,image09,ch1,171,18.2206,9320.0439,231206_U2OS_gapdh_tnpo1_image09_ch1,80
231206,U2OS,gapdh,tnpo1,image09,ch1,172,18.3278,9183.917,231206_U2OS_gapdh_tnpo1_image09_ch1,81
231206,U2OS,gapdh,tnpo1,image09,ch1,173,18.435,9053.332,231206_U2OS_gapdh_tnpo1_image09_ch1,82
231206,U2OS,gapdh,tnpo1,image09,ch1,174,18.5421,8926.6582,231206_U2OS_gapdh_tnpo1_image09_ch1,83
231206,U2OS,gapdh,tnpo1,image09,ch1,175,18.6493,8818.7637,231206_U2OS_gapdh_tnpo1_image09_ch1,84
231206,U2OS,gapdh,tnpo1,image09,ch1,176,18.7565,8713.6914,231206_U2OS_gapdh_tnpo1_image09_ch1,85
231206,U2OS,gapdh,tnpo1,image09,ch1,177,18.8637,8616.0605,231206_U2OS_gapdh_tnpo1_image09_ch1,86
231206,U2OS,gapdh,tnpo1,image09,ch1,178,18.9709,8515.9082,231206_U2OS_gapdh_tnpo1_image09_ch1,87
231206,U2OS,gapdh,tnpo1,image09,ch1,179,19.078,8355.8164,231206_U2OS_gapdh_tnpo1_image09_ch1,88
231206,U2OS,gapdh,tnpo1,image09,ch1,180,19.1852,8200.0303,231206_U2OS_gapdh_tnpo1_image09_ch1,89
231206,U2OS,gapdh,tnpo1,image09,ch1,181,19.2924,8150.5522,231206_U2OS_gapdh_tnpo1_image09_ch1,90
231206,U2OS,gapdh,tnpo1,image09,ch2,1,0,13049.0234,231206_U2OS_gapdh_tnpo1_image09_ch2,-90
231206,U2OS,gapdh,tnpo1,image09,ch2,2,0.1072,12972.6494,231206_U2OS_gapdh_tnpo1_image09_ch2,-89
231206,U2OS,gapdh,tnpo1,image09,ch2,3,0.2144,12917.4463,231206_U2OS_gapdh_tnpo1_image09_ch2,-88
231206,U2OS,gapdh,tnpo1,image09,ch2,4,0.3215,12923.5137,231206_U2OS_gapdh_tnpo1_image09_ch2,-87
231206,U2OS,gapdh,tnpo1,image09,ch2,5,0.4287,12968.9609,231206_U2OS_gapdh_tnpo1_image09_ch2,-86
231206,U2OS,gapdh,tnpo1,image09,ch2,6,0.5359,13037.5449,231206_U2OS_gapdh_tnpo1_image09_ch2,-85
231206,U2OS,gapdh,tnpo1,image09,ch2,7,0.6431,13092.4834,231206_U2OS_gapdh_tnpo1_image09_ch2,-84
231206,U2OS,gapdh,tnpo1,image09,ch2,8,0.7503,13105.7393,231206_U2OS_gapdh_tnpo1_image09_ch2,-83
231206,U2OS,gapdh,tnpo1,image09,ch2,9,0.8574,13075.7129,231206_U2OS_gapdh_tnpo1_image09_ch2,-82
231206,U2OS,gapdh,tnpo1,image09,ch2,10,0.9646,13051.0342,231206_U2OS_gapdh_tnpo1_image09_ch2,-81
231206,U2OS,gapdh,tnpo1,image09,ch2,11,1.0718,13012.9102,231206_U2OS_gapdh_tnpo1_image09_ch2,-80
231206,U2OS,gapdh,tnpo1,image09,ch2,12,1.179,13022.4648,231206_U2OS_gapdh_tnpo1_image09_ch2,-79
231206,U2OS,gapdh,tnpo1,image09,ch2,13,1.2862,13100.9092,231206_U2OS_gapdh_tnpo1_image09_ch2,-78
231206,U2OS,gapdh,tnpo1,image09,ch2,14,1.3933,13222.3955,231206_U2OS_gapdh_tnpo1_image09_ch2,-77
231206,U2OS,gapdh,tnpo1,image09,ch2,15,1.5005,13314.3633,231206_U2OS_gapdh_tnpo1_image09_ch2,-76
231206,U2OS,gapdh,tnpo1,image09,ch2,16,1.6077,13392.8613,231206_U2OS_gapdh_tnpo1_image09_ch2,-75
231206,U2OS,gapdh,tnpo1,image09,ch2,17,1.7149,13426.6895,231206_U2OS_gapdh_tnpo1_image09_ch2,-74
231206,U2OS,gapdh,tnpo1,image09,ch2,18,1.8221,13457.1914,231206_U2OS_gapdh_tnpo1_image09_ch2,-73
231206,U2OS,gapdh,tnpo1,image09,ch2,19,1.9292,13463.7549,231206_U2OS_gapdh_tnpo1_image09_ch2,-72
231206,U2OS,gapdh,tnpo1,image09,ch2,20,2.0364,13506.5107,231206_U2OS_gapdh_tnpo1_image09_ch2,-71
231206,U2OS,gapdh,tnpo1,image09,ch2,21,2.1436,13523.6387,231206_U2OS_gapdh_tnpo1_image09_ch2,-70
231206,U2OS,gapdh,tnpo1,image09,ch2,22,2.2508,13556.1992,231206_U2OS_gapdh_tnpo1_image09_ch2,-69
231206,U2OS,gapdh,tnpo1,image09,ch2,23,2.358,13529.3643,231206_U2OS_gapdh_tnpo1_image09_ch2,-68
231206,U2OS,gapdh,tnpo1,image09,ch2,24,2.4651,13491.6748,231206_U2OS_gapdh_tnpo1_image09_ch2,-67
231206,U2OS,gapdh,tnpo1,image09,ch2,25,2.5723,13448.5596,231206_U2OS_gapdh_tnpo1_image09_ch2,-66
231206,U2OS,gapdh,tnpo1,image09,ch2,26,2.6795,13435.7842,231206_U2OS_gapdh_tnpo1_image09_ch2,-65
231206,U2OS,gapdh,tnpo1,image09,ch2,27,2.7867,13454.875,231206_U2OS_gapdh_tnpo1_image09_ch2,-64
231206,U2OS,gapdh,tnpo1,image09,ch2,28,2.8939,13508.4873,231206_U2OS_gapdh_tnpo1_image09_ch2,-63
231206,U2OS,gapdh,tnpo1,image09,ch2,29,3.001,13629.8018,231206_U2OS_gapdh_tnpo1_image09_ch2,-62
231206,U2OS,gapdh,tnpo1,image09,ch2,30,3.1082,13752.6611,231206_U2OS_gapdh_tnpo1_image09_ch2,-61
231206,U2OS,gapdh,tnpo1,image09,ch2,31,3.2154,13844.7861,231206_U2OS_gapdh_tnpo1_image09_ch2,-60
231206,U2OS,gapdh,tnpo1,image09,ch2,32,3.3226,13825.3818,231206_U2OS_gapdh_tnpo1_image09_ch2,-59
231206,U2OS,gapdh,tnpo1,image09,ch2,33,3.4298,13709.8389,231206_U2OS_gapdh_tnpo1_image09_ch2,-58
231206,U2OS,gapdh,tnpo1,image09,ch2,34,3.5369,13528.1719,231206_U2OS_gapdh_tnpo1_image09_ch2,-57
231206,U2OS,gapdh,tnpo1,image09,ch2,35,3.6441,13338.8516,231206_U2OS_gapdh_tnpo1_image09_ch2,-56
231206,U2OS,gapdh,tnpo1,image09,ch2,36,3.7513,13224.0273,231206_U2OS_gapdh_tnpo1_image09_ch2,-55
231206,U2OS,gapdh,tnpo1,image09,ch2,37,3.8585,13223.7285,231206_U2OS_gapdh_tnpo1_image09_ch2,-54
231206,U2OS,gapdh,tnpo1,image09,ch2,38,3.9657,13280.3076,231206_U2OS_gapdh_tnpo1_image09_ch2,-53
231206,U2OS,gapdh,tnpo1,image09,ch2,39,4.0728,13442.3672,231206_U2OS_gapdh_tnpo1_image09_ch2,-52
231206,U2OS,gapdh,tnpo1,image09,ch2,40,4.18,13619.25,231206_U2OS_gapdh_tnpo1_image09_ch2,-51
231206,U2OS,gapdh,tnpo1,image09,ch2,41,4.2872,13764.1328,231206_U2OS_gapdh_tnpo1_image09_ch2,-50
231206,U2OS,gapdh,tnpo1,image09,ch2,42,4.3944,13863.2998,231206_U2OS_gapdh_tnpo1_image09_ch2,-49
231206,U2OS,gapdh,tnpo1,image09,ch2,43,4.5016,13902.9346,231206_U2OS_gapdh_tnpo1_image09_ch2,-48
231206,U2OS,gapdh,tnpo1,image09,ch2,44,4.6087,13881.625,231206_U2OS_gapdh_tnpo1_image09_ch2,-47
231206,U2OS,gapdh,tnpo1,image09,ch2,45,4.7159,13872.5195,231206_U2OS_gapdh_tnpo1_image09_ch2,-46
231206,U2OS,gapdh,tnpo1,image09,ch2,46,4.8231,13914.3496,231206_U2OS_gapdh_tnpo1_image09_ch2,-45
231206,U2OS,gapdh,tnpo1,image09,ch2,47,4.9303,13956.8018,231206_U2OS_gapdh_tnpo1_image09_ch2,-44
231206,U2OS,gapdh,tnpo1,image09,ch2,48,5.0375,14059.124,231206_U2OS_gapdh_tnpo1_image09_ch2,-43
231206,U2OS,gapdh,tnpo1,image09,ch2,49,5.1446,14167.0498,231206_U2OS_gapdh_tnpo1_image09_ch2,-42
231206,U2OS,gapdh,tnpo1,image09,ch2,50,5.2518,14245.5498,231206_U2OS_gapdh_tnpo1_image09_ch2,-41
231206,U2OS,gapdh,tnpo1,image09,ch2,51,5.359,14388.8779,231206_U2OS_gapdh_tnpo1_image09_ch2,-40
231206,U2OS,gapdh,tnpo1,image09,ch2,52,5.4662,14520.1875,231206_U2OS_gapdh_tnpo1_image09_ch2,-39
231206,U2OS,gapdh,tnpo1,image09,ch2,53,5.5734,14680.3623,231206_U2OS_gapdh_tnpo1_image09_ch2,-38
231206,U2OS,gapdh,tnpo1,image09,ch2,54,5.6805,14855.8447,231206_U2OS_gapdh_tnpo1_image09_ch2,-37
231206,U2OS,gapdh,tnpo1,image09,ch2,55,5.7877,15118.9668,231206_U2OS_gapdh_tnpo1_image09_ch2,-36
231206,U2OS,gapdh,tnpo1,image09,ch2,56,5.8949,15541.1162,231206_U2OS_gapdh_tnpo1_image09_ch2,-35
231206,U2OS,gapdh,tnpo1,image09,ch2,57,6.0021,15972.6348,231206_U2OS_gapdh_tnpo1_image09_ch2,-34
231206,U2OS,gapdh,tnpo1,image09,ch2,58,6.1093,16361.6465,231206_U2OS_gapdh_tnpo1_image09_ch2,-33
231206,U2OS,gapdh,tnpo1,image09,ch2,59,6.2164,16609.5996,231206_U2OS_gapdh_tnpo1_image09_ch2,-32
231206,U2OS,gapdh,tnpo1,image09,ch2,60,6.3236,16651.4785,231206_U2OS_gapdh_tnpo1_image09_ch2,-31
231206,U2OS,gapdh,tnpo1,image09,ch2,61,6.4308,16533.3398,231206_U2OS_gapdh_tnpo1_image09_ch2,-30
231206,U2OS,gapdh,tnpo1,image09,ch2,62,6.538,16391.502,231206_U2OS_gapdh_tnpo1_image09_ch2,-29
231206,U2OS,gapdh,tnpo1,image09,ch2,63,6.6452,16326.7412,231206_U2OS_gapdh_tnpo1_image09_ch2,-28
231206,U2OS,gapdh,tnpo1,image09,ch2,64,6.7523,16308.0654,231206_U2OS_gapdh_tnpo1_image09_ch2,-27
231206,U2OS,gapdh,tnpo1,image09,ch2,65,6.8595,16339.96,231206_U2OS_gapdh_tnpo1_image09_ch2,-26
231206,U2OS,gapdh,tnpo1,image09,ch2,66,6.9667,16417.5781,231206_U2OS_gapdh_tnpo1_image09_ch2,-25
231206,U2OS,gapdh,tnpo1,image09,ch2,67,7.0739,16510.709,231206_U2OS_gapdh_tnpo1_image09_ch2,-24
231206,U2OS,gapdh,tnpo1,image09,ch2,68,7.1811,16579.6816,231206_U2OS_gapdh_tnpo1_image09_ch2,-23
231206,U2OS,gapdh,tnpo1,image09,ch2,69,7.2882,16549.877,231206_U2OS_gapdh_tnpo1_image09_ch2,-22
231206,U2OS,gapdh,tnpo1,image09,ch2,70,7.3954,16515.9297,231206_U2OS_gapdh_tnpo1_image09_ch2,-21
231206,U2OS,gapdh,tnpo1,image09,ch2,71,7.5026,16481.6523,231206_U2OS_gapdh_tnpo1_image09_ch2,-20
231206,U2OS,gapdh,tnpo1,image09,ch2,72,7.6098,16480.5879,231206_U2OS_gapdh_tnpo1_image09_ch2,-19
231206,U2OS,gapdh,tnpo1,image09,ch2,73,7.717,16552.707,231206_U2OS_gapdh_tnpo1_image09_ch2,-18
231206,U2OS,gapdh,tnpo1,image09,ch2,74,7.8241,16718.6504,231206_U2OS_gapdh_tnpo1_image09_ch2,-17
231206,U2OS,gapdh,tnpo1,image09,ch2,75,7.9313,16991.1836,231206_U2OS_gapdh_tnpo1_image09_ch2,-16
231206,U2OS,gapdh,tnpo1,image09,ch2,76,8.0385,17354.7363,231206_U2OS_gapdh_tnpo1_image09_ch2,-15
231206,U2OS,gapdh,tnpo1,image09,ch2,77,8.1457,17809.6777,231206_U2OS_gapdh_tnpo1_image09_ch2,-14
231206,U2OS,gapdh,tnpo1,image09,ch2,78,8.2529,18205.207,231206_U2OS_gapdh_tnpo1_image09_ch2,-13
231206,U2OS,gapdh,tnpo1,image09,ch2,79,8.36,18548.5,231206_U2OS_gapdh_tnpo1_image09_ch2,-12
231206,U2OS,gapdh,tnpo1,image09,ch2,80,8.4672,18706.8633,231206_U2OS_gapdh_tnpo1_image09_ch2,-11
231206,U2OS,gapdh,tnpo1,image09,ch2,81,8.5744,18636.1934,231206_U2OS_gapdh_tnpo1_image09_ch2,-10
231206,U2OS,gapdh,tnpo1,image09,ch2,82,8.6816,18289.9512,231206_U2OS_gapdh_tnpo1_image09_ch2,-9
231206,U2OS,gapdh,tnpo1,image09,ch2,83,8.7888,17875.7676,231206_U2OS_gapdh_tnpo1_image09_ch2,-8
231206,U2OS,gapdh,tnpo1,image09,ch2,84,8.8959,17470.9414,231206_U2OS_gapdh_tnpo1_image09_ch2,-7
231206,U2OS,gapdh,tnpo1,image09,ch2,85,9.0031,17179.7695,231206_U2OS_gapdh_tnpo1_image09_ch2,-6
231206,U2OS,gapdh,tnpo1,image09,ch2,86,9.1103,16998.6191,231206_U2OS_gapdh_tnpo1_image09_ch2,-5
231206,U2OS,gapdh,tnpo1,image09,ch2,87,9.2175,16932.877,231206_U2OS_gapdh_tnpo1_image09_ch2,-4
231206,U2OS,gapdh,tnpo1,image09,ch2,88,9.3247,16941.0723,231206_U2OS_gapdh_tnpo1_image09_ch2,-3
231206,U2OS,gapdh,tnpo1,image09,ch2,89,9.4318,16980.707,231206_U2OS_gapdh_tnpo1_image09_ch2,-2
231206,U2OS,gapdh,tnpo1,image09,ch2,90,9.539,17027.2832,231206_U2OS_gapdh_tnpo1_image09_ch2,-1
231206,U2OS,gapdh,tnpo1,image09,ch2,91,9.6462,17021.4551,231206_U2OS_gapdh_tnpo1_image09_ch2,0
231206,U2OS,gapdh,tnpo1,image09,ch2,92,9.7534,16935.5195,231206_U2OS_gapdh_tnpo1_image09_ch2,1
231206,U2OS,gapdh,tnpo1,image09,ch2,93,9.8606,16729.8066,231206_U2OS_gapdh_tnpo1_image09_ch2,2
231206,U2OS,gapdh,tnpo1,image09,ch2,94,9.9677,16408.6543,231206_U2OS_gapdh_tnpo1_image09_ch2,3
231206,U2OS,gapdh,tnpo1,image09,ch2,95,10.0749,16117.1768,231206_U2OS_gapdh_tnpo1_image09_ch2,4
231206,U2OS,gapdh,tnpo1,image09,ch2,96,10.1821,15847.6846,231206_U2OS_gapdh_tnpo1_image09_ch2,5
231206,U2OS,gapdh,tnpo1,image09,ch2,97,10.2893,15573.9189,231206_U2OS_gapdh_tnpo1_image09_ch2,6
231206,U2OS,gapdh,tnpo1,image09,ch2,98,10.3965,15318.3086,231206_U2OS_gapdh_tnpo1_image09_ch2,7
231206,U2OS,gapdh,tnpo1,image09,ch2,99,10.5036,15070.0605,231206_U2OS_gapdh_tnpo1_image09_ch2,8
231206,U2OS,gapdh,tnpo1,image09,ch2,100,10.6108,14904.3516,231206_U2OS_gapdh_tnpo1_image09_ch2,9
231206,U2OS,gapdh,tnpo1,image09,ch2,101,10.718,14801.2715,231206_U2OS_gapdh_tnpo1_image09_ch2,10
231206,U2OS,gapdh,tnpo1,image09,ch2,102,10.8252,14705.7217,231206_U2OS_gapdh_tnpo1_image09_ch2,11
231206,U2OS,gapdh,tnpo1,image09,ch2,103,10.9324,14610.8037,231206_U2OS_gapdh_tnpo1_image09_ch2,12
231206,U2OS,gapdh,tnpo1,image09,ch2,104,11.0395,14510.9307,231206_U2OS_gapdh_tnpo1_image09_ch2,13
231206,U2OS,gapdh,tnpo1,image09,ch2,105,11.1467,14480.2246,231206_U2OS_gapdh_tnpo1_image09_ch2,14
231206,U2OS,gapdh,tnpo1,image09,ch2,106,11.2539,14524.7148,231206_U2OS_gapdh_tnpo1_image09_ch2,15
231206,U2OS,gapdh,tnpo1,image09,ch2,107,11.3611,14651.9863,231206_U2OS_gapdh_tnpo1_image09_ch2,16
231206,U2OS,gapdh,tnpo1,image09,ch2,108,11.4683,14817.6738,231206_U2OS_gapdh_tnpo1_image09_ch2,17
231206,U2OS,gapdh,tnpo1,image09,ch2,109,11.5754,14951.8184,231206_U2OS_gapdh_tnpo1_image09_ch2,18
231206,U2OS,gapdh,tnpo1,image09,ch2,110,11.6826,15036.5312,231206_U2OS_gapdh_tnpo1_image09_ch2,19
231206,U2OS,gapdh,tnpo1,image09,ch2,111,11.7898,15095.3311,231206_U2OS_gapdh_tnpo1_image09_ch2,20
231206,U2OS,gapdh,tnpo1,image09,ch2,112,11.897,15181.1641,231206_U2OS_gapdh_tnpo1_image09_ch2,21
231206,U2OS,gapdh,tnpo1,image09,ch2,113,12.0042,15204.0957,231206_U2OS_gapdh_tnpo1_image09_ch2,22
231206,U2OS,gapdh,tnpo1,image09,ch2,114,12.1113,15110.2207,231206_U2OS_gapdh_tnpo1_image09_ch2,23
231206,U2OS,gapdh,tnpo1,image09,ch2,115,12.2185,14859.2734,231206_U2OS_gapdh_tnpo1_image09_ch2,24
231206,U2OS,gapdh,tnpo1,image09,ch2,116,12.3257,14492.0684,231206_U2OS_gapdh_tnpo1_image09_ch2,25
231206,U2OS,gapdh,tnpo1,image09,ch2,117,12.4329,14144.2158,231206_U2OS_gapdh_tnpo1_image09_ch2,26
231206,U2OS,gapdh,tnpo1,image09,ch2,118,12.5401,13870.6143,231206_U2OS_gapdh_tnpo1_image09_ch2,27
231206,U2OS,gapdh,tnpo1,image09,ch2,119,12.6472,13669.5889,231206_U2OS_gapdh_tnpo1_image09_ch2,28
231206,U2OS,gapdh,tnpo1,image09,ch2,120,12.7544,13551.9561,231206_U2OS_gapdh_tnpo1_image09_ch2,29
231206,U2OS,gapdh,tnpo1,image09,ch2,121,12.8616,13519.6416,231206_U2OS_gapdh_tnpo1_image09_ch2,30
231206,U2OS,gapdh,tnpo1,image09,ch2,122,12.9688,13525.7676,231206_U2OS_gapdh_tnpo1_image09_ch2,31
231206,U2OS,gapdh,tnpo1,image09,ch2,123,13.076,13457.8604,231206_U2OS_gapdh_tnpo1_image09_ch2,32
231206,U2OS,gapdh,tnpo1,image09,ch2,124,13.1831,13298.4775,231206_U2OS_gapdh_tnpo1_image09_ch2,33
231206,U2OS,gapdh,tnpo1,image09,ch2,125,13.2903,13087.3809,231206_U2OS_gapdh_tnpo1_image09_ch2,34
231206,U2OS,gapdh,tnpo1,image09,ch2,126,13.3975,12863.75,231206_U2OS_gapdh_tnpo1_image09_ch2,35
231206,U2OS,gapdh,tnpo1,image09,ch2,127,13.5047,12661.1777,231206_U2OS_gapdh_tnpo1_image09_ch2,36
231206,U2OS,gapdh,tnpo1,image09,ch2,128,13.6119,12527.5723,231206_U2OS_gapdh_tnpo1_image09_ch2,37
231206,U2OS,gapdh,tnpo1,image09,ch2,129,13.719,12435.248,231206_U2OS_gapdh_tnpo1_image09_ch2,38
231206,U2OS,gapdh,tnpo1,image09,ch2,130,13.8262,12370.6689,231206_U2OS_gapdh_tnpo1_image09_ch2,39
231206,U2OS,gapdh,tnpo1,image09,ch2,131,13.9334,12331.9629,231206_U2OS_gapdh_tnpo1_image09_ch2,40
231206,U2OS,gapdh,tnpo1,image09,ch2,132,14.0406,12359.2588,231206_U2OS_gapdh_tnpo1_image09_ch2,41
231206,U2OS,gapdh,tnpo1,image09,ch2,133,14.1478,12367.6465,231206_U2OS_gapdh_tnpo1_image09_ch2,42
231206,U2OS,gapdh,tnpo1,image09,ch2,134,14.2549,12378.0039,231206_U2OS_gapdh_tnpo1_image09_ch2,43
231206,U2OS,gapdh,tnpo1,image09,ch2,135,14.3621,12462.3135,231206_U2OS_gapdh_tnpo1_image09_ch2,44
231206,U2OS,gapdh,tnpo1,image09,ch2,136,14.4693,12583.252,231206_U2OS_gapdh_tnpo1_image09_ch2,45
231206,U2OS,gapdh,tnpo1,image09,ch2,137,14.5765,12740.6094,231206_U2OS_gapdh_tnpo1_image09_ch2,46
231206,U2OS,gapdh,tnpo1,image09,ch2,138,14.6837,12962.7793,231206_U2OS_gapdh_tnpo1_image09_ch2,47
231206,U2OS,gapdh,tnpo1,image09,ch2,139,14.7908,13185.8965,231206_U2OS_gapdh_tnpo1_image09_ch2,48
231206,U2OS,gapdh,tnpo1,image09,ch2,140,14.898,13340.5332,231206_U2OS_gapdh_tnpo1_image09_ch2,49
231206,U2OS,gapdh,tnpo1,image09,ch2,141,15.0052,13505.1436,231206_U2OS_gapdh_tnpo1_image09_ch2,50
231206,U2OS,gapdh,tnpo1,image09,ch2,142,15.1124,13554.3545,231206_U2OS_gapdh_tnpo1_image09_ch2,51
231206,U2OS,gapdh,tnpo1,image09,ch2,143,15.2196,13482.0781,231206_U2OS_gapdh_tnpo1_image09_ch2,52
231206,U2OS,gapdh,tnpo1,image09,ch2,144,15.3267,13308.8418,231206_U2OS_gapdh_tnpo1_image09_ch2,53
231206,U2OS,gapdh,tnpo1,image09,ch2,145,15.4339,13118.5303,231206_U2OS_gapdh_tnpo1_image09_ch2,54
231206,U2OS,gapdh,tnpo1,image09,ch2,146,15.5411,12951.9932,231206_U2OS_gapdh_tnpo1_image09_ch2,55
231206,U2OS,gapdh,tnpo1,image09,ch2,147,15.6483,12762.9102,231206_U2OS_gapdh_tnpo1_image09_ch2,56
231206,U2OS,gapdh,tnpo1,image09,ch2,148,15.7555,12599.9619,231206_U2OS_gapdh_tnpo1_image09_ch2,57
231206,U2OS,gapdh,tnpo1,image09,ch2,149,15.8626,12428.2676,231206_U2OS_gapdh_tnpo1_image09_ch2,58
231206,U2OS,gapdh,tnpo1,image09,ch2,150,15.9698,12286.0469,231206_U2OS_gapdh_tnpo1_image09_ch2,59
231206,U2OS,gapdh,tnpo1,image09,ch2,151,16.077,12200.1641,231206_U2OS_gapdh_tnpo1_image09_ch2,60
231206,U2OS,gapdh,tnpo1,image09,ch2,152,16.1842,12153.749,231206_U2OS_gapdh_tnpo1_image09_ch2,61
231206,U2OS,gapdh,tnpo1,image09,ch2,153,16.2914,12083.4551,231206_U2OS_gapdh_tnpo1_image09_ch2,62
231206,U2OS,gapdh,tnpo1,image09,ch2,154,16.3985,11972.2441,231206_U2OS_gapdh_tnpo1_image09_ch2,63
231206,U2OS,gapdh,tnpo1,image09,ch2,155,16.5057,11828.499,231206_U2OS_gapdh_tnpo1_image09_ch2,64
231206,U2OS,gapdh,tnpo1,image09,ch2,156,16.6129,11663.8232,231206_U2OS_gapdh_tnpo1_image09_ch2,65
231206,U2OS,gapdh,tnpo1,image09,ch2,157,16.7201,11482.8125,231206_U2OS_gapdh_tnpo1_image09_ch2,66
231206,U2OS,gapdh,tnpo1,image09,ch2,158,16.8273,11341.6924,231206_U2OS_gapdh_tnpo1_image09_ch2,67
231206,U2OS,gapdh,tnpo1,image09,ch2,159,16.9344,11304.2773,231206_U2OS_gapdh_tnpo1_image09_ch2,68
231206,U2OS,gapdh,tnpo1,image09,ch2,160,17.0416,11389.7227,231206_U2OS_gapdh_tnpo1_image09_ch2,69
231206,U2OS,gapdh,tnpo1,image09,ch2,161,17.1488,11546.1123,231206_U2OS_gapdh_tnpo1_image09_ch2,70
231206,U2OS,gapdh,tnpo1,image09,ch2,162,17.256,11647.4697,231206_U2OS_gapdh_tnpo1_image09_ch2,71
231206,U2OS,gapdh,tnpo1,image09,ch2,163,17.3632,11597.042,231206_U2OS_gapdh_tnpo1_image09_ch2,72
231206,U2OS,gapdh,tnpo1,image09,ch2,164,17.4703,11464.6367,231206_U2OS_gapdh_tnpo1_image09_ch2,73
231206,U2OS,gapdh,tnpo1,image09,ch2,165,17.5775,11294.9307,231206_U2OS_gapdh_tnpo1_image09_ch2,74
231206,U2OS,gapdh,tnpo1,image09,ch2,166,17.6847,11152.7363,231206_U2OS_gapdh_tnpo1_image09_ch2,75
231206,U2OS,gapdh,tnpo1,image09,ch2,167,17.7919,11058.7168,231206_U2OS_gapdh_tnpo1_image09_ch2,76
231206,U2OS,gapdh,tnpo1,image09,ch2,168,17.8991,11023.6709,231206_U2OS_gapdh_tnpo1_image09_ch2,77
231206,U2OS,gapdh,tnpo1,image09,ch2,169,18.0062,10986.3535,231206_U2OS_gapdh_tnpo1_image09_ch2,78
231206,U2OS,gapdh,tnpo1,image09,ch2,170,18.1134,10912.5674,231206_U2OS_gapdh_tnpo1_image09_ch2,79
231206,U2OS,gapdh,tnpo1,image09,ch2,171,18.2206,10808.0605,231206_U2OS_gapdh_tnpo1_image09_ch2,80
231206,U2OS,gapdh,tnpo1,image09,ch2,172,18.3278,10644.6572,231206_U2OS_gapdh_tnpo1_image09_ch2,81
231206,U2OS,gapdh,tnpo1,image09,ch2,173,18.435,10492.2363,231206_U2OS_gapdh_tnpo1_image09_ch2,82
231206,U2OS,gapdh,tnpo1,image09,ch2,174,18.5421,10359.7676,231206_U2OS_gapdh_tnpo1_image09_ch2,83
231206,U2OS,gapdh,tnpo1,image09,ch2,175,18.6493,10248.9814,231206_U2OS_gapdh_tnpo1_image09_ch2,84
231206,U2OS,gapdh,tnpo1,image09,ch2,176,18.7565,10157.8516,231206_U2OS_gapdh_tnpo1_image09_ch2,85
231206,U2OS,gapdh,tnpo1,image09,ch2,177,18.8637,10056.2373,231206_U2OS_gapdh_tnpo1_image09_ch2,86
231206,U2OS,gapdh,tnpo1,image09,ch2,178,18.9709,9940.4688,231206_U2OS_gapdh_tnpo1_image09_ch2,87
231206,U2OS,gapdh,tnpo1,image09,ch2,179,19.078,9857.3242,231206_U2OS_gapdh_tnpo1_image09_ch2,88
231206,U2OS,gapdh,tnpo1,image09,ch2,180,19.1852,9846.2686,231206_U2OS_gapdh_tnpo1_image09_ch2,89
231206,U2OS,gapdh,tnpo1,image09,ch2,181,19.2924,9900.4414,231206_U2OS_gapdh_tnpo1_image09_ch2,90
231206,U2OS,gapdh,tnpo1,image10,ch1,1,0,5653.9307,231206_U2OS_gapdh_tnpo1_image10_ch1,-90
231206,U2OS,gapdh,tnpo1,image10,ch1,2,0.1072,5636.7666,231206_U2OS_gapdh_tnpo1_image10_ch1,-89
231206,U2OS,gapdh,tnpo1,image10,ch1,3,0.2144,5642.7319,231206_U2OS_gapdh_tnpo1_image10_ch1,-88
231206,U2OS,gapdh,tnpo1,image10,ch1,4,0.3215,5687.3774,231206_U2OS_gapdh_tnpo1_image10_ch1,-87
231206,U2OS,gapdh,tnpo1,image10,ch1,5,0.4287,5785.3081,231206_U2OS_gapdh_tnpo1_image10_ch1,-86
231206,U2OS,gapdh,tnpo1,image10,ch1,6,0.5359,5901.1919,231206_U2OS_gapdh_tnpo1_image10_ch1,-85
231206,U2OS,gapdh,tnpo1,image10,ch1,7,0.6431,5995.707,231206_U2OS_gapdh_tnpo1_image10_ch1,-84
231206,U2OS,gapdh,tnpo1,image10,ch1,8,0.7503,6059.0928,231206_U2OS_gapdh_tnpo1_image10_ch1,-83
231206,U2OS,gapdh,tnpo1,image10,ch1,9,0.8574,6085.4082,231206_U2OS_gapdh_tnpo1_image10_ch1,-82
231206,U2OS,gapdh,tnpo1,image10,ch1,10,0.9646,6073.3516,231206_U2OS_gapdh_tnpo1_image10_ch1,-81
231206,U2OS,gapdh,tnpo1,image10,ch1,11,1.0718,5969.0093,231206_U2OS_gapdh_tnpo1_image10_ch1,-80
231206,U2OS,gapdh,tnpo1,image10,ch1,12,1.179,5826.6714,231206_U2OS_gapdh_tnpo1_image10_ch1,-79
231206,U2OS,gapdh,tnpo1,image10,ch1,13,1.2862,5711.7002,231206_U2OS_gapdh_tnpo1_image10_ch1,-78
231206,U2OS,gapdh,tnpo1,image10,ch1,14,1.3933,5674.4736,231206_U2OS_gapdh_tnpo1_image10_ch1,-77
231206,U2OS,gapdh,tnpo1,image10,ch1,15,1.5005,5684.9653,231206_U2OS_gapdh_tnpo1_image10_ch1,-76
231206,U2OS,gapdh,tnpo1,image10,ch1,16,1.6077,5679.9429,231206_U2OS_gapdh_tnpo1_image10_ch1,-75
231206,U2OS,gapdh,tnpo1,image10,ch1,17,1.7149,5685.8057,231206_U2OS_gapdh_tnpo1_image10_ch1,-74
231206,U2OS,gapdh,tnpo1,image10,ch1,18,1.8221,5682.9429,231206_U2OS_gapdh_tnpo1_image10_ch1,-73
231206,U2OS,gapdh,tnpo1,image10,ch1,19,1.9292,5657.5884,231206_U2OS_gapdh_tnpo1_image10_ch1,-72
231206,U2OS,gapdh,tnpo1,image10,ch1,20,2.0364,5657.7861,231206_U2OS_gapdh_tnpo1_image10_ch1,-71
231206,U2OS,gapdh,tnpo1,image10,ch1,21,2.1436,5698.7939,231206_U2OS_gapdh_tnpo1_image10_ch1,-70
231206,U2OS,gapdh,tnpo1,image10,ch1,22,2.2508,5779.3301,231206_U2OS_gapdh_tnpo1_image10_ch1,-69
231206,U2OS,gapdh,tnpo1,image10,ch1,23,2.358,5859.8857,231206_U2OS_gapdh_tnpo1_image10_ch1,-68
231206,U2OS,gapdh,tnpo1,image10,ch1,24,2.4651,5908.0752,231206_U2OS_gapdh_tnpo1_image10_ch1,-67
231206,U2OS,gapdh,tnpo1,image10,ch1,25,2.5723,5902.3857,231206_U2OS_gapdh_tnpo1_image10_ch1,-66
231206,U2OS,gapdh,tnpo1,image10,ch1,26,2.6795,5899.7466,231206_U2OS_gapdh_tnpo1_image10_ch1,-65
231206,U2OS,gapdh,tnpo1,image10,ch1,27,2.7867,5892.2339,231206_U2OS_gapdh_tnpo1_image10_ch1,-64
231206,U2OS,gapdh,tnpo1,image10,ch1,28,2.8939,5909.7861,231206_U2OS_gapdh_tnpo1_image10_ch1,-63
231206,U2OS,gapdh,tnpo1,image10,ch1,29,3.001,5948.9302,231206_U2OS_gapdh_tnpo1_image10_ch1,-62
231206,U2OS,gapdh,tnpo1,image10,ch1,30,3.1082,5962.2671,231206_U2OS_gapdh_tnpo1_image10_ch1,-61
231206,U2OS,gapdh,tnpo1,image10,ch1,31,3.2154,5935.7529,231206_U2OS_gapdh_tnpo1_image10_ch1,-60
231206,U2OS,gapdh,tnpo1,image10,ch1,32,3.3226,5881.709,231206_U2OS_gapdh_tnpo1_image10_ch1,-59
231206,U2OS,gapdh,tnpo1,image10,ch1,33,3.4298,5825.4976,231206_U2OS_gapdh_tnpo1_image10_ch1,-58
231206,U2OS,gapdh,tnpo1,image10,ch1,34,3.5369,5780.5806,231206_U2OS_gapdh_tnpo1_image10_ch1,-57
231206,U2OS,gapdh,tnpo1,image10,ch1,35,3.6441,5726.0679,231206_U2OS_gapdh_tnpo1_image10_ch1,-56
231206,U2OS,gapdh,tnpo1,image10,ch1,36,3.7513,5655.9248,231206_U2OS_gapdh_tnpo1_image10_ch1,-55
231206,U2OS,gapdh,tnpo1,image10,ch1,37,3.8585,5617.6826,231206_U2OS_gapdh_tnpo1_image10_ch1,-54
231206,U2OS,gapdh,tnpo1,image10,ch1,38,3.9657,5592.5239,231206_U2OS_gapdh_tnpo1_image10_ch1,-53
231206,U2OS,gapdh,tnpo1,image10,ch1,39,4.0728,5591.5615,231206_U2OS_gapdh_tnpo1_image10_ch1,-52
231206,U2OS,gapdh,tnpo1,image10,ch1,40,4.18,5640.1729,231206_U2OS_gapdh_tnpo1_image10_ch1,-51
231206,U2OS,gapdh,tnpo1,image10,ch1,41,4.2872,5699.5898,231206_U2OS_gapdh_tnpo1_image10_ch1,-50
231206,U2OS,gapdh,tnpo1,image10,ch1,42,4.3944,5771.9751,231206_U2OS_gapdh_tnpo1_image10_ch1,-49
231206,U2OS,gapdh,tnpo1,image10,ch1,43,4.5016,5845.5288,231206_U2OS_gapdh_tnpo1_image10_ch1,-48
231206,U2OS,gapdh,tnpo1,image10,ch1,44,4.6087,5898.166,231206_U2OS_gapdh_tnpo1_image10_ch1,-47
231206,U2OS,gapdh,tnpo1,image10,ch1,45,4.7159,5906.4111,231206_U2OS_gapdh_tnpo1_image10_ch1,-46
231206,U2OS,gapdh,tnpo1,image10,ch1,46,4.8231,5897.5049,231206_U2OS_gapdh_tnpo1_image10_ch1,-45
231206,U2OS,gapdh,tnpo1,image10,ch1,47,4.9303,5868.6084,231206_U2OS_gapdh_tnpo1_image10_ch1,-44
231206,U2OS,gapdh,tnpo1,image10,ch1,48,5.0375,5826.0566,231206_U2OS_gapdh_tnpo1_image10_ch1,-43
231206,U2OS,gapdh,tnpo1,image10,ch1,49,5.1446,5770.1245,231206_U2OS_gapdh_tnpo1_image10_ch1,-42
231206,U2OS,gapdh,tnpo1,image10,ch1,50,5.2518,5726.0942,231206_U2OS_gapdh_tnpo1_image10_ch1,-41
231206,U2OS,gapdh,tnpo1,image10,ch1,51,5.359,5682.8687,231206_U2OS_gapdh_tnpo1_image10_ch1,-40
231206,U2OS,gapdh,tnpo1,image10,ch1,52,5.4662,5656.0562,231206_U2OS_gapdh_tnpo1_image10_ch1,-39
231206,U2OS,gapdh,tnpo1,image10,ch1,53,5.5734,5617.7026,231206_U2OS_gapdh_tnpo1_image10_ch1,-38
231206,U2OS,gapdh,tnpo1,image10,ch1,54,5.6805,5564.4727,231206_U2OS_gapdh_tnpo1_image10_ch1,-37
231206,U2OS,gapdh,tnpo1,image10,ch1,55,5.7877,5518.5522,231206_U2OS_gapdh_tnpo1_image10_ch1,-36
231206,U2OS,gapdh,tnpo1,image10,ch1,56,5.8949,5514.4414,231206_U2OS_gapdh_tnpo1_image10_ch1,-35
231206,U2OS,gapdh,tnpo1,image10,ch1,57,6.0021,5519.8677,231206_U2OS_gapdh_tnpo1_image10_ch1,-34
231206,U2OS,gapdh,tnpo1,image10,ch1,58,6.1093,5552.3169,231206_U2OS_gapdh_tnpo1_image10_ch1,-33
231206,U2OS,gapdh,tnpo1,image10,ch1,59,6.2164,5625.7534,231206_U2OS_gapdh_tnpo1_image10_ch1,-32
231206,U2OS,gapdh,tnpo1,image10,ch1,60,6.3236,5701.2046,231206_U2OS_gapdh_tnpo1_image10_ch1,-31
231206,U2OS,gapdh,tnpo1,image10,ch1,61,6.4308,5704.0801,231206_U2OS_gapdh_tnpo1_image10_ch1,-30
231206,U2OS,gapdh,tnpo1,image10,ch1,62,6.538,5625.2529,231206_U2OS_gapdh_tnpo1_image10_ch1,-29
231206,U2OS,gapdh,tnpo1,image10,ch1,63,6.6452,5531.4648,231206_U2OS_gapdh_tnpo1_image10_ch1,-28
231206,U2OS,gapdh,tnpo1,image10,ch1,64,6.7523,5474.98,231206_U2OS_gapdh_tnpo1_image10_ch1,-27
231206,U2OS,gapdh,tnpo1,image10,ch1,65,6.8595,5447.8691,231206_U2OS_gapdh_tnpo1_image10_ch1,-26
231206,U2OS,gapdh,tnpo1,image10,ch1,66,6.9667,5437.0767,231206_U2OS_gapdh_tnpo1_image10_ch1,-25
231206,U2OS,gapdh,tnpo1,image10,ch1,67,7.0739,5420.6924,231206_U2OS_gapdh_tnpo1_image10_ch1,-24
231206,U2OS,gapdh,tnpo1,image10,ch1,68,7.1811,5429.4053,231206_U2OS_gapdh_tnpo1_image10_ch1,-23
231206,U2OS,gapdh,tnpo1,image10,ch1,69,7.2882,5461.5166,231206_U2OS_gapdh_tnpo1_image10_ch1,-22
231206,U2OS,gapdh,tnpo1,image10,ch1,70,7.3954,5527.1172,231206_U2OS_gapdh_tnpo1_image10_ch1,-21
231206,U2OS,gapdh,tnpo1,image10,ch1,71,7.5026,5598.0015,231206_U2OS_gapdh_tnpo1_image10_ch1,-20
231206,U2OS,gapdh,tnpo1,image10,ch1,72,7.6098,5704.2417,231206_U2OS_gapdh_tnpo1_image10_ch1,-19
231206,U2OS,gapdh,tnpo1,image10,ch1,73,7.717,5839.5537,231206_U2OS_gapdh_tnpo1_image10_ch1,-18
231206,U2OS,gapdh,tnpo1,image10,ch1,74,7.8241,5952.6787,231206_U2OS_gapdh_tnpo1_image10_ch1,-17
231206,U2OS,gapdh,tnpo1,image10,ch1,75,7.9313,6012.459,231206_U2OS_gapdh_tnpo1_image10_ch1,-16
231206,U2OS,gapdh,tnpo1,image10,ch1,76,8.0385,6026.4341,231206_U2OS_gapdh_tnpo1_image10_ch1,-15
231206,U2OS,gapdh,tnpo1,image10,ch1,77,8.1457,6025.3457,231206_U2OS_gapdh_tnpo1_image10_ch1,-14
231206,U2OS,gapdh,tnpo1,image10,ch1,78,8.2529,6066.7549,231206_U2OS_gapdh_tnpo1_image10_ch1,-13
231206,U2OS,gapdh,tnpo1,image10,ch1,79,8.36,6111.2603,231206_U2OS_gapdh_tnpo1_image10_ch1,-12
231206,U2OS,gapdh,tnpo1,image10,ch1,80,8.4672,6163.4458,231206_U2OS_gapdh_tnpo1_image10_ch1,-11
231206,U2OS,gapdh,tnpo1,image10,ch1,81,8.5744,6171.0283,231206_U2OS_gapdh_tnpo1_image10_ch1,-10
231206,U2OS,gapdh,tnpo1,image10,ch1,82,8.6816,6158.165,231206_U2OS_gapdh_tnpo1_image10_ch1,-9
231206,U2OS,gapdh,tnpo1,image10,ch1,83,8.7888,6171.5581,231206_U2OS_gapdh_tnpo1_image10_ch1,-8
231206,U2OS,gapdh,tnpo1,image10,ch1,84,8.8959,6234.4331,231206_U2OS_gapdh_tnpo1_image10_ch1,-7
231206,U2OS,gapdh,tnpo1,image10,ch1,85,9.0031,6342.8755,231206_U2OS_gapdh_tnpo1_image10_ch1,-6
231206,U2OS,gapdh,tnpo1,image10,ch1,86,9.1103,6401.0444,231206_U2OS_gapdh_tnpo1_image10_ch1,-5
231206,U2OS,gapdh,tnpo1,image10,ch1,87,9.2175,6396.8579,231206_U2OS_gapdh_tnpo1_image10_ch1,-4
231206,U2OS,gapdh,tnpo1,image10,ch1,88,9.3247,6395.3345,231206_U2OS_gapdh_tnpo1_image10_ch1,-3
231206,U2OS,gapdh,tnpo1,image10,ch1,89,9.4318,6446.6968,231206_U2OS_gapdh_tnpo1_image10_ch1,-2
231206,U2OS,gapdh,tnpo1,image10,ch1,90,9.539,6542.7583,231206_U2OS_gapdh_tnpo1_image10_ch1,-1
231206,U2OS,gapdh,tnpo1,image10,ch1,91,9.6462,6657.8213,231206_U2OS_gapdh_tnpo1_image10_ch1,0
231206,U2OS,gapdh,tnpo1,image10,ch1,92,9.7534,6759.3345,231206_U2OS_gapdh_tnpo1_image10_ch1,1
231206,U2OS,gapdh,tnpo1,image10,ch1,93,9.8606,6789.5684,231206_U2OS_gapdh_tnpo1_image10_ch1,2
231206,U2OS,gapdh,tnpo1,image10,ch1,94,9.9677,6785.3159,231206_U2OS_gapdh_tnpo1_image10_ch1,3
231206,U2OS,gapdh,tnpo1,image10,ch1,95,10.0749,6815.1392,231206_U2OS_gapdh_tnpo1_image10_ch1,4
231206,U2OS,gapdh,tnpo1,image10,ch1,96,10.1821,6941.9341,231206_U2OS_gapdh_tnpo1_image10_ch1,5
231206,U2OS,gapdh,tnpo1,image10,ch1,97,10.2893,7147.8398,231206_U2OS_gapdh_tnpo1_image10_ch1,6
231206,U2OS,gapdh,tnpo1,image10,ch1,98,10.3965,7421.9614,231206_U2OS_gapdh_tnpo1_image10_ch1,7
231206,U2OS,gapdh,tnpo1,image10,ch1,99,10.5036,7772.2173,231206_U2OS_gapdh_tnpo1_image10_ch1,8
231206,U2OS,gapdh,tnpo1,image10,ch1,100,10.6108,8125.8457,231206_U2OS_gapdh_tnpo1_image10_ch1,9
231206,U2OS,gapdh,tnpo1,image10,ch1,101,10.718,8442.3643,231206_U2OS_gapdh_tnpo1_image10_ch1,10
231206,U2OS,gapdh,tnpo1,image10,ch1,102,10.8252,8835.4287,231206_U2OS_gapdh_tnpo1_image10_ch1,11
231206,U2OS,gapdh,tnpo1,image10,ch1,103,10.9324,9298.1006,231206_U2OS_gapdh_tnpo1_image10_ch1,12
231206,U2OS,gapdh,tnpo1,image10,ch1,104,11.0395,9861.5732,231206_U2OS_gapdh_tnpo1_image10_ch1,13
231206,U2OS,gapdh,tnpo1,image10,ch1,105,11.1467,10509.5273,231206_U2OS_gapdh_tnpo1_image10_ch1,14
231206,U2OS,gapdh,tnpo1,image10,ch1,106,11.2539,11297.6123,231206_U2OS_gapdh_tnpo1_image10_ch1,15
231206,U2OS,gapdh,tnpo1,image10,ch1,107,11.3611,12213.709,231206_U2OS_gapdh_tnpo1_image10_ch1,16
231206,U2OS,gapdh,tnpo1,image10,ch1,108,11.4683,13009.6084,231206_U2OS_gapdh_tnpo1_image10_ch1,17
231206,U2OS,gapdh,tnpo1,image10,ch1,109,11.5754,13719.0088,231206_U2OS_gapdh_tnpo1_image10_ch1,18
231206,U2OS,gapdh,tnpo1,image10,ch1,110,11.6826,14231.917,231206_U2OS_gapdh_tnpo1_image10_ch1,19
231206,U2OS,gapdh,tnpo1,image10,ch1,111,11.7898,14523.2539,231206_U2OS_gapdh_tnpo1_image10_ch1,20
231206,U2OS,gapdh,tnpo1,image10,ch1,112,11.897,14549.749,231206_U2OS_gapdh_tnpo1_image10_ch1,21
231206,U2OS,gapdh,tnpo1,image10,ch1,113,12.0042,14449.248,231206_U2OS_gapdh_tnpo1_image10_ch1,22
231206,U2OS,gapdh,tnpo1,image10,ch1,114,12.1113,14391.958,231206_U2OS_gapdh_tnpo1_image10_ch1,23
231206,U2OS,gapdh,tnpo1,image10,ch1,115,12.2185,14552.3545,231206_U2OS_gapdh_tnpo1_image10_ch1,24
231206,U2OS,gapdh,tnpo1,image10,ch1,116,12.3257,14908.1484,231206_U2OS_gapdh_tnpo1_image10_ch1,25
231206,U2OS,gapdh,tnpo1,image10,ch1,117,12.4329,15347.2256,231206_U2OS_gapdh_tnpo1_image10_ch1,26
231206,U2OS,gapdh,tnpo1,image10,ch1,118,12.5401,15805.2793,231206_U2OS_gapdh_tnpo1_image10_ch1,27
231206,U2OS,gapdh,tnpo1,image10,ch1,119,12.6472,16127.3086,231206_U2OS_gapdh_tnpo1_image10_ch1,28
231206,U2OS,gapdh,tnpo1,image10,ch1,120,12.7544,16333.4971,231206_U2OS_gapdh_tnpo1_image10_ch1,29
231206,U2OS,gapdh,tnpo1,image10,ch1,121,12.8616,16545.9883,231206_U2OS_gapdh_tnpo1_image10_ch1,30
231206,U2OS,gapdh,tnpo1,image10,ch1,122,12.9688,16711.3906,231206_U2OS_gapdh_tnpo1_image10_ch1,31
231206,U2OS,gapdh,tnpo1,image10,ch1,123,13.076,16822.8398,231206_U2OS_gapdh_tnpo1_image10_ch1,32
231206,U2OS,gapdh,tnpo1,image10,ch1,124,13.1831,16803.2129,231206_U2OS_gapdh_tnpo1_image10_ch1,33
231206,U2OS,gapdh,tnpo1,image10,ch1,125,13.2903,16736.4395,231206_U2OS_gapdh_tnpo1_image10_ch1,34
231206,U2OS,gapdh,tnpo1,image10,ch1,126,13.3975,16706.6875,231206_U2OS_gapdh_tnpo1_image10_ch1,35
231206,U2OS,gapdh,tnpo1,image10,ch1,127,13.5047,16653.2129,231206_U2OS_gapdh_tnpo1_image10_ch1,36
231206,U2OS,gapdh,tnpo1,image10,ch1,128,13.6119,16534.582,231206_U2OS_gapdh_tnpo1_image10_ch1,37
231206,U2OS,gapdh,tnpo1,image10,ch1,129,13.719,16445.5,231206_U2OS_gapdh_tnpo1_image10_ch1,38
231206,U2OS,gapdh,tnpo1,image10,ch1,130,13.8262,16522.2031,231206_U2OS_gapdh_tnpo1_image10_ch1,39
231206,U2OS,gapdh,tnpo1,image10,ch1,131,13.9334,16533.0273,231206_U2OS_gapdh_tnpo1_image10_ch1,40
231206,U2OS,gapdh,tnpo1,image10,ch1,132,14.0406,16365.584,231206_U2OS_gapdh_tnpo1_image10_ch1,41
231206,U2OS,gapdh,tnpo1,image10,ch1,133,14.1478,16010.7773,231206_U2OS_gapdh_tnpo1_image10_ch1,42
231206,U2OS,gapdh,tnpo1,image10,ch1,134,14.2549,15678.8203,231206_U2OS_gapdh_tnpo1_image10_ch1,43
231206,U2OS,gapdh,tnpo1,image10,ch1,135,14.3621,15416.6191,231206_U2OS_gapdh_tnpo1_image10_ch1,44
231206,U2OS,gapdh,tnpo1,image10,ch1,136,14.4693,15323.0859,231206_U2OS_gapdh_tnpo1_image10_ch1,45
231206,U2OS,gapdh,tnpo1,image10,ch1,137,14.5765,15427.0234,231206_U2OS_gapdh_tnpo1_image10_ch1,46
231206,U2OS,gapdh,tnpo1,image10,ch1,138,14.6837,15510.085,231206_U2OS_gapdh_tnpo1_image10_ch1,47
231206,U2OS,gapdh,tnpo1,image10,ch1,139,14.7908,15573.5107,231206_U2OS_gapdh_tnpo1_image10_ch1,48
231206,U2OS,gapdh,tnpo1,image10,ch1,140,14.898,15502.5195,231206_U2OS_gapdh_tnpo1_image10_ch1,49
231206,U2OS,gapdh,tnpo1,image10,ch1,141,15.0052,15279.6064,231206_U2OS_gapdh_tnpo1_image10_ch1,50
231206,U2OS,gapdh,tnpo1,image10,ch1,142,15.1124,14920.6924,231206_U2OS_gapdh_tnpo1_image10_ch1,51
231206,U2OS,gapdh,tnpo1,image10,ch1,143,15.2196,14426.2139,231206_U2OS_gapdh_tnpo1_image10_ch1,52
231206,U2OS,gapdh,tnpo1,image10,ch1,144,15.3267,13951.0039,231206_U2OS_gapdh_tnpo1_image10_ch1,53
231206,U2OS,gapdh,tnpo1,image10,ch1,145,15.4339,13591.4629,231206_U2OS_gapdh_tnpo1_image10_ch1,54
231206,U2OS,gapdh,tnpo1,image10,ch1,146,15.5411,13268.2178,231206_U2OS_gapdh_tnpo1_image10_ch1,55
231206,U2OS,gapdh,tnpo1,image10,ch1,147,15.6483,12990.4736,231206_U2OS_gapdh_tnpo1_image10_ch1,56
231206,U2OS,gapdh,tnpo1,image10,ch1,148,15.7555,12776.3076,231206_U2OS_gapdh_tnpo1_image10_ch1,57
231206,U2OS,gapdh,tnpo1,image10,ch1,149,15.8626,12621.2021,231206_U2OS_gapdh_tnpo1_image10_ch1,58
231206,U2OS,gapdh,tnpo1,image10,ch1,150,15.9698,12661.2334,231206_U2OS_gapdh_tnpo1_image10_ch1,59
231206,U2OS,gapdh,tnpo1,image10,ch1,151,16.077,12841.0889,231206_U2OS_gapdh_tnpo1_image10_ch1,60
231206,U2OS,gapdh,tnpo1,image10,ch1,152,16.1842,13079.4277,231206_U2OS_gapdh_tnpo1_image10_ch1,61
231206,U2OS,gapdh,tnpo1,image10,ch1,153,16.2914,13229.3057,231206_U2OS_gapdh_tnpo1_image10_ch1,62
231206,U2OS,gapdh,tnpo1,image10,ch1,154,16.3985,13179.6396,231206_U2OS_gapdh_tnpo1_image10_ch1,63
231206,U2OS,gapdh,tnpo1,image10,ch1,155,16.5057,13026.9033,231206_U2OS_gapdh_tnpo1_image10_ch1,64
231206,U2OS,gapdh,tnpo1,image10,ch1,156,16.6129,12855.8652,231206_U2OS_gapdh_tnpo1_image10_ch1,65
231206,U2OS,gapdh,tnpo1,image10,ch1,157,16.7201,12660.0732,231206_U2OS_gapdh_tnpo1_image10_ch1,66
231206,U2OS,gapdh,tnpo1,image10,ch1,158,16.8273,12322.3115,231206_U2OS_gapdh_tnpo1_image10_ch1,67
231206,U2OS,gapdh,tnpo1,image10,ch1,159,16.9344,11839.6582,231206_U2OS_gapdh_tnpo1_image10_ch1,68
231206,U2OS,gapdh,tnpo1,image10,ch1,160,17.0416,11306.1436,231206_U2OS_gapdh_tnpo1_image10_ch1,69
231206,U2OS,gapdh,tnpo1,image10,ch1,161,17.1488,10999.082,231206_U2OS_gapdh_tnpo1_image10_ch1,70
231206,U2OS,gapdh,tnpo1,image10,ch1,162,17.256,10942.4717,231206_U2OS_gapdh_tnpo1_image10_ch1,71
231206,U2OS,gapdh,tnpo1,image10,ch1,163,17.3632,11034.3125,231206_U2OS_gapdh_tnpo1_image10_ch1,72
231206,U2OS,gapdh,tnpo1,image10,ch1,164,17.4703,11050.4775,231206_U2OS_gapdh_tnpo1_image10_ch1,73
231206,U2OS,gapdh,tnpo1,image10,ch1,165,17.5775,10965.5547,231206_U2OS_gapdh_tnpo1_image10_ch1,74
231206,U2OS,gapdh,tnpo1,image10,ch1,166,17.6847,10821.0234,231206_U2OS_gapdh_tnpo1_image10_ch1,75
231206,U2OS,gapdh,tnpo1,image10,ch1,167,17.7919,10646.8857,231206_U2OS_gapdh_tnpo1_image10_ch1,76
231206,U2OS,gapdh,tnpo1,image10,ch1,168,17.8991,10657.333,231206_U2OS_gapdh_tnpo1_image10_ch1,77
231206,U2OS,gapdh,tnpo1,image10,ch1,169,18.0062,10747.5586,231206_U2OS_gapdh_tnpo1_image10_ch1,78
231206,U2OS,gapdh,tnpo1,image10,ch1,170,18.1134,10845.4678,231206_U2OS_gapdh_tnpo1_image10_ch1,79
231206,U2OS,gapdh,tnpo1,image10,ch1,171,18.2206,10968.1777,231206_U2OS_gapdh_tnpo1_image10_ch1,80
231206,U2OS,gapdh,tnpo1,image10,ch1,172,18.3278,11079.8242,231206_U2OS_gapdh_tnpo1_image10_ch1,81
231206,U2OS,gapdh,tnpo1,image10,ch1,173,18.435,11043.292,231206_U2OS_gapdh_tnpo1_image10_ch1,82
231206,U2OS,gapdh,tnpo1,image10,ch1,174,18.5421,10859.2861,231206_U2OS_gapdh_tnpo1_image10_ch1,83
231206,U2OS,gapdh,tnpo1,image10,ch1,175,18.6493,10560.874,231206_U2OS_gapdh_tnpo1_image10_ch1,84
231206,U2OS,gapdh,tnpo1,image10,ch1,176,18.7565,10123.5195,231206_U2OS_gapdh_tnpo1_image10_ch1,85
231206,U2OS,gapdh,tnpo1,image10,ch1,177,18.8637,9640.5547,231206_U2OS_gapdh_tnpo1_image10_ch1,86
231206,U2OS,gapdh,tnpo1,image10,ch1,178,18.9709,9150.4502,231206_U2OS_gapdh_tnpo1_image10_ch1,87
231206,U2OS,gapdh,tnpo1,image10,ch1,179,19.078,8688.959,231206_U2OS_gapdh_tnpo1_image10_ch1,88
231206,U2OS,gapdh,tnpo1,image10,ch1,180,19.1852,8254.3096,231206_U2OS_gapdh_tnpo1_image10_ch1,89
231206,U2OS,gapdh,tnpo1,image10,ch1,181,19.2924,7891.7876,231206_U2OS_gapdh_tnpo1_image10_ch1,90
231206,U2OS,gapdh,tnpo1,image10,ch2,1,0,8898.6484,231206_U2OS_gapdh_tnpo1_image10_ch2,-90
231206,U2OS,gapdh,tnpo1,image10,ch2,2,0.1072,8876.4209,231206_U2OS_gapdh_tnpo1_image10_ch2,-89
231206,U2OS,gapdh,tnpo1,image10,ch2,3,0.2144,8837.0811,231206_U2OS_gapdh_tnpo1_image10_ch2,-88
231206,U2OS,gapdh,tnpo1,image10,ch2,4,0.3215,8780.1348,231206_U2OS_gapdh_tnpo1_image10_ch2,-87
231206,U2OS,gapdh,tnpo1,image10,ch2,5,0.4287,8760.4072,231206_U2OS_gapdh_tnpo1_image10_ch2,-86
231206,U2OS,gapdh,tnpo1,image10,ch2,6,0.5359,8785.3252,231206_U2OS_gapdh_tnpo1_image10_ch2,-85
231206,U2OS,gapdh,tnpo1,image10,ch2,7,0.6431,8848.627,231206_U2OS_gapdh_tnpo1_image10_ch2,-84
231206,U2OS,gapdh,tnpo1,image10,ch2,8,0.7503,8844.9854,231206_U2OS_gapdh_tnpo1_image10_ch2,-83
231206,U2OS,gapdh,tnpo1,image10,ch2,9,0.8574,8766.8096,231206_U2OS_gapdh_tnpo1_image10_ch2,-82
231206,U2OS,gapdh,tnpo1,image10,ch2,10,0.9646,8671.2891,231206_U2OS_gapdh_tnpo1_image10_ch2,-81
231206,U2OS,gapdh,tnpo1,image10,ch2,11,1.0718,8572.3135,231206_U2OS_gapdh_tnpo1_image10_ch2,-80
231206,U2OS,gapdh,tnpo1,image10,ch2,12,1.179,8464.7695,231206_U2OS_gapdh_tnpo1_image10_ch2,-79
231206,U2OS,gapdh,tnpo1,image10,ch2,13,1.2862,8391.2666,231206_U2OS_gapdh_tnpo1_image10_ch2,-78
231206,U2OS,gapdh,tnpo1,image10,ch2,14,1.3933,8378.1289,231206_U2OS_gapdh_tnpo1_image10_ch2,-77
231206,U2OS,gapdh,tnpo1,image10,ch2,15,1.5005,8436.6592,231206_U2OS_gapdh_tnpo1_image10_ch2,-76
231206,U2OS,gapdh,tnpo1,image10,ch2,16,1.6077,8523.1816,231206_U2OS_gapdh_tnpo1_image10_ch2,-75
231206,U2OS,gapdh,tnpo1,image10,ch2,17,1.7149,8597.7432,231206_U2OS_gapdh_tnpo1_image10_ch2,-74
231206,U2OS,gapdh,tnpo1,image10,ch2,18,1.8221,8608.1172,231206_U2OS_gapdh_tnpo1_image10_ch2,-73
231206,U2OS,gapdh,tnpo1,image10,ch2,19,1.9292,8525.7109,231206_U2OS_gapdh_tnpo1_image10_ch2,-72
231206,U2OS,gapdh,tnpo1,image10,ch2,20,2.0364,8408.4248,231206_U2OS_gapdh_tnpo1_image10_ch2,-71
231206,U2OS,gapdh,tnpo1,image10,ch2,21,2.1436,8336.3916,231206_U2OS_gapdh_tnpo1_image10_ch2,-70
231206,U2OS,gapdh,tnpo1,image10,ch2,22,2.2508,8306.3193,231206_U2OS_gapdh_tnpo1_image10_ch2,-69
231206,U2OS,gapdh,tnpo1,image10,ch2,23,2.358,8286.5547,231206_U2OS_gapdh_tnpo1_image10_ch2,-68
231206,U2OS,gapdh,tnpo1,image10,ch2,24,2.4651,8272.1582,231206_U2OS_gapdh_tnpo1_image10_ch2,-67
231206,U2OS,gapdh,tnpo1,image10,ch2,25,2.5723,8219.1514,231206_U2OS_gapdh_tnpo1_image10_ch2,-66
231206,U2OS,gapdh,tnpo1,image10,ch2,26,2.6795,8173.8125,231206_U2OS_gapdh_tnpo1_image10_ch2,-65
231206,U2OS,gapdh,tnpo1,image10,ch2,27,2.7867,8178.5952,231206_U2OS_gapdh_tnpo1_image10_ch2,-64
231206,U2OS,gapdh,tnpo1,image10,ch2,28,2.8939,8230.5488,231206_U2OS_gapdh_tnpo1_image10_ch2,-63
231206,U2OS,gapdh,tnpo1,image10,ch2,29,3.001,8298.1553,231206_U2OS_gapdh_tnpo1_image10_ch2,-62
231206,U2OS,gapdh,tnpo1,image10,ch2,30,3.1082,8327.0557,231206_U2OS_gapdh_tnpo1_image10_ch2,-61
231206,U2OS,gapdh,tnpo1,image10,ch2,31,3.2154,8318.2383,231206_U2OS_gapdh_tnpo1_image10_ch2,-60
231206,U2OS,gapdh,tnpo1,image10,ch2,32,3.3226,8316.6475,231206_U2OS_gapdh_tnpo1_image10_ch2,-59
231206,U2OS,gapdh,tnpo1,image10,ch2,33,3.4298,8287.665,231206_U2OS_gapdh_tnpo1_image10_ch2,-58
231206,U2OS,gapdh,tnpo1,image10,ch2,34,3.5369,8283.1846,231206_U2OS_gapdh_tnpo1_image10_ch2,-57
231206,U2OS,gapdh,tnpo1,image10,ch2,35,3.6441,8241.917,231206_U2OS_gapdh_tnpo1_image10_ch2,-56
231206,U2OS,gapdh,tnpo1,image10,ch2,36,3.7513,8204.3926,231206_U2OS_gapdh_tnpo1_image10_ch2,-55
231206,U2OS,gapdh,tnpo1,image10,ch2,37,3.8585,8174.0127,231206_U2OS_gapdh_tnpo1_image10_ch2,-54
231206,U2OS,gapdh,tnpo1,image10,ch2,38,3.9657,8167.9614,231206_U2OS_gapdh_tnpo1_image10_ch2,-53
231206,U2OS,gapdh,tnpo1,image10,ch2,39,4.0728,8123.1221,231206_U2OS_gapdh_tnpo1_image10_ch2,-52
231206,U2OS,gapdh,tnpo1,image10,ch2,40,4.18,8019.5938,231206_U2OS_gapdh_tnpo1_image10_ch2,-51
231206,U2OS,gapdh,tnpo1,image10,ch2,41,4.2872,7886.6318,231206_U2OS_gapdh_tnpo1_image10_ch2,-50
231206,U2OS,gapdh,tnpo1,image10,ch2,42,4.3944,7806.6733,231206_U2OS_gapdh_tnpo1_image10_ch2,-49
231206,U2OS,gapdh,tnpo1,image10,ch2,43,4.5016,7771.854,231206_U2OS_gapdh_tnpo1_image10_ch2,-48
231206,U2OS,gapdh,tnpo1,image10,ch2,44,4.6087,7814.04,231206_U2OS_gapdh_tnpo1_image10_ch2,-47
231206,U2OS,gapdh,tnpo1,image10,ch2,45,4.7159,7848.5171,231206_U2OS_gapdh_tnpo1_image10_ch2,-46
231206,U2OS,gapdh,tnpo1,image10,ch2,46,4.8231,7841.978,231206_U2OS_gapdh_tnpo1_image10_ch2,-45
231206,U2OS,gapdh,tnpo1,image10,ch2,47,4.9303,7786.6714,231206_U2OS_gapdh_tnpo1_image10_ch2,-44
231206,U2OS,gapdh,tnpo1,image10,ch2,48,5.0375,7743.1401,231206_U2OS_gapdh_tnpo1_image10_ch2,-43
231206,U2OS,gapdh,tnpo1,image10,ch2,49,5.1446,7734.2427,231206_U2OS_gapdh_tnpo1_image10_ch2,-42
231206,U2OS,gapdh,tnpo1,image10,ch2,50,5.2518,7730.2871,231206_U2OS_gapdh_tnpo1_image10_ch2,-41
231206,U2OS,gapdh,tnpo1,image10,ch2,51,5.359,7703.23,231206_U2OS_gapdh_tnpo1_image10_ch2,-40
231206,U2OS,gapdh,tnpo1,image10,ch2,52,5.4662,7662.1528,231206_U2OS_gapdh_tnpo1_image10_ch2,-39
231206,U2OS,gapdh,tnpo1,image10,ch2,53,5.5734,7609.6494,231206_U2OS_gapdh_tnpo1_image10_ch2,-38
231206,U2OS,gapdh,tnpo1,image10,ch2,54,5.6805,7567.3066,231206_U2OS_gapdh_tnpo1_image10_ch2,-37
231206,U2OS,gapdh,tnpo1,image10,ch2,55,5.7877,7585.2417,231206_U2OS_gapdh_tnpo1_image10_ch2,-36
231206,U2OS,gapdh,tnpo1,image10,ch2,56,5.8949,7648.5625,231206_U2OS_gapdh_tnpo1_image10_ch2,-35
231206,U2OS,gapdh,tnpo1,image10,ch2,57,6.0021,7783.0083,231206_U2OS_gapdh_tnpo1_image10_ch2,-34
231206,U2OS,gapdh,tnpo1,image10,ch2,58,6.1093,8067.667,231206_U2OS_gapdh_tnpo1_image10_ch2,-33
231206,U2OS,gapdh,tnpo1,image10,ch2,59,6.2164,8378.7061,231206_U2OS_gapdh_tnpo1_image10_ch2,-32
231206,U2OS,gapdh,tnpo1,image10,ch2,60,6.3236,8447.249,231206_U2OS_gapdh_tnpo1_image10_ch2,-31
231206,U2OS,gapdh,tnpo1,image10,ch2,61,6.4308,8270.7451,231206_U2OS_gapdh_tnpo1_image10_ch2,-30
231206,U2OS,gapdh,tnpo1,image10,ch2,62,6.538,8040.9307,231206_U2OS_gapdh_tnpo1_image10_ch2,-29
231206,U2OS,gapdh,tnpo1,image10,ch2,63,6.6452,7925.3242,231206_U2OS_gapdh_tnpo1_image10_ch2,-28
231206,U2OS,gapdh,tnpo1,image10,ch2,64,6.7523,7866.5625,231206_U2OS_gapdh_tnpo1_image10_ch2,-27
231206,U2OS,gapdh,tnpo1,image10,ch2,65,6.8595,7829.9653,231206_U2OS_gapdh_tnpo1_image10_ch2,-26
231206,U2OS,gapdh,tnpo1,image10,ch2,66,6.9667,7760.022,231206_U2OS_gapdh_tnpo1_image10_ch2,-25
231206,U2OS,gapdh,tnpo1,image10,ch2,67,7.0739,7691.3745,231206_U2OS_gapdh_tnpo1_image10_ch2,-24
231206,U2OS,gapdh,tnpo1,image10,ch2,68,7.1811,7666.293,231206_U2OS_gapdh_tnpo1_image10_ch2,-23
231206,U2OS,gapdh,tnpo1,image10,ch2,69,7.2882,7697.4365,231206_U2OS_gapdh_tnpo1_image10_ch2,-22
231206,U2OS,gapdh,tnpo1,image10,ch2,70,7.3954,7767.9419,231206_U2OS_gapdh_tnpo1_image10_ch2,-21
231206,U2OS,gapdh,tnpo1,image10,ch2,71,7.5026,7854.7754,231206_U2OS_gapdh_tnpo1_image10_ch2,-20
231206,U2OS,gapdh,tnpo1,image10,ch2,72,7.6098,7908.3872,231206_U2OS_gapdh_tnpo1_image10_ch2,-19
231206,U2OS,gapdh,tnpo1,image10,ch2,73,7.717,7935.5215,231206_U2OS_gapdh_tnpo1_image10_ch2,-18
231206,U2OS,gapdh,tnpo1,image10,ch2,74,7.8241,7996.0977,231206_U2OS_gapdh_tnpo1_image10_ch2,-17
231206,U2OS,gapdh,tnpo1,image10,ch2,75,7.9313,8064.6587,231206_U2OS_gapdh_tnpo1_image10_ch2,-16
231206,U2OS,gapdh,tnpo1,image10,ch2,76,8.0385,8121.5713,231206_U2OS_gapdh_tnpo1_image10_ch2,-15
231206,U2OS,gapdh,tnpo1,image10,ch2,77,8.1457,8130.1284,231206_U2OS_gapdh_tnpo1_image10_ch2,-14
231206,U2OS,gapdh,tnpo1,image10,ch2,78,8.2529,8096.168,231206_U2OS_gapdh_tnpo1_image10_ch2,-13
231206,U2OS,gapdh,tnpo1,image10,ch2,79,8.36,8064.8745,231206_U2OS_gapdh_tnpo1_image10_ch2,-12
231206,U2OS,gapdh,tnpo1,image10,ch2,80,8.4672,8080.9375,231206_U2OS_gapdh_tnpo1_image10_ch2,-11
231206,U2OS,gapdh,tnpo1,image10,ch2,81,8.5744,8117.439,231206_U2OS_gapdh_tnpo1_image10_ch2,-10
231206,U2OS,gapdh,tnpo1,image10,ch2,82,8.6816,8092.7656,231206_U2OS_gapdh_tnpo1_image10_ch2,-9
231206,U2OS,gapdh,tnpo1,image10,ch2,83,8.7888,8049.0596,231206_U2OS_gapdh_tnpo1_image10_ch2,-8
231206,U2OS,gapdh,tnpo1,image10,ch2,84,8.8959,8048.8027,231206_U2OS_gapdh_tnpo1_image10_ch2,-7
231206,U2OS,gapdh,tnpo1,image10,ch2,85,9.0031,8120.5532,231206_U2OS_gapdh_tnpo1_image10_ch2,-6
231206,U2OS,gapdh,tnpo1,image10,ch2,86,9.1103,8193.8223,231206_U2OS_gapdh_tnpo1_image10_ch2,-5
231206,U2OS,gapdh,tnpo1,image10,ch2,87,9.2175,8195.25,231206_U2OS_gapdh_tnpo1_image10_ch2,-4
231206,U2OS,gapdh,tnpo1,image10,ch2,88,9.3247,8119.0229,231206_U2OS_gapdh_tnpo1_image10_ch2,-3
231206,U2OS,gapdh,tnpo1,image10,ch2,89,9.4318,8028.8276,231206_U2OS_gapdh_tnpo1_image10_ch2,-2
231206,U2OS,gapdh,tnpo1,image10,ch2,90,9.539,7968.1255,231206_U2OS_gapdh_tnpo1_image10_ch2,-1
231206,U2OS,gapdh,tnpo1,image10,ch2,91,9.6462,7971.0312,231206_U2OS_gapdh_tnpo1_image10_ch2,0
231206,U2OS,gapdh,tnpo1,image10,ch2,92,9.7534,7949.1382,231206_U2OS_gapdh_tnpo1_image10_ch2,1
231206,U2OS,gapdh,tnpo1,image10,ch2,93,9.8606,7859.6978,231206_U2OS_gapdh_tnpo1_image10_ch2,2
231206,U2OS,gapdh,tnpo1,image10,ch2,94,9.9677,7779.2539,231206_U2OS_gapdh_tnpo1_image10_ch2,3
231206,U2OS,gapdh,tnpo1,image10,ch2,95,10.0749,7728.6733,231206_U2OS_gapdh_tnpo1_image10_ch2,4
231206,U2OS,gapdh,tnpo1,image10,ch2,96,10.1821,7674.1704,231206_U2OS_gapdh_tnpo1_image10_ch2,5
231206,U2OS,gapdh,tnpo1,image10,ch2,97,10.2893,7623.4326,231206_U2OS_gapdh_tnpo1_image10_ch2,6
231206,U2OS,gapdh,tnpo1,image10,ch2,98,10.3965,7591.1187,231206_U2OS_gapdh_tnpo1_image10_ch2,7
231206,U2OS,gapdh,tnpo1,image10,ch2,99,10.5036,7594.606,231206_U2OS_gapdh_tnpo1_image10_ch2,8
231206,U2OS,gapdh,tnpo1,image10,ch2,100,10.6108,7627.3911,231206_U2OS_gapdh_tnpo1_image10_ch2,9
231206,U2OS,gapdh,tnpo1,image10,ch2,101,10.718,7681.9692,231206_U2OS_gapdh_tnpo1_image10_ch2,10
231206,U2OS,gapdh,tnpo1,image10,ch2,102,10.8252,7724.688,231206_U2OS_gapdh_tnpo1_image10_ch2,11
231206,U2OS,gapdh,tnpo1,image10,ch2,103,10.9324,7715.0952,231206_U2OS_gapdh_tnpo1_image10_ch2,12
231206,U2OS,gapdh,tnpo1,image10,ch2,104,11.0395,7685.8657,231206_U2OS_gapdh_tnpo1_image10_ch2,13
231206,U2OS,gapdh,tnpo1,image10,ch2,105,11.1467,7682.2739,231206_U2OS_gapdh_tnpo1_image10_ch2,14
231206,U2OS,gapdh,tnpo1,image10,ch2,106,11.2539,7748.9766,231206_U2OS_gapdh_tnpo1_image10_ch2,15
231206,U2OS,gapdh,tnpo1,image10,ch2,107,11.3611,7893.0703,231206_U2OS_gapdh_tnpo1_image10_ch2,16
231206,U2OS,gapdh,tnpo1,image10,ch2,108,11.4683,7981.7378,231206_U2OS_gapdh_tnpo1_image10_ch2,17
231206,U2OS,gapdh,tnpo1,image10,ch2,109,11.5754,8032.4629,231206_U2OS_gapdh_tnpo1_image10_ch2,18
231206,U2OS,gapdh,tnpo1,image10,ch2,110,11.6826,8046.9512,231206_U2OS_gapdh_tnpo1_image10_ch2,19
231206,U2OS,gapdh,tnpo1,image10,ch2,111,11.7898,8097.8809,231206_U2OS_gapdh_tnpo1_image10_ch2,20
231206,U2OS,gapdh,tnpo1,image10,ch2,112,11.897,8194.1211,231206_U2OS_gapdh_tnpo1_image10_ch2,21
231206,U2OS,gapdh,tnpo1,image10,ch2,113,12.0042,8296.1191,231206_U2OS_gapdh_tnpo1_image10_ch2,22
231206,U2OS,gapdh,tnpo1,image10,ch2,114,12.1113,8374.8906,231206_U2OS_gapdh_tnpo1_image10_ch2,23
231206,U2OS,gapdh,tnpo1,image10,ch2,115,12.2185,8430.7607,231206_U2OS_gapdh_tnpo1_image10_ch2,24
231206,U2OS,gapdh,tnpo1,image10,ch2,116,12.3257,8483.9492,231206_U2OS_gapdh_tnpo1_image10_ch2,25
231206,U2OS,gapdh,tnpo1,image10,ch2,117,12.4329,8550.3633,231206_U2OS_gapdh_tnpo1_image10_ch2,26
231206,U2OS,gapdh,tnpo1,image10,ch2,118,12.5401,8605.3438,231206_U2OS_gapdh_tnpo1_image10_ch2,27
231206,U2OS,gapdh,tnpo1,image10,ch2,119,12.6472,8591.2656,231206_U2OS_gapdh_tnpo1_image10_ch2,28
231206,U2OS,gapdh,tnpo1,image10,ch2,120,12.7544,8512.1201,231206_U2OS_gapdh_tnpo1_image10_ch2,29
231206,U2OS,gapdh,tnpo1,image10,ch2,121,12.8616,8386.5059,231206_U2OS_gapdh_tnpo1_image10_ch2,30
231206,U2OS,gapdh,tnpo1,image10,ch2,122,12.9688,8233.124,231206_U2OS_gapdh_tnpo1_image10_ch2,31
231206,U2OS,gapdh,tnpo1,image10,ch2,123,13.076,8113.5889,231206_U2OS_gapdh_tnpo1_image10_ch2,32
231206,U2OS,gapdh,tnpo1,image10,ch2,124,13.1831,8020.3809,231206_U2OS_gapdh_tnpo1_image10_ch2,33
231206,U2OS,gapdh,tnpo1,image10,ch2,125,13.2903,7910.3359,231206_U2OS_gapdh_tnpo1_image10_ch2,34
231206,U2OS,gapdh,tnpo1,image10,ch2,126,13.3975,7756.0068,231206_U2OS_gapdh_tnpo1_image10_ch2,35
231206,U2OS,gapdh,tnpo1,image10,ch2,127,13.5047,7557.5366,231206_U2OS_gapdh_tnpo1_image10_ch2,36
231206,U2OS,gapdh,tnpo1,image10,ch2,128,13.6119,7352.4614,231206_U2OS_gapdh_tnpo1_image10_ch2,37
231206,U2OS,gapdh,tnpo1,image10,ch2,129,13.719,7189.0239,231206_U2OS_gapdh_tnpo1_image10_ch2,38
231206,U2OS,gapdh,tnpo1,image10,ch2,130,13.8262,7111.0156,231206_U2OS_gapdh_tnpo1_image10_ch2,39
231206,U2OS,gapdh,tnpo1,image10,ch2,131,13.9334,7054.9424,231206_U2OS_gapdh_tnpo1_image10_ch2,40
231206,U2OS,gapdh,tnpo1,image10,ch2,132,14.0406,7057.4668,231206_U2OS_gapdh_tnpo1_image10_ch2,41
231206,U2OS,gapdh,tnpo1,image10,ch2,133,14.1478,7092.3994,231206_U2OS_gapdh_tnpo1_image10_ch2,42
231206,U2OS,gapdh,tnpo1,image10,ch2,134,14.2549,7115.9224,231206_U2OS_gapdh_tnpo1_image10_ch2,43
231206,U2OS,gapdh,tnpo1,image10,ch2,135,14.3621,7139.5068,231206_U2OS_gapdh_tnpo1_image10_ch2,44
231206,U2OS,gapdh,tnpo1,image10,ch2,136,14.4693,7143.312,231206_U2OS_gapdh_tnpo1_image10_ch2,45
231206,U2OS,gapdh,tnpo1,image10,ch2,137,14.5765,7175.5601,231206_U2OS_gapdh_tnpo1_image10_ch2,46
231206,U2OS,gapdh,tnpo1,image10,ch2,138,14.6837,7183.752,231206_U2OS_gapdh_tnpo1_image10_ch2,47
231206,U2OS,gapdh,tnpo1,image10,ch2,139,14.7908,7176.5146,231206_U2OS_gapdh_tnpo1_image10_ch2,48
231206,U2OS,gapdh,tnpo1,image10,ch2,140,14.898,7104.998,231206_U2OS_gapdh_tnpo1_image10_ch2,49
231206,U2OS,gapdh,tnpo1,image10,ch2,141,15.0052,7003.0649,231206_U2OS_gapdh_tnpo1_image10_ch2,50
231206,U2OS,gapdh,tnpo1,image10,ch2,142,15.1124,6951.8311,231206_U2OS_gapdh_tnpo1_image10_ch2,51
231206,U2OS,gapdh,tnpo1,image10,ch2,143,15.2196,6970.8164,231206_U2OS_gapdh_tnpo1_image10_ch2,52
231206,U2OS,gapdh,tnpo1,image10,ch2,144,15.3267,7037.959,231206_U2OS_gapdh_tnpo1_image10_ch2,53
231206,U2OS,gapdh,tnpo1,image10,ch2,145,15.4339,7147.376,231206_U2OS_gapdh_tnpo1_image10_ch2,54
231206,U2OS,gapdh,tnpo1,image10,ch2,146,15.5411,7240.1533,231206_U2OS_gapdh_tnpo1_image10_ch2,55
231206,U2OS,gapdh,tnpo1,image10,ch2,147,15.6483,7274.7363,231206_U2OS_gapdh_tnpo1_image10_ch2,56
231206,U2OS,gapdh,tnpo1,image10,ch2,148,15.7555,7227.8491,231206_U2OS_gapdh_tnpo1_image10_ch2,57
231206,U2OS,gapdh,tnpo1,image10,ch2,149,15.8626,7100.3154,231206_U2OS_gapdh_tnpo1_image10_ch2,58
231206,U2OS,gapdh,tnpo1,image10,ch2,150,15.9698,6884.252,231206_U2OS_gapdh_tnpo1_image10_ch2,59
231206,U2OS,gapdh,tnpo1,image10,ch2,151,16.077,6618.6333,231206_U2OS_gapdh_tnpo1_image10_ch2,60
231206,U2OS,gapdh,tnpo1,image10,ch2,152,16.1842,6407.1274,231206_U2OS_gapdh_tnpo1_image10_ch2,61
231206,U2OS,gapdh,tnpo1,image10,ch2,153,16.2914,6300.6489,231206_U2OS_gapdh_tnpo1_image10_ch2,62
231206,U2OS,gapdh,tnpo1,image10,ch2,154,16.3985,6254.3877,231206_U2OS_gapdh_tnpo1_image10_ch2,63
231206,U2OS,gapdh,tnpo1,image10,ch2,155,16.5057,6241.1187,231206_U2OS_gapdh_tnpo1_image10_ch2,64
231206,U2OS,gapdh,tnpo1,image10,ch2,156,16.6129,6197.4883,231206_U2OS_gapdh_tnpo1_image10_ch2,65
231206,U2OS,gapdh,tnpo1,image10,ch2,157,16.7201,6144.6729,231206_U2OS_gapdh_tnpo1_image10_ch2,66
231206,U2OS,gapdh,tnpo1,image10,ch2,158,16.8273,6106.7495,231206_U2OS_gapdh_tnpo1_image10_ch2,67
231206,U2OS,gapdh,tnpo1,image10,ch2,159,16.9344,6077.3662,231206_U2OS_gapdh_tnpo1_image10_ch2,68
231206,U2OS,gapdh,tnpo1,image10,ch2,160,17.0416,6017.2803,231206_U2OS_gapdh_tnpo1_image10_ch2,69
231206,U2OS,gapdh,tnpo1,image10,ch2,161,17.1488,5900.6558000000005,231206_U2OS_gapdh_tnpo1_image10_ch2,70
231206,U2OS,gapdh,tnpo1,image10,ch2,162,17.256,5759.0308000000005,231206_U2OS_gapdh_tnpo1_image10_ch2,71
231206,U2OS,gapdh,tnpo1,image10,ch2,163,17.3632,5662.5352,231206_U2OS_gapdh_tnpo1_image10_ch2,72
231206,U2OS,gapdh,tnpo1,image10,ch2,164,17.4703,5590.4546,231206_U2OS_gapdh_tnpo1_image10_ch2,73
231206,U2OS,gapdh,tnpo1,image10,ch2,165,17.5775,5519.46,231206_U2OS_gapdh_tnpo1_image10_ch2,74
231206,U2OS,gapdh,tnpo1,image10,ch2,166,17.6847,5428.0464,231206_U2OS_gapdh_tnpo1_image10_ch2,75
231206,U2OS,gapdh,tnpo1,image10,ch2,167,17.7919,5306.2207,231206_U2OS_gapdh_tnpo1_image10_ch2,76
231206,U2OS,gapdh,tnpo1,image10,ch2,168,17.8991,5229.2373,231206_U2OS_gapdh_tnpo1_image10_ch2,77
231206,U2OS,gapdh,tnpo1,image10,ch2,169,18.0062,5206.3164,231206_U2OS_gapdh_tnpo1_image10_ch2,78
231206,U2OS,gapdh,tnpo1,image10,ch2,170,18.1134,5252.0972,231206_U2OS_gapdh_tnpo1_image10_ch2,79
231206,U2OS,gapdh,tnpo1,image10,ch2,171,18.2206,5358.5986,231206_U2OS_gapdh_tnpo1_image10_ch2,80
231206,U2OS,gapdh,tnpo1,image10,ch2,172,18.3278,5477.7671,231206_U2OS_gapdh_tnpo1_image10_ch2,81
231206,U2OS,gapdh,tnpo1,image10,ch2,173,18.435,5568.9243,231206_U2OS_gapdh_tnpo1_image10_ch2,82
231206,U2OS,gapdh,tnpo1,image10,ch2,174,18.5421,5635.6445,231206_U2OS_gapdh_tnpo1_image10_ch2,83
231206,U2OS,gapdh,tnpo1,image10,ch2,175,18.6493,5660.4497,231206_U2OS_gapdh_tnpo1_image10_ch2,84
231206,U2OS,gapdh,tnpo1,image10,ch2,176,18.7565,5633.207,231206_U2OS_gapdh_tnpo1_image10_ch2,85
231206,U2OS,gapdh,tnpo1,image10,ch2,177,18.8637,5612.1138,231206_U2OS_gapdh_tnpo1_image10_ch2,86
231206,U2OS,gapdh,tnpo1,image10,ch2,178,18.9709,5618.9897,231206_U2OS_gapdh_tnpo1_image10_ch2,87
231206,U2OS,gapdh,tnpo1,image10,ch2,179,19.078,5697.0781,231206_U2OS_gapdh_tnpo1_image10_ch2,88
231206,U2OS,gapdh,tnpo1,image10,ch2,180,19.1852,5747.8491,231206_U2OS_gapdh_tnpo1_image10_ch2,89
231206,U2OS,gapdh,tnpo1,image10,ch2,181,19.2924,5692.4946,231206_U2OS_gapdh_tnpo1_image10_ch2,90
231206,U2OS,gapdh,tnpo1,image11,ch1,1,0,6355.7803,231206_U2OS_gapdh_tnpo1_image11_ch1,-90
231206,U2OS,gapdh,tnpo1,image11,ch1,2,0.1072,6394.7866,231206_U2OS_gapdh_tnpo1_image11_ch1,-89
231206,U2OS,gapdh,tnpo1,image11,ch1,3,0.2144,6385.8657,231206_U2OS_gapdh_tnpo1_image11_ch1,-88
231206,U2OS,gapdh,tnpo1,image11,ch1,4,0.3215,6349.1274,231206_U2OS_gapdh_tnpo1_image11_ch1,-87
231206,U2OS,gapdh,tnpo1,image11,ch1,5,0.4287,6333.2373,231206_U2OS_gapdh_tnpo1_image11_ch1,-86
231206,U2OS,gapdh,tnpo1,image11,ch1,6,0.5359,6324.3159,231206_U2OS_gapdh_tnpo1_image11_ch1,-85
231206,U2OS,gapdh,tnpo1,image11,ch1,7,0.6431,6308.2617,231206_U2OS_gapdh_tnpo1_image11_ch1,-84
231206,U2OS,gapdh,tnpo1,image11,ch1,8,0.7503,6277.979,231206_U2OS_gapdh_tnpo1_image11_ch1,-83
231206,U2OS,gapdh,tnpo1,image11,ch1,9,0.8574,6270.4131,231206_U2OS_gapdh_tnpo1_image11_ch1,-82
231206,U2OS,gapdh,tnpo1,image11,ch1,10,0.9646,6303.2554,231206_U2OS_gapdh_tnpo1_image11_ch1,-81
231206,U2OS,gapdh,tnpo1,image11,ch1,11,1.0718,6387.6851,231206_U2OS_gapdh_tnpo1_image11_ch1,-80
231206,U2OS,gapdh,tnpo1,image11,ch1,12,1.179,6453.9922,231206_U2OS_gapdh_tnpo1_image11_ch1,-79
231206,U2OS,gapdh,tnpo1,image11,ch1,13,1.2862,6480.8579,231206_U2OS_gapdh_tnpo1_image11_ch1,-78
231206,U2OS,gapdh,tnpo1,image11,ch1,14,1.3933,6469.3853,231206_U2OS_gapdh_tnpo1_image11_ch1,-77
231206,U2OS,gapdh,tnpo1,image11,ch1,15,1.5005,6410.8076,231206_U2OS_gapdh_tnpo1_image11_ch1,-76
231206,U2OS,gapdh,tnpo1,image11,ch1,16,1.6077,6321.5317,231206_U2OS_gapdh_tnpo1_image11_ch1,-75
231206,U2OS,gapdh,tnpo1,image11,ch1,17,1.7149,6232.7236,231206_U2OS_gapdh_tnpo1_image11_ch1,-74
231206,U2OS,gapdh,tnpo1,image11,ch1,18,1.8221,6192.4546,231206_U2OS_gapdh_tnpo1_image11_ch1,-73
231206,U2OS,gapdh,tnpo1,image11,ch1,19,1.9292,6172.9756,231206_U2OS_gapdh_tnpo1_image11_ch1,-72
231206,U2OS,gapdh,tnpo1,image11,ch1,20,2.0364,6194.0356,231206_U2OS_gapdh_tnpo1_image11_ch1,-71
231206,U2OS,gapdh,tnpo1,image11,ch1,21,2.1436,6234.5068,231206_U2OS_gapdh_tnpo1_image11_ch1,-70
231206,U2OS,gapdh,tnpo1,image11,ch1,22,2.2508,6277.6641,231206_U2OS_gapdh_tnpo1_image11_ch1,-69
231206,U2OS,gapdh,tnpo1,image11,ch1,23,2.358,6301.8154,231206_U2OS_gapdh_tnpo1_image11_ch1,-68
231206,U2OS,gapdh,tnpo1,image11,ch1,24,2.4651,6332.9531,231206_U2OS_gapdh_tnpo1_image11_ch1,-67
231206,U2OS,gapdh,tnpo1,image11,ch1,25,2.5723,6360.5962,231206_U2OS_gapdh_tnpo1_image11_ch1,-66
231206,U2OS,gapdh,tnpo1,image11,ch1,26,2.6795,6347.0176,231206_U2OS_gapdh_tnpo1_image11_ch1,-65
231206,U2OS,gapdh,tnpo1,image11,ch1,27,2.7867,6290.7837,231206_U2OS_gapdh_tnpo1_image11_ch1,-64
231206,U2OS,gapdh,tnpo1,image11,ch1,28,2.8939,6225.8013,231206_U2OS_gapdh_tnpo1_image11_ch1,-63
231206,U2OS,gapdh,tnpo1,image11,ch1,29,3.001,6189.7798,231206_U2OS_gapdh_tnpo1_image11_ch1,-62
231206,U2OS,gapdh,tnpo1,image11,ch1,30,3.1082,6192.7236,231206_U2OS_gapdh_tnpo1_image11_ch1,-61
231206,U2OS,gapdh,tnpo1,image11,ch1,31,3.2154,6197.541,231206_U2OS_gapdh_tnpo1_image11_ch1,-60
231206,U2OS,gapdh,tnpo1,image11,ch1,32,3.3226,6202.2607,231206_U2OS_gapdh_tnpo1_image11_ch1,-59
231206,U2OS,gapdh,tnpo1,image11,ch1,33,3.4298,6201.3979,231206_U2OS_gapdh_tnpo1_image11_ch1,-58
231206,U2OS,gapdh,tnpo1,image11,ch1,34,3.5369,6233.7817,231206_U2OS_gapdh_tnpo1_image11_ch1,-57
231206,U2OS,gapdh,tnpo1,image11,ch1,35,3.6441,6300.2959,231206_U2OS_gapdh_tnpo1_image11_ch1,-56
231206,U2OS,gapdh,tnpo1,image11,ch1,36,3.7513,6384.5044,231206_U2OS_gapdh_tnpo1_image11_ch1,-55
231206,U2OS,gapdh,tnpo1,image11,ch1,37,3.8585,6531.2861,231206_U2OS_gapdh_tnpo1_image11_ch1,-54
231206,U2OS,gapdh,tnpo1,image11,ch1,38,3.9657,6674.4448,231206_U2OS_gapdh_tnpo1_image11_ch1,-53
231206,U2OS,gapdh,tnpo1,image11,ch1,39,4.0728,6787.2168,231206_U2OS_gapdh_tnpo1_image11_ch1,-52
231206,U2OS,gapdh,tnpo1,image11,ch1,40,4.18,6840.8657,231206_U2OS_gapdh_tnpo1_image11_ch1,-51
231206,U2OS,gapdh,tnpo1,image11,ch1,41,4.2872,6803.9043,231206_U2OS_gapdh_tnpo1_image11_ch1,-50
231206,U2OS,gapdh,tnpo1,image11,ch1,42,4.3944,6725.4067,231206_U2OS_gapdh_tnpo1_image11_ch1,-49
231206,U2OS,gapdh,tnpo1,image11,ch1,43,4.5016,6680.0576,231206_U2OS_gapdh_tnpo1_image11_ch1,-48
231206,U2OS,gapdh,tnpo1,image11,ch1,44,4.6087,6657.689,231206_U2OS_gapdh_tnpo1_image11_ch1,-47
231206,U2OS,gapdh,tnpo1,image11,ch1,45,4.7159,6656.293,231206_U2OS_gapdh_tnpo1_image11_ch1,-46
231206,U2OS,gapdh,tnpo1,image11,ch1,46,4.8231,6654.3872,231206_U2OS_gapdh_tnpo1_image11_ch1,-45
231206,U2OS,gapdh,tnpo1,image11,ch1,47,4.9303,6603.9468,231206_U2OS_gapdh_tnpo1_image11_ch1,-44
231206,U2OS,gapdh,tnpo1,image11,ch1,48,5.0375,6561.6631,231206_U2OS_gapdh_tnpo1_image11_ch1,-43
231206,U2OS,gapdh,tnpo1,image11,ch1,49,5.1446,6517.769,231206_U2OS_gapdh_tnpo1_image11_ch1,-42
231206,U2OS,gapdh,tnpo1,image11,ch1,50,5.2518,6454.1709,231206_U2OS_gapdh_tnpo1_image11_ch1,-41
231206,U2OS,gapdh,tnpo1,image11,ch1,51,5.359,6413.9404,231206_U2OS_gapdh_tnpo1_image11_ch1,-40
231206,U2OS,gapdh,tnpo1,image11,ch1,52,5.4662,6427.4595,231206_U2OS_gapdh_tnpo1_image11_ch1,-39
231206,U2OS,gapdh,tnpo1,image11,ch1,53,5.5734,6484.4971,231206_U2OS_gapdh_tnpo1_image11_ch1,-38
231206,U2OS,gapdh,tnpo1,image11,ch1,54,5.6805,6572.3999,231206_U2OS_gapdh_tnpo1_image11_ch1,-37
231206,U2OS,gapdh,tnpo1,image11,ch1,55,5.7877,6656.3545,231206_U2OS_gapdh_tnpo1_image11_ch1,-36
231206,U2OS,gapdh,tnpo1,image11,ch1,56,5.8949,6692.0645,231206_U2OS_gapdh_tnpo1_image11_ch1,-35
231206,U2OS,gapdh,tnpo1,image11,ch1,57,6.0021,6733.8423,231206_U2OS_gapdh_tnpo1_image11_ch1,-34
231206,U2OS,gapdh,tnpo1,image11,ch1,58,6.1093,6776.3154,231206_U2OS_gapdh_tnpo1_image11_ch1,-33
231206,U2OS,gapdh,tnpo1,image11,ch1,59,6.2164,6792.4463,231206_U2OS_gapdh_tnpo1_image11_ch1,-32
231206,U2OS,gapdh,tnpo1,image11,ch1,60,6.3236,6760.769,231206_U2OS_gapdh_tnpo1_image11_ch1,-31
231206,U2OS,gapdh,tnpo1,image11,ch1,61,6.4308,6697.8452,231206_U2OS_gapdh_tnpo1_image11_ch1,-30
231206,U2OS,gapdh,tnpo1,image11,ch1,62,6.538,6705.6987,231206_U2OS_gapdh_tnpo1_image11_ch1,-29
231206,U2OS,gapdh,tnpo1,image11,ch1,63,6.6452,6742.5654,231206_U2OS_gapdh_tnpo1_image11_ch1,-28
231206,U2OS,gapdh,tnpo1,image11,ch1,64,6.7523,6803.4536,231206_U2OS_gapdh_tnpo1_image11_ch1,-27
231206,U2OS,gapdh,tnpo1,image11,ch1,65,6.8595,6837.915,231206_U2OS_gapdh_tnpo1_image11_ch1,-26
231206,U2OS,gapdh,tnpo1,image11,ch1,66,6.9667,6815.979,231206_U2OS_gapdh_tnpo1_image11_ch1,-25
231206,U2OS,gapdh,tnpo1,image11,ch1,67,7.0739,6713.1812,231206_U2OS_gapdh_tnpo1_image11_ch1,-24
231206,U2OS,gapdh,tnpo1,image11,ch1,68,7.1811,6611.9028,231206_U2OS_gapdh_tnpo1_image11_ch1,-23
231206,U2OS,gapdh,tnpo1,image11,ch1,69,7.2882,6586.8188,231206_U2OS_gapdh_tnpo1_image11_ch1,-22
231206,U2OS,gapdh,tnpo1,image11,ch1,70,7.3954,6640.918,231206_U2OS_gapdh_tnpo1_image11_ch1,-21
231206,U2OS,gapdh,tnpo1,image11,ch1,71,7.5026,6715.2827,231206_U2OS_gapdh_tnpo1_image11_ch1,-20
231206,U2OS,gapdh,tnpo1,image11,ch1,72,7.6098,6793.522,231206_U2OS_gapdh_tnpo1_image11_ch1,-19
231206,U2OS,gapdh,tnpo1,image11,ch1,73,7.717,6798.6738,231206_U2OS_gapdh_tnpo1_image11_ch1,-18
231206,U2OS,gapdh,tnpo1,image11,ch1,74,7.8241,6765.5732,231206_U2OS_gapdh_tnpo1_image11_ch1,-17
231206,U2OS,gapdh,tnpo1,image11,ch1,75,7.9313,6737.4731,231206_U2OS_gapdh_tnpo1_image11_ch1,-16
231206,U2OS,gapdh,tnpo1,image11,ch1,76,8.0385,6761.165,231206_U2OS_gapdh_tnpo1_image11_ch1,-15
231206,U2OS,gapdh,tnpo1,image11,ch1,77,8.1457,6810.9541,231206_U2OS_gapdh_tnpo1_image11_ch1,-14
231206,U2OS,gapdh,tnpo1,image11,ch1,78,8.2529,6848.9731,231206_U2OS_gapdh_tnpo1_image11_ch1,-13
231206,U2OS,gapdh,tnpo1,image11,ch1,79,8.36,6896.3447,231206_U2OS_gapdh_tnpo1_image11_ch1,-12
231206,U2OS,gapdh,tnpo1,image11,ch1,80,8.4672,6916.6323,231206_U2OS_gapdh_tnpo1_image11_ch1,-11
231206,U2OS,gapdh,tnpo1,image11,ch1,81,8.5744,6941.0254,231206_U2OS_gapdh_tnpo1_image11_ch1,-10
231206,U2OS,gapdh,tnpo1,image11,ch1,82,8.6816,6956.2549,231206_U2OS_gapdh_tnpo1_image11_ch1,-9
231206,U2OS,gapdh,tnpo1,image11,ch1,83,8.7888,6978.4165,231206_U2OS_gapdh_tnpo1_image11_ch1,-8
231206,U2OS,gapdh,tnpo1,image11,ch1,84,8.8959,6982.2715,231206_U2OS_gapdh_tnpo1_image11_ch1,-7
231206,U2OS,gapdh,tnpo1,image11,ch1,85,9.0031,6973.0029,231206_U2OS_gapdh_tnpo1_image11_ch1,-6
231206,U2OS,gapdh,tnpo1,image11,ch1,86,9.1103,6979.3833,231206_U2OS_gapdh_tnpo1_image11_ch1,-5
231206,U2OS,gapdh,tnpo1,image11,ch1,87,9.2175,7002.9595,231206_U2OS_gapdh_tnpo1_image11_ch1,-4
231206,U2OS,gapdh,tnpo1,image11,ch1,88,9.3247,7041.4302,231206_U2OS_gapdh_tnpo1_image11_ch1,-3
231206,U2OS,gapdh,tnpo1,image11,ch1,89,9.4318,7125.1958,231206_U2OS_gapdh_tnpo1_image11_ch1,-2
231206,U2OS,gapdh,tnpo1,image11,ch1,90,9.539,7257.2896,231206_U2OS_gapdh_tnpo1_image11_ch1,-1
231206,U2OS,gapdh,tnpo1,image11,ch1,91,9.6462,7389.4653,231206_U2OS_gapdh_tnpo1_image11_ch1,0
231206,U2OS,gapdh,tnpo1,image11,ch1,92,9.7534,7543.9136,231206_U2OS_gapdh_tnpo1_image11_ch1,1
231206,U2OS,gapdh,tnpo1,image11,ch1,93,9.8606,7660.7021,231206_U2OS_gapdh_tnpo1_image11_ch1,2
231206,U2OS,gapdh,tnpo1,image11,ch1,94,9.9677,7755.8374,231206_U2OS_gapdh_tnpo1_image11_ch1,3
231206,U2OS,gapdh,tnpo1,image11,ch1,95,10.0749,7860.377,231206_U2OS_gapdh_tnpo1_image11_ch1,4
231206,U2OS,gapdh,tnpo1,image11,ch1,96,10.1821,8012.6816,231206_U2OS_gapdh_tnpo1_image11_ch1,5
231206,U2OS,gapdh,tnpo1,image11,ch1,97,10.2893,8214.918,231206_U2OS_gapdh_tnpo1_image11_ch1,6
231206,U2OS,gapdh,tnpo1,image11,ch1,98,10.3965,8446.4668,231206_U2OS_gapdh_tnpo1_image11_ch1,7
231206,U2OS,gapdh,tnpo1,image11,ch1,99,10.5036,8684.0459,231206_U2OS_gapdh_tnpo1_image11_ch1,8
231206,U2OS,gapdh,tnpo1,image11,ch1,100,10.6108,8786.5605,231206_U2OS_gapdh_tnpo1_image11_ch1,9
231206,U2OS,gapdh,tnpo1,image11,ch1,101,10.718,8760.7891,231206_U2OS_gapdh_tnpo1_image11_ch1,10
231206,U2OS,gapdh,tnpo1,image11,ch1,102,10.8252,8731.1172,231206_U2OS_gapdh_tnpo1_image11_ch1,11
231206,U2OS,gapdh,tnpo1,image11,ch1,103,10.9324,8788.5488,231206_U2OS_gapdh_tnpo1_image11_ch1,12
231206,U2OS,gapdh,tnpo1,image11,ch1,104,11.0395,8910.8936,231206_U2OS_gapdh_tnpo1_image11_ch1,13
231206,U2OS,gapdh,tnpo1,image11,ch1,105,11.1467,9111.0537,231206_U2OS_gapdh_tnpo1_image11_ch1,14
231206,U2OS,gapdh,tnpo1,image11,ch1,106,11.2539,9398.5322,231206_U2OS_gapdh_tnpo1_image11_ch1,15
231206,U2OS,gapdh,tnpo1,image11,ch1,107,11.3611,9694.9102,231206_U2OS_gapdh_tnpo1_image11_ch1,16
231206,U2OS,gapdh,tnpo1,image11,ch1,108,11.4683,9907.1953,231206_U2OS_gapdh_tnpo1_image11_ch1,17
231206,U2OS,gapdh,tnpo1,image11,ch1,109,11.5754,10058.5576,231206_U2OS_gapdh_tnpo1_image11_ch1,18
231206,U2OS,gapdh,tnpo1,image11,ch1,110,11.6826,10208.123,231206_U2OS_gapdh_tnpo1_image11_ch1,19
231206,U2OS,gapdh,tnpo1,image11,ch1,111,11.7898,10356.4121,231206_U2OS_gapdh_tnpo1_image11_ch1,20
231206,U2OS,gapdh,tnpo1,image11,ch1,112,11.897,10492.4189,231206_U2OS_gapdh_tnpo1_image11_ch1,21
231206,U2OS,gapdh,tnpo1,image11,ch1,113,12.0042,10572.2734,231206_U2OS_gapdh_tnpo1_image11_ch1,22
231206,U2OS,gapdh,tnpo1,image11,ch1,114,12.1113,10548.459,231206_U2OS_gapdh_tnpo1_image11_ch1,23
231206,U2OS,gapdh,tnpo1,image11,ch1,115,12.2185,10425.4297,231206_U2OS_gapdh_tnpo1_image11_ch1,24
231206,U2OS,gapdh,tnpo1,image11,ch1,116,12.3257,10406.291,231206_U2OS_gapdh_tnpo1_image11_ch1,25
231206,U2OS,gapdh,tnpo1,image11,ch1,117,12.4329,10571.3262,231206_U2OS_gapdh_tnpo1_image11_ch1,26
231206,U2OS,gapdh,tnpo1,image11,ch1,118,12.5401,10820.8477,231206_U2OS_gapdh_tnpo1_image11_ch1,27
231206,U2OS,gapdh,tnpo1,image11,ch1,119,12.6472,10967.1104,231206_U2OS_gapdh_tnpo1_image11_ch1,28
231206,U2OS,gapdh,tnpo1,image11,ch1,120,12.7544,10953.2188,231206_U2OS_gapdh_tnpo1_image11_ch1,29
231206,U2OS,gapdh,tnpo1,image11,ch1,121,12.8616,10916.3008,231206_U2OS_gapdh_tnpo1_image11_ch1,30
231206,U2OS,gapdh,tnpo1,image11,ch1,122,12.9688,10897.4941,231206_U2OS_gapdh_tnpo1_image11_ch1,31
231206,U2OS,gapdh,tnpo1,image11,ch1,123,13.076,10950.4883,231206_U2OS_gapdh_tnpo1_image11_ch1,32
231206,U2OS,gapdh,tnpo1,image11,ch1,124,13.1831,11126.3818,231206_U2OS_gapdh_tnpo1_image11_ch1,33
231206,U2OS,gapdh,tnpo1,image11,ch1,125,13.2903,11336.0674,231206_U2OS_gapdh_tnpo1_image11_ch1,34
231206,U2OS,gapdh,tnpo1,image11,ch1,126,13.3975,11523.6465,231206_U2OS_gapdh_tnpo1_image11_ch1,35
231206,U2OS,gapdh,tnpo1,image11,ch1,127,13.5047,11726.8662,231206_U2OS_gapdh_tnpo1_image11_ch1,36
231206,U2OS,gapdh,tnpo1,image11,ch1,128,13.6119,11901.5186,231206_U2OS_gapdh_tnpo1_image11_ch1,37
231206,U2OS,gapdh,tnpo1,image11,ch1,129,13.719,12062.29,231206_U2OS_gapdh_tnpo1_image11_ch1,38
231206,U2OS,gapdh,tnpo1,image11,ch1,130,13.8262,12141.2021,231206_U2OS_gapdh_tnpo1_image11_ch1,39
231206,U2OS,gapdh,tnpo1,image11,ch1,131,13.9334,12140.3184,231206_U2OS_gapdh_tnpo1_image11_ch1,40
231206,U2OS,gapdh,tnpo1,image11,ch1,132,14.0406,12085.8457,231206_U2OS_gapdh_tnpo1_image11_ch1,41
231206,U2OS,gapdh,tnpo1,image11,ch1,133,14.1478,11983.7549,231206_U2OS_gapdh_tnpo1_image11_ch1,42
231206,U2OS,gapdh,tnpo1,image11,ch1,134,14.2549,12044.5615,231206_U2OS_gapdh_tnpo1_image11_ch1,43
231206,U2OS,gapdh,tnpo1,image11,ch1,135,14.3621,12192.7012,231206_U2OS_gapdh_tnpo1_image11_ch1,44
231206,U2OS,gapdh,tnpo1,image11,ch1,136,14.4693,12354.2939,231206_U2OS_gapdh_tnpo1_image11_ch1,45
231206,U2OS,gapdh,tnpo1,image11,ch1,137,14.5765,12419.8848,231206_U2OS_gapdh_tnpo1_image11_ch1,46
231206,U2OS,gapdh,tnpo1,image11,ch1,138,14.6837,12449.5605,231206_U2OS_gapdh_tnpo1_image11_ch1,47
231206,U2OS,gapdh,tnpo1,image11,ch1,139,14.7908,12485.7168,231206_U2OS_gapdh_tnpo1_image11_ch1,48
231206,U2OS,gapdh,tnpo1,image11,ch1,140,14.898,12510.2979,231206_U2OS_gapdh_tnpo1_image11_ch1,49
231206,U2OS,gapdh,tnpo1,image11,ch1,141,15.0052,12572.875,231206_U2OS_gapdh_tnpo1_image11_ch1,50
231206,U2OS,gapdh,tnpo1,image11,ch1,142,15.1124,12585.7227,231206_U2OS_gapdh_tnpo1_image11_ch1,51
231206,U2OS,gapdh,tnpo1,image11,ch1,143,15.2196,12574.8877,231206_U2OS_gapdh_tnpo1_image11_ch1,52
231206,U2OS,gapdh,tnpo1,image11,ch1,144,15.3267,12542.1191,231206_U2OS_gapdh_tnpo1_image11_ch1,53
231206,U2OS,gapdh,tnpo1,image11,ch1,145,15.4339,12541.0098,231206_U2OS_gapdh_tnpo1_image11_ch1,54
231206,U2OS,gapdh,tnpo1,image11,ch1,146,15.5411,12543.6924,231206_U2OS_gapdh_tnpo1_image11_ch1,55
231206,U2OS,gapdh,tnpo1,image11,ch1,147,15.6483,12551.8125,231206_U2OS_gapdh_tnpo1_image11_ch1,56
231206,U2OS,gapdh,tnpo1,image11,ch1,148,15.7555,12430.5898,231206_U2OS_gapdh_tnpo1_image11_ch1,57
231206,U2OS,gapdh,tnpo1,image11,ch1,149,15.8626,12309.5137,231206_U2OS_gapdh_tnpo1_image11_ch1,58
231206,U2OS,gapdh,tnpo1,image11,ch1,150,15.9698,12261.6172,231206_U2OS_gapdh_tnpo1_image11_ch1,59
231206,U2OS,gapdh,tnpo1,image11,ch1,151,16.077,12303.5391,231206_U2OS_gapdh_tnpo1_image11_ch1,60
231206,U2OS,gapdh,tnpo1,image11,ch1,152,16.1842,12418.6875,231206_U2OS_gapdh_tnpo1_image11_ch1,61
231206,U2OS,gapdh,tnpo1,image11,ch1,153,16.2914,12627.4375,231206_U2OS_gapdh_tnpo1_image11_ch1,62
231206,U2OS,gapdh,tnpo1,image11,ch1,154,16.3985,12888.7568,231206_U2OS_gapdh_tnpo1_image11_ch1,63
231206,U2OS,gapdh,tnpo1,image11,ch1,155,16.5057,13126.2695,231206_U2OS_gapdh_tnpo1_image11_ch1,64
231206,U2OS,gapdh,tnpo1,image11,ch1,156,16.6129,13194.166,231206_U2OS_gapdh_tnpo1_image11_ch1,65
231206,U2OS,gapdh,tnpo1,image11,ch1,157,16.7201,13165.7666,231206_U2OS_gapdh_tnpo1_image11_ch1,66
231206,U2OS,gapdh,tnpo1,image11,ch1,158,16.8273,13117.8018,231206_U2OS_gapdh_tnpo1_image11_ch1,67
231206,U2OS,gapdh,tnpo1,image11,ch1,159,16.9344,13114.8867,231206_U2OS_gapdh_tnpo1_image11_ch1,68
231206,U2OS,gapdh,tnpo1,image11,ch1,160,17.0416,13144.4805,231206_U2OS_gapdh_tnpo1_image11_ch1,69
231206,U2OS,gapdh,tnpo1,image11,ch1,161,17.1488,13125.0596,231206_U2OS_gapdh_tnpo1_image11_ch1,70
231206,U2OS,gapdh,tnpo1,image11,ch1,162,17.256,13107.3232,231206_U2OS_gapdh_tnpo1_image11_ch1,71
231206,U2OS,gapdh,tnpo1,image11,ch1,163,17.3632,13114.5664,231206_U2OS_gapdh_tnpo1_image11_ch1,72
231206,U2OS,gapdh,tnpo1,image11,ch1,164,17.4703,13199.4229,231206_U2OS_gapdh_tnpo1_image11_ch1,73
231206,U2OS,gapdh,tnpo1,image11,ch1,165,17.5775,13341.6357,231206_U2OS_gapdh_tnpo1_image11_ch1,74
231206,U2OS,gapdh,tnpo1,image11,ch1,166,17.6847,13452.75,231206_U2OS_gapdh_tnpo1_image11_ch1,75
231206,U2OS,gapdh,tnpo1,image11,ch1,167,17.7919,13397.2725,231206_U2OS_gapdh_tnpo1_image11_ch1,76
231206,U2OS,gapdh,tnpo1,image11,ch1,168,17.8991,13206.5928,231206_U2OS_gapdh_tnpo1_image11_ch1,77
231206,U2OS,gapdh,tnpo1,image11,ch1,169,18.0062,13014.8408,231206_U2OS_gapdh_tnpo1_image11_ch1,78
231206,U2OS,gapdh,tnpo1,image11,ch1,170,18.1134,12976.5693,231206_U2OS_gapdh_tnpo1_image11_ch1,79
231206,U2OS,gapdh,tnpo1,image11,ch1,171,18.2206,13071.9219,231206_U2OS_gapdh_tnpo1_image11_ch1,80
231206,U2OS,gapdh,tnpo1,image11,ch1,172,18.3278,13087.709,231206_U2OS_gapdh_tnpo1_image11_ch1,81
231206,U2OS,gapdh,tnpo1,image11,ch1,173,18.435,12972.3438,231206_U2OS_gapdh_tnpo1_image11_ch1,82
231206,U2OS,gapdh,tnpo1,image11,ch1,174,18.5421,12800.125,231206_U2OS_gapdh_tnpo1_image11_ch1,83
231206,U2OS,gapdh,tnpo1,image11,ch1,175,18.6493,12633.5205,231206_U2OS_gapdh_tnpo1_image11_ch1,84
231206,U2OS,gapdh,tnpo1,image11,ch1,176,18.7565,12428.9834,231206_U2OS_gapdh_tnpo1_image11_ch1,85
231206,U2OS,gapdh,tnpo1,image11,ch1,177,18.8637,12226.0215,231206_U2OS_gapdh_tnpo1_image11_ch1,86
231206,U2OS,gapdh,tnpo1,image11,ch1,178,18.9709,12042.5469,231206_U2OS_gapdh_tnpo1_image11_ch1,87
231206,U2OS,gapdh,tnpo1,image11,ch1,179,19.078,11954.2041,231206_U2OS_gapdh_tnpo1_image11_ch1,88
231206,U2OS,gapdh,tnpo1,image11,ch1,180,19.1852,12013.8008,231206_U2OS_gapdh_tnpo1_image11_ch1,89
231206,U2OS,gapdh,tnpo1,image11,ch1,181,19.2924,12152.8193,231206_U2OS_gapdh_tnpo1_image11_ch1,90
231206,U2OS,gapdh,tnpo1,image11,ch2,1,0,9827.4824,231206_U2OS_gapdh_tnpo1_image11_ch2,-90
231206,U2OS,gapdh,tnpo1,image11,ch2,2,0.1072,9677.2979,231206_U2OS_gapdh_tnpo1_image11_ch2,-89
231206,U2OS,gapdh,tnpo1,image11,ch2,3,0.2144,9526.6816,231206_U2OS_gapdh_tnpo1_image11_ch2,-88
231206,U2OS,gapdh,tnpo1,image11,ch2,4,0.3215,9418.9883,231206_U2OS_gapdh_tnpo1_image11_ch2,-87
231206,U2OS,gapdh,tnpo1,image11,ch2,5,0.4287,9368.3164,231206_U2OS_gapdh_tnpo1_image11_ch2,-86
231206,U2OS,gapdh,tnpo1,image11,ch2,6,0.5359,9333.2002,231206_U2OS_gapdh_tnpo1_image11_ch2,-85
231206,U2OS,gapdh,tnpo1,image11,ch2,7,0.6431,9316.7451,231206_U2OS_gapdh_tnpo1_image11_ch2,-84
231206,U2OS,gapdh,tnpo1,image11,ch2,8,0.7503,9317.6084,231206_U2OS_gapdh_tnpo1_image11_ch2,-83
231206,U2OS,gapdh,tnpo1,image11,ch2,9,0.8574,9427.7451,231206_U2OS_gapdh_tnpo1_image11_ch2,-82
231206,U2OS,gapdh,tnpo1,image11,ch2,10,0.9646,9671.3828,231206_U2OS_gapdh_tnpo1_image11_ch2,-81
231206,U2OS,gapdh,tnpo1,image11,ch2,11,1.0718,9906.9873,231206_U2OS_gapdh_tnpo1_image11_ch2,-80
231206,U2OS,gapdh,tnpo1,image11,ch2,12,1.179,10004.7754,231206_U2OS_gapdh_tnpo1_image11_ch2,-79
231206,U2OS,gapdh,tnpo1,image11,ch2,13,1.2862,9961.7324,231206_U2OS_gapdh_tnpo1_image11_ch2,-78
231206,U2OS,gapdh,tnpo1,image11,ch2,14,1.3933,9906.1211,231206_U2OS_gapdh_tnpo1_image11_ch2,-77
231206,U2OS,gapdh,tnpo1,image11,ch2,15,1.5005,9911.8252,231206_U2OS_gapdh_tnpo1_image11_ch2,-76
231206,U2OS,gapdh,tnpo1,image11,ch2,16,1.6077,9874.3633,231206_U2OS_gapdh_tnpo1_image11_ch2,-75
231206,U2OS,gapdh,tnpo1,image11,ch2,17,1.7149,9770.4824,231206_U2OS_gapdh_tnpo1_image11_ch2,-74
231206,U2OS,gapdh,tnpo1,image11,ch2,18,1.8221,9630.668,231206_U2OS_gapdh_tnpo1_image11_ch2,-73
231206,U2OS,gapdh,tnpo1,image11,ch2,19,1.9292,9443.6182,231206_U2OS_gapdh_tnpo1_image11_ch2,-72
231206,U2OS,gapdh,tnpo1,image11,ch2,20,2.0364,9334.0645,231206_U2OS_gapdh_tnpo1_image11_ch2,-71
231206,U2OS,gapdh,tnpo1,image11,ch2,21,2.1436,9305.5186,231206_U2OS_gapdh_tnpo1_image11_ch2,-70
231206,U2OS,gapdh,tnpo1,image11,ch2,22,2.2508,9349.7139,231206_U2OS_gapdh_tnpo1_image11_ch2,-69
231206,U2OS,gapdh,tnpo1,image11,ch2,23,2.358,9366.0557,231206_U2OS_gapdh_tnpo1_image11_ch2,-68
231206,U2OS,gapdh,tnpo1,image11,ch2,24,2.4651,9400.8525,231206_U2OS_gapdh_tnpo1_image11_ch2,-67
231206,U2OS,gapdh,tnpo1,image11,ch2,25,2.5723,9435.8418,231206_U2OS_gapdh_tnpo1_image11_ch2,-66
231206,U2OS,gapdh,tnpo1,image11,ch2,26,2.6795,9442.2988,231206_U2OS_gapdh_tnpo1_image11_ch2,-65
231206,U2OS,gapdh,tnpo1,image11,ch2,27,2.7867,9469.0703,231206_U2OS_gapdh_tnpo1_image11_ch2,-64
231206,U2OS,gapdh,tnpo1,image11,ch2,28,2.8939,9531.4756,231206_U2OS_gapdh_tnpo1_image11_ch2,-63
231206,U2OS,gapdh,tnpo1,image11,ch2,29,3.001,9621.2842,231206_U2OS_gapdh_tnpo1_image11_ch2,-62
231206,U2OS,gapdh,tnpo1,image11,ch2,30,3.1082,9718.9561,231206_U2OS_gapdh_tnpo1_image11_ch2,-61
231206,U2OS,gapdh,tnpo1,image11,ch2,31,3.2154,9854.2305,231206_U2OS_gapdh_tnpo1_image11_ch2,-60
231206,U2OS,gapdh,tnpo1,image11,ch2,32,3.3226,9982.5498,231206_U2OS_gapdh_tnpo1_image11_ch2,-59
231206,U2OS,gapdh,tnpo1,image11,ch2,33,3.4298,10069.542,231206_U2OS_gapdh_tnpo1_image11_ch2,-58
231206,U2OS,gapdh,tnpo1,image11,ch2,34,3.5369,10088.7842,231206_U2OS_gapdh_tnpo1_image11_ch2,-57
231206,U2OS,gapdh,tnpo1,image11,ch2,35,3.6441,10105.5781,231206_U2OS_gapdh_tnpo1_image11_ch2,-56
231206,U2OS,gapdh,tnpo1,image11,ch2,36,3.7513,10117.5771,231206_U2OS_gapdh_tnpo1_image11_ch2,-55
231206,U2OS,gapdh,tnpo1,image11,ch2,37,3.8585,10190.3477,231206_U2OS_gapdh_tnpo1_image11_ch2,-54
231206,U2OS,gapdh,tnpo1,image11,ch2,38,3.9657,10256.6641,231206_U2OS_gapdh_tnpo1_image11_ch2,-53
231206,U2OS,gapdh,tnpo1,image11,ch2,39,4.0728,10305.876,231206_U2OS_gapdh_tnpo1_image11_ch2,-52
231206,U2OS,gapdh,tnpo1,image11,ch2,40,4.18,10347.9561,231206_U2OS_gapdh_tnpo1_image11_ch2,-51
231206,U2OS,gapdh,tnpo1,image11,ch2,41,4.2872,10385.0898,231206_U2OS_gapdh_tnpo1_image11_ch2,-50
231206,U2OS,gapdh,tnpo1,image11,ch2,42,4.3944,10379.7715,231206_U2OS_gapdh_tnpo1_image11_ch2,-49
231206,U2OS,gapdh,tnpo1,image11,ch2,43,4.5016,10393.5078,231206_U2OS_gapdh_tnpo1_image11_ch2,-48
231206,U2OS,gapdh,tnpo1,image11,ch2,44,4.6087,10407.3662,231206_U2OS_gapdh_tnpo1_image11_ch2,-47
231206,U2OS,gapdh,tnpo1,image11,ch2,45,4.7159,10435.2715,231206_U2OS_gapdh_tnpo1_image11_ch2,-46
231206,U2OS,gapdh,tnpo1,image11,ch2,46,4.8231,10464.1289,231206_U2OS_gapdh_tnpo1_image11_ch2,-45
231206,U2OS,gapdh,tnpo1,image11,ch2,47,4.9303,10438.1562,231206_U2OS_gapdh_tnpo1_image11_ch2,-44
231206,U2OS,gapdh,tnpo1,image11,ch2,48,5.0375,10414.0137,231206_U2OS_gapdh_tnpo1_image11_ch2,-43
231206,U2OS,gapdh,tnpo1,image11,ch2,49,5.1446,10367.9746,231206_U2OS_gapdh_tnpo1_image11_ch2,-42
231206,U2OS,gapdh,tnpo1,image11,ch2,50,5.2518,10356.0645,231206_U2OS_gapdh_tnpo1_image11_ch2,-41
231206,U2OS,gapdh,tnpo1,image11,ch2,51,5.359,10364.2197,231206_U2OS_gapdh_tnpo1_image11_ch2,-40
231206,U2OS,gapdh,tnpo1,image11,ch2,52,5.4662,10344.21,231206_U2OS_gapdh_tnpo1_image11_ch2,-39
231206,U2OS,gapdh,tnpo1,image11,ch2,53,5.5734,10270.9873,231206_U2OS_gapdh_tnpo1_image11_ch2,-38
231206,U2OS,gapdh,tnpo1,image11,ch2,54,5.6805,10248.9707,231206_U2OS_gapdh_tnpo1_image11_ch2,-37
231206,U2OS,gapdh,tnpo1,image11,ch2,55,5.7877,10313.4404,231206_U2OS_gapdh_tnpo1_image11_ch2,-36
231206,U2OS,gapdh,tnpo1,image11,ch2,56,5.8949,10429.7744,231206_U2OS_gapdh_tnpo1_image11_ch2,-35
231206,U2OS,gapdh,tnpo1,image11,ch2,57,6.0021,10572.1309,231206_U2OS_gapdh_tnpo1_image11_ch2,-34
231206,U2OS,gapdh,tnpo1,image11,ch2,58,6.1093,10682.1768,231206_U2OS_gapdh_tnpo1_image11_ch2,-33
231206,U2OS,gapdh,tnpo1,image11,ch2,59,6.2164,10727.8525,231206_U2OS_gapdh_tnpo1_image11_ch2,-32
231206,U2OS,gapdh,tnpo1,image11,ch2,60,6.3236,10717.1084,231206_U2OS_gapdh_tnpo1_image11_ch2,-31
231206,U2OS,gapdh,tnpo1,image11,ch2,61,6.4308,10676.8779,231206_U2OS_gapdh_tnpo1_image11_ch2,-30
231206,U2OS,gapdh,tnpo1,image11,ch2,62,6.538,10675.8809,231206_U2OS_gapdh_tnpo1_image11_ch2,-29
231206,U2OS,gapdh,tnpo1,image11,ch2,63,6.6452,10689.374,231206_U2OS_gapdh_tnpo1_image11_ch2,-28
231206,U2OS,gapdh,tnpo1,image11,ch2,64,6.7523,10716.4209,231206_U2OS_gapdh_tnpo1_image11_ch2,-27
231206,U2OS,gapdh,tnpo1,image11,ch2,65,6.8595,10652.6982,231206_U2OS_gapdh_tnpo1_image11_ch2,-26
231206,U2OS,gapdh,tnpo1,image11,ch2,66,6.9667,10521.7676,231206_U2OS_gapdh_tnpo1_image11_ch2,-25
231206,U2OS,gapdh,tnpo1,image11,ch2,67,7.0739,10379.6592,231206_U2OS_gapdh_tnpo1_image11_ch2,-24
231206,U2OS,gapdh,tnpo1,image11,ch2,68,7.1811,10357.707,231206_U2OS_gapdh_tnpo1_image11_ch2,-23
231206,U2OS,gapdh,tnpo1,image11,ch2,69,7.2882,10366.5957,231206_U2OS_gapdh_tnpo1_image11_ch2,-22
231206,U2OS,gapdh,tnpo1,image11,ch2,70,7.3954,10386.7188,231206_U2OS_gapdh_tnpo1_image11_ch2,-21
231206,U2OS,gapdh,tnpo1,image11,ch2,71,7.5026,10415.5439,231206_U2OS_gapdh_tnpo1_image11_ch2,-20
231206,U2OS,gapdh,tnpo1,image11,ch2,72,7.6098,10463.1055,231206_U2OS_gapdh_tnpo1_image11_ch2,-19
231206,U2OS,gapdh,tnpo1,image11,ch2,73,7.717,10461.3779,231206_U2OS_gapdh_tnpo1_image11_ch2,-18
231206,U2OS,gapdh,tnpo1,image11,ch2,74,7.8241,10419.7012,231206_U2OS_gapdh_tnpo1_image11_ch2,-17
231206,U2OS,gapdh,tnpo1,image11,ch2,75,7.9313,10377.9971,231206_U2OS_gapdh_tnpo1_image11_ch2,-16
231206,U2OS,gapdh,tnpo1,image11,ch2,76,8.0385,10402.708,231206_U2OS_gapdh_tnpo1_image11_ch2,-15
231206,U2OS,gapdh,tnpo1,image11,ch2,77,8.1457,10474.291,231206_U2OS_gapdh_tnpo1_image11_ch2,-14
231206,U2OS,gapdh,tnpo1,image11,ch2,78,8.2529,10502.3604,231206_U2OS_gapdh_tnpo1_image11_ch2,-13
231206,U2OS,gapdh,tnpo1,image11,ch2,79,8.36,10489.5439,231206_U2OS_gapdh_tnpo1_image11_ch2,-12
231206,U2OS,gapdh,tnpo1,image11,ch2,80,8.4672,10406.2217,231206_U2OS_gapdh_tnpo1_image11_ch2,-11
231206,U2OS,gapdh,tnpo1,image11,ch2,81,8.5744,10357.3018,231206_U2OS_gapdh_tnpo1_image11_ch2,-10
231206,U2OS,gapdh,tnpo1,image11,ch2,82,8.6816,10317.3018,231206_U2OS_gapdh_tnpo1_image11_ch2,-9
231206,U2OS,gapdh,tnpo1,image11,ch2,83,8.7888,10282.8174,231206_U2OS_gapdh_tnpo1_image11_ch2,-8
231206,U2OS,gapdh,tnpo1,image11,ch2,84,8.8959,10224.5869,231206_U2OS_gapdh_tnpo1_image11_ch2,-7
231206,U2OS,gapdh,tnpo1,image11,ch2,85,9.0031,10176.8418,231206_U2OS_gapdh_tnpo1_image11_ch2,-6
231206,U2OS,gapdh,tnpo1,image11,ch2,86,9.1103,10183.4658,231206_U2OS_gapdh_tnpo1_image11_ch2,-5
231206,U2OS,gapdh,tnpo1,image11,ch2,87,9.2175,10181.5146,231206_U2OS_gapdh_tnpo1_image11_ch2,-4
231206,U2OS,gapdh,tnpo1,image11,ch2,88,9.3247,10177.6289,231206_U2OS_gapdh_tnpo1_image11_ch2,-3
231206,U2OS,gapdh,tnpo1,image11,ch2,89,9.4318,10237.7217,231206_U2OS_gapdh_tnpo1_image11_ch2,-2
231206,U2OS,gapdh,tnpo1,image11,ch2,90,9.539,10376.7539,231206_U2OS_gapdh_tnpo1_image11_ch2,-1
231206,U2OS,gapdh,tnpo1,image11,ch2,91,9.6462,10543.1865,231206_U2OS_gapdh_tnpo1_image11_ch2,0
231206,U2OS,gapdh,tnpo1,image11,ch2,92,9.7534,10719.957,231206_U2OS_gapdh_tnpo1_image11_ch2,1
231206,U2OS,gapdh,tnpo1,image11,ch2,93,9.8606,10866.5381,231206_U2OS_gapdh_tnpo1_image11_ch2,2
231206,U2OS,gapdh,tnpo1,image11,ch2,94,9.9677,11023.957,231206_U2OS_gapdh_tnpo1_image11_ch2,3
231206,U2OS,gapdh,tnpo1,image11,ch2,95,10.0749,11260.8799,231206_U2OS_gapdh_tnpo1_image11_ch2,4
231206,U2OS,gapdh,tnpo1,image11,ch2,96,10.1821,11533.5176,231206_U2OS_gapdh_tnpo1_image11_ch2,5
231206,U2OS,gapdh,tnpo1,image11,ch2,97,10.2893,11761.8643,231206_U2OS_gapdh_tnpo1_image11_ch2,6
231206,U2OS,gapdh,tnpo1,image11,ch2,98,10.3965,11936.3037,231206_U2OS_gapdh_tnpo1_image11_ch2,7
231206,U2OS,gapdh,tnpo1,image11,ch2,99,10.5036,12122.9053,231206_U2OS_gapdh_tnpo1_image11_ch2,8
231206,U2OS,gapdh,tnpo1,image11,ch2,100,10.6108,12287.5049,231206_U2OS_gapdh_tnpo1_image11_ch2,9
231206,U2OS,gapdh,tnpo1,image11,ch2,101,10.718,12362.0557,231206_U2OS_gapdh_tnpo1_image11_ch2,10
231206,U2OS,gapdh,tnpo1,image11,ch2,102,10.8252,12296.127,231206_U2OS_gapdh_tnpo1_image11_ch2,11
231206,U2OS,gapdh,tnpo1,image11,ch2,103,10.9324,12177.4053,231206_U2OS_gapdh_tnpo1_image11_ch2,12
231206,U2OS,gapdh,tnpo1,image11,ch2,104,11.0395,12120.3555,231206_U2OS_gapdh_tnpo1_image11_ch2,13
231206,U2OS,gapdh,tnpo1,image11,ch2,105,11.1467,12059.2344,231206_U2OS_gapdh_tnpo1_image11_ch2,14
231206,U2OS,gapdh,tnpo1,image11,ch2,106,11.2539,12022.0537,231206_U2OS_gapdh_tnpo1_image11_ch2,15
231206,U2OS,gapdh,tnpo1,image11,ch2,107,11.3611,12007.1318,231206_U2OS_gapdh_tnpo1_image11_ch2,16
231206,U2OS,gapdh,tnpo1,image11,ch2,108,11.4683,12066.1855,231206_U2OS_gapdh_tnpo1_image11_ch2,17
231206,U2OS,gapdh,tnpo1,image11,ch2,109,11.5754,12135.5771,231206_U2OS_gapdh_tnpo1_image11_ch2,18
231206,U2OS,gapdh,tnpo1,image11,ch2,110,11.6826,12123.8311,231206_U2OS_gapdh_tnpo1_image11_ch2,19
231206,U2OS,gapdh,tnpo1,image11,ch2,111,11.7898,12080.7646,231206_U2OS_gapdh_tnpo1_image11_ch2,20
231206,U2OS,gapdh,tnpo1,image11,ch2,112,11.897,12040.2891,231206_U2OS_gapdh_tnpo1_image11_ch2,21
231206,U2OS,gapdh,tnpo1,image11,ch2,113,12.0042,11991.5449,231206_U2OS_gapdh_tnpo1_image11_ch2,22
231206,U2OS,gapdh,tnpo1,image11,ch2,114,12.1113,11905.6719,231206_U2OS_gapdh_tnpo1_image11_ch2,23
231206,U2OS,gapdh,tnpo1,image11,ch2,115,12.2185,11830.6787,231206_U2OS_gapdh_tnpo1_image11_ch2,24
231206,U2OS,gapdh,tnpo1,image11,ch2,116,12.3257,11796.5527,231206_U2OS_gapdh_tnpo1_image11_ch2,25
231206,U2OS,gapdh,tnpo1,image11,ch2,117,12.4329,11807.6904,231206_U2OS_gapdh_tnpo1_image11_ch2,26
231206,U2OS,gapdh,tnpo1,image11,ch2,118,12.5401,11805.5771,231206_U2OS_gapdh_tnpo1_image11_ch2,27
231206,U2OS,gapdh,tnpo1,image11,ch2,119,12.6472,11778.8389,231206_U2OS_gapdh_tnpo1_image11_ch2,28
231206,U2OS,gapdh,tnpo1,image11,ch2,120,12.7544,11732.3896,231206_U2OS_gapdh_tnpo1_image11_ch2,29
231206,U2OS,gapdh,tnpo1,image11,ch2,121,12.8616,11778.9648,231206_U2OS_gapdh_tnpo1_image11_ch2,30
231206,U2OS,gapdh,tnpo1,image11,ch2,122,12.9688,11888.1494,231206_U2OS_gapdh_tnpo1_image11_ch2,31
231206,U2OS,gapdh,tnpo1,image11,ch2,123,13.076,12031.8408,231206_U2OS_gapdh_tnpo1_image11_ch2,32
231206,U2OS,gapdh,tnpo1,image11,ch2,124,13.1831,12173.0469,231206_U2OS_gapdh_tnpo1_image11_ch2,33
231206,U2OS,gapdh,tnpo1,image11,ch2,125,13.2903,12292.959,231206_U2OS_gapdh_tnpo1_image11_ch2,34
231206,U2OS,gapdh,tnpo1,image11,ch2,126,13.3975,12371.2168,231206_U2OS_gapdh_tnpo1_image11_ch2,35
231206,U2OS,gapdh,tnpo1,image11,ch2,127,13.5047,12445.5068,231206_U2OS_gapdh_tnpo1_image11_ch2,36
231206,U2OS,gapdh,tnpo1,image11,ch2,128,13.6119,12459.3174,231206_U2OS_gapdh_tnpo1_image11_ch2,37
231206,U2OS,gapdh,tnpo1,image11,ch2,129,13.719,12450.5781,231206_U2OS_gapdh_tnpo1_image11_ch2,38
231206,U2OS,gapdh,tnpo1,image11,ch2,130,13.8262,12397.1709,231206_U2OS_gapdh_tnpo1_image11_ch2,39
231206,U2OS,gapdh,tnpo1,image11,ch2,131,13.9334,12297.1621,231206_U2OS_gapdh_tnpo1_image11_ch2,40
231206,U2OS,gapdh,tnpo1,image11,ch2,132,14.0406,12144.707,231206_U2OS_gapdh_tnpo1_image11_ch2,41
231206,U2OS,gapdh,tnpo1,image11,ch2,133,14.1478,11954.377,231206_U2OS_gapdh_tnpo1_image11_ch2,42
231206,U2OS,gapdh,tnpo1,image11,ch2,134,14.2549,11870.2158,231206_U2OS_gapdh_tnpo1_image11_ch2,43
231206,U2OS,gapdh,tnpo1,image11,ch2,135,14.3621,11775.8232,231206_U2OS_gapdh_tnpo1_image11_ch2,44
231206,U2OS,gapdh,tnpo1,image11,ch2,136,14.4693,11676.0996,231206_U2OS_gapdh_tnpo1_image11_ch2,45
231206,U2OS,gapdh,tnpo1,image11,ch2,137,14.5765,11581.8125,231206_U2OS_gapdh_tnpo1_image11_ch2,46
231206,U2OS,gapdh,tnpo1,image11,ch2,138,14.6837,11555.8115,231206_U2OS_gapdh_tnpo1_image11_ch2,47
231206,U2OS,gapdh,tnpo1,image11,ch2,139,14.7908,11574.2109,231206_U2OS_gapdh_tnpo1_image11_ch2,48
231206,U2OS,gapdh,tnpo1,image11,ch2,140,14.898,11559.2832,231206_U2OS_gapdh_tnpo1_image11_ch2,49
231206,U2OS,gapdh,tnpo1,image11,ch2,141,15.0052,11545.7744,231206_U2OS_gapdh_tnpo1_image11_ch2,50
231206,U2OS,gapdh,tnpo1,image11,ch2,142,15.1124,11537.3799,231206_U2OS_gapdh_tnpo1_image11_ch2,51
231206,U2OS,gapdh,tnpo1,image11,ch2,143,15.2196,11469.8535,231206_U2OS_gapdh_tnpo1_image11_ch2,52
231206,U2OS,gapdh,tnpo1,image11,ch2,144,15.3267,11302.2627,231206_U2OS_gapdh_tnpo1_image11_ch2,53
231206,U2OS,gapdh,tnpo1,image11,ch2,145,15.4339,11093.3721,231206_U2OS_gapdh_tnpo1_image11_ch2,54
231206,U2OS,gapdh,tnpo1,image11,ch2,146,15.5411,10867.9736,231206_U2OS_gapdh_tnpo1_image11_ch2,55
231206,U2OS,gapdh,tnpo1,image11,ch2,147,15.6483,10706.8105,231206_U2OS_gapdh_tnpo1_image11_ch2,56
231206,U2OS,gapdh,tnpo1,image11,ch2,148,15.7555,10569.2529,231206_U2OS_gapdh_tnpo1_image11_ch2,57
231206,U2OS,gapdh,tnpo1,image11,ch2,149,15.8626,10415.7979,231206_U2OS_gapdh_tnpo1_image11_ch2,58
231206,U2OS,gapdh,tnpo1,image11,ch2,150,15.9698,10275.0713,231206_U2OS_gapdh_tnpo1_image11_ch2,59
231206,U2OS,gapdh,tnpo1,image11,ch2,151,16.077,10160.4824,231206_U2OS_gapdh_tnpo1_image11_ch2,60
231206,U2OS,gapdh,tnpo1,image11,ch2,152,16.1842,10050.8184,231206_U2OS_gapdh_tnpo1_image11_ch2,61
231206,U2OS,gapdh,tnpo1,image11,ch2,153,16.2914,9954.2568,231206_U2OS_gapdh_tnpo1_image11_ch2,62
231206,U2OS,gapdh,tnpo1,image11,ch2,154,16.3985,9856.6279,231206_U2OS_gapdh_tnpo1_image11_ch2,63
231206,U2OS,gapdh,tnpo1,image11,ch2,155,16.5057,9817.3008,231206_U2OS_gapdh_tnpo1_image11_ch2,64
231206,U2OS,gapdh,tnpo1,image11,ch2,156,16.6129,9807.7676,231206_U2OS_gapdh_tnpo1_image11_ch2,65
231206,U2OS,gapdh,tnpo1,image11,ch2,157,16.7201,9824.2412,231206_U2OS_gapdh_tnpo1_image11_ch2,66
231206,U2OS,gapdh,tnpo1,image11,ch2,158,16.8273,9822.9619,231206_U2OS_gapdh_tnpo1_image11_ch2,67
231206,U2OS,gapdh,tnpo1,image11,ch2,159,16.9344,9795.8545,231206_U2OS_gapdh_tnpo1_image11_ch2,68
231206,U2OS,gapdh,tnpo1,image11,ch2,160,17.0416,9714.7676,231206_U2OS_gapdh_tnpo1_image11_ch2,69
231206,U2OS,gapdh,tnpo1,image11,ch2,161,17.1488,9558.1846,231206_U2OS_gapdh_tnpo1_image11_ch2,70
231206,U2OS,gapdh,tnpo1,image11,ch2,162,17.256,9369.252,231206_U2OS_gapdh_tnpo1_image11_ch2,71
231206,U2OS,gapdh,tnpo1,image11,ch2,163,17.3632,9154.46,231206_U2OS_gapdh_tnpo1_image11_ch2,72
231206,U2OS,gapdh,tnpo1,image11,ch2,164,17.4703,8966.7422,231206_U2OS_gapdh_tnpo1_image11_ch2,73
231206,U2OS,gapdh,tnpo1,image11,ch2,165,17.5775,8773.8125,231206_U2OS_gapdh_tnpo1_image11_ch2,74
231206,U2OS,gapdh,tnpo1,image11,ch2,166,17.6847,8631.4268,231206_U2OS_gapdh_tnpo1_image11_ch2,75
231206,U2OS,gapdh,tnpo1,image11,ch2,167,17.7919,8541.0898,231206_U2OS_gapdh_tnpo1_image11_ch2,76
231206,U2OS,gapdh,tnpo1,image11,ch2,168,17.8991,8512.4004,231206_U2OS_gapdh_tnpo1_image11_ch2,77
231206,U2OS,gapdh,tnpo1,image11,ch2,169,18.0062,8473.9131,231206_U2OS_gapdh_tnpo1_image11_ch2,78
231206,U2OS,gapdh,tnpo1,image11,ch2,170,18.1134,8434.8848,231206_U2OS_gapdh_tnpo1_image11_ch2,79
231206,U2OS,gapdh,tnpo1,image11,ch2,171,18.2206,8410.0645,231206_U2OS_gapdh_tnpo1_image11_ch2,80
231206,U2OS,gapdh,tnpo1,image11,ch2,172,18.3278,8428.2754,231206_U2OS_gapdh_tnpo1_image11_ch2,81
231206,U2OS,gapdh,tnpo1,image11,ch2,173,18.435,8532.4619,231206_U2OS_gapdh_tnpo1_image11_ch2,82
231206,U2OS,gapdh,tnpo1,image11,ch2,174,18.5421,8574.6807,231206_U2OS_gapdh_tnpo1_image11_ch2,83
231206,U2OS,gapdh,tnpo1,image11,ch2,175,18.6493,8464.8594,231206_U2OS_gapdh_tnpo1_image11_ch2,84
231206,U2OS,gapdh,tnpo1,image11,ch2,176,18.7565,8202.9961,231206_U2OS_gapdh_tnpo1_image11_ch2,85
231206,U2OS,gapdh,tnpo1,image11,ch2,177,18.8637,7938.7822,231206_U2OS_gapdh_tnpo1_image11_ch2,86
231206,U2OS,gapdh,tnpo1,image11,ch2,178,18.9709,7794.8262,231206_U2OS_gapdh_tnpo1_image11_ch2,87
231206,U2OS,gapdh,tnpo1,image11,ch2,179,19.078,7666.6924,231206_U2OS_gapdh_tnpo1_image11_ch2,88
231206,U2OS,gapdh,tnpo1,image11,ch2,180,19.1852,7538.1743,231206_U2OS_gapdh_tnpo1_image11_ch2,89
231206,U2OS,gapdh,tnpo1,image11,ch2,181,19.2924,7490.769,231206_U2OS_gapdh_tnpo1_image11_ch2,90
250802A,U2OS,gapdh,tnpo1,image01,ch1,1,0,2384.6365,250802A_U2OS_gapdh_tnpo1_image01_ch1,-90
250802A,U2OS,gapdh,tnpo1,image01,ch1,2,0.1072,2399.4504,250802A_U2OS_gapdh_tnpo1_image01_ch1,-89
250802A,U2OS,gapdh,tnpo1,image01,ch1,3,0.2144,2431.4573,250802A_U2OS_gapdh_tnpo1_image01_ch1,-88
250802A,U2OS,gapdh,tnpo1,image01,ch1,4,0.3215,2460.8684,250802A_U2OS_gapdh_tnpo1_image01_ch1,-87
250802A,U2OS,gapdh,tnpo1,image01,ch1,5,0.4287,2466.1282,250802A_U2OS_gapdh_tnpo1_image01_ch1,-86
250802A,U2OS,gapdh,tnpo1,image01,ch1,6,0.5359,2442.3811,250802A_U2OS_gapdh_tnpo1_image01_ch1,-85
250802A,U2OS,gapdh,tnpo1,image01,ch1,7,0.6431,2422.1853,250802A_U2OS_gapdh_tnpo1_image01_ch1,-84
250802A,U2OS,gapdh,tnpo1,image01,ch1,8,0.7503,2420.6506,250802A_U2OS_gapdh_tnpo1_image01_ch1,-83
250802A,U2OS,gapdh,tnpo1,image01,ch1,9,0.8574,2437.9658,250802A_U2OS_gapdh_tnpo1_image01_ch1,-82
250802A,U2OS,gapdh,tnpo1,image01,ch1,10,0.9646,2451.45,250802A_U2OS_gapdh_tnpo1_image01_ch1,-81
250802A,U2OS,gapdh,tnpo1,image01,ch1,11,1.0718,2446.7607,250802A_U2OS_gapdh_tnpo1_image01_ch1,-80
250802A,U2OS,gapdh,tnpo1,image01,ch1,12,1.179,2426.2502,250802A_U2OS_gapdh_tnpo1_image01_ch1,-79
250802A,U2OS,gapdh,tnpo1,image01,ch1,13,1.2862,2421.5244,250802A_U2OS_gapdh_tnpo1_image01_ch1,-78
250802A,U2OS,gapdh,tnpo1,image01,ch1,14,1.3933,2411.9219,250802A_U2OS_gapdh_tnpo1_image01_ch1,-77
250802A,U2OS,gapdh,tnpo1,image01,ch1,15,1.5005,2408.1121,250802A_U2OS_gapdh_tnpo1_image01_ch1,-76
250802A,U2OS,gapdh,tnpo1,image01,ch1,16,1.6077,2394.4707,250802A_U2OS_gapdh_tnpo1_image01_ch1,-75
250802A,U2OS,gapdh,tnpo1,image01,ch1,17,1.7149,2369.8059,250802A_U2OS_gapdh_tnpo1_image01_ch1,-74
250802A,U2OS,gapdh,tnpo1,image01,ch1,18,1.8221,2370.1367,250802A_U2OS_gapdh_tnpo1_image01_ch1,-73
250802A,U2OS,gapdh,tnpo1,image01,ch1,19,1.9292,2370.2222,250802A_U2OS_gapdh_tnpo1_image01_ch1,-72
250802A,U2OS,gapdh,tnpo1,image01,ch1,20,2.0364,2376.6638,250802A_U2OS_gapdh_tnpo1_image01_ch1,-71
250802A,U2OS,gapdh,tnpo1,image01,ch1,21,2.1436,2379.8254,250802A_U2OS_gapdh_tnpo1_image01_ch1,-70
250802A,U2OS,gapdh,tnpo1,image01,ch1,22,2.2508,2389.7,250802A_U2OS_gapdh_tnpo1_image01_ch1,-69
250802A,U2OS,gapdh,tnpo1,image01,ch1,23,2.358,2399.4119,250802A_U2OS_gapdh_tnpo1_image01_ch1,-68
250802A,U2OS,gapdh,tnpo1,image01,ch1,24,2.4651,2404.1501,250802A_U2OS_gapdh_tnpo1_image01_ch1,-67
250802A,U2OS,gapdh,tnpo1,image01,ch1,25,2.5723,2407.9656,250802A_U2OS_gapdh_tnpo1_image01_ch1,-66
250802A,U2OS,gapdh,tnpo1,image01,ch1,26,2.6795,2410.8032,250802A_U2OS_gapdh_tnpo1_image01_ch1,-65
250802A,U2OS,gapdh,tnpo1,image01,ch1,27,2.7867,2416.4519,250802A_U2OS_gapdh_tnpo1_image01_ch1,-64
250802A,U2OS,gapdh,tnpo1,image01,ch1,28,2.8939,2426.4236,250802A_U2OS_gapdh_tnpo1_image01_ch1,-63
250802A,U2OS,gapdh,tnpo1,image01,ch1,29,3.001,2447.741,250802A_U2OS_gapdh_tnpo1_image01_ch1,-62
250802A,U2OS,gapdh,tnpo1,image01,ch1,30,3.1082,2479.5747,250802A_U2OS_gapdh_tnpo1_image01_ch1,-61
250802A,U2OS,gapdh,tnpo1,image01,ch1,31,3.2154,2514.5691,250802A_U2OS_gapdh_tnpo1_image01_ch1,-60
250802A,U2OS,gapdh,tnpo1,image01,ch1,32,3.3226,2540.0029,250802A_U2OS_gapdh_tnpo1_image01_ch1,-59
250802A,U2OS,gapdh,tnpo1,image01,ch1,33,3.4298,2554.0767,250802A_U2OS_gapdh_tnpo1_image01_ch1,-58
250802A,U2OS,gapdh,tnpo1,image01,ch1,34,3.5369,2570.5137,250802A_U2OS_gapdh_tnpo1_image01_ch1,-57
250802A,U2OS,gapdh,tnpo1,image01,ch1,35,3.6441,2582.0061,250802A_U2OS_gapdh_tnpo1_image01_ch1,-56
250802A,U2OS,gapdh,tnpo1,image01,ch1,36,3.7513,2601.2493,250802A_U2OS_gapdh_tnpo1_image01_ch1,-55
250802A,U2OS,gapdh,tnpo1,image01,ch1,37,3.8585,2616.7383,250802A_U2OS_gapdh_tnpo1_image01_ch1,-54
250802A,U2OS,gapdh,tnpo1,image01,ch1,38,3.9657,2641.998,250802A_U2OS_gapdh_tnpo1_image01_ch1,-53
250802A,U2OS,gapdh,tnpo1,image01,ch1,39,4.0728,2683.626,250802A_U2OS_gapdh_tnpo1_image01_ch1,-52
250802A,U2OS,gapdh,tnpo1,image01,ch1,40,4.18,2702.8718,250802A_U2OS_gapdh_tnpo1_image01_ch1,-51
250802A,U2OS,gapdh,tnpo1,image01,ch1,41,4.2872,2681.8252,250802A_U2OS_gapdh_tnpo1_image01_ch1,-50
250802A,U2OS,gapdh,tnpo1,image01,ch1,42,4.3944,2619.7068,250802A_U2OS_gapdh_tnpo1_image01_ch1,-49
250802A,U2OS,gapdh,tnpo1,image01,ch1,43,4.5016,2558.218,250802A_U2OS_gapdh_tnpo1_image01_ch1,-48
250802A,U2OS,gapdh,tnpo1,image01,ch1,44,4.6087,2524.3882,250802A_U2OS_gapdh_tnpo1_image01_ch1,-47
250802A,U2OS,gapdh,tnpo1,image01,ch1,45,4.7159,2521.9248,250802A_U2OS_gapdh_tnpo1_image01_ch1,-46
250802A,U2OS,gapdh,tnpo1,image01,ch1,46,4.8231,2528.2197,250802A_U2OS_gapdh_tnpo1_image01_ch1,-45
250802A,U2OS,gapdh,tnpo1,image01,ch1,47,4.9303,2556.8853,250802A_U2OS_gapdh_tnpo1_image01_ch1,-44
250802A,U2OS,gapdh,tnpo1,image01,ch1,48,5.0375,2601.2996,250802A_U2OS_gapdh_tnpo1_image01_ch1,-43
250802A,U2OS,gapdh,tnpo1,image01,ch1,49,5.1446,2641.3618,250802A_U2OS_gapdh_tnpo1_image01_ch1,-42
250802A,U2OS,gapdh,tnpo1,image01,ch1,50,5.2518,2664.0574,250802A_U2OS_gapdh_tnpo1_image01_ch1,-41
250802A,U2OS,gapdh,tnpo1,image01,ch1,51,5.359,2638.9199,250802A_U2OS_gapdh_tnpo1_image01_ch1,-40
250802A,U2OS,gapdh,tnpo1,image01,ch1,52,5.4662,2603.3838,250802A_U2OS_gapdh_tnpo1_image01_ch1,-39
250802A,U2OS,gapdh,tnpo1,image01,ch1,53,5.5734,2594.9441,250802A_U2OS_gapdh_tnpo1_image01_ch1,-38
250802A,U2OS,gapdh,tnpo1,image01,ch1,54,5.6805,2604.4832,250802A_U2OS_gapdh_tnpo1_image01_ch1,-37
250802A,U2OS,gapdh,tnpo1,image01,ch1,55,5.7877,2627.8071,250802A_U2OS_gapdh_tnpo1_image01_ch1,-36
250802A,U2OS,gapdh,tnpo1,image01,ch1,56,5.8949,2635.6562,250802A_U2OS_gapdh_tnpo1_image01_ch1,-35
250802A,U2OS,gapdh,tnpo1,image01,ch1,57,6.0021,2619.1746,250802A_U2OS_gapdh_tnpo1_image01_ch1,-34
250802A,U2OS,gapdh,tnpo1,image01,ch1,58,6.1093,2580.3501,250802A_U2OS_gapdh_tnpo1_image01_ch1,-33
250802A,U2OS,gapdh,tnpo1,image01,ch1,59,6.2164,2562.8484,250802A_U2OS_gapdh_tnpo1_image01_ch1,-32
250802A,U2OS,gapdh,tnpo1,image01,ch1,60,6.3236,2572.3008,250802A_U2OS_gapdh_tnpo1_image01_ch1,-31
250802A,U2OS,gapdh,tnpo1,image01,ch1,61,6.4308,2582.2275,250802A_U2OS_gapdh_tnpo1_image01_ch1,-30
250802A,U2OS,gapdh,tnpo1,image01,ch1,62,6.538,2599.2117,250802A_U2OS_gapdh_tnpo1_image01_ch1,-29
250802A,U2OS,gapdh,tnpo1,image01,ch1,63,6.6452,2608.3691,250802A_U2OS_gapdh_tnpo1_image01_ch1,-28
250802A,U2OS,gapdh,tnpo1,image01,ch1,64,6.7523,2611.5852,250802A_U2OS_gapdh_tnpo1_image01_ch1,-27
250802A,U2OS,gapdh,tnpo1,image01,ch1,65,6.8595,2615.2769,250802A_U2OS_gapdh_tnpo1_image01_ch1,-26
250802A,U2OS,gapdh,tnpo1,image01,ch1,66,6.9667,2614.053,250802A_U2OS_gapdh_tnpo1_image01_ch1,-25
250802A,U2OS,gapdh,tnpo1,image01,ch1,67,7.0739,2621.2029000000002,250802A_U2OS_gapdh_tnpo1_image01_ch1,-24
250802A,U2OS,gapdh,tnpo1,image01,ch1,68,7.1811,2652.2466,250802A_U2OS_gapdh_tnpo1_image01_ch1,-23
250802A,U2OS,gapdh,tnpo1,image01,ch1,69,7.2882,2688.1675,250802A_U2OS_gapdh_tnpo1_image01_ch1,-22
250802A,U2OS,gapdh,tnpo1,image01,ch1,70,7.3954,2721.6221,250802A_U2OS_gapdh_tnpo1_image01_ch1,-21
250802A,U2OS,gapdh,tnpo1,image01,ch1,71,7.5026,2758.0398,250802A_U2OS_gapdh_tnpo1_image01_ch1,-20
250802A,U2OS,gapdh,tnpo1,image01,ch1,72,7.6098,2796.573,250802A_U2OS_gapdh_tnpo1_image01_ch1,-19
250802A,U2OS,gapdh,tnpo1,image01,ch1,73,7.717,2823.3191,250802A_U2OS_gapdh_tnpo1_image01_ch1,-18
250802A,U2OS,gapdh,tnpo1,image01,ch1,74,7.8241,2831.8242,250802A_U2OS_gapdh_tnpo1_image01_ch1,-17
250802A,U2OS,gapdh,tnpo1,image01,ch1,75,7.9313,2846.7722,250802A_U2OS_gapdh_tnpo1_image01_ch1,-16
250802A,U2OS,gapdh,tnpo1,image01,ch1,76,8.0385,2869.251,250802A_U2OS_gapdh_tnpo1_image01_ch1,-15
250802A,U2OS,gapdh,tnpo1,image01,ch1,77,8.1457,2920.7925,250802A_U2OS_gapdh_tnpo1_image01_ch1,-14
250802A,U2OS,gapdh,tnpo1,image01,ch1,78,8.2529,2984.7556,250802A_U2OS_gapdh_tnpo1_image01_ch1,-13
250802A,U2OS,gapdh,tnpo1,image01,ch1,79,8.36,3056.04,250802A_U2OS_gapdh_tnpo1_image01_ch1,-12
250802A,U2OS,gapdh,tnpo1,image01,ch1,80,8.4672,3102.2964,250802A_U2OS_gapdh_tnpo1_image01_ch1,-11
250802A,U2OS,gapdh,tnpo1,image01,ch1,81,8.5744,3122.209,250802A_U2OS_gapdh_tnpo1_image01_ch1,-10
250802A,U2OS,gapdh,tnpo1,image01,ch1,82,8.6816,3141.5735,250802A_U2OS_gapdh_tnpo1_image01_ch1,-9
250802A,U2OS,gapdh,tnpo1,image01,ch1,83,8.7888,3172.5913,250802A_U2OS_gapdh_tnpo1_image01_ch1,-8
250802A,U2OS,gapdh,tnpo1,image01,ch1,84,8.8959,3212.1394,250802A_U2OS_gapdh_tnpo1_image01_ch1,-7
250802A,U2OS,gapdh,tnpo1,image01,ch1,85,9.0031,3278.2864,250802A_U2OS_gapdh_tnpo1_image01_ch1,-6
250802A,U2OS,gapdh,tnpo1,image01,ch1,86,9.1103,3358.9873,250802A_U2OS_gapdh_tnpo1_image01_ch1,-5
250802A,U2OS,gapdh,tnpo1,image01,ch1,87,9.2175,3449.9587,250802A_U2OS_gapdh_tnpo1_image01_ch1,-4
250802A,U2OS,gapdh,tnpo1,image01,ch1,88,9.3247,3574.3469,250802A_U2OS_gapdh_tnpo1_image01_ch1,-3
250802A,U2OS,gapdh,tnpo1,image01,ch1,89,9.4318,3713.8364,250802A_U2OS_gapdh_tnpo1_image01_ch1,-2
250802A,U2OS,gapdh,tnpo1,image01,ch1,90,9.539,3856.2654000000002,250802A_U2OS_gapdh_tnpo1_image01_ch1,-1
250802A,U2OS,gapdh,tnpo1,image01,ch1,91,9.6462,3967.4988,250802A_U2OS_gapdh_tnpo1_image01_ch1,0
250802A,U2OS,gapdh,tnpo1,image01,ch1,92,9.7534,4023.2795,250802A_U2OS_gapdh_tnpo1_image01_ch1,1
250802A,U2OS,gapdh,tnpo1,image01,ch1,93,9.8606,4011.9407,250802A_U2OS_gapdh_tnpo1_image01_ch1,2
250802A,U2OS,gapdh,tnpo1,image01,ch1,94,9.9677,3987.1079,250802A_U2OS_gapdh_tnpo1_image01_ch1,3
250802A,U2OS,gapdh,tnpo1,image01,ch1,95,10.0749,3976.8213,250802A_U2OS_gapdh_tnpo1_image01_ch1,4
250802A,U2OS,gapdh,tnpo1,image01,ch1,96,10.1821,3995.27,250802A_U2OS_gapdh_tnpo1_image01_ch1,5
250802A,U2OS,gapdh,tnpo1,image01,ch1,97,10.2893,4025.2227,250802A_U2OS_gapdh_tnpo1_image01_ch1,6
250802A,U2OS,gapdh,tnpo1,image01,ch1,98,10.3965,4047.1282,250802A_U2OS_gapdh_tnpo1_image01_ch1,7
250802A,U2OS,gapdh,tnpo1,image01,ch1,99,10.5036,4058.354,250802A_U2OS_gapdh_tnpo1_image01_ch1,8
250802A,U2OS,gapdh,tnpo1,image01,ch1,100,10.6108,4090.6843,250802A_U2OS_gapdh_tnpo1_image01_ch1,9
250802A,U2OS,gapdh,tnpo1,image01,ch1,101,10.718,4111.6108,250802A_U2OS_gapdh_tnpo1_image01_ch1,10
250802A,U2OS,gapdh,tnpo1,image01,ch1,102,10.8252,4142.2607,250802A_U2OS_gapdh_tnpo1_image01_ch1,11
250802A,U2OS,gapdh,tnpo1,image01,ch1,103,10.9324,4171.8867,250802A_U2OS_gapdh_tnpo1_image01_ch1,12
250802A,U2OS,gapdh,tnpo1,image01,ch1,104,11.0395,4217.1294,250802A_U2OS_gapdh_tnpo1_image01_ch1,13
250802A,U2OS,gapdh,tnpo1,image01,ch1,105,11.1467,4271.4741,250802A_U2OS_gapdh_tnpo1_image01_ch1,14
250802A,U2OS,gapdh,tnpo1,image01,ch1,106,11.2539,4316.7705,250802A_U2OS_gapdh_tnpo1_image01_ch1,15
250802A,U2OS,gapdh,tnpo1,image01,ch1,107,11.3611,4317.7344,250802A_U2OS_gapdh_tnpo1_image01_ch1,16
250802A,U2OS,gapdh,tnpo1,image01,ch1,108,11.4683,4273.3726,250802A_U2OS_gapdh_tnpo1_image01_ch1,17
250802A,U2OS,gapdh,tnpo1,image01,ch1,109,11.5754,4213.7451,250802A_U2OS_gapdh_tnpo1_image01_ch1,18
250802A,U2OS,gapdh,tnpo1,image01,ch1,110,11.6826,4167.0635,250802A_U2OS_gapdh_tnpo1_image01_ch1,19
250802A,U2OS,gapdh,tnpo1,image01,ch1,111,11.7898,4143.7197,250802A_U2OS_gapdh_tnpo1_image01_ch1,20
250802A,U2OS,gapdh,tnpo1,image01,ch1,112,11.897,4132.7729,250802A_U2OS_gapdh_tnpo1_image01_ch1,21
250802A,U2OS,gapdh,tnpo1,image01,ch1,113,12.0042,4135.5254,250802A_U2OS_gapdh_tnpo1_image01_ch1,22
250802A,U2OS,gapdh,tnpo1,image01,ch1,114,12.1113,4142.2397,250802A_U2OS_gapdh_tnpo1_image01_ch1,23
250802A,U2OS,gapdh,tnpo1,image01,ch1,115,12.2185,4179.4038,250802A_U2OS_gapdh_tnpo1_image01_ch1,24
250802A,U2OS,gapdh,tnpo1,image01,ch1,116,12.3257,4247.084,250802A_U2OS_gapdh_tnpo1_image01_ch1,25
250802A,U2OS,gapdh,tnpo1,image01,ch1,117,12.4329,4319.0996,250802A_U2OS_gapdh_tnpo1_image01_ch1,26
250802A,U2OS,gapdh,tnpo1,image01,ch1,118,12.5401,4364.6704,250802A_U2OS_gapdh_tnpo1_image01_ch1,27
250802A,U2OS,gapdh,tnpo1,image01,ch1,119,12.6472,4410.0718,250802A_U2OS_gapdh_tnpo1_image01_ch1,28
250802A,U2OS,gapdh,tnpo1,image01,ch1,120,12.7544,4436.0249,250802A_U2OS_gapdh_tnpo1_image01_ch1,29
250802A,U2OS,gapdh,tnpo1,image01,ch1,121,12.8616,4457.6768,250802A_U2OS_gapdh_tnpo1_image01_ch1,30
250802A,U2OS,gapdh,tnpo1,image01,ch1,122,12.9688,4466.6172,250802A_U2OS_gapdh_tnpo1_image01_ch1,31
250802A,U2OS,gapdh,tnpo1,image01,ch1,123,13.076,4459.481,250802A_U2OS_gapdh_tnpo1_image01_ch1,32
250802A,U2OS,gapdh,tnpo1,image01,ch1,124,13.1831,4490.8042,250802A_U2OS_gapdh_tnpo1_image01_ch1,33
250802A,U2OS,gapdh,tnpo1,image01,ch1,125,13.2903,4543.7358,250802A_U2OS_gapdh_tnpo1_image01_ch1,34
250802A,U2OS,gapdh,tnpo1,image01,ch1,126,13.3975,4571.0664,250802A_U2OS_gapdh_tnpo1_image01_ch1,35
250802A,U2OS,gapdh,tnpo1,image01,ch1,127,13.5047,4562.0835,250802A_U2OS_gapdh_tnpo1_image01_ch1,36
250802A,U2OS,gapdh,tnpo1,image01,ch1,128,13.6119,4571.2563,250802A_U2OS_gapdh_tnpo1_image01_ch1,37
250802A,U2OS,gapdh,tnpo1,image01,ch1,129,13.719,4632.6187,250802A_U2OS_gapdh_tnpo1_image01_ch1,38
250802A,U2OS,gapdh,tnpo1,image01,ch1,130,13.8262,4723.168,250802A_U2OS_gapdh_tnpo1_image01_ch1,39
250802A,U2OS,gapdh,tnpo1,image01,ch1,131,13.9334,4791.2676,250802A_U2OS_gapdh_tnpo1_image01_ch1,40
250802A,U2OS,gapdh,tnpo1,image01,ch1,132,14.0406,4831.9897,250802A_U2OS_gapdh_tnpo1_image01_ch1,41
250802A,U2OS,gapdh,tnpo1,image01,ch1,133,14.1478,4833.1133,250802A_U2OS_gapdh_tnpo1_image01_ch1,42
250802A,U2OS,gapdh,tnpo1,image01,ch1,134,14.2549,4853.939,250802A_U2OS_gapdh_tnpo1_image01_ch1,43
250802A,U2OS,gapdh,tnpo1,image01,ch1,135,14.3621,4919.5293,250802A_U2OS_gapdh_tnpo1_image01_ch1,44
250802A,U2OS,gapdh,tnpo1,image01,ch1,136,14.4693,4989.9395,250802A_U2OS_gapdh_tnpo1_image01_ch1,45
250802A,U2OS,gapdh,tnpo1,image01,ch1,137,14.5765,4997.4883,250802A_U2OS_gapdh_tnpo1_image01_ch1,46
250802A,U2OS,gapdh,tnpo1,image01,ch1,138,14.6837,4911.7402,250802A_U2OS_gapdh_tnpo1_image01_ch1,47
250802A,U2OS,gapdh,tnpo1,image01,ch1,139,14.7908,4792.9902,250802A_U2OS_gapdh_tnpo1_image01_ch1,48
250802A,U2OS,gapdh,tnpo1,image01,ch1,140,14.898,4697.8672,250802A_U2OS_gapdh_tnpo1_image01_ch1,49
250802A,U2OS,gapdh,tnpo1,image01,ch1,141,15.0052,4633.2456,250802A_U2OS_gapdh_tnpo1_image01_ch1,50
250802A,U2OS,gapdh,tnpo1,image01,ch1,142,15.1124,4597.334,250802A_U2OS_gapdh_tnpo1_image01_ch1,51
250802A,U2OS,gapdh,tnpo1,image01,ch1,143,15.2196,4610.3579,250802A_U2OS_gapdh_tnpo1_image01_ch1,52
250802A,U2OS,gapdh,tnpo1,image01,ch1,144,15.3267,4649.7749,250802A_U2OS_gapdh_tnpo1_image01_ch1,53
250802A,U2OS,gapdh,tnpo1,image01,ch1,145,15.4339,4725.1772,250802A_U2OS_gapdh_tnpo1_image01_ch1,54
250802A,U2OS,gapdh,tnpo1,image01,ch1,146,15.5411,4866.0801,250802A_U2OS_gapdh_tnpo1_image01_ch1,55
250802A,U2OS,gapdh,tnpo1,image01,ch1,147,15.6483,4998.3442,250802A_U2OS_gapdh_tnpo1_image01_ch1,56
250802A,U2OS,gapdh,tnpo1,image01,ch1,148,15.7555,5023.0371,250802A_U2OS_gapdh_tnpo1_image01_ch1,57
250802A,U2OS,gapdh,tnpo1,image01,ch1,149,15.8626,4947.8213,250802A_U2OS_gapdh_tnpo1_image01_ch1,58
250802A,U2OS,gapdh,tnpo1,image01,ch1,150,15.9698,4810.2808000000005,250802A_U2OS_gapdh_tnpo1_image01_ch1,59
250802A,U2OS,gapdh,tnpo1,image01,ch1,151,16.077,4673.4619,250802A_U2OS_gapdh_tnpo1_image01_ch1,60
250802A,U2OS,gapdh,tnpo1,image01,ch1,152,16.1842,4588.3203,250802A_U2OS_gapdh_tnpo1_image01_ch1,61
250802A,U2OS,gapdh,tnpo1,image01,ch1,153,16.2914,4555.3706,250802A_U2OS_gapdh_tnpo1_image01_ch1,62
250802A,U2OS,gapdh,tnpo1,image01,ch1,154,16.3985,4617.3398,250802A_U2OS_gapdh_tnpo1_image01_ch1,63
250802A,U2OS,gapdh,tnpo1,image01,ch1,155,16.5057,4704.748,250802A_U2OS_gapdh_tnpo1_image01_ch1,64
250802A,U2OS,gapdh,tnpo1,image01,ch1,156,16.6129,4784.25,250802A_U2OS_gapdh_tnpo1_image01_ch1,65
250802A,U2OS,gapdh,tnpo1,image01,ch1,157,16.7201,4816.3882,250802A_U2OS_gapdh_tnpo1_image01_ch1,66
250802A,U2OS,gapdh,tnpo1,image01,ch1,158,16.8273,4805.2822,250802A_U2OS_gapdh_tnpo1_image01_ch1,67
250802A,U2OS,gapdh,tnpo1,image01,ch1,159,16.9344,4773.7993,250802A_U2OS_gapdh_tnpo1_image01_ch1,68
250802A,U2OS,gapdh,tnpo1,image01,ch1,160,17.0416,4716.6758,250802A_U2OS_gapdh_tnpo1_image01_ch1,69
250802A,U2OS,gapdh,tnpo1,image01,ch1,161,17.1488,4649.6636,250802A_U2OS_gapdh_tnpo1_image01_ch1,70
250802A,U2OS,gapdh,tnpo1,image01,ch1,162,17.256,4604.8525,250802A_U2OS_gapdh_tnpo1_image01_ch1,71
250802A,U2OS,gapdh,tnpo1,image01,ch1,163,17.3632,4615.8882,250802A_U2OS_gapdh_tnpo1_image01_ch1,72
250802A,U2OS,gapdh,tnpo1,image01,ch1,164,17.4703,4636.2241,250802A_U2OS_gapdh_tnpo1_image01_ch1,73
250802A,U2OS,gapdh,tnpo1,image01,ch1,165,17.5775,4648.3911,250802A_U2OS_gapdh_tnpo1_image01_ch1,74
250802A,U2OS,gapdh,tnpo1,image01,ch1,166,17.6847,4632.1318,250802A_U2OS_gapdh_tnpo1_image01_ch1,75
250802A,U2OS,gapdh,tnpo1,image01,ch1,167,17.7919,4609.7163,250802A_U2OS_gapdh_tnpo1_image01_ch1,76
250802A,U2OS,gapdh,tnpo1,image01,ch1,168,17.8991,4589.7637,250802A_U2OS_gapdh_tnpo1_image01_ch1,77
250802A,U2OS,gapdh,tnpo1,image01,ch1,169,18.0062,4579.8506,250802A_U2OS_gapdh_tnpo1_image01_ch1,78
250802A,U2OS,gapdh,tnpo1,image01,ch1,170,18.1134,4562.7271,250802A_U2OS_gapdh_tnpo1_image01_ch1,79
250802A,U2OS,gapdh,tnpo1,image01,ch1,171,18.2206,4510.6226,250802A_U2OS_gapdh_tnpo1_image01_ch1,80
250802A,U2OS,gapdh,tnpo1,image01,ch1,172,18.3278,4407.8979,250802A_U2OS_gapdh_tnpo1_image01_ch1,81
250802A,U2OS,gapdh,tnpo1,image01,ch1,173,18.435,4327.9473,250802A_U2OS_gapdh_tnpo1_image01_ch1,82
250802A,U2OS,gapdh,tnpo1,image01,ch1,174,18.5421,4304.2856,250802A_U2OS_gapdh_tnpo1_image01_ch1,83
250802A,U2OS,gapdh,tnpo1,image01,ch1,175,18.6493,4290.3716,250802A_U2OS_gapdh_tnpo1_image01_ch1,84
250802A,U2OS,gapdh,tnpo1,image01,ch1,176,18.7565,4261.4912,250802A_U2OS_gapdh_tnpo1_image01_ch1,85
250802A,U2OS,gapdh,tnpo1,image01,ch1,177,18.8637,4209.8867,250802A_U2OS_gapdh_tnpo1_image01_ch1,86
250802A,U2OS,gapdh,tnpo1,image01,ch1,178,18.9709,4153.0054,250802A_U2OS_gapdh_tnpo1_image01_ch1,87
250802A,U2OS,gapdh,tnpo1,image01,ch1,179,19.078,4148.0928,250802A_U2OS_gapdh_tnpo1_image01_ch1,88
250802A,U2OS,gapdh,tnpo1,image01,ch1,180,19.1852,4176.4912,250802A_U2OS_gapdh_tnpo1_image01_ch1,89
250802A,U2OS,gapdh,tnpo1,image01,ch1,181,19.2924,4229.9976,250802A_U2OS_gapdh_tnpo1_image01_ch1,90
250802A,U2OS,gapdh,tnpo1,image01,ch2,1,0,3332.5234,250802A_U2OS_gapdh_tnpo1_image01_ch2,-90
250802A,U2OS,gapdh,tnpo1,image01,ch2,2,0.1072,3406.5034,250802A_U2OS_gapdh_tnpo1_image01_ch2,-89
250802A,U2OS,gapdh,tnpo1,image01,ch2,3,0.2144,3436.3108,250802A_U2OS_gapdh_tnpo1_image01_ch2,-88
250802A,U2OS,gapdh,tnpo1,image01,ch2,4,0.3215,3399.5989,250802A_U2OS_gapdh_tnpo1_image01_ch2,-87
250802A,U2OS,gapdh,tnpo1,image01,ch2,5,0.4287,3308.9568,250802A_U2OS_gapdh_tnpo1_image01_ch2,-86
250802A,U2OS,gapdh,tnpo1,image01,ch2,6,0.5359,3231.8052,250802A_U2OS_gapdh_tnpo1_image01_ch2,-85
250802A,U2OS,gapdh,tnpo1,image01,ch2,7,0.6431,3198.1897,250802A_U2OS_gapdh_tnpo1_image01_ch2,-84
250802A,U2OS,gapdh,tnpo1,image01,ch2,8,0.7503,3168.842,250802A_U2OS_gapdh_tnpo1_image01_ch2,-83
250802A,U2OS,gapdh,tnpo1,image01,ch2,9,0.8574,3150.3433,250802A_U2OS_gapdh_tnpo1_image01_ch2,-82
250802A,U2OS,gapdh,tnpo1,image01,ch2,10,0.9646,3142.5444,250802A_U2OS_gapdh_tnpo1_image01_ch2,-81
250802A,U2OS,gapdh,tnpo1,image01,ch2,11,1.0718,3147.0374,250802A_U2OS_gapdh_tnpo1_image01_ch2,-80
250802A,U2OS,gapdh,tnpo1,image01,ch2,12,1.179,3133.5227,250802A_U2OS_gapdh_tnpo1_image01_ch2,-79
250802A,U2OS,gapdh,tnpo1,image01,ch2,13,1.2862,3136.281,250802A_U2OS_gapdh_tnpo1_image01_ch2,-78
250802A,U2OS,gapdh,tnpo1,image01,ch2,14,1.3933,3138.2131,250802A_U2OS_gapdh_tnpo1_image01_ch2,-77
250802A,U2OS,gapdh,tnpo1,image01,ch2,15,1.5005,3135.5049,250802A_U2OS_gapdh_tnpo1_image01_ch2,-76
250802A,U2OS,gapdh,tnpo1,image01,ch2,16,1.6077,3133.468,250802A_U2OS_gapdh_tnpo1_image01_ch2,-75
250802A,U2OS,gapdh,tnpo1,image01,ch2,17,1.7149,3132.7603,250802A_U2OS_gapdh_tnpo1_image01_ch2,-74
250802A,U2OS,gapdh,tnpo1,image01,ch2,18,1.8221,3134.7969,250802A_U2OS_gapdh_tnpo1_image01_ch2,-73
250802A,U2OS,gapdh,tnpo1,image01,ch2,19,1.9292,3140.1848,250802A_U2OS_gapdh_tnpo1_image01_ch2,-72
250802A,U2OS,gapdh,tnpo1,image01,ch2,20,2.0364,3161.4255,250802A_U2OS_gapdh_tnpo1_image01_ch2,-71
250802A,U2OS,gapdh,tnpo1,image01,ch2,21,2.1436,3198.4197,250802A_U2OS_gapdh_tnpo1_image01_ch2,-70
250802A,U2OS,gapdh,tnpo1,image01,ch2,22,2.2508,3239.4822,250802A_U2OS_gapdh_tnpo1_image01_ch2,-69
250802A,U2OS,gapdh,tnpo1,image01,ch2,23,2.358,3259.1917,250802A_U2OS_gapdh_tnpo1_image01_ch2,-68
250802A,U2OS,gapdh,tnpo1,image01,ch2,24,2.4651,3257.9382,250802A_U2OS_gapdh_tnpo1_image01_ch2,-67
250802A,U2OS,gapdh,tnpo1,image01,ch2,25,2.5723,3252.8696,250802A_U2OS_gapdh_tnpo1_image01_ch2,-66
250802A,U2OS,gapdh,tnpo1,image01,ch2,26,2.6795,3250.2258,250802A_U2OS_gapdh_tnpo1_image01_ch2,-65
250802A,U2OS,gapdh,tnpo1,image01,ch2,27,2.7867,3232.3206,250802A_U2OS_gapdh_tnpo1_image01_ch2,-64
250802A,U2OS,gapdh,tnpo1,image01,ch2,28,2.8939,3225.127,250802A_U2OS_gapdh_tnpo1_image01_ch2,-63
250802A,U2OS,gapdh,tnpo1,image01,ch2,29,3.001,3218.5676,250802A_U2OS_gapdh_tnpo1_image01_ch2,-62
250802A,U2OS,gapdh,tnpo1,image01,ch2,30,3.1082,3211.4631,250802A_U2OS_gapdh_tnpo1_image01_ch2,-61
250802A,U2OS,gapdh,tnpo1,image01,ch2,31,3.2154,3214.4124,250802A_U2OS_gapdh_tnpo1_image01_ch2,-60
250802A,U2OS,gapdh,tnpo1,image01,ch2,32,3.3226,3205.2681,250802A_U2OS_gapdh_tnpo1_image01_ch2,-59
250802A,U2OS,gapdh,tnpo1,image01,ch2,33,3.4298,3211.6794,250802A_U2OS_gapdh_tnpo1_image01_ch2,-58
250802A,U2OS,gapdh,tnpo1,image01,ch2,34,3.5369,3231.8958,250802A_U2OS_gapdh_tnpo1_image01_ch2,-57
250802A,U2OS,gapdh,tnpo1,image01,ch2,35,3.6441,3223.0264,250802A_U2OS_gapdh_tnpo1_image01_ch2,-56
250802A,U2OS,gapdh,tnpo1,image01,ch2,36,3.7513,3202.7505,250802A_U2OS_gapdh_tnpo1_image01_ch2,-55
250802A,U2OS,gapdh,tnpo1,image01,ch2,37,3.8585,3176.948,250802A_U2OS_gapdh_tnpo1_image01_ch2,-54
250802A,U2OS,gapdh,tnpo1,image01,ch2,38,3.9657,3175.1853,250802A_U2OS_gapdh_tnpo1_image01_ch2,-53
250802A,U2OS,gapdh,tnpo1,image01,ch2,39,4.0728,3175.3152,250802A_U2OS_gapdh_tnpo1_image01_ch2,-52
250802A,U2OS,gapdh,tnpo1,image01,ch2,40,4.18,3179.9082,250802A_U2OS_gapdh_tnpo1_image01_ch2,-51
250802A,U2OS,gapdh,tnpo1,image01,ch2,41,4.2872,3184.6665,250802A_U2OS_gapdh_tnpo1_image01_ch2,-50
250802A,U2OS,gapdh,tnpo1,image01,ch2,42,4.3944,3197.7458,250802A_U2OS_gapdh_tnpo1_image01_ch2,-49
250802A,U2OS,gapdh,tnpo1,image01,ch2,43,4.5016,3204.8218,250802A_U2OS_gapdh_tnpo1_image01_ch2,-48
250802A,U2OS,gapdh,tnpo1,image01,ch2,44,4.6087,3217.9365,250802A_U2OS_gapdh_tnpo1_image01_ch2,-47
250802A,U2OS,gapdh,tnpo1,image01,ch2,45,4.7159,3250.3096,250802A_U2OS_gapdh_tnpo1_image01_ch2,-46
250802A,U2OS,gapdh,tnpo1,image01,ch2,46,4.8231,3273.8948,250802A_U2OS_gapdh_tnpo1_image01_ch2,-45
250802A,U2OS,gapdh,tnpo1,image01,ch2,47,4.9303,3287.1331,250802A_U2OS_gapdh_tnpo1_image01_ch2,-44
250802A,U2OS,gapdh,tnpo1,image01,ch2,48,5.0375,3295.7637,250802A_U2OS_gapdh_tnpo1_image01_ch2,-43
250802A,U2OS,gapdh,tnpo1,image01,ch2,49,5.1446,3296.7036,250802A_U2OS_gapdh_tnpo1_image01_ch2,-42
250802A,U2OS,gapdh,tnpo1,image01,ch2,50,5.2518,3285.9622,250802A_U2OS_gapdh_tnpo1_image01_ch2,-41
250802A,U2OS,gapdh,tnpo1,image01,ch2,51,5.359,3281.4419,250802A_U2OS_gapdh_tnpo1_image01_ch2,-40
250802A,U2OS,gapdh,tnpo1,image01,ch2,52,5.4662,3293.2363,250802A_U2OS_gapdh_tnpo1_image01_ch2,-39
250802A,U2OS,gapdh,tnpo1,image01,ch2,53,5.5734,3305.0786,250802A_U2OS_gapdh_tnpo1_image01_ch2,-38
250802A,U2OS,gapdh,tnpo1,image01,ch2,54,5.6805,3313.5149,250802A_U2OS_gapdh_tnpo1_image01_ch2,-37
250802A,U2OS,gapdh,tnpo1,image01,ch2,55,5.7877,3305.8474,250802A_U2OS_gapdh_tnpo1_image01_ch2,-36
250802A,U2OS,gapdh,tnpo1,image01,ch2,56,5.8949,3303.8655,250802A_U2OS_gapdh_tnpo1_image01_ch2,-35
250802A,U2OS,gapdh,tnpo1,image01,ch2,57,6.0021,3318.075,250802A_U2OS_gapdh_tnpo1_image01_ch2,-34
250802A,U2OS,gapdh,tnpo1,image01,ch2,58,6.1093,3337.2483,250802A_U2OS_gapdh_tnpo1_image01_ch2,-33
250802A,U2OS,gapdh,tnpo1,image01,ch2,59,6.2164,3337.9158,250802A_U2OS_gapdh_tnpo1_image01_ch2,-32
250802A,U2OS,gapdh,tnpo1,image01,ch2,60,6.3236,3321.8943,250802A_U2OS_gapdh_tnpo1_image01_ch2,-31
250802A,U2OS,gapdh,tnpo1,image01,ch2,61,6.4308,3306.9917,250802A_U2OS_gapdh_tnpo1_image01_ch2,-30
250802A,U2OS,gapdh,tnpo1,image01,ch2,62,6.538,3304.2903,250802A_U2OS_gapdh_tnpo1_image01_ch2,-29
250802A,U2OS,gapdh,tnpo1,image01,ch2,63,6.6452,3309.8396,250802A_U2OS_gapdh_tnpo1_image01_ch2,-28
250802A,U2OS,gapdh,tnpo1,image01,ch2,64,6.7523,3325.0725,250802A_U2OS_gapdh_tnpo1_image01_ch2,-27
250802A,U2OS,gapdh,tnpo1,image01,ch2,65,6.8595,3328.3193,250802A_U2OS_gapdh_tnpo1_image01_ch2,-26
250802A,U2OS,gapdh,tnpo1,image01,ch2,66,6.9667,3311.2053,250802A_U2OS_gapdh_tnpo1_image01_ch2,-25
250802A,U2OS,gapdh,tnpo1,image01,ch2,67,7.0739,3297.3772,250802A_U2OS_gapdh_tnpo1_image01_ch2,-24
250802A,U2OS,gapdh,tnpo1,image01,ch2,68,7.1811,3291.0918,250802A_U2OS_gapdh_tnpo1_image01_ch2,-23
250802A,U2OS,gapdh,tnpo1,image01,ch2,69,7.2882,3298.5691,250802A_U2OS_gapdh_tnpo1_image01_ch2,-22
250802A,U2OS,gapdh,tnpo1,image01,ch2,70,7.3954,3305.8872,250802A_U2OS_gapdh_tnpo1_image01_ch2,-21
250802A,U2OS,gapdh,tnpo1,image01,ch2,71,7.5026,3308.2798,250802A_U2OS_gapdh_tnpo1_image01_ch2,-20
250802A,U2OS,gapdh,tnpo1,image01,ch2,72,7.6098,3314.1455,250802A_U2OS_gapdh_tnpo1_image01_ch2,-19
250802A,U2OS,gapdh,tnpo1,image01,ch2,73,7.717,3326.4663,250802A_U2OS_gapdh_tnpo1_image01_ch2,-18
250802A,U2OS,gapdh,tnpo1,image01,ch2,74,7.8241,3343.0356,250802A_U2OS_gapdh_tnpo1_image01_ch2,-17
250802A,U2OS,gapdh,tnpo1,image01,ch2,75,7.9313,3366.7556,250802A_U2OS_gapdh_tnpo1_image01_ch2,-16
250802A,U2OS,gapdh,tnpo1,image01,ch2,76,8.0385,3390.3037,250802A_U2OS_gapdh_tnpo1_image01_ch2,-15
250802A,U2OS,gapdh,tnpo1,image01,ch2,77,8.1457,3415.8159,250802A_U2OS_gapdh_tnpo1_image01_ch2,-14
250802A,U2OS,gapdh,tnpo1,image01,ch2,78,8.2529,3441.0669,250802A_U2OS_gapdh_tnpo1_image01_ch2,-13
250802A,U2OS,gapdh,tnpo1,image01,ch2,79,8.36,3460.2903,250802A_U2OS_gapdh_tnpo1_image01_ch2,-12
250802A,U2OS,gapdh,tnpo1,image01,ch2,80,8.4672,3467.3479,250802A_U2OS_gapdh_tnpo1_image01_ch2,-11
250802A,U2OS,gapdh,tnpo1,image01,ch2,81,8.5744,3474.458,250802A_U2OS_gapdh_tnpo1_image01_ch2,-10
250802A,U2OS,gapdh,tnpo1,image01,ch2,82,8.6816,3491.9204,250802A_U2OS_gapdh_tnpo1_image01_ch2,-9
250802A,U2OS,gapdh,tnpo1,image01,ch2,83,8.7888,3511.6824,250802A_U2OS_gapdh_tnpo1_image01_ch2,-8
250802A,U2OS,gapdh,tnpo1,image01,ch2,84,8.8959,3538.3545,250802A_U2OS_gapdh_tnpo1_image01_ch2,-7
250802A,U2OS,gapdh,tnpo1,image01,ch2,85,9.0031,3565.0762,250802A_U2OS_gapdh_tnpo1_image01_ch2,-6
250802A,U2OS,gapdh,tnpo1,image01,ch2,86,9.1103,3604.8066,250802A_U2OS_gapdh_tnpo1_image01_ch2,-5
250802A,U2OS,gapdh,tnpo1,image01,ch2,87,9.2175,3648.4163,250802A_U2OS_gapdh_tnpo1_image01_ch2,-4
250802A,U2OS,gapdh,tnpo1,image01,ch2,88,9.3247,3667.1089,250802A_U2OS_gapdh_tnpo1_image01_ch2,-3
250802A,U2OS,gapdh,tnpo1,image01,ch2,89,9.4318,3677.4817,250802A_U2OS_gapdh_tnpo1_image01_ch2,-2
250802A,U2OS,gapdh,tnpo1,image01,ch2,90,9.539,3694.6589,250802A_U2OS_gapdh_tnpo1_image01_ch2,-1
250802A,U2OS,gapdh,tnpo1,image01,ch2,91,9.6462,3703.4226,250802A_U2OS_gapdh_tnpo1_image01_ch2,0
250802A,U2OS,gapdh,tnpo1,image01,ch2,92,9.7534,3735.6763,250802A_U2OS_gapdh_tnpo1_image01_ch2,1
250802A,U2OS,gapdh,tnpo1,image01,ch2,93,9.8606,3753.6711,250802A_U2OS_gapdh_tnpo1_image01_ch2,2
250802A,U2OS,gapdh,tnpo1,image01,ch2,94,9.9677,3770.8621,250802A_U2OS_gapdh_tnpo1_image01_ch2,3
250802A,U2OS,gapdh,tnpo1,image01,ch2,95,10.0749,3788.0713,250802A_U2OS_gapdh_tnpo1_image01_ch2,4
250802A,U2OS,gapdh,tnpo1,image01,ch2,96,10.1821,3808.4773,250802A_U2OS_gapdh_tnpo1_image01_ch2,5
250802A,U2OS,gapdh,tnpo1,image01,ch2,97,10.2893,3831.8577,250802A_U2OS_gapdh_tnpo1_image01_ch2,6
250802A,U2OS,gapdh,tnpo1,image01,ch2,98,10.3965,3858.4448,250802A_U2OS_gapdh_tnpo1_image01_ch2,7
250802A,U2OS,gapdh,tnpo1,image01,ch2,99,10.5036,3886.8462,250802A_U2OS_gapdh_tnpo1_image01_ch2,8
250802A,U2OS,gapdh,tnpo1,image01,ch2,100,10.6108,3918.0608,250802A_U2OS_gapdh_tnpo1_image01_ch2,9
250802A,U2OS,gapdh,tnpo1,image01,ch2,101,10.718,3940.3799,250802A_U2OS_gapdh_tnpo1_image01_ch2,10
250802A,U2OS,gapdh,tnpo1,image01,ch2,102,10.8252,3952.6279,250802A_U2OS_gapdh_tnpo1_image01_ch2,11
250802A,U2OS,gapdh,tnpo1,image01,ch2,103,10.9324,3966.9321,250802A_U2OS_gapdh_tnpo1_image01_ch2,12
250802A,U2OS,gapdh,tnpo1,image01,ch2,104,11.0395,3981.7107,250802A_U2OS_gapdh_tnpo1_image01_ch2,13
250802A,U2OS,gapdh,tnpo1,image01,ch2,105,11.1467,3992.533,250802A_U2OS_gapdh_tnpo1_image01_ch2,14
250802A,U2OS,gapdh,tnpo1,image01,ch2,106,11.2539,4001.0159,250802A_U2OS_gapdh_tnpo1_image01_ch2,15
250802A,U2OS,gapdh,tnpo1,image01,ch2,107,11.3611,4017.9988,250802A_U2OS_gapdh_tnpo1_image01_ch2,16
250802A,U2OS,gapdh,tnpo1,image01,ch2,108,11.4683,4038.9482,250802A_U2OS_gapdh_tnpo1_image01_ch2,17
250802A,U2OS,gapdh,tnpo1,image01,ch2,109,11.5754,4058.7214,250802A_U2OS_gapdh_tnpo1_image01_ch2,18
250802A,U2OS,gapdh,tnpo1,image01,ch2,110,11.6826,4081.2598,250802A_U2OS_gapdh_tnpo1_image01_ch2,19
250802A,U2OS,gapdh,tnpo1,image01,ch2,111,11.7898,4101.1328,250802A_U2OS_gapdh_tnpo1_image01_ch2,20
250802A,U2OS,gapdh,tnpo1,image01,ch2,112,11.897,4125.0586,250802A_U2OS_gapdh_tnpo1_image01_ch2,21
250802A,U2OS,gapdh,tnpo1,image01,ch2,113,12.0042,4146.6743,250802A_U2OS_gapdh_tnpo1_image01_ch2,22
250802A,U2OS,gapdh,tnpo1,image01,ch2,114,12.1113,4154.6255,250802A_U2OS_gapdh_tnpo1_image01_ch2,23
250802A,U2OS,gapdh,tnpo1,image01,ch2,115,12.2185,4162.8174,250802A_U2OS_gapdh_tnpo1_image01_ch2,24
250802A,U2OS,gapdh,tnpo1,image01,ch2,116,12.3257,4163.6455,250802A_U2OS_gapdh_tnpo1_image01_ch2,25
250802A,U2OS,gapdh,tnpo1,image01,ch2,117,12.4329,4177.7974,250802A_U2OS_gapdh_tnpo1_image01_ch2,26
250802A,U2OS,gapdh,tnpo1,image01,ch2,118,12.5401,4181.7261,250802A_U2OS_gapdh_tnpo1_image01_ch2,27
250802A,U2OS,gapdh,tnpo1,image01,ch2,119,12.6472,4187.8975,250802A_U2OS_gapdh_tnpo1_image01_ch2,28
250802A,U2OS,gapdh,tnpo1,image01,ch2,120,12.7544,4173.4731,250802A_U2OS_gapdh_tnpo1_image01_ch2,29
250802A,U2OS,gapdh,tnpo1,image01,ch2,121,12.8616,4164.0269,250802A_U2OS_gapdh_tnpo1_image01_ch2,30
250802A,U2OS,gapdh,tnpo1,image01,ch2,122,12.9688,4156.0493,250802A_U2OS_gapdh_tnpo1_image01_ch2,31
250802A,U2OS,gapdh,tnpo1,image01,ch2,123,13.076,4133.0039,250802A_U2OS_gapdh_tnpo1_image01_ch2,32
250802A,U2OS,gapdh,tnpo1,image01,ch2,124,13.1831,4112.5186,250802A_U2OS_gapdh_tnpo1_image01_ch2,33
250802A,U2OS,gapdh,tnpo1,image01,ch2,125,13.2903,4082.7109,250802A_U2OS_gapdh_tnpo1_image01_ch2,34
250802A,U2OS,gapdh,tnpo1,image01,ch2,126,13.3975,4053.4243,250802A_U2OS_gapdh_tnpo1_image01_ch2,35
250802A,U2OS,gapdh,tnpo1,image01,ch2,127,13.5047,4005.6758,250802A_U2OS_gapdh_tnpo1_image01_ch2,36
250802A,U2OS,gapdh,tnpo1,image01,ch2,128,13.6119,3965.1028,250802A_U2OS_gapdh_tnpo1_image01_ch2,37
250802A,U2OS,gapdh,tnpo1,image01,ch2,129,13.719,3930.4854,250802A_U2OS_gapdh_tnpo1_image01_ch2,38
250802A,U2OS,gapdh,tnpo1,image01,ch2,130,13.8262,3904.6184,250802A_U2OS_gapdh_tnpo1_image01_ch2,39
250802A,U2OS,gapdh,tnpo1,image01,ch2,131,13.9334,3878.6562,250802A_U2OS_gapdh_tnpo1_image01_ch2,40
250802A,U2OS,gapdh,tnpo1,image01,ch2,132,14.0406,3838.5713,250802A_U2OS_gapdh_tnpo1_image01_ch2,41
250802A,U2OS,gapdh,tnpo1,image01,ch2,133,14.1478,3800.7693,250802A_U2OS_gapdh_tnpo1_image01_ch2,42
250802A,U2OS,gapdh,tnpo1,image01,ch2,134,14.2549,3761.7236,250802A_U2OS_gapdh_tnpo1_image01_ch2,43
250802A,U2OS,gapdh,tnpo1,image01,ch2,135,14.3621,3717.5293,250802A_U2OS_gapdh_tnpo1_image01_ch2,44
250802A,U2OS,gapdh,tnpo1,image01,ch2,136,14.4693,3676.1541,250802A_U2OS_gapdh_tnpo1_image01_ch2,45
250802A,U2OS,gapdh,tnpo1,image01,ch2,137,14.5765,3634.1357,250802A_U2OS_gapdh_tnpo1_image01_ch2,46
250802A,U2OS,gapdh,tnpo1,image01,ch2,138,14.6837,3613.9817,250802A_U2OS_gapdh_tnpo1_image01_ch2,47
250802A,U2OS,gapdh,tnpo1,image01,ch2,139,14.7908,3587.3318,250802A_U2OS_gapdh_tnpo1_image01_ch2,48
250802A,U2OS,gapdh,tnpo1,image01,ch2,140,14.898,3574.3145,250802A_U2OS_gapdh_tnpo1_image01_ch2,49
250802A,U2OS,gapdh,tnpo1,image01,ch2,141,15.0052,3557.4043,250802A_U2OS_gapdh_tnpo1_image01_ch2,50
250802A,U2OS,gapdh,tnpo1,image01,ch2,142,15.1124,3525.9648,250802A_U2OS_gapdh_tnpo1_image01_ch2,51
250802A,U2OS,gapdh,tnpo1,image01,ch2,143,15.2196,3504.0007,250802A_U2OS_gapdh_tnpo1_image01_ch2,52
250802A,U2OS,gapdh,tnpo1,image01,ch2,144,15.3267,3493.2988,250802A_U2OS_gapdh_tnpo1_image01_ch2,53
250802A,U2OS,gapdh,tnpo1,image01,ch2,145,15.4339,3480.2268,250802A_U2OS_gapdh_tnpo1_image01_ch2,54
250802A,U2OS,gapdh,tnpo1,image01,ch2,146,15.5411,3459.8716,250802A_U2OS_gapdh_tnpo1_image01_ch2,55
250802A,U2OS,gapdh,tnpo1,image01,ch2,147,15.6483,3449.7285,250802A_U2OS_gapdh_tnpo1_image01_ch2,56
250802A,U2OS,gapdh,tnpo1,image01,ch2,148,15.7555,3432.8438,250802A_U2OS_gapdh_tnpo1_image01_ch2,57
250802A,U2OS,gapdh,tnpo1,image01,ch2,149,15.8626,3440.1118,250802A_U2OS_gapdh_tnpo1_image01_ch2,58
250802A,U2OS,gapdh,tnpo1,image01,ch2,150,15.9698,3449.7878,250802A_U2OS_gapdh_tnpo1_image01_ch2,59
250802A,U2OS,gapdh,tnpo1,image01,ch2,151,16.077,3449.6357,250802A_U2OS_gapdh_tnpo1_image01_ch2,60
250802A,U2OS,gapdh,tnpo1,image01,ch2,152,16.1842,3436.8604,250802A_U2OS_gapdh_tnpo1_image01_ch2,61
250802A,U2OS,gapdh,tnpo1,image01,ch2,153,16.2914,3428.1746,250802A_U2OS_gapdh_tnpo1_image01_ch2,62
250802A,U2OS,gapdh,tnpo1,image01,ch2,154,16.3985,3417.8179,250802A_U2OS_gapdh_tnpo1_image01_ch2,63
250802A,U2OS,gapdh,tnpo1,image01,ch2,155,16.5057,3407.4873,250802A_U2OS_gapdh_tnpo1_image01_ch2,64
250802A,U2OS,gapdh,tnpo1,image01,ch2,156,16.6129,3408.5884,250802A_U2OS_gapdh_tnpo1_image01_ch2,65
250802A,U2OS,gapdh,tnpo1,image01,ch2,157,16.7201,3406.8782,250802A_U2OS_gapdh_tnpo1_image01_ch2,66
250802A,U2OS,gapdh,tnpo1,image01,ch2,158,16.8273,3407.22,250802A_U2OS_gapdh_tnpo1_image01_ch2,67
250802A,U2OS,gapdh,tnpo1,image01,ch2,159,16.9344,3409.894,250802A_U2OS_gapdh_tnpo1_image01_ch2,68
250802A,U2OS,gapdh,tnpo1,image01,ch2,160,17.0416,3416.1636,250802A_U2OS_gapdh_tnpo1_image01_ch2,69
250802A,U2OS,gapdh,tnpo1,image01,ch2,161,17.1488,3427.9529000000002,250802A_U2OS_gapdh_tnpo1_image01_ch2,70
250802A,U2OS,gapdh,tnpo1,image01,ch2,162,17.256,3442.8726,250802A_U2OS_gapdh_tnpo1_image01_ch2,71
250802A,U2OS,gapdh,tnpo1,image01,ch2,163,17.3632,3443.7778,250802A_U2OS_gapdh_tnpo1_image01_ch2,72
250802A,U2OS,gapdh,tnpo1,image01,ch2,164,17.4703,3432.1238,250802A_U2OS_gapdh_tnpo1_image01_ch2,73
250802A,U2OS,gapdh,tnpo1,image01,ch2,165,17.5775,3427.4221,250802A_U2OS_gapdh_tnpo1_image01_ch2,74
250802A,U2OS,gapdh,tnpo1,image01,ch2,166,17.6847,3416.4114,250802A_U2OS_gapdh_tnpo1_image01_ch2,75
250802A,U2OS,gapdh,tnpo1,image01,ch2,167,17.7919,3420.2537,250802A_U2OS_gapdh_tnpo1_image01_ch2,76
250802A,U2OS,gapdh,tnpo1,image01,ch2,168,17.8991,3445.2727,250802A_U2OS_gapdh_tnpo1_image01_ch2,77
250802A,U2OS,gapdh,tnpo1,image01,ch2,169,18.0062,3454.0039,250802A_U2OS_gapdh_tnpo1_image01_ch2,78
250802A,U2OS,gapdh,tnpo1,image01,ch2,170,18.1134,3460.5479,250802A_U2OS_gapdh_tnpo1_image01_ch2,79
250802A,U2OS,gapdh,tnpo1,image01,ch2,171,18.2206,3453.803,250802A_U2OS_gapdh_tnpo1_image01_ch2,80
250802A,U2OS,gapdh,tnpo1,image01,ch2,172,18.3278,3446.9199,250802A_U2OS_gapdh_tnpo1_image01_ch2,81
250802A,U2OS,gapdh,tnpo1,image01,ch2,173,18.435,3418.698,250802A_U2OS_gapdh_tnpo1_image01_ch2,82
250802A,U2OS,gapdh,tnpo1,image01,ch2,174,18.5421,3397.9402,250802A_U2OS_gapdh_tnpo1_image01_ch2,83
250802A,U2OS,gapdh,tnpo1,image01,ch2,175,18.6493,3374.9558,250802A_U2OS_gapdh_tnpo1_image01_ch2,84
250802A,U2OS,gapdh,tnpo1,image01,ch2,176,18.7565,3350.3035,250802A_U2OS_gapdh_tnpo1_image01_ch2,85
250802A,U2OS,gapdh,tnpo1,image01,ch2,177,18.8637,3324.0586,250802A_U2OS_gapdh_tnpo1_image01_ch2,86
250802A,U2OS,gapdh,tnpo1,image01,ch2,178,18.9709,3292.7844,250802A_U2OS_gapdh_tnpo1_image01_ch2,87
250802A,U2OS,gapdh,tnpo1,image01,ch2,179,19.078,3257.2344,250802A_U2OS_gapdh_tnpo1_image01_ch2,88
250802A,U2OS,gapdh,tnpo1,image01,ch2,180,19.1852,3219.603,250802A_U2OS_gapdh_tnpo1_image01_ch2,89
250802A,U2OS,gapdh,tnpo1,image01,ch2,181,19.2924,3182.8433,250802A_U2OS_gapdh_tnpo1_image01_ch2,90
250802A,U2OS,gapdh,tnpo1,image03,ch1,1,0,4684.9619,250802A_U2OS_gapdh_tnpo1_image03_ch1,-90
250802A,U2OS,gapdh,tnpo1,image03,ch1,2,0.1072,4659.7471,250802A_U2OS_gapdh_tnpo1_image03_ch1,-89
250802A,U2OS,gapdh,tnpo1,image03,ch1,3,0.2144,4684.4761,250802A_U2OS_gapdh_tnpo1_image03_ch1,-88
250802A,U2OS,gapdh,tnpo1,image03,ch1,4,0.3215,4726.6821,250802A_U2OS_gapdh_tnpo1_image03_ch1,-87
250802A,U2OS,gapdh,tnpo1,image03,ch1,5,0.4287,4711.1084,250802A_U2OS_gapdh_tnpo1_image03_ch1,-86
250802A,U2OS,gapdh,tnpo1,image03,ch1,6,0.5359,4629.772,250802A_U2OS_gapdh_tnpo1_image03_ch1,-85
250802A,U2OS,gapdh,tnpo1,image03,ch1,7,0.6431,4515.8384,250802A_U2OS_gapdh_tnpo1_image03_ch1,-84
250802A,U2OS,gapdh,tnpo1,image03,ch1,8,0.7503,4424.1343,250802A_U2OS_gapdh_tnpo1_image03_ch1,-83
250802A,U2OS,gapdh,tnpo1,image03,ch1,9,0.8574,4347.5293,250802A_U2OS_gapdh_tnpo1_image03_ch1,-82
250802A,U2OS,gapdh,tnpo1,image03,ch1,10,0.9646,4286.4092,250802A_U2OS_gapdh_tnpo1_image03_ch1,-81
250802A,U2OS,gapdh,tnpo1,image03,ch1,11,1.0718,4249.8506,250802A_U2OS_gapdh_tnpo1_image03_ch1,-80
250802A,U2OS,gapdh,tnpo1,image03,ch1,12,1.179,4237.5493,250802A_U2OS_gapdh_tnpo1_image03_ch1,-79
250802A,U2OS,gapdh,tnpo1,image03,ch1,13,1.2862,4233.1597,250802A_U2OS_gapdh_tnpo1_image03_ch1,-78
250802A,U2OS,gapdh,tnpo1,image03,ch1,14,1.3933,4274.0942,250802A_U2OS_gapdh_tnpo1_image03_ch1,-77
250802A,U2OS,gapdh,tnpo1,image03,ch1,15,1.5005,4336.4512,250802A_U2OS_gapdh_tnpo1_image03_ch1,-76
250802A,U2OS,gapdh,tnpo1,image03,ch1,16,1.6077,4417.5498,250802A_U2OS_gapdh_tnpo1_image03_ch1,-75
250802A,U2OS,gapdh,tnpo1,image03,ch1,17,1.7149,4516.7866,250802A_U2OS_gapdh_tnpo1_image03_ch1,-74
250802A,U2OS,gapdh,tnpo1,image03,ch1,18,1.8221,4613.1865,250802A_U2OS_gapdh_tnpo1_image03_ch1,-73
250802A,U2OS,gapdh,tnpo1,image03,ch1,19,1.9292,4702.1431,250802A_U2OS_gapdh_tnpo1_image03_ch1,-72
250802A,U2OS,gapdh,tnpo1,image03,ch1,20,2.0364,4787.1719,250802A_U2OS_gapdh_tnpo1_image03_ch1,-71
250802A,U2OS,gapdh,tnpo1,image03,ch1,21,2.1436,4829.4707,250802A_U2OS_gapdh_tnpo1_image03_ch1,-70
250802A,U2OS,gapdh,tnpo1,image03,ch1,22,2.2508,4908.208,250802A_U2OS_gapdh_tnpo1_image03_ch1,-69
250802A,U2OS,gapdh,tnpo1,image03,ch1,23,2.358,5023.6372,250802A_U2OS_gapdh_tnpo1_image03_ch1,-68
250802A,U2OS,gapdh,tnpo1,image03,ch1,24,2.4651,5217.7104,250802A_U2OS_gapdh_tnpo1_image03_ch1,-67
250802A,U2OS,gapdh,tnpo1,image03,ch1,25,2.5723,5476.6167,250802A_U2OS_gapdh_tnpo1_image03_ch1,-66
250802A,U2OS,gapdh,tnpo1,image03,ch1,26,2.6795,5722.2515,250802A_U2OS_gapdh_tnpo1_image03_ch1,-65
250802A,U2OS,gapdh,tnpo1,image03,ch1,27,2.7867,5843.623,250802A_U2OS_gapdh_tnpo1_image03_ch1,-64
250802A,U2OS,gapdh,tnpo1,image03,ch1,28,2.8939,5793.2368,250802A_U2OS_gapdh_tnpo1_image03_ch1,-63
250802A,U2OS,gapdh,tnpo1,image03,ch1,29,3.001,5665.6953,250802A_U2OS_gapdh_tnpo1_image03_ch1,-62
250802A,U2OS,gapdh,tnpo1,image03,ch1,30,3.1082,5514.4258,250802A_U2OS_gapdh_tnpo1_image03_ch1,-61
250802A,U2OS,gapdh,tnpo1,image03,ch1,31,3.2154,5419.9321,250802A_U2OS_gapdh_tnpo1_image03_ch1,-60
250802A,U2OS,gapdh,tnpo1,image03,ch1,32,3.3226,5388.499,250802A_U2OS_gapdh_tnpo1_image03_ch1,-59
250802A,U2OS,gapdh,tnpo1,image03,ch1,33,3.4298,5402.2671,250802A_U2OS_gapdh_tnpo1_image03_ch1,-58
250802A,U2OS,gapdh,tnpo1,image03,ch1,34,3.5369,5434.8877,250802A_U2OS_gapdh_tnpo1_image03_ch1,-57
250802A,U2OS,gapdh,tnpo1,image03,ch1,35,3.6441,5440.7212,250802A_U2OS_gapdh_tnpo1_image03_ch1,-56
250802A,U2OS,gapdh,tnpo1,image03,ch1,36,3.7513,5421.9473,250802A_U2OS_gapdh_tnpo1_image03_ch1,-55
250802A,U2OS,gapdh,tnpo1,image03,ch1,37,3.8585,5418.5459,250802A_U2OS_gapdh_tnpo1_image03_ch1,-54
250802A,U2OS,gapdh,tnpo1,image03,ch1,38,3.9657,5444.1201,250802A_U2OS_gapdh_tnpo1_image03_ch1,-53
250802A,U2OS,gapdh,tnpo1,image03,ch1,39,4.0728,5527.6494,250802A_U2OS_gapdh_tnpo1_image03_ch1,-52
250802A,U2OS,gapdh,tnpo1,image03,ch1,40,4.18,5643.5327,250802A_U2OS_gapdh_tnpo1_image03_ch1,-51
250802A,U2OS,gapdh,tnpo1,image03,ch1,41,4.2872,5762.4248,250802A_U2OS_gapdh_tnpo1_image03_ch1,-50
250802A,U2OS,gapdh,tnpo1,image03,ch1,42,4.3944,5861.4946,250802A_U2OS_gapdh_tnpo1_image03_ch1,-49
250802A,U2OS,gapdh,tnpo1,image03,ch1,43,4.5016,5944.019,250802A_U2OS_gapdh_tnpo1_image03_ch1,-48
250802A,U2OS,gapdh,tnpo1,image03,ch1,44,4.6087,6003.667,250802A_U2OS_gapdh_tnpo1_image03_ch1,-47
250802A,U2OS,gapdh,tnpo1,image03,ch1,45,4.7159,6047.6968,250802A_U2OS_gapdh_tnpo1_image03_ch1,-46
250802A,U2OS,gapdh,tnpo1,image03,ch1,46,4.8231,6139.4102,250802A_U2OS_gapdh_tnpo1_image03_ch1,-45
250802A,U2OS,gapdh,tnpo1,image03,ch1,47,4.9303,6284.3325,250802A_U2OS_gapdh_tnpo1_image03_ch1,-44
250802A,U2OS,gapdh,tnpo1,image03,ch1,48,5.0375,6459.5879,250802A_U2OS_gapdh_tnpo1_image03_ch1,-43
250802A,U2OS,gapdh,tnpo1,image03,ch1,49,5.1446,6600.4492,250802A_U2OS_gapdh_tnpo1_image03_ch1,-42
250802A,U2OS,gapdh,tnpo1,image03,ch1,50,5.2518,6634.9316,250802A_U2OS_gapdh_tnpo1_image03_ch1,-41
250802A,U2OS,gapdh,tnpo1,image03,ch1,51,5.359,6557.0986,250802A_U2OS_gapdh_tnpo1_image03_ch1,-40
250802A,U2OS,gapdh,tnpo1,image03,ch1,52,5.4662,6443.0049,250802A_U2OS_gapdh_tnpo1_image03_ch1,-39
250802A,U2OS,gapdh,tnpo1,image03,ch1,53,5.5734,6365.6875,250802A_U2OS_gapdh_tnpo1_image03_ch1,-38
250802A,U2OS,gapdh,tnpo1,image03,ch1,54,5.6805,6414.5991,250802A_U2OS_gapdh_tnpo1_image03_ch1,-37
250802A,U2OS,gapdh,tnpo1,image03,ch1,55,5.7877,6505.1274,250802A_U2OS_gapdh_tnpo1_image03_ch1,-36
250802A,U2OS,gapdh,tnpo1,image03,ch1,56,5.8949,6546.2773,250802A_U2OS_gapdh_tnpo1_image03_ch1,-35
250802A,U2OS,gapdh,tnpo1,image03,ch1,57,6.0021,6515.75,250802A_U2OS_gapdh_tnpo1_image03_ch1,-34
250802A,U2OS,gapdh,tnpo1,image03,ch1,58,6.1093,6498.3203,250802A_U2OS_gapdh_tnpo1_image03_ch1,-33
250802A,U2OS,gapdh,tnpo1,image03,ch1,59,6.2164,6507.8027,250802A_U2OS_gapdh_tnpo1_image03_ch1,-32
250802A,U2OS,gapdh,tnpo1,image03,ch1,60,6.3236,6486.0625,250802A_U2OS_gapdh_tnpo1_image03_ch1,-31
250802A,U2OS,gapdh,tnpo1,image03,ch1,61,6.4308,6468.7227,250802A_U2OS_gapdh_tnpo1_image03_ch1,-30
250802A,U2OS,gapdh,tnpo1,image03,ch1,62,6.538,6453.9004,250802A_U2OS_gapdh_tnpo1_image03_ch1,-29
250802A,U2OS,gapdh,tnpo1,image03,ch1,63,6.6452,6479.042,250802A_U2OS_gapdh_tnpo1_image03_ch1,-28
250802A,U2OS,gapdh,tnpo1,image03,ch1,64,6.7523,6577.1118,250802A_U2OS_gapdh_tnpo1_image03_ch1,-27
250802A,U2OS,gapdh,tnpo1,image03,ch1,65,6.8595,6680.1851,250802A_U2OS_gapdh_tnpo1_image03_ch1,-26
250802A,U2OS,gapdh,tnpo1,image03,ch1,66,6.9667,6806.2441,250802A_U2OS_gapdh_tnpo1_image03_ch1,-25
250802A,U2OS,gapdh,tnpo1,image03,ch1,67,7.0739,6976.458,250802A_U2OS_gapdh_tnpo1_image03_ch1,-24
250802A,U2OS,gapdh,tnpo1,image03,ch1,68,7.1811,7171.6377,250802A_U2OS_gapdh_tnpo1_image03_ch1,-23
250802A,U2OS,gapdh,tnpo1,image03,ch1,69,7.2882,7403.9341,250802A_U2OS_gapdh_tnpo1_image03_ch1,-22
250802A,U2OS,gapdh,tnpo1,image03,ch1,70,7.3954,7565.4629,250802A_U2OS_gapdh_tnpo1_image03_ch1,-21
250802A,U2OS,gapdh,tnpo1,image03,ch1,71,7.5026,7641.6421,250802A_U2OS_gapdh_tnpo1_image03_ch1,-20
250802A,U2OS,gapdh,tnpo1,image03,ch1,72,7.6098,7698.333,250802A_U2OS_gapdh_tnpo1_image03_ch1,-19
250802A,U2OS,gapdh,tnpo1,image03,ch1,73,7.717,7833.4434,250802A_U2OS_gapdh_tnpo1_image03_ch1,-18
250802A,U2OS,gapdh,tnpo1,image03,ch1,74,7.8241,7989.2441,250802A_U2OS_gapdh_tnpo1_image03_ch1,-17
250802A,U2OS,gapdh,tnpo1,image03,ch1,75,7.9313,8169.8047,250802A_U2OS_gapdh_tnpo1_image03_ch1,-16
250802A,U2OS,gapdh,tnpo1,image03,ch1,76,8.0385,8378.8447,250802A_U2OS_gapdh_tnpo1_image03_ch1,-15
250802A,U2OS,gapdh,tnpo1,image03,ch1,77,8.1457,8632.752,250802A_U2OS_gapdh_tnpo1_image03_ch1,-14
250802A,U2OS,gapdh,tnpo1,image03,ch1,78,8.2529,8912.7959,250802A_U2OS_gapdh_tnpo1_image03_ch1,-13
250802A,U2OS,gapdh,tnpo1,image03,ch1,79,8.36,9199.21,250802A_U2OS_gapdh_tnpo1_image03_ch1,-12
250802A,U2OS,gapdh,tnpo1,image03,ch1,80,8.4672,9470.2197,250802A_U2OS_gapdh_tnpo1_image03_ch1,-11
250802A,U2OS,gapdh,tnpo1,image03,ch1,81,8.5744,9680.583,250802A_U2OS_gapdh_tnpo1_image03_ch1,-10
250802A,U2OS,gapdh,tnpo1,image03,ch1,82,8.6816,9868.0273,250802A_U2OS_gapdh_tnpo1_image03_ch1,-9
250802A,U2OS,gapdh,tnpo1,image03,ch1,83,8.7888,10033.0215,250802A_U2OS_gapdh_tnpo1_image03_ch1,-8
250802A,U2OS,gapdh,tnpo1,image03,ch1,84,8.8959,10216.8789,250802A_U2OS_gapdh_tnpo1_image03_ch1,-7
250802A,U2OS,gapdh,tnpo1,image03,ch1,85,9.0031,10482.5791,250802A_U2OS_gapdh_tnpo1_image03_ch1,-6
250802A,U2OS,gapdh,tnpo1,image03,ch1,86,9.1103,10848.4873,250802A_U2OS_gapdh_tnpo1_image03_ch1,-5
250802A,U2OS,gapdh,tnpo1,image03,ch1,87,9.2175,11306.6279,250802A_U2OS_gapdh_tnpo1_image03_ch1,-4
250802A,U2OS,gapdh,tnpo1,image03,ch1,88,9.3247,11901.9033,250802A_U2OS_gapdh_tnpo1_image03_ch1,-3
250802A,U2OS,gapdh,tnpo1,image03,ch1,89,9.4318,12631.5439,250802A_U2OS_gapdh_tnpo1_image03_ch1,-2
250802A,U2OS,gapdh,tnpo1,image03,ch1,90,9.539,13425.9326,250802A_U2OS_gapdh_tnpo1_image03_ch1,-1
250802A,U2OS,gapdh,tnpo1,image03,ch1,91,9.6462,14182.0107,250802A_U2OS_gapdh_tnpo1_image03_ch1,0
250802A,U2OS,gapdh,tnpo1,image03,ch1,92,9.7534,14942.3467,250802A_U2OS_gapdh_tnpo1_image03_ch1,1
250802A,U2OS,gapdh,tnpo1,image03,ch1,93,9.8606,15663.8359,250802A_U2OS_gapdh_tnpo1_image03_ch1,2
250802A,U2OS,gapdh,tnpo1,image03,ch1,94,9.9677,16398.3633,250802A_U2OS_gapdh_tnpo1_image03_ch1,3
250802A,U2OS,gapdh,tnpo1,image03,ch1,95,10.0749,17065.6094,250802A_U2OS_gapdh_tnpo1_image03_ch1,4
250802A,U2OS,gapdh,tnpo1,image03,ch1,96,10.1821,17436.4297,250802A_U2OS_gapdh_tnpo1_image03_ch1,5
250802A,U2OS,gapdh,tnpo1,image03,ch1,97,10.2893,17570.8965,250802A_U2OS_gapdh_tnpo1_image03_ch1,6
250802A,U2OS,gapdh,tnpo1,image03,ch1,98,10.3965,17587.3047,250802A_U2OS_gapdh_tnpo1_image03_ch1,7
250802A,U2OS,gapdh,tnpo1,image03,ch1,99,10.5036,17594.6035,250802A_U2OS_gapdh_tnpo1_image03_ch1,8
250802A,U2OS,gapdh,tnpo1,image03,ch1,100,10.6108,17601.5137,250802A_U2OS_gapdh_tnpo1_image03_ch1,9
250802A,U2OS,gapdh,tnpo1,image03,ch1,101,10.718,17554.2188,250802A_U2OS_gapdh_tnpo1_image03_ch1,10
250802A,U2OS,gapdh,tnpo1,image03,ch1,102,10.8252,17641.7148,250802A_U2OS_gapdh_tnpo1_image03_ch1,11
250802A,U2OS,gapdh,tnpo1,image03,ch1,103,10.9324,17902.7598,250802A_U2OS_gapdh_tnpo1_image03_ch1,12
250802A,U2OS,gapdh,tnpo1,image03,ch1,104,11.0395,18240.9473,250802A_U2OS_gapdh_tnpo1_image03_ch1,13
250802A,U2OS,gapdh,tnpo1,image03,ch1,105,11.1467,18506.1309,250802A_U2OS_gapdh_tnpo1_image03_ch1,14
250802A,U2OS,gapdh,tnpo1,image03,ch1,106,11.2539,18830.3809,250802A_U2OS_gapdh_tnpo1_image03_ch1,15
250802A,U2OS,gapdh,tnpo1,image03,ch1,107,11.3611,19204.959,250802A_U2OS_gapdh_tnpo1_image03_ch1,16
250802A,U2OS,gapdh,tnpo1,image03,ch1,108,11.4683,19709.6309,250802A_U2OS_gapdh_tnpo1_image03_ch1,17
250802A,U2OS,gapdh,tnpo1,image03,ch1,109,11.5754,20152.8418,250802A_U2OS_gapdh_tnpo1_image03_ch1,18
250802A,U2OS,gapdh,tnpo1,image03,ch1,110,11.6826,20458.3594,250802A_U2OS_gapdh_tnpo1_image03_ch1,19
250802A,U2OS,gapdh,tnpo1,image03,ch1,111,11.7898,20647.2461,250802A_U2OS_gapdh_tnpo1_image03_ch1,20
250802A,U2OS,gapdh,tnpo1,image03,ch1,112,11.897,20696.2832,250802A_U2OS_gapdh_tnpo1_image03_ch1,21
250802A,U2OS,gapdh,tnpo1,image03,ch1,113,12.0042,20457.1562,250802A_U2OS_gapdh_tnpo1_image03_ch1,22
250802A,U2OS,gapdh,tnpo1,image03,ch1,114,12.1113,19918.4668,250802A_U2OS_gapdh_tnpo1_image03_ch1,23
250802A,U2OS,gapdh,tnpo1,image03,ch1,115,12.2185,19230.293,250802A_U2OS_gapdh_tnpo1_image03_ch1,24
250802A,U2OS,gapdh,tnpo1,image03,ch1,116,12.3257,18826.1309,250802A_U2OS_gapdh_tnpo1_image03_ch1,25
250802A,U2OS,gapdh,tnpo1,image03,ch1,117,12.4329,18808.0332,250802A_U2OS_gapdh_tnpo1_image03_ch1,26
250802A,U2OS,gapdh,tnpo1,image03,ch1,118,12.5401,18882.5586,250802A_U2OS_gapdh_tnpo1_image03_ch1,27
250802A,U2OS,gapdh,tnpo1,image03,ch1,119,12.6472,18990.7637,250802A_U2OS_gapdh_tnpo1_image03_ch1,28
250802A,U2OS,gapdh,tnpo1,image03,ch1,120,12.7544,19003.5391,250802A_U2OS_gapdh_tnpo1_image03_ch1,29
250802A,U2OS,gapdh,tnpo1,image03,ch1,121,12.8616,19043.4141,250802A_U2OS_gapdh_tnpo1_image03_ch1,30
250802A,U2OS,gapdh,tnpo1,image03,ch1,122,12.9688,19074.3066,250802A_U2OS_gapdh_tnpo1_image03_ch1,31
250802A,U2OS,gapdh,tnpo1,image03,ch1,123,13.076,19092.1152,250802A_U2OS_gapdh_tnpo1_image03_ch1,32
250802A,U2OS,gapdh,tnpo1,image03,ch1,124,13.1831,19191.6094,250802A_U2OS_gapdh_tnpo1_image03_ch1,33
250802A,U2OS,gapdh,tnpo1,image03,ch1,125,13.2903,19388.332,250802A_U2OS_gapdh_tnpo1_image03_ch1,34
250802A,U2OS,gapdh,tnpo1,image03,ch1,126,13.3975,19733.1133,250802A_U2OS_gapdh_tnpo1_image03_ch1,35
250802A,U2OS,gapdh,tnpo1,image03,ch1,127,13.5047,19972.5137,250802A_U2OS_gapdh_tnpo1_image03_ch1,36
250802A,U2OS,gapdh,tnpo1,image03,ch1,128,13.6119,19993.5078,250802A_U2OS_gapdh_tnpo1_image03_ch1,37
250802A,U2OS,gapdh,tnpo1,image03,ch1,129,13.719,19974.6211,250802A_U2OS_gapdh_tnpo1_image03_ch1,38
250802A,U2OS,gapdh,tnpo1,image03,ch1,130,13.8262,20023.1465,250802A_U2OS_gapdh_tnpo1_image03_ch1,39
250802A,U2OS,gapdh,tnpo1,image03,ch1,131,13.9334,20066.2832,250802A_U2OS_gapdh_tnpo1_image03_ch1,40
250802A,U2OS,gapdh,tnpo1,image03,ch1,132,14.0406,19951.2793,250802A_U2OS_gapdh_tnpo1_image03_ch1,41
250802A,U2OS,gapdh,tnpo1,image03,ch1,133,14.1478,19768.4082,250802A_U2OS_gapdh_tnpo1_image03_ch1,42
250802A,U2OS,gapdh,tnpo1,image03,ch1,134,14.2549,19637.8652,250802A_U2OS_gapdh_tnpo1_image03_ch1,43
250802A,U2OS,gapdh,tnpo1,image03,ch1,135,14.3621,19704.6504,250802A_U2OS_gapdh_tnpo1_image03_ch1,44
250802A,U2OS,gapdh,tnpo1,image03,ch1,136,14.4693,19790.0293,250802A_U2OS_gapdh_tnpo1_image03_ch1,45
250802A,U2OS,gapdh,tnpo1,image03,ch1,137,14.5765,19861.8496,250802A_U2OS_gapdh_tnpo1_image03_ch1,46
250802A,U2OS,gapdh,tnpo1,image03,ch1,138,14.6837,19967.9414,250802A_U2OS_gapdh_tnpo1_image03_ch1,47
250802A,U2OS,gapdh,tnpo1,image03,ch1,139,14.7908,20069.9238,250802A_U2OS_gapdh_tnpo1_image03_ch1,48
250802A,U2OS,gapdh,tnpo1,image03,ch1,140,14.898,20177.8867,250802A_U2OS_gapdh_tnpo1_image03_ch1,49
250802A,U2OS,gapdh,tnpo1,image03,ch1,141,15.0052,20171.5801,250802A_U2OS_gapdh_tnpo1_image03_ch1,50
250802A,U2OS,gapdh,tnpo1,image03,ch1,142,15.1124,20152.4043,250802A_U2OS_gapdh_tnpo1_image03_ch1,51
250802A,U2OS,gapdh,tnpo1,image03,ch1,143,15.2196,20127.041,250802A_U2OS_gapdh_tnpo1_image03_ch1,52
250802A,U2OS,gapdh,tnpo1,image03,ch1,144,15.3267,20031.4785,250802A_U2OS_gapdh_tnpo1_image03_ch1,53
250802A,U2OS,gapdh,tnpo1,image03,ch1,145,15.4339,19844.5195,250802A_U2OS_gapdh_tnpo1_image03_ch1,54
250802A,U2OS,gapdh,tnpo1,image03,ch1,146,15.5411,19614.4238,250802A_U2OS_gapdh_tnpo1_image03_ch1,55
250802A,U2OS,gapdh,tnpo1,image03,ch1,147,15.6483,19410.7031,250802A_U2OS_gapdh_tnpo1_image03_ch1,56
250802A,U2OS,gapdh,tnpo1,image03,ch1,148,15.7555,19245.8359,250802A_U2OS_gapdh_tnpo1_image03_ch1,57
250802A,U2OS,gapdh,tnpo1,image03,ch1,149,15.8626,19032.4785,250802A_U2OS_gapdh_tnpo1_image03_ch1,58
250802A,U2OS,gapdh,tnpo1,image03,ch1,150,15.9698,18856.7012,250802A_U2OS_gapdh_tnpo1_image03_ch1,59
250802A,U2OS,gapdh,tnpo1,image03,ch1,151,16.077,18720.7656,250802A_U2OS_gapdh_tnpo1_image03_ch1,60
250802A,U2OS,gapdh,tnpo1,image03,ch1,152,16.1842,18727.1113,250802A_U2OS_gapdh_tnpo1_image03_ch1,61
250802A,U2OS,gapdh,tnpo1,image03,ch1,153,16.2914,18919.6816,250802A_U2OS_gapdh_tnpo1_image03_ch1,62
250802A,U2OS,gapdh,tnpo1,image03,ch1,154,16.3985,19249.5957,250802A_U2OS_gapdh_tnpo1_image03_ch1,63
250802A,U2OS,gapdh,tnpo1,image03,ch1,155,16.5057,19493.0664,250802A_U2OS_gapdh_tnpo1_image03_ch1,64
250802A,U2OS,gapdh,tnpo1,image03,ch1,156,16.6129,19465.8984,250802A_U2OS_gapdh_tnpo1_image03_ch1,65
250802A,U2OS,gapdh,tnpo1,image03,ch1,157,16.7201,19241.9746,250802A_U2OS_gapdh_tnpo1_image03_ch1,66
250802A,U2OS,gapdh,tnpo1,image03,ch1,158,16.8273,18919.8184,250802A_U2OS_gapdh_tnpo1_image03_ch1,67
250802A,U2OS,gapdh,tnpo1,image03,ch1,159,16.9344,18720.082,250802A_U2OS_gapdh_tnpo1_image03_ch1,68
250802A,U2OS,gapdh,tnpo1,image03,ch1,160,17.0416,18781.3984,250802A_U2OS_gapdh_tnpo1_image03_ch1,69
250802A,U2OS,gapdh,tnpo1,image03,ch1,161,17.1488,18815.9199,250802A_U2OS_gapdh_tnpo1_image03_ch1,70
250802A,U2OS,gapdh,tnpo1,image03,ch1,162,17.256,18657.5488,250802A_U2OS_gapdh_tnpo1_image03_ch1,71
250802A,U2OS,gapdh,tnpo1,image03,ch1,163,17.3632,18271.0703,250802A_U2OS_gapdh_tnpo1_image03_ch1,72
250802A,U2OS,gapdh,tnpo1,image03,ch1,164,17.4703,17886.1855,250802A_U2OS_gapdh_tnpo1_image03_ch1,73
250802A,U2OS,gapdh,tnpo1,image03,ch1,165,17.5775,17556.0234,250802A_U2OS_gapdh_tnpo1_image03_ch1,74
250802A,U2OS,gapdh,tnpo1,image03,ch1,166,17.6847,17261.6641,250802A_U2OS_gapdh_tnpo1_image03_ch1,75
250802A,U2OS,gapdh,tnpo1,image03,ch1,167,17.7919,17103.7578,250802A_U2OS_gapdh_tnpo1_image03_ch1,76
250802A,U2OS,gapdh,tnpo1,image03,ch1,168,17.8991,17025.0547,250802A_U2OS_gapdh_tnpo1_image03_ch1,77
250802A,U2OS,gapdh,tnpo1,image03,ch1,169,18.0062,16897.3945,250802A_U2OS_gapdh_tnpo1_image03_ch1,78
250802A,U2OS,gapdh,tnpo1,image03,ch1,170,18.1134,16674.8984,250802A_U2OS_gapdh_tnpo1_image03_ch1,79
250802A,U2OS,gapdh,tnpo1,image03,ch1,171,18.2206,16352.1016,250802A_U2OS_gapdh_tnpo1_image03_ch1,80
250802A,U2OS,gapdh,tnpo1,image03,ch1,172,18.3278,15989.3633,250802A_U2OS_gapdh_tnpo1_image03_ch1,81
250802A,U2OS,gapdh,tnpo1,image03,ch1,173,18.435,15788.2432,250802A_U2OS_gapdh_tnpo1_image03_ch1,82
250802A,U2OS,gapdh,tnpo1,image03,ch1,174,18.5421,15692.9277,250802A_U2OS_gapdh_tnpo1_image03_ch1,83
250802A,U2OS,gapdh,tnpo1,image03,ch1,175,18.6493,15638.6504,250802A_U2OS_gapdh_tnpo1_image03_ch1,84
250802A,U2OS,gapdh,tnpo1,image03,ch1,176,18.7565,15542.3896,250802A_U2OS_gapdh_tnpo1_image03_ch1,85
250802A,U2OS,gapdh,tnpo1,image03,ch1,177,18.8637,15427.7939,250802A_U2OS_gapdh_tnpo1_image03_ch1,86
250802A,U2OS,gapdh,tnpo1,image03,ch1,178,18.9709,15347.0713,250802A_U2OS_gapdh_tnpo1_image03_ch1,87
250802A,U2OS,gapdh,tnpo1,image03,ch1,179,19.078,15188.9199,250802A_U2OS_gapdh_tnpo1_image03_ch1,88
250802A,U2OS,gapdh,tnpo1,image03,ch1,180,19.1852,14803.5088,250802A_U2OS_gapdh_tnpo1_image03_ch1,89
250802A,U2OS,gapdh,tnpo1,image03,ch1,181,19.2924,14173.2637,250802A_U2OS_gapdh_tnpo1_image03_ch1,90
250802A,U2OS,gapdh,tnpo1,image03,ch2,1,0,3532.613,250802A_U2OS_gapdh_tnpo1_image03_ch2,-90
250802A,U2OS,gapdh,tnpo1,image03,ch2,2,0.1072,3515.6357,250802A_U2OS_gapdh_tnpo1_image03_ch2,-89
250802A,U2OS,gapdh,tnpo1,image03,ch2,3,0.2144,3495.4158,250802A_U2OS_gapdh_tnpo1_image03_ch2,-88
250802A,U2OS,gapdh,tnpo1,image03,ch2,4,0.3215,3479.5574,250802A_U2OS_gapdh_tnpo1_image03_ch2,-87
250802A,U2OS,gapdh,tnpo1,image03,ch2,5,0.4287,3469.7505,250802A_U2OS_gapdh_tnpo1_image03_ch2,-86
250802A,U2OS,gapdh,tnpo1,image03,ch2,6,0.5359,3466.7371,250802A_U2OS_gapdh_tnpo1_image03_ch2,-85
250802A,U2OS,gapdh,tnpo1,image03,ch2,7,0.6431,3463.176,250802A_U2OS_gapdh_tnpo1_image03_ch2,-84
250802A,U2OS,gapdh,tnpo1,image03,ch2,8,0.7503,3447.2371,250802A_U2OS_gapdh_tnpo1_image03_ch2,-83
250802A,U2OS,gapdh,tnpo1,image03,ch2,9,0.8574,3423.0017,250802A_U2OS_gapdh_tnpo1_image03_ch2,-82
250802A,U2OS,gapdh,tnpo1,image03,ch2,10,0.9646,3412.8706,250802A_U2OS_gapdh_tnpo1_image03_ch2,-81
250802A,U2OS,gapdh,tnpo1,image03,ch2,11,1.0718,3418.6472,250802A_U2OS_gapdh_tnpo1_image03_ch2,-80
250802A,U2OS,gapdh,tnpo1,image03,ch2,12,1.179,3429.6323,250802A_U2OS_gapdh_tnpo1_image03_ch2,-79
250802A,U2OS,gapdh,tnpo1,image03,ch2,13,1.2862,3442.9138,250802A_U2OS_gapdh_tnpo1_image03_ch2,-78
250802A,U2OS,gapdh,tnpo1,image03,ch2,14,1.3933,3451.6016,250802A_U2OS_gapdh_tnpo1_image03_ch2,-77
250802A,U2OS,gapdh,tnpo1,image03,ch2,15,1.5005,3453.6184,250802A_U2OS_gapdh_tnpo1_image03_ch2,-76
250802A,U2OS,gapdh,tnpo1,image03,ch2,16,1.6077,3459.8503,250802A_U2OS_gapdh_tnpo1_image03_ch2,-75
250802A,U2OS,gapdh,tnpo1,image03,ch2,17,1.7149,3463.9766,250802A_U2OS_gapdh_tnpo1_image03_ch2,-74
250802A,U2OS,gapdh,tnpo1,image03,ch2,18,1.8221,3472.8547,250802A_U2OS_gapdh_tnpo1_image03_ch2,-73
250802A,U2OS,gapdh,tnpo1,image03,ch2,19,1.9292,3497.7231,250802A_U2OS_gapdh_tnpo1_image03_ch2,-72
250802A,U2OS,gapdh,tnpo1,image03,ch2,20,2.0364,3533.4956,250802A_U2OS_gapdh_tnpo1_image03_ch2,-71
250802A,U2OS,gapdh,tnpo1,image03,ch2,21,2.1436,3536.8855,250802A_U2OS_gapdh_tnpo1_image03_ch2,-70
250802A,U2OS,gapdh,tnpo1,image03,ch2,22,2.2508,3535.4692,250802A_U2OS_gapdh_tnpo1_image03_ch2,-69
250802A,U2OS,gapdh,tnpo1,image03,ch2,23,2.358,3523.7456,250802A_U2OS_gapdh_tnpo1_image03_ch2,-68
250802A,U2OS,gapdh,tnpo1,image03,ch2,24,2.4651,3531.9934,250802A_U2OS_gapdh_tnpo1_image03_ch2,-67
250802A,U2OS,gapdh,tnpo1,image03,ch2,25,2.5723,3565.7773,250802A_U2OS_gapdh_tnpo1_image03_ch2,-66
250802A,U2OS,gapdh,tnpo1,image03,ch2,26,2.6795,3626.9014,250802A_U2OS_gapdh_tnpo1_image03_ch2,-65
250802A,U2OS,gapdh,tnpo1,image03,ch2,27,2.7867,3670.2522,250802A_U2OS_gapdh_tnpo1_image03_ch2,-64
250802A,U2OS,gapdh,tnpo1,image03,ch2,28,2.8939,3674.8462,250802A_U2OS_gapdh_tnpo1_image03_ch2,-63
250802A,U2OS,gapdh,tnpo1,image03,ch2,29,3.001,3642.7292,250802A_U2OS_gapdh_tnpo1_image03_ch2,-62
250802A,U2OS,gapdh,tnpo1,image03,ch2,30,3.1082,3608.6741,250802A_U2OS_gapdh_tnpo1_image03_ch2,-61
250802A,U2OS,gapdh,tnpo1,image03,ch2,31,3.2154,3602.6223,250802A_U2OS_gapdh_tnpo1_image03_ch2,-60
250802A,U2OS,gapdh,tnpo1,image03,ch2,32,3.3226,3605.5144,250802A_U2OS_gapdh_tnpo1_image03_ch2,-59
250802A,U2OS,gapdh,tnpo1,image03,ch2,33,3.4298,3611.1436,250802A_U2OS_gapdh_tnpo1_image03_ch2,-58
250802A,U2OS,gapdh,tnpo1,image03,ch2,34,3.5369,3606.7222,250802A_U2OS_gapdh_tnpo1_image03_ch2,-57
250802A,U2OS,gapdh,tnpo1,image03,ch2,35,3.6441,3594.1455,250802A_U2OS_gapdh_tnpo1_image03_ch2,-56
250802A,U2OS,gapdh,tnpo1,image03,ch2,36,3.7513,3576.0842,250802A_U2OS_gapdh_tnpo1_image03_ch2,-55
250802A,U2OS,gapdh,tnpo1,image03,ch2,37,3.8585,3567.5024,250802A_U2OS_gapdh_tnpo1_image03_ch2,-54
250802A,U2OS,gapdh,tnpo1,image03,ch2,38,3.9657,3569.208,250802A_U2OS_gapdh_tnpo1_image03_ch2,-53
250802A,U2OS,gapdh,tnpo1,image03,ch2,39,4.0728,3556.3994,250802A_U2OS_gapdh_tnpo1_image03_ch2,-52
250802A,U2OS,gapdh,tnpo1,image03,ch2,40,4.18,3539.1406,250802A_U2OS_gapdh_tnpo1_image03_ch2,-51
250802A,U2OS,gapdh,tnpo1,image03,ch2,41,4.2872,3525.0212,250802A_U2OS_gapdh_tnpo1_image03_ch2,-50
250802A,U2OS,gapdh,tnpo1,image03,ch2,42,4.3944,3515.3684,250802A_U2OS_gapdh_tnpo1_image03_ch2,-49
250802A,U2OS,gapdh,tnpo1,image03,ch2,43,4.5016,3522.6633,250802A_U2OS_gapdh_tnpo1_image03_ch2,-48
250802A,U2OS,gapdh,tnpo1,image03,ch2,44,4.6087,3511.0654,250802A_U2OS_gapdh_tnpo1_image03_ch2,-47
250802A,U2OS,gapdh,tnpo1,image03,ch2,45,4.7159,3497.8137,250802A_U2OS_gapdh_tnpo1_image03_ch2,-46
250802A,U2OS,gapdh,tnpo1,image03,ch2,46,4.8231,3504.7939,250802A_U2OS_gapdh_tnpo1_image03_ch2,-45
250802A,U2OS,gapdh,tnpo1,image03,ch2,47,4.9303,3505.0422,250802A_U2OS_gapdh_tnpo1_image03_ch2,-44
250802A,U2OS,gapdh,tnpo1,image03,ch2,48,5.0375,3501.7678,250802A_U2OS_gapdh_tnpo1_image03_ch2,-43
250802A,U2OS,gapdh,tnpo1,image03,ch2,49,5.1446,3508.2051,250802A_U2OS_gapdh_tnpo1_image03_ch2,-42
250802A,U2OS,gapdh,tnpo1,image03,ch2,50,5.2518,3501.1362,250802A_U2OS_gapdh_tnpo1_image03_ch2,-41
250802A,U2OS,gapdh,tnpo1,image03,ch2,51,5.359,3492.8213,250802A_U2OS_gapdh_tnpo1_image03_ch2,-40
250802A,U2OS,gapdh,tnpo1,image03,ch2,52,5.4662,3475.0623,250802A_U2OS_gapdh_tnpo1_image03_ch2,-39
250802A,U2OS,gapdh,tnpo1,image03,ch2,53,5.5734,3456.6853,250802A_U2OS_gapdh_tnpo1_image03_ch2,-38
250802A,U2OS,gapdh,tnpo1,image03,ch2,54,5.6805,3453.1562,250802A_U2OS_gapdh_tnpo1_image03_ch2,-37
250802A,U2OS,gapdh,tnpo1,image03,ch2,55,5.7877,3453.0667,250802A_U2OS_gapdh_tnpo1_image03_ch2,-36
250802A,U2OS,gapdh,tnpo1,image03,ch2,56,5.8949,3466.8877,250802A_U2OS_gapdh_tnpo1_image03_ch2,-35
250802A,U2OS,gapdh,tnpo1,image03,ch2,57,6.0021,3476.8313,250802A_U2OS_gapdh_tnpo1_image03_ch2,-34
250802A,U2OS,gapdh,tnpo1,image03,ch2,58,6.1093,3500.3621,250802A_U2OS_gapdh_tnpo1_image03_ch2,-33
250802A,U2OS,gapdh,tnpo1,image03,ch2,59,6.2164,3526.3472,250802A_U2OS_gapdh_tnpo1_image03_ch2,-32
250802A,U2OS,gapdh,tnpo1,image03,ch2,60,6.3236,3550.002,250802A_U2OS_gapdh_tnpo1_image03_ch2,-31
250802A,U2OS,gapdh,tnpo1,image03,ch2,61,6.4308,3558.3381,250802A_U2OS_gapdh_tnpo1_image03_ch2,-30
250802A,U2OS,gapdh,tnpo1,image03,ch2,62,6.538,3558.5967,250802A_U2OS_gapdh_tnpo1_image03_ch2,-29
250802A,U2OS,gapdh,tnpo1,image03,ch2,63,6.6452,3569.6169,250802A_U2OS_gapdh_tnpo1_image03_ch2,-28
250802A,U2OS,gapdh,tnpo1,image03,ch2,64,6.7523,3570.0312,250802A_U2OS_gapdh_tnpo1_image03_ch2,-27
250802A,U2OS,gapdh,tnpo1,image03,ch2,65,6.8595,3597.8223,250802A_U2OS_gapdh_tnpo1_image03_ch2,-26
250802A,U2OS,gapdh,tnpo1,image03,ch2,66,6.9667,3628.2905,250802A_U2OS_gapdh_tnpo1_image03_ch2,-25
250802A,U2OS,gapdh,tnpo1,image03,ch2,67,7.0739,3658.1099,250802A_U2OS_gapdh_tnpo1_image03_ch2,-24
250802A,U2OS,gapdh,tnpo1,image03,ch2,68,7.1811,3679.2468,250802A_U2OS_gapdh_tnpo1_image03_ch2,-23
250802A,U2OS,gapdh,tnpo1,image03,ch2,69,7.2882,3687.9102,250802A_U2OS_gapdh_tnpo1_image03_ch2,-22
250802A,U2OS,gapdh,tnpo1,image03,ch2,70,7.3954,3694.9863,250802A_U2OS_gapdh_tnpo1_image03_ch2,-21
250802A,U2OS,gapdh,tnpo1,image03,ch2,71,7.5026,3699.3369,250802A_U2OS_gapdh_tnpo1_image03_ch2,-20
250802A,U2OS,gapdh,tnpo1,image03,ch2,72,7.6098,3695.3232,250802A_U2OS_gapdh_tnpo1_image03_ch2,-19
250802A,U2OS,gapdh,tnpo1,image03,ch2,73,7.717,3692.9653,250802A_U2OS_gapdh_tnpo1_image03_ch2,-18
250802A,U2OS,gapdh,tnpo1,image03,ch2,74,7.8241,3692.7661,250802A_U2OS_gapdh_tnpo1_image03_ch2,-17
250802A,U2OS,gapdh,tnpo1,image03,ch2,75,7.9313,3696.3743,250802A_U2OS_gapdh_tnpo1_image03_ch2,-16
250802A,U2OS,gapdh,tnpo1,image03,ch2,76,8.0385,3695.5493,250802A_U2OS_gapdh_tnpo1_image03_ch2,-15
250802A,U2OS,gapdh,tnpo1,image03,ch2,77,8.1457,3710.3459,250802A_U2OS_gapdh_tnpo1_image03_ch2,-14
250802A,U2OS,gapdh,tnpo1,image03,ch2,78,8.2529,3744.4944,250802A_U2OS_gapdh_tnpo1_image03_ch2,-13
250802A,U2OS,gapdh,tnpo1,image03,ch2,79,8.36,3787.8425,250802A_U2OS_gapdh_tnpo1_image03_ch2,-12
250802A,U2OS,gapdh,tnpo1,image03,ch2,80,8.4672,3843.9209,250802A_U2OS_gapdh_tnpo1_image03_ch2,-11
250802A,U2OS,gapdh,tnpo1,image03,ch2,81,8.5744,3893.2153,250802A_U2OS_gapdh_tnpo1_image03_ch2,-10
250802A,U2OS,gapdh,tnpo1,image03,ch2,82,8.6816,3935.1223,250802A_U2OS_gapdh_tnpo1_image03_ch2,-9
250802A,U2OS,gapdh,tnpo1,image03,ch2,83,8.7888,3973.3188,250802A_U2OS_gapdh_tnpo1_image03_ch2,-8
250802A,U2OS,gapdh,tnpo1,image03,ch2,84,8.8959,3991.7454,250802A_U2OS_gapdh_tnpo1_image03_ch2,-7
250802A,U2OS,gapdh,tnpo1,image03,ch2,85,9.0031,4015.9656,250802A_U2OS_gapdh_tnpo1_image03_ch2,-6
250802A,U2OS,gapdh,tnpo1,image03,ch2,86,9.1103,4043.0417,250802A_U2OS_gapdh_tnpo1_image03_ch2,-5
250802A,U2OS,gapdh,tnpo1,image03,ch2,87,9.2175,4068.4753,250802A_U2OS_gapdh_tnpo1_image03_ch2,-4
250802A,U2OS,gapdh,tnpo1,image03,ch2,88,9.3247,4100.1265,250802A_U2OS_gapdh_tnpo1_image03_ch2,-3
250802A,U2OS,gapdh,tnpo1,image03,ch2,89,9.4318,4136.7441,250802A_U2OS_gapdh_tnpo1_image03_ch2,-2
250802A,U2OS,gapdh,tnpo1,image03,ch2,90,9.539,4197.23,250802A_U2OS_gapdh_tnpo1_image03_ch2,-1
250802A,U2OS,gapdh,tnpo1,image03,ch2,91,9.6462,4293.9404,250802A_U2OS_gapdh_tnpo1_image03_ch2,0
250802A,U2OS,gapdh,tnpo1,image03,ch2,92,9.7534,4450.8218,250802A_U2OS_gapdh_tnpo1_image03_ch2,1
250802A,U2OS,gapdh,tnpo1,image03,ch2,93,9.8606,4624.6602,250802A_U2OS_gapdh_tnpo1_image03_ch2,2
250802A,U2OS,gapdh,tnpo1,image03,ch2,94,9.9677,4778.7642,250802A_U2OS_gapdh_tnpo1_image03_ch2,3
250802A,U2OS,gapdh,tnpo1,image03,ch2,95,10.0749,4883.2017,250802A_U2OS_gapdh_tnpo1_image03_ch2,4
250802A,U2OS,gapdh,tnpo1,image03,ch2,96,10.1821,4974.999,250802A_U2OS_gapdh_tnpo1_image03_ch2,5
250802A,U2OS,gapdh,tnpo1,image03,ch2,97,10.2893,5096.1479,250802A_U2OS_gapdh_tnpo1_image03_ch2,6
250802A,U2OS,gapdh,tnpo1,image03,ch2,98,10.3965,5212.1675,250802A_U2OS_gapdh_tnpo1_image03_ch2,7
250802A,U2OS,gapdh,tnpo1,image03,ch2,99,10.5036,5329.8867,250802A_U2OS_gapdh_tnpo1_image03_ch2,8
250802A,U2OS,gapdh,tnpo1,image03,ch2,100,10.6108,5428.7075,250802A_U2OS_gapdh_tnpo1_image03_ch2,9
250802A,U2OS,gapdh,tnpo1,image03,ch2,101,10.718,5477.4785,250802A_U2OS_gapdh_tnpo1_image03_ch2,10
250802A,U2OS,gapdh,tnpo1,image03,ch2,102,10.8252,5498.5283,250802A_U2OS_gapdh_tnpo1_image03_ch2,11
250802A,U2OS,gapdh,tnpo1,image03,ch2,103,10.9324,5501.3984,250802A_U2OS_gapdh_tnpo1_image03_ch2,12
250802A,U2OS,gapdh,tnpo1,image03,ch2,104,11.0395,5525.2129,250802A_U2OS_gapdh_tnpo1_image03_ch2,13
250802A,U2OS,gapdh,tnpo1,image03,ch2,105,11.1467,5563.5146,250802A_U2OS_gapdh_tnpo1_image03_ch2,14
250802A,U2OS,gapdh,tnpo1,image03,ch2,106,11.2539,5633.5381,250802A_U2OS_gapdh_tnpo1_image03_ch2,15
250802A,U2OS,gapdh,tnpo1,image03,ch2,107,11.3611,5690.2324,250802A_U2OS_gapdh_tnpo1_image03_ch2,16
250802A,U2OS,gapdh,tnpo1,image03,ch2,108,11.4683,5710.2739,250802A_U2OS_gapdh_tnpo1_image03_ch2,17
250802A,U2OS,gapdh,tnpo1,image03,ch2,109,11.5754,5691.8584,250802A_U2OS_gapdh_tnpo1_image03_ch2,18
250802A,U2OS,gapdh,tnpo1,image03,ch2,110,11.6826,5620.9106,250802A_U2OS_gapdh_tnpo1_image03_ch2,19
250802A,U2OS,gapdh,tnpo1,image03,ch2,111,11.7898,5525.7075,250802A_U2OS_gapdh_tnpo1_image03_ch2,20
250802A,U2OS,gapdh,tnpo1,image03,ch2,112,11.897,5430.1294,250802A_U2OS_gapdh_tnpo1_image03_ch2,21
250802A,U2OS,gapdh,tnpo1,image03,ch2,113,12.0042,5357.0356,250802A_U2OS_gapdh_tnpo1_image03_ch2,22
250802A,U2OS,gapdh,tnpo1,image03,ch2,114,12.1113,5331.5078,250802A_U2OS_gapdh_tnpo1_image03_ch2,23
250802A,U2OS,gapdh,tnpo1,image03,ch2,115,12.2185,5327.1816,250802A_U2OS_gapdh_tnpo1_image03_ch2,24
250802A,U2OS,gapdh,tnpo1,image03,ch2,116,12.3257,5355.5635,250802A_U2OS_gapdh_tnpo1_image03_ch2,25
250802A,U2OS,gapdh,tnpo1,image03,ch2,117,12.4329,5367.4775,250802A_U2OS_gapdh_tnpo1_image03_ch2,26
250802A,U2OS,gapdh,tnpo1,image03,ch2,118,12.5401,5338.5464,250802A_U2OS_gapdh_tnpo1_image03_ch2,27
250802A,U2OS,gapdh,tnpo1,image03,ch2,119,12.6472,5268.6235,250802A_U2OS_gapdh_tnpo1_image03_ch2,28
250802A,U2OS,gapdh,tnpo1,image03,ch2,120,12.7544,5138.1411,250802A_U2OS_gapdh_tnpo1_image03_ch2,29
250802A,U2OS,gapdh,tnpo1,image03,ch2,121,12.8616,4991.4785,250802A_U2OS_gapdh_tnpo1_image03_ch2,30
250802A,U2OS,gapdh,tnpo1,image03,ch2,122,12.9688,4850.6172,250802A_U2OS_gapdh_tnpo1_image03_ch2,31
250802A,U2OS,gapdh,tnpo1,image03,ch2,123,13.076,4720.1582,250802A_U2OS_gapdh_tnpo1_image03_ch2,32
250802A,U2OS,gapdh,tnpo1,image03,ch2,124,13.1831,4629.3447,250802A_U2OS_gapdh_tnpo1_image03_ch2,33
250802A,U2OS,gapdh,tnpo1,image03,ch2,125,13.2903,4595.0757,250802A_U2OS_gapdh_tnpo1_image03_ch2,34
250802A,U2OS,gapdh,tnpo1,image03,ch2,126,13.3975,4612.5439,250802A_U2OS_gapdh_tnpo1_image03_ch2,35
250802A,U2OS,gapdh,tnpo1,image03,ch2,127,13.5047,4650.0073,250802A_U2OS_gapdh_tnpo1_image03_ch2,36
250802A,U2OS,gapdh,tnpo1,image03,ch2,128,13.6119,4669.0605,250802A_U2OS_gapdh_tnpo1_image03_ch2,37
250802A,U2OS,gapdh,tnpo1,image03,ch2,129,13.719,4680.7397,250802A_U2OS_gapdh_tnpo1_image03_ch2,38
250802A,U2OS,gapdh,tnpo1,image03,ch2,130,13.8262,4666.3896,250802A_U2OS_gapdh_tnpo1_image03_ch2,39
250802A,U2OS,gapdh,tnpo1,image03,ch2,131,13.9334,4640.5269,250802A_U2OS_gapdh_tnpo1_image03_ch2,40
250802A,U2OS,gapdh,tnpo1,image03,ch2,132,14.0406,4617.9897,250802A_U2OS_gapdh_tnpo1_image03_ch2,41
250802A,U2OS,gapdh,tnpo1,image03,ch2,133,14.1478,4600.8535,250802A_U2OS_gapdh_tnpo1_image03_ch2,42
250802A,U2OS,gapdh,tnpo1,image03,ch2,134,14.2549,4581.8174,250802A_U2OS_gapdh_tnpo1_image03_ch2,43
250802A,U2OS,gapdh,tnpo1,image03,ch2,135,14.3621,4566.8105,250802A_U2OS_gapdh_tnpo1_image03_ch2,44
250802A,U2OS,gapdh,tnpo1,image03,ch2,136,14.4693,4544.7607,250802A_U2OS_gapdh_tnpo1_image03_ch2,45
250802A,U2OS,gapdh,tnpo1,image03,ch2,137,14.5765,4518.4785,250802A_U2OS_gapdh_tnpo1_image03_ch2,46
250802A,U2OS,gapdh,tnpo1,image03,ch2,138,14.6837,4506.8135,250802A_U2OS_gapdh_tnpo1_image03_ch2,47
250802A,U2OS,gapdh,tnpo1,image03,ch2,139,14.7908,4516.4033,250802A_U2OS_gapdh_tnpo1_image03_ch2,48
250802A,U2OS,gapdh,tnpo1,image03,ch2,140,14.898,4534.5298,250802A_U2OS_gapdh_tnpo1_image03_ch2,49
250802A,U2OS,gapdh,tnpo1,image03,ch2,141,15.0052,4581.2886,250802A_U2OS_gapdh_tnpo1_image03_ch2,50
250802A,U2OS,gapdh,tnpo1,image03,ch2,142,15.1124,4686.9941,250802A_U2OS_gapdh_tnpo1_image03_ch2,51
250802A,U2OS,gapdh,tnpo1,image03,ch2,143,15.2196,4821.75,250802A_U2OS_gapdh_tnpo1_image03_ch2,52
250802A,U2OS,gapdh,tnpo1,image03,ch2,144,15.3267,4912.186,250802A_U2OS_gapdh_tnpo1_image03_ch2,53
250802A,U2OS,gapdh,tnpo1,image03,ch2,145,15.4339,4901.2031,250802A_U2OS_gapdh_tnpo1_image03_ch2,54
250802A,U2OS,gapdh,tnpo1,image03,ch2,146,15.5411,4814.9692,250802A_U2OS_gapdh_tnpo1_image03_ch2,55
250802A,U2OS,gapdh,tnpo1,image03,ch2,147,15.6483,4744.3242,250802A_U2OS_gapdh_tnpo1_image03_ch2,56
250802A,U2OS,gapdh,tnpo1,image03,ch2,148,15.7555,4728.0127,250802A_U2OS_gapdh_tnpo1_image03_ch2,57
250802A,U2OS,gapdh,tnpo1,image03,ch2,149,15.8626,4715.584,250802A_U2OS_gapdh_tnpo1_image03_ch2,58
250802A,U2OS,gapdh,tnpo1,image03,ch2,150,15.9698,4700.0117,250802A_U2OS_gapdh_tnpo1_image03_ch2,59
250802A,U2OS,gapdh,tnpo1,image03,ch2,151,16.077,4675.6938,250802A_U2OS_gapdh_tnpo1_image03_ch2,60
250802A,U2OS,gapdh,tnpo1,image03,ch2,152,16.1842,4663.3555,250802A_U2OS_gapdh_tnpo1_image03_ch2,61
250802A,U2OS,gapdh,tnpo1,image03,ch2,153,16.2914,4648.0903,250802A_U2OS_gapdh_tnpo1_image03_ch2,62
250802A,U2OS,gapdh,tnpo1,image03,ch2,154,16.3985,4608.3398,250802A_U2OS_gapdh_tnpo1_image03_ch2,63
250802A,U2OS,gapdh,tnpo1,image03,ch2,155,16.5057,4548.2378,250802A_U2OS_gapdh_tnpo1_image03_ch2,64
250802A,U2OS,gapdh,tnpo1,image03,ch2,156,16.6129,4455.5854,250802A_U2OS_gapdh_tnpo1_image03_ch2,65
250802A,U2OS,gapdh,tnpo1,image03,ch2,157,16.7201,4375.6313,250802A_U2OS_gapdh_tnpo1_image03_ch2,66
250802A,U2OS,gapdh,tnpo1,image03,ch2,158,16.8273,4302.8384,250802A_U2OS_gapdh_tnpo1_image03_ch2,67
250802A,U2OS,gapdh,tnpo1,image03,ch2,159,16.9344,4227.5688,250802A_U2OS_gapdh_tnpo1_image03_ch2,68
250802A,U2OS,gapdh,tnpo1,image03,ch2,160,17.0416,4192.8354,250802A_U2OS_gapdh_tnpo1_image03_ch2,69
250802A,U2OS,gapdh,tnpo1,image03,ch2,161,17.1488,4163.5073,250802A_U2OS_gapdh_tnpo1_image03_ch2,70
250802A,U2OS,gapdh,tnpo1,image03,ch2,162,17.256,4138.8945,250802A_U2OS_gapdh_tnpo1_image03_ch2,71
250802A,U2OS,gapdh,tnpo1,image03,ch2,163,17.3632,4117.1914,250802A_U2OS_gapdh_tnpo1_image03_ch2,72
250802A,U2OS,gapdh,tnpo1,image03,ch2,164,17.4703,4099.6025,250802A_U2OS_gapdh_tnpo1_image03_ch2,73
250802A,U2OS,gapdh,tnpo1,image03,ch2,165,17.5775,4067.1619,250802A_U2OS_gapdh_tnpo1_image03_ch2,74
250802A,U2OS,gapdh,tnpo1,image03,ch2,166,17.6847,4037.5242,250802A_U2OS_gapdh_tnpo1_image03_ch2,75
250802A,U2OS,gapdh,tnpo1,image03,ch2,167,17.7919,4015.2422,250802A_U2OS_gapdh_tnpo1_image03_ch2,76
250802A,U2OS,gapdh,tnpo1,image03,ch2,168,17.8991,4002.7671,250802A_U2OS_gapdh_tnpo1_image03_ch2,77
250802A,U2OS,gapdh,tnpo1,image03,ch2,169,18.0062,3999.3726,250802A_U2OS_gapdh_tnpo1_image03_ch2,78
250802A,U2OS,gapdh,tnpo1,image03,ch2,170,18.1134,4006.4829,250802A_U2OS_gapdh_tnpo1_image03_ch2,79
250802A,U2OS,gapdh,tnpo1,image03,ch2,171,18.2206,4007.0693,250802A_U2OS_gapdh_tnpo1_image03_ch2,80
250802A,U2OS,gapdh,tnpo1,image03,ch2,172,18.3278,3999.8804,250802A_U2OS_gapdh_tnpo1_image03_ch2,81
250802A,U2OS,gapdh,tnpo1,image03,ch2,173,18.435,3990.8799,250802A_U2OS_gapdh_tnpo1_image03_ch2,82
250802A,U2OS,gapdh,tnpo1,image03,ch2,174,18.5421,3947.9316,250802A_U2OS_gapdh_tnpo1_image03_ch2,83
250802A,U2OS,gapdh,tnpo1,image03,ch2,175,18.6493,3919.9978,250802A_U2OS_gapdh_tnpo1_image03_ch2,84
250802A,U2OS,gapdh,tnpo1,image03,ch2,176,18.7565,3887.3586,250802A_U2OS_gapdh_tnpo1_image03_ch2,85
250802A,U2OS,gapdh,tnpo1,image03,ch2,177,18.8637,3856.2522,250802A_U2OS_gapdh_tnpo1_image03_ch2,86
250802A,U2OS,gapdh,tnpo1,image03,ch2,178,18.9709,3828.3152,250802A_U2OS_gapdh_tnpo1_image03_ch2,87
250802A,U2OS,gapdh,tnpo1,image03,ch2,179,19.078,3813.4146,250802A_U2OS_gapdh_tnpo1_image03_ch2,88
250802A,U2OS,gapdh,tnpo1,image03,ch2,180,19.1852,3810.7458,250802A_U2OS_gapdh_tnpo1_image03_ch2,89
250802A,U2OS,gapdh,tnpo1,image03,ch2,181,19.2924,3814.6958,250802A_U2OS_gapdh_tnpo1_image03_ch2,90
250802A,U2OS,gapdh,tnpo1,image04,ch1,1,0,7058.5259,250802A_U2OS_gapdh_tnpo1_image04_ch1,-90
250802A,U2OS,gapdh,tnpo1,image04,ch1,2,0.1072,7241.2563,250802A_U2OS_gapdh_tnpo1_image04_ch1,-89
250802A,U2OS,gapdh,tnpo1,image04,ch1,3,0.2144,7407.3193,250802A_U2OS_gapdh_tnpo1_image04_ch1,-88
250802A,U2OS,gapdh,tnpo1,image04,ch1,4,0.3215,7560.8652,250802A_U2OS_gapdh_tnpo1_image04_ch1,-87
250802A,U2OS,gapdh,tnpo1,image04,ch1,5,0.4287,7654.7261,250802A_U2OS_gapdh_tnpo1_image04_ch1,-86
250802A,U2OS,gapdh,tnpo1,image04,ch1,6,0.5359,7526.3442,250802A_U2OS_gapdh_tnpo1_image04_ch1,-85
250802A,U2OS,gapdh,tnpo1,image04,ch1,7,0.6431,7350.8843,250802A_U2OS_gapdh_tnpo1_image04_ch1,-84
250802A,U2OS,gapdh,tnpo1,image04,ch1,8,0.7503,7271.3379,250802A_U2OS_gapdh_tnpo1_image04_ch1,-83
250802A,U2OS,gapdh,tnpo1,image04,ch1,9,0.8574,7316.6045,250802A_U2OS_gapdh_tnpo1_image04_ch1,-82
250802A,U2OS,gapdh,tnpo1,image04,ch1,10,0.9646,7470.7017,250802A_U2OS_gapdh_tnpo1_image04_ch1,-81
250802A,U2OS,gapdh,tnpo1,image04,ch1,11,1.0718,7634.0874,250802A_U2OS_gapdh_tnpo1_image04_ch1,-80
250802A,U2OS,gapdh,tnpo1,image04,ch1,12,1.179,7814.1973,250802A_U2OS_gapdh_tnpo1_image04_ch1,-79
250802A,U2OS,gapdh,tnpo1,image04,ch1,13,1.2862,8053.5415,250802A_U2OS_gapdh_tnpo1_image04_ch1,-78
250802A,U2OS,gapdh,tnpo1,image04,ch1,14,1.3933,8267.0947,250802A_U2OS_gapdh_tnpo1_image04_ch1,-77
250802A,U2OS,gapdh,tnpo1,image04,ch1,15,1.5005,8343.4189,250802A_U2OS_gapdh_tnpo1_image04_ch1,-76
250802A,U2OS,gapdh,tnpo1,image04,ch1,16,1.6077,8375.3955,250802A_U2OS_gapdh_tnpo1_image04_ch1,-75
250802A,U2OS,gapdh,tnpo1,image04,ch1,17,1.7149,8369.6885,250802A_U2OS_gapdh_tnpo1_image04_ch1,-74
250802A,U2OS,gapdh,tnpo1,image04,ch1,18,1.8221,8267.0459,250802A_U2OS_gapdh_tnpo1_image04_ch1,-73
250802A,U2OS,gapdh,tnpo1,image04,ch1,19,1.9292,8144.5869,250802A_U2OS_gapdh_tnpo1_image04_ch1,-72
250802A,U2OS,gapdh,tnpo1,image04,ch1,20,2.0364,7997.7563,250802A_U2OS_gapdh_tnpo1_image04_ch1,-71
250802A,U2OS,gapdh,tnpo1,image04,ch1,21,2.1436,7809.1938,250802A_U2OS_gapdh_tnpo1_image04_ch1,-70
250802A,U2OS,gapdh,tnpo1,image04,ch1,22,2.2508,7627.2969,250802A_U2OS_gapdh_tnpo1_image04_ch1,-69
250802A,U2OS,gapdh,tnpo1,image04,ch1,23,2.358,7498.9131,250802A_U2OS_gapdh_tnpo1_image04_ch1,-68
250802A,U2OS,gapdh,tnpo1,image04,ch1,24,2.4651,7423.3398,250802A_U2OS_gapdh_tnpo1_image04_ch1,-67
250802A,U2OS,gapdh,tnpo1,image04,ch1,25,2.5723,7500.8623,250802A_U2OS_gapdh_tnpo1_image04_ch1,-66
250802A,U2OS,gapdh,tnpo1,image04,ch1,26,2.6795,7670.7153,250802A_U2OS_gapdh_tnpo1_image04_ch1,-65
250802A,U2OS,gapdh,tnpo1,image04,ch1,27,2.7867,7784.4863,250802A_U2OS_gapdh_tnpo1_image04_ch1,-64
250802A,U2OS,gapdh,tnpo1,image04,ch1,28,2.8939,7839.3721,250802A_U2OS_gapdh_tnpo1_image04_ch1,-63
250802A,U2OS,gapdh,tnpo1,image04,ch1,29,3.001,7832.7725,250802A_U2OS_gapdh_tnpo1_image04_ch1,-62
250802A,U2OS,gapdh,tnpo1,image04,ch1,30,3.1082,7692.1807,250802A_U2OS_gapdh_tnpo1_image04_ch1,-61
250802A,U2OS,gapdh,tnpo1,image04,ch1,31,3.2154,7545.0713,250802A_U2OS_gapdh_tnpo1_image04_ch1,-60
250802A,U2OS,gapdh,tnpo1,image04,ch1,32,3.3226,7396.8281,250802A_U2OS_gapdh_tnpo1_image04_ch1,-59
250802A,U2OS,gapdh,tnpo1,image04,ch1,33,3.4298,7341.7964,250802A_U2OS_gapdh_tnpo1_image04_ch1,-58
250802A,U2OS,gapdh,tnpo1,image04,ch1,34,3.5369,7331.7695,250802A_U2OS_gapdh_tnpo1_image04_ch1,-57
250802A,U2OS,gapdh,tnpo1,image04,ch1,35,3.6441,7341.3726,250802A_U2OS_gapdh_tnpo1_image04_ch1,-56
250802A,U2OS,gapdh,tnpo1,image04,ch1,36,3.7513,7331.23,250802A_U2OS_gapdh_tnpo1_image04_ch1,-55
250802A,U2OS,gapdh,tnpo1,image04,ch1,37,3.8585,7298.6948,250802A_U2OS_gapdh_tnpo1_image04_ch1,-54
250802A,U2OS,gapdh,tnpo1,image04,ch1,38,3.9657,7202.2896,250802A_U2OS_gapdh_tnpo1_image04_ch1,-53
250802A,U2OS,gapdh,tnpo1,image04,ch1,39,4.0728,7093.0415,250802A_U2OS_gapdh_tnpo1_image04_ch1,-52
250802A,U2OS,gapdh,tnpo1,image04,ch1,40,4.18,7010.4775,250802A_U2OS_gapdh_tnpo1_image04_ch1,-51
250802A,U2OS,gapdh,tnpo1,image04,ch1,41,4.2872,6926.2515,250802A_U2OS_gapdh_tnpo1_image04_ch1,-50
250802A,U2OS,gapdh,tnpo1,image04,ch1,42,4.3944,6862.1382,250802A_U2OS_gapdh_tnpo1_image04_ch1,-49
250802A,U2OS,gapdh,tnpo1,image04,ch1,43,4.5016,6825.9976,250802A_U2OS_gapdh_tnpo1_image04_ch1,-48
250802A,U2OS,gapdh,tnpo1,image04,ch1,44,4.6087,6812.0029,250802A_U2OS_gapdh_tnpo1_image04_ch1,-47
250802A,U2OS,gapdh,tnpo1,image04,ch1,45,4.7159,6841.8691,250802A_U2OS_gapdh_tnpo1_image04_ch1,-46
250802A,U2OS,gapdh,tnpo1,image04,ch1,46,4.8231,6864.5635,250802A_U2OS_gapdh_tnpo1_image04_ch1,-45
250802A,U2OS,gapdh,tnpo1,image04,ch1,47,4.9303,6868.8936,250802A_U2OS_gapdh_tnpo1_image04_ch1,-44
250802A,U2OS,gapdh,tnpo1,image04,ch1,48,5.0375,6866.0547,250802A_U2OS_gapdh_tnpo1_image04_ch1,-43
250802A,U2OS,gapdh,tnpo1,image04,ch1,49,5.1446,6895.7305,250802A_U2OS_gapdh_tnpo1_image04_ch1,-42
250802A,U2OS,gapdh,tnpo1,image04,ch1,50,5.2518,6999.8003,250802A_U2OS_gapdh_tnpo1_image04_ch1,-41
250802A,U2OS,gapdh,tnpo1,image04,ch1,51,5.359,7131.4341,250802A_U2OS_gapdh_tnpo1_image04_ch1,-40
250802A,U2OS,gapdh,tnpo1,image04,ch1,52,5.4662,7213.5928,250802A_U2OS_gapdh_tnpo1_image04_ch1,-39
250802A,U2OS,gapdh,tnpo1,image04,ch1,53,5.5734,7269.7944,250802A_U2OS_gapdh_tnpo1_image04_ch1,-38
250802A,U2OS,gapdh,tnpo1,image04,ch1,54,5.6805,7286.8555,250802A_U2OS_gapdh_tnpo1_image04_ch1,-37
250802A,U2OS,gapdh,tnpo1,image04,ch1,55,5.7877,7236.7881,250802A_U2OS_gapdh_tnpo1_image04_ch1,-36
250802A,U2OS,gapdh,tnpo1,image04,ch1,56,5.8949,7189.0376,250802A_U2OS_gapdh_tnpo1_image04_ch1,-35
250802A,U2OS,gapdh,tnpo1,image04,ch1,57,6.0021,7164.958,250802A_U2OS_gapdh_tnpo1_image04_ch1,-34
250802A,U2OS,gapdh,tnpo1,image04,ch1,58,6.1093,7161.2593,250802A_U2OS_gapdh_tnpo1_image04_ch1,-33
250802A,U2OS,gapdh,tnpo1,image04,ch1,59,6.2164,7209.3203,250802A_U2OS_gapdh_tnpo1_image04_ch1,-32
250802A,U2OS,gapdh,tnpo1,image04,ch1,60,6.3236,7226.5625,250802A_U2OS_gapdh_tnpo1_image04_ch1,-31
250802A,U2OS,gapdh,tnpo1,image04,ch1,61,6.4308,7278.9453,250802A_U2OS_gapdh_tnpo1_image04_ch1,-30
250802A,U2OS,gapdh,tnpo1,image04,ch1,62,6.538,7327.1904,250802A_U2OS_gapdh_tnpo1_image04_ch1,-29
250802A,U2OS,gapdh,tnpo1,image04,ch1,63,6.6452,7398.2856,250802A_U2OS_gapdh_tnpo1_image04_ch1,-28
250802A,U2OS,gapdh,tnpo1,image04,ch1,64,6.7523,7489.5293,250802A_U2OS_gapdh_tnpo1_image04_ch1,-27
250802A,U2OS,gapdh,tnpo1,image04,ch1,65,6.8595,7625.8135,250802A_U2OS_gapdh_tnpo1_image04_ch1,-26
250802A,U2OS,gapdh,tnpo1,image04,ch1,66,6.9667,7779.8828,250802A_U2OS_gapdh_tnpo1_image04_ch1,-25
250802A,U2OS,gapdh,tnpo1,image04,ch1,67,7.0739,7934.0244,250802A_U2OS_gapdh_tnpo1_image04_ch1,-24
250802A,U2OS,gapdh,tnpo1,image04,ch1,68,7.1811,8032.1631,250802A_U2OS_gapdh_tnpo1_image04_ch1,-23
250802A,U2OS,gapdh,tnpo1,image04,ch1,69,7.2882,8106.1157,250802A_U2OS_gapdh_tnpo1_image04_ch1,-22
250802A,U2OS,gapdh,tnpo1,image04,ch1,70,7.3954,8230.7842,250802A_U2OS_gapdh_tnpo1_image04_ch1,-21
250802A,U2OS,gapdh,tnpo1,image04,ch1,71,7.5026,8354.0156,250802A_U2OS_gapdh_tnpo1_image04_ch1,-20
250802A,U2OS,gapdh,tnpo1,image04,ch1,72,7.6098,8470.1543,250802A_U2OS_gapdh_tnpo1_image04_ch1,-19
250802A,U2OS,gapdh,tnpo1,image04,ch1,73,7.717,8560.6572,250802A_U2OS_gapdh_tnpo1_image04_ch1,-18
250802A,U2OS,gapdh,tnpo1,image04,ch1,74,7.8241,8679.2637,250802A_U2OS_gapdh_tnpo1_image04_ch1,-17
250802A,U2OS,gapdh,tnpo1,image04,ch1,75,7.9313,8866.376,250802A_U2OS_gapdh_tnpo1_image04_ch1,-16
250802A,U2OS,gapdh,tnpo1,image04,ch1,76,8.0385,9171.2354,250802A_U2OS_gapdh_tnpo1_image04_ch1,-15
250802A,U2OS,gapdh,tnpo1,image04,ch1,77,8.1457,9560.7471,250802A_U2OS_gapdh_tnpo1_image04_ch1,-14
250802A,U2OS,gapdh,tnpo1,image04,ch1,78,8.2529,9908.3848,250802A_U2OS_gapdh_tnpo1_image04_ch1,-13
250802A,U2OS,gapdh,tnpo1,image04,ch1,79,8.36,10244.4482,250802A_U2OS_gapdh_tnpo1_image04_ch1,-12
250802A,U2OS,gapdh,tnpo1,image04,ch1,80,8.4672,10587.2715,250802A_U2OS_gapdh_tnpo1_image04_ch1,-11
250802A,U2OS,gapdh,tnpo1,image04,ch1,81,8.5744,10921.1797,250802A_U2OS_gapdh_tnpo1_image04_ch1,-10
250802A,U2OS,gapdh,tnpo1,image04,ch1,82,8.6816,11217.0283,250802A_U2OS_gapdh_tnpo1_image04_ch1,-9
250802A,U2OS,gapdh,tnpo1,image04,ch1,83,8.7888,11489.4238,250802A_U2OS_gapdh_tnpo1_image04_ch1,-8
250802A,U2OS,gapdh,tnpo1,image04,ch1,84,8.8959,11819.5547,250802A_U2OS_gapdh_tnpo1_image04_ch1,-7
250802A,U2OS,gapdh,tnpo1,image04,ch1,85,9.0031,12106.9678,250802A_U2OS_gapdh_tnpo1_image04_ch1,-6
250802A,U2OS,gapdh,tnpo1,image04,ch1,86,9.1103,12298.5498,250802A_U2OS_gapdh_tnpo1_image04_ch1,-5
250802A,U2OS,gapdh,tnpo1,image04,ch1,87,9.2175,12537.668,250802A_U2OS_gapdh_tnpo1_image04_ch1,-4
250802A,U2OS,gapdh,tnpo1,image04,ch1,88,9.3247,12826.624,250802A_U2OS_gapdh_tnpo1_image04_ch1,-3
250802A,U2OS,gapdh,tnpo1,image04,ch1,89,9.4318,13163.6777,250802A_U2OS_gapdh_tnpo1_image04_ch1,-2
250802A,U2OS,gapdh,tnpo1,image04,ch1,90,9.539,13535.1025,250802A_U2OS_gapdh_tnpo1_image04_ch1,-1
250802A,U2OS,gapdh,tnpo1,image04,ch1,91,9.6462,13898.5713,250802A_U2OS_gapdh_tnpo1_image04_ch1,0
250802A,U2OS,gapdh,tnpo1,image04,ch1,92,9.7534,14179.041,250802A_U2OS_gapdh_tnpo1_image04_ch1,1
250802A,U2OS,gapdh,tnpo1,image04,ch1,93,9.8606,14347.792,250802A_U2OS_gapdh_tnpo1_image04_ch1,2
250802A,U2OS,gapdh,tnpo1,image04,ch1,94,9.9677,14475.0723,250802A_U2OS_gapdh_tnpo1_image04_ch1,3
250802A,U2OS,gapdh,tnpo1,image04,ch1,95,10.0749,14469.5576,250802A_U2OS_gapdh_tnpo1_image04_ch1,4
250802A,U2OS,gapdh,tnpo1,image04,ch1,96,10.1821,14409.9971,250802A_U2OS_gapdh_tnpo1_image04_ch1,5
250802A,U2OS,gapdh,tnpo1,image04,ch1,97,10.2893,14336.3379,250802A_U2OS_gapdh_tnpo1_image04_ch1,6
250802A,U2OS,gapdh,tnpo1,image04,ch1,98,10.3965,14454.9365,250802A_U2OS_gapdh_tnpo1_image04_ch1,7
250802A,U2OS,gapdh,tnpo1,image04,ch1,99,10.5036,14714.8887,250802A_U2OS_gapdh_tnpo1_image04_ch1,8
250802A,U2OS,gapdh,tnpo1,image04,ch1,100,10.6108,15094.7031,250802A_U2OS_gapdh_tnpo1_image04_ch1,9
250802A,U2OS,gapdh,tnpo1,image04,ch1,101,10.718,15519.998,250802A_U2OS_gapdh_tnpo1_image04_ch1,10
250802A,U2OS,gapdh,tnpo1,image04,ch1,102,10.8252,15962.5742,250802A_U2OS_gapdh_tnpo1_image04_ch1,11
250802A,U2OS,gapdh,tnpo1,image04,ch1,103,10.9324,16104.4609,250802A_U2OS_gapdh_tnpo1_image04_ch1,12
250802A,U2OS,gapdh,tnpo1,image04,ch1,104,11.0395,16112.1064,250802A_U2OS_gapdh_tnpo1_image04_ch1,13
250802A,U2OS,gapdh,tnpo1,image04,ch1,105,11.1467,16190.6182,250802A_U2OS_gapdh_tnpo1_image04_ch1,14
250802A,U2OS,gapdh,tnpo1,image04,ch1,106,11.2539,16178.2373,250802A_U2OS_gapdh_tnpo1_image04_ch1,15
250802A,U2OS,gapdh,tnpo1,image04,ch1,107,11.3611,16069.6777,250802A_U2OS_gapdh_tnpo1_image04_ch1,16
250802A,U2OS,gapdh,tnpo1,image04,ch1,108,11.4683,15974.9697,250802A_U2OS_gapdh_tnpo1_image04_ch1,17
250802A,U2OS,gapdh,tnpo1,image04,ch1,109,11.5754,15853.8887,250802A_U2OS_gapdh_tnpo1_image04_ch1,18
250802A,U2OS,gapdh,tnpo1,image04,ch1,110,11.6826,15847.6289,250802A_U2OS_gapdh_tnpo1_image04_ch1,19
250802A,U2OS,gapdh,tnpo1,image04,ch1,111,11.7898,15995.624,250802A_U2OS_gapdh_tnpo1_image04_ch1,20
250802A,U2OS,gapdh,tnpo1,image04,ch1,112,11.897,16258.3945,250802A_U2OS_gapdh_tnpo1_image04_ch1,21
250802A,U2OS,gapdh,tnpo1,image04,ch1,113,12.0042,16515.3379,250802A_U2OS_gapdh_tnpo1_image04_ch1,22
250802A,U2OS,gapdh,tnpo1,image04,ch1,114,12.1113,16762.0293,250802A_U2OS_gapdh_tnpo1_image04_ch1,23
250802A,U2OS,gapdh,tnpo1,image04,ch1,115,12.2185,16896.0469,250802A_U2OS_gapdh_tnpo1_image04_ch1,24
250802A,U2OS,gapdh,tnpo1,image04,ch1,116,12.3257,16938.4844,250802A_U2OS_gapdh_tnpo1_image04_ch1,25
250802A,U2OS,gapdh,tnpo1,image04,ch1,117,12.4329,17059.0332,250802A_U2OS_gapdh_tnpo1_image04_ch1,26
250802A,U2OS,gapdh,tnpo1,image04,ch1,118,12.5401,17218.1191,250802A_U2OS_gapdh_tnpo1_image04_ch1,27
250802A,U2OS,gapdh,tnpo1,image04,ch1,119,12.6472,17268.5547,250802A_U2OS_gapdh_tnpo1_image04_ch1,28
250802A,U2OS,gapdh,tnpo1,image04,ch1,120,12.7544,17154.8574,250802A_U2OS_gapdh_tnpo1_image04_ch1,29
250802A,U2OS,gapdh,tnpo1,image04,ch1,121,12.8616,16792.4297,250802A_U2OS_gapdh_tnpo1_image04_ch1,30
250802A,U2OS,gapdh,tnpo1,image04,ch1,122,12.9688,16203.0693,250802A_U2OS_gapdh_tnpo1_image04_ch1,31
250802A,U2OS,gapdh,tnpo1,image04,ch1,123,13.076,15580.7627,250802A_U2OS_gapdh_tnpo1_image04_ch1,32
250802A,U2OS,gapdh,tnpo1,image04,ch1,124,13.1831,15160.9424,250802A_U2OS_gapdh_tnpo1_image04_ch1,33
250802A,U2OS,gapdh,tnpo1,image04,ch1,125,13.2903,14992.7852,250802A_U2OS_gapdh_tnpo1_image04_ch1,34
250802A,U2OS,gapdh,tnpo1,image04,ch1,126,13.3975,15070.4326,250802A_U2OS_gapdh_tnpo1_image04_ch1,35
250802A,U2OS,gapdh,tnpo1,image04,ch1,127,13.5047,15344.7939,250802A_U2OS_gapdh_tnpo1_image04_ch1,36
250802A,U2OS,gapdh,tnpo1,image04,ch1,128,13.6119,15691.6904,250802A_U2OS_gapdh_tnpo1_image04_ch1,37
250802A,U2OS,gapdh,tnpo1,image04,ch1,129,13.719,16039.0664,250802A_U2OS_gapdh_tnpo1_image04_ch1,38
250802A,U2OS,gapdh,tnpo1,image04,ch1,130,13.8262,16451.4766,250802A_U2OS_gapdh_tnpo1_image04_ch1,39
250802A,U2OS,gapdh,tnpo1,image04,ch1,131,13.9334,16702.2031,250802A_U2OS_gapdh_tnpo1_image04_ch1,40
250802A,U2OS,gapdh,tnpo1,image04,ch1,132,14.0406,16788.4434,250802A_U2OS_gapdh_tnpo1_image04_ch1,41
250802A,U2OS,gapdh,tnpo1,image04,ch1,133,14.1478,16781.1445,250802A_U2OS_gapdh_tnpo1_image04_ch1,42
250802A,U2OS,gapdh,tnpo1,image04,ch1,134,14.2549,16560.4805,250802A_U2OS_gapdh_tnpo1_image04_ch1,43
250802A,U2OS,gapdh,tnpo1,image04,ch1,135,14.3621,16125.0957,250802A_U2OS_gapdh_tnpo1_image04_ch1,44
250802A,U2OS,gapdh,tnpo1,image04,ch1,136,14.4693,15746.8408,250802A_U2OS_gapdh_tnpo1_image04_ch1,45
250802A,U2OS,gapdh,tnpo1,image04,ch1,137,14.5765,15600.585,250802A_U2OS_gapdh_tnpo1_image04_ch1,46
250802A,U2OS,gapdh,tnpo1,image04,ch1,138,14.6837,15668.5088,250802A_U2OS_gapdh_tnpo1_image04_ch1,47
250802A,U2OS,gapdh,tnpo1,image04,ch1,139,14.7908,15795.916,250802A_U2OS_gapdh_tnpo1_image04_ch1,48
250802A,U2OS,gapdh,tnpo1,image04,ch1,140,14.898,15939.4219,250802A_U2OS_gapdh_tnpo1_image04_ch1,49
250802A,U2OS,gapdh,tnpo1,image04,ch1,141,15.0052,16084.917,250802A_U2OS_gapdh_tnpo1_image04_ch1,50
250802A,U2OS,gapdh,tnpo1,image04,ch1,142,15.1124,16246.0898,250802A_U2OS_gapdh_tnpo1_image04_ch1,51
250802A,U2OS,gapdh,tnpo1,image04,ch1,143,15.2196,16402.6465,250802A_U2OS_gapdh_tnpo1_image04_ch1,52
250802A,U2OS,gapdh,tnpo1,image04,ch1,144,15.3267,16502.3848,250802A_U2OS_gapdh_tnpo1_image04_ch1,53
250802A,U2OS,gapdh,tnpo1,image04,ch1,145,15.4339,16573.3242,250802A_U2OS_gapdh_tnpo1_image04_ch1,54
250802A,U2OS,gapdh,tnpo1,image04,ch1,146,15.5411,16686.25,250802A_U2OS_gapdh_tnpo1_image04_ch1,55
250802A,U2OS,gapdh,tnpo1,image04,ch1,147,15.6483,16808.2305,250802A_U2OS_gapdh_tnpo1_image04_ch1,56
250802A,U2OS,gapdh,tnpo1,image04,ch1,148,15.7555,16961.168,250802A_U2OS_gapdh_tnpo1_image04_ch1,57
250802A,U2OS,gapdh,tnpo1,image04,ch1,149,15.8626,17069.2168,250802A_U2OS_gapdh_tnpo1_image04_ch1,58
250802A,U2OS,gapdh,tnpo1,image04,ch1,150,15.9698,17061.918,250802A_U2OS_gapdh_tnpo1_image04_ch1,59
250802A,U2OS,gapdh,tnpo1,image04,ch1,151,16.077,16983.5391,250802A_U2OS_gapdh_tnpo1_image04_ch1,60
250802A,U2OS,gapdh,tnpo1,image04,ch1,152,16.1842,16902.3027,250802A_U2OS_gapdh_tnpo1_image04_ch1,61
250802A,U2OS,gapdh,tnpo1,image04,ch1,153,16.2914,16755.1152,250802A_U2OS_gapdh_tnpo1_image04_ch1,62
250802A,U2OS,gapdh,tnpo1,image04,ch1,154,16.3985,16508.7285,250802A_U2OS_gapdh_tnpo1_image04_ch1,63
250802A,U2OS,gapdh,tnpo1,image04,ch1,155,16.5057,16448.3555,250802A_U2OS_gapdh_tnpo1_image04_ch1,64
250802A,U2OS,gapdh,tnpo1,image04,ch1,156,16.6129,16324.0498,250802A_U2OS_gapdh_tnpo1_image04_ch1,65
250802A,U2OS,gapdh,tnpo1,image04,ch1,157,16.7201,16004.0107,250802A_U2OS_gapdh_tnpo1_image04_ch1,66
250802A,U2OS,gapdh,tnpo1,image04,ch1,158,16.8273,15737.3721,250802A_U2OS_gapdh_tnpo1_image04_ch1,67
250802A,U2OS,gapdh,tnpo1,image04,ch1,159,16.9344,15433.7617,250802A_U2OS_gapdh_tnpo1_image04_ch1,68
250802A,U2OS,gapdh,tnpo1,image04,ch1,160,17.0416,15108.0508,250802A_U2OS_gapdh_tnpo1_image04_ch1,69
250802A,U2OS,gapdh,tnpo1,image04,ch1,161,17.1488,14824.7852,250802A_U2OS_gapdh_tnpo1_image04_ch1,70
250802A,U2OS,gapdh,tnpo1,image04,ch1,162,17.256,14570.4902,250802A_U2OS_gapdh_tnpo1_image04_ch1,71
250802A,U2OS,gapdh,tnpo1,image04,ch1,163,17.3632,14306.6396,250802A_U2OS_gapdh_tnpo1_image04_ch1,72
250802A,U2OS,gapdh,tnpo1,image04,ch1,164,17.4703,14070.5996,250802A_U2OS_gapdh_tnpo1_image04_ch1,73
250802A,U2OS,gapdh,tnpo1,image04,ch1,165,17.5775,13953.0029,250802A_U2OS_gapdh_tnpo1_image04_ch1,74
250802A,U2OS,gapdh,tnpo1,image04,ch1,166,17.6847,13846.5439,250802A_U2OS_gapdh_tnpo1_image04_ch1,75
250802A,U2OS,gapdh,tnpo1,image04,ch1,167,17.7919,13685.8887,250802A_U2OS_gapdh_tnpo1_image04_ch1,76
250802A,U2OS,gapdh,tnpo1,image04,ch1,168,17.8991,13530.9805,250802A_U2OS_gapdh_tnpo1_image04_ch1,77
250802A,U2OS,gapdh,tnpo1,image04,ch1,169,18.0062,13463.8438,250802A_U2OS_gapdh_tnpo1_image04_ch1,78
250802A,U2OS,gapdh,tnpo1,image04,ch1,170,18.1134,13631.6299,250802A_U2OS_gapdh_tnpo1_image04_ch1,79
250802A,U2OS,gapdh,tnpo1,image04,ch1,171,18.2206,13946.5635,250802A_U2OS_gapdh_tnpo1_image04_ch1,80
250802A,U2OS,gapdh,tnpo1,image04,ch1,172,18.3278,14276.915,250802A_U2OS_gapdh_tnpo1_image04_ch1,81
250802A,U2OS,gapdh,tnpo1,image04,ch1,173,18.435,14441.8779,250802A_U2OS_gapdh_tnpo1_image04_ch1,82
250802A,U2OS,gapdh,tnpo1,image04,ch1,174,18.5421,14404.1309,250802A_U2OS_gapdh_tnpo1_image04_ch1,83
250802A,U2OS,gapdh,tnpo1,image04,ch1,175,18.6493,14291.6484,250802A_U2OS_gapdh_tnpo1_image04_ch1,84
250802A,U2OS,gapdh,tnpo1,image04,ch1,176,18.7565,14331.6592,250802A_U2OS_gapdh_tnpo1_image04_ch1,85
250802A,U2OS,gapdh,tnpo1,image04,ch1,177,18.8637,14495.8936,250802A_U2OS_gapdh_tnpo1_image04_ch1,86
250802A,U2OS,gapdh,tnpo1,image04,ch1,178,18.9709,14656.2686,250802A_U2OS_gapdh_tnpo1_image04_ch1,87
250802A,U2OS,gapdh,tnpo1,image04,ch1,179,19.078,14831.4346,250802A_U2OS_gapdh_tnpo1_image04_ch1,88
250802A,U2OS,gapdh,tnpo1,image04,ch1,180,19.1852,14948.292,250802A_U2OS_gapdh_tnpo1_image04_ch1,89
250802A,U2OS,gapdh,tnpo1,image04,ch1,181,19.2924,14833.1904,250802A_U2OS_gapdh_tnpo1_image04_ch1,90
250802A,U2OS,gapdh,tnpo1,image04,ch2,1,0,4296.3818,250802A_U2OS_gapdh_tnpo1_image04_ch2,-90
250802A,U2OS,gapdh,tnpo1,image04,ch2,2,0.1072,4290.4399,250802A_U2OS_gapdh_tnpo1_image04_ch2,-89
250802A,U2OS,gapdh,tnpo1,image04,ch2,3,0.2144,4283.1646,250802A_U2OS_gapdh_tnpo1_image04_ch2,-88
250802A,U2OS,gapdh,tnpo1,image04,ch2,4,0.3215,4293.7803,250802A_U2OS_gapdh_tnpo1_image04_ch2,-87
250802A,U2OS,gapdh,tnpo1,image04,ch2,5,0.4287,4303.7422,250802A_U2OS_gapdh_tnpo1_image04_ch2,-86
250802A,U2OS,gapdh,tnpo1,image04,ch2,6,0.5359,4308.499,250802A_U2OS_gapdh_tnpo1_image04_ch2,-85
250802A,U2OS,gapdh,tnpo1,image04,ch2,7,0.6431,4325.2358,250802A_U2OS_gapdh_tnpo1_image04_ch2,-84
250802A,U2OS,gapdh,tnpo1,image04,ch2,8,0.7503,4330.582,250802A_U2OS_gapdh_tnpo1_image04_ch2,-83
250802A,U2OS,gapdh,tnpo1,image04,ch2,9,0.8574,4331.2441,250802A_U2OS_gapdh_tnpo1_image04_ch2,-82
250802A,U2OS,gapdh,tnpo1,image04,ch2,10,0.9646,4328.2256,250802A_U2OS_gapdh_tnpo1_image04_ch2,-81
250802A,U2OS,gapdh,tnpo1,image04,ch2,11,1.0718,4334.2612,250802A_U2OS_gapdh_tnpo1_image04_ch2,-80
250802A,U2OS,gapdh,tnpo1,image04,ch2,12,1.179,4364.416,250802A_U2OS_gapdh_tnpo1_image04_ch2,-79
250802A,U2OS,gapdh,tnpo1,image04,ch2,13,1.2862,4399.8428,250802A_U2OS_gapdh_tnpo1_image04_ch2,-78
250802A,U2OS,gapdh,tnpo1,image04,ch2,14,1.3933,4413.8398,250802A_U2OS_gapdh_tnpo1_image04_ch2,-77
250802A,U2OS,gapdh,tnpo1,image04,ch2,15,1.5005,4435.1118,250802A_U2OS_gapdh_tnpo1_image04_ch2,-76
250802A,U2OS,gapdh,tnpo1,image04,ch2,16,1.6077,4414.6719,250802A_U2OS_gapdh_tnpo1_image04_ch2,-75
250802A,U2OS,gapdh,tnpo1,image04,ch2,17,1.7149,4371.9541,250802A_U2OS_gapdh_tnpo1_image04_ch2,-74
250802A,U2OS,gapdh,tnpo1,image04,ch2,18,1.8221,4355.4092,250802A_U2OS_gapdh_tnpo1_image04_ch2,-73
250802A,U2OS,gapdh,tnpo1,image04,ch2,19,1.9292,4354.8838,250802A_U2OS_gapdh_tnpo1_image04_ch2,-72
250802A,U2OS,gapdh,tnpo1,image04,ch2,20,2.0364,4363.8906,250802A_U2OS_gapdh_tnpo1_image04_ch2,-71
250802A,U2OS,gapdh,tnpo1,image04,ch2,21,2.1436,4358.2632,250802A_U2OS_gapdh_tnpo1_image04_ch2,-70
250802A,U2OS,gapdh,tnpo1,image04,ch2,22,2.2508,4363.7744,250802A_U2OS_gapdh_tnpo1_image04_ch2,-69
250802A,U2OS,gapdh,tnpo1,image04,ch2,23,2.358,4358.0674,250802A_U2OS_gapdh_tnpo1_image04_ch2,-68
250802A,U2OS,gapdh,tnpo1,image04,ch2,24,2.4651,4345.0059,250802A_U2OS_gapdh_tnpo1_image04_ch2,-67
250802A,U2OS,gapdh,tnpo1,image04,ch2,25,2.5723,4338.9731,250802A_U2OS_gapdh_tnpo1_image04_ch2,-66
250802A,U2OS,gapdh,tnpo1,image04,ch2,26,2.6795,4343.0571,250802A_U2OS_gapdh_tnpo1_image04_ch2,-65
250802A,U2OS,gapdh,tnpo1,image04,ch2,27,2.7867,4345.6045,250802A_U2OS_gapdh_tnpo1_image04_ch2,-64
250802A,U2OS,gapdh,tnpo1,image04,ch2,28,2.8939,4369.0596,250802A_U2OS_gapdh_tnpo1_image04_ch2,-63
250802A,U2OS,gapdh,tnpo1,image04,ch2,29,3.001,4366.7383,250802A_U2OS_gapdh_tnpo1_image04_ch2,-62
250802A,U2OS,gapdh,tnpo1,image04,ch2,30,3.1082,4348.2314,250802A_U2OS_gapdh_tnpo1_image04_ch2,-61
250802A,U2OS,gapdh,tnpo1,image04,ch2,31,3.2154,4335.4033,250802A_U2OS_gapdh_tnpo1_image04_ch2,-60
250802A,U2OS,gapdh,tnpo1,image04,ch2,32,3.3226,4321.1777,250802A_U2OS_gapdh_tnpo1_image04_ch2,-59
250802A,U2OS,gapdh,tnpo1,image04,ch2,33,3.4298,4314.2607,250802A_U2OS_gapdh_tnpo1_image04_ch2,-58
250802A,U2OS,gapdh,tnpo1,image04,ch2,34,3.5369,4310.7197,250802A_U2OS_gapdh_tnpo1_image04_ch2,-57
250802A,U2OS,gapdh,tnpo1,image04,ch2,35,3.6441,4302.1279,250802A_U2OS_gapdh_tnpo1_image04_ch2,-56
250802A,U2OS,gapdh,tnpo1,image04,ch2,36,3.7513,4291.8872,250802A_U2OS_gapdh_tnpo1_image04_ch2,-55
250802A,U2OS,gapdh,tnpo1,image04,ch2,37,3.8585,4286.248,250802A_U2OS_gapdh_tnpo1_image04_ch2,-54
250802A,U2OS,gapdh,tnpo1,image04,ch2,38,3.9657,4299.0518,250802A_U2OS_gapdh_tnpo1_image04_ch2,-53
250802A,U2OS,gapdh,tnpo1,image04,ch2,39,4.0728,4305.1997,250802A_U2OS_gapdh_tnpo1_image04_ch2,-52
250802A,U2OS,gapdh,tnpo1,image04,ch2,40,4.18,4299.1816,250802A_U2OS_gapdh_tnpo1_image04_ch2,-51
250802A,U2OS,gapdh,tnpo1,image04,ch2,41,4.2872,4289.4512,250802A_U2OS_gapdh_tnpo1_image04_ch2,-50
250802A,U2OS,gapdh,tnpo1,image04,ch2,42,4.3944,4265.5474,250802A_U2OS_gapdh_tnpo1_image04_ch2,-49
250802A,U2OS,gapdh,tnpo1,image04,ch2,43,4.5016,4249.1733,250802A_U2OS_gapdh_tnpo1_image04_ch2,-48
250802A,U2OS,gapdh,tnpo1,image04,ch2,44,4.6087,4225.9214,250802A_U2OS_gapdh_tnpo1_image04_ch2,-47
250802A,U2OS,gapdh,tnpo1,image04,ch2,45,4.7159,4216.3428,250802A_U2OS_gapdh_tnpo1_image04_ch2,-46
250802A,U2OS,gapdh,tnpo1,image04,ch2,46,4.8231,4218.3545,250802A_U2OS_gapdh_tnpo1_image04_ch2,-45
250802A,U2OS,gapdh,tnpo1,image04,ch2,47,4.9303,4220.7495,250802A_U2OS_gapdh_tnpo1_image04_ch2,-44
250802A,U2OS,gapdh,tnpo1,image04,ch2,48,5.0375,4226.1904,250802A_U2OS_gapdh_tnpo1_image04_ch2,-43
250802A,U2OS,gapdh,tnpo1,image04,ch2,49,5.1446,4229.8311,250802A_U2OS_gapdh_tnpo1_image04_ch2,-42
250802A,U2OS,gapdh,tnpo1,image04,ch2,50,5.2518,4236.5615,250802A_U2OS_gapdh_tnpo1_image04_ch2,-41
250802A,U2OS,gapdh,tnpo1,image04,ch2,51,5.359,4250.1094,250802A_U2OS_gapdh_tnpo1_image04_ch2,-40
250802A,U2OS,gapdh,tnpo1,image04,ch2,52,5.4662,4260.6094,250802A_U2OS_gapdh_tnpo1_image04_ch2,-39
250802A,U2OS,gapdh,tnpo1,image04,ch2,53,5.5734,4265.7935,250802A_U2OS_gapdh_tnpo1_image04_ch2,-38
250802A,U2OS,gapdh,tnpo1,image04,ch2,54,5.6805,4268.2402,250802A_U2OS_gapdh_tnpo1_image04_ch2,-37
250802A,U2OS,gapdh,tnpo1,image04,ch2,55,5.7877,4282.4834,250802A_U2OS_gapdh_tnpo1_image04_ch2,-36
250802A,U2OS,gapdh,tnpo1,image04,ch2,56,5.8949,4307.9194,250802A_U2OS_gapdh_tnpo1_image04_ch2,-35
250802A,U2OS,gapdh,tnpo1,image04,ch2,57,6.0021,4360.8633,250802A_U2OS_gapdh_tnpo1_image04_ch2,-34
250802A,U2OS,gapdh,tnpo1,image04,ch2,58,6.1093,4410.5059,250802A_U2OS_gapdh_tnpo1_image04_ch2,-33
250802A,U2OS,gapdh,tnpo1,image04,ch2,59,6.2164,4457.3481,250802A_U2OS_gapdh_tnpo1_image04_ch2,-32
250802A,U2OS,gapdh,tnpo1,image04,ch2,60,6.3236,4471.6157,250802A_U2OS_gapdh_tnpo1_image04_ch2,-31
250802A,U2OS,gapdh,tnpo1,image04,ch2,61,6.4308,4427.4644,250802A_U2OS_gapdh_tnpo1_image04_ch2,-30
250802A,U2OS,gapdh,tnpo1,image04,ch2,62,6.538,4352.1616,250802A_U2OS_gapdh_tnpo1_image04_ch2,-29
250802A,U2OS,gapdh,tnpo1,image04,ch2,63,6.6452,4302.1201,250802A_U2OS_gapdh_tnpo1_image04_ch2,-28
250802A,U2OS,gapdh,tnpo1,image04,ch2,64,6.7523,4288.2861,250802A_U2OS_gapdh_tnpo1_image04_ch2,-27
250802A,U2OS,gapdh,tnpo1,image04,ch2,65,6.8595,4278.4229,250802A_U2OS_gapdh_tnpo1_image04_ch2,-26
250802A,U2OS,gapdh,tnpo1,image04,ch2,66,6.9667,4286.29,250802A_U2OS_gapdh_tnpo1_image04_ch2,-25
250802A,U2OS,gapdh,tnpo1,image04,ch2,67,7.0739,4290.3286,250802A_U2OS_gapdh_tnpo1_image04_ch2,-24
250802A,U2OS,gapdh,tnpo1,image04,ch2,68,7.1811,4300.2646,250802A_U2OS_gapdh_tnpo1_image04_ch2,-23
250802A,U2OS,gapdh,tnpo1,image04,ch2,69,7.2882,4317.6597,250802A_U2OS_gapdh_tnpo1_image04_ch2,-22
250802A,U2OS,gapdh,tnpo1,image04,ch2,70,7.3954,4343.4512,250802A_U2OS_gapdh_tnpo1_image04_ch2,-21
250802A,U2OS,gapdh,tnpo1,image04,ch2,71,7.5026,4353.2109,250802A_U2OS_gapdh_tnpo1_image04_ch2,-20
250802A,U2OS,gapdh,tnpo1,image04,ch2,72,7.6098,4372.7334,250802A_U2OS_gapdh_tnpo1_image04_ch2,-19
250802A,U2OS,gapdh,tnpo1,image04,ch2,73,7.717,4394.6094,250802A_U2OS_gapdh_tnpo1_image04_ch2,-18
250802A,U2OS,gapdh,tnpo1,image04,ch2,74,7.8241,4433.8276,250802A_U2OS_gapdh_tnpo1_image04_ch2,-17
250802A,U2OS,gapdh,tnpo1,image04,ch2,75,7.9313,4473.2334,250802A_U2OS_gapdh_tnpo1_image04_ch2,-16
250802A,U2OS,gapdh,tnpo1,image04,ch2,76,8.0385,4522.4204,250802A_U2OS_gapdh_tnpo1_image04_ch2,-15
250802A,U2OS,gapdh,tnpo1,image04,ch2,77,8.1457,4570.1743,250802A_U2OS_gapdh_tnpo1_image04_ch2,-14
250802A,U2OS,gapdh,tnpo1,image04,ch2,78,8.2529,4613.8701,250802A_U2OS_gapdh_tnpo1_image04_ch2,-13
250802A,U2OS,gapdh,tnpo1,image04,ch2,79,8.36,4660.877,250802A_U2OS_gapdh_tnpo1_image04_ch2,-12
250802A,U2OS,gapdh,tnpo1,image04,ch2,80,8.4672,4708.2817,250802A_U2OS_gapdh_tnpo1_image04_ch2,-11
250802A,U2OS,gapdh,tnpo1,image04,ch2,81,8.5744,4752.1987,250802A_U2OS_gapdh_tnpo1_image04_ch2,-10
250802A,U2OS,gapdh,tnpo1,image04,ch2,82,8.6816,4805.4053,250802A_U2OS_gapdh_tnpo1_image04_ch2,-9
250802A,U2OS,gapdh,tnpo1,image04,ch2,83,8.7888,4863.5376,250802A_U2OS_gapdh_tnpo1_image04_ch2,-8
250802A,U2OS,gapdh,tnpo1,image04,ch2,84,8.8959,4969.6294,250802A_U2OS_gapdh_tnpo1_image04_ch2,-7
250802A,U2OS,gapdh,tnpo1,image04,ch2,85,9.0031,5062.8589,250802A_U2OS_gapdh_tnpo1_image04_ch2,-6
250802A,U2OS,gapdh,tnpo1,image04,ch2,86,9.1103,5145.8701,250802A_U2OS_gapdh_tnpo1_image04_ch2,-5
250802A,U2OS,gapdh,tnpo1,image04,ch2,87,9.2175,5177.9922,250802A_U2OS_gapdh_tnpo1_image04_ch2,-4
250802A,U2OS,gapdh,tnpo1,image04,ch2,88,9.3247,5146.3594,250802A_U2OS_gapdh_tnpo1_image04_ch2,-3
250802A,U2OS,gapdh,tnpo1,image04,ch2,89,9.4318,5088.1987,250802A_U2OS_gapdh_tnpo1_image04_ch2,-2
250802A,U2OS,gapdh,tnpo1,image04,ch2,90,9.539,5053.0889,250802A_U2OS_gapdh_tnpo1_image04_ch2,-1
250802A,U2OS,gapdh,tnpo1,image04,ch2,91,9.6462,5069.1997,250802A_U2OS_gapdh_tnpo1_image04_ch2,0
250802A,U2OS,gapdh,tnpo1,image04,ch2,92,9.7534,5091.0166,250802A_U2OS_gapdh_tnpo1_image04_ch2,1
250802A,U2OS,gapdh,tnpo1,image04,ch2,93,9.8606,5125.1841,250802A_U2OS_gapdh_tnpo1_image04_ch2,2
250802A,U2OS,gapdh,tnpo1,image04,ch2,94,9.9677,5157.332,250802A_U2OS_gapdh_tnpo1_image04_ch2,3
250802A,U2OS,gapdh,tnpo1,image04,ch2,95,10.0749,5203.1973,250802A_U2OS_gapdh_tnpo1_image04_ch2,4
250802A,U2OS,gapdh,tnpo1,image04,ch2,96,10.1821,5233.0039,250802A_U2OS_gapdh_tnpo1_image04_ch2,5
250802A,U2OS,gapdh,tnpo1,image04,ch2,97,10.2893,5254.5405,250802A_U2OS_gapdh_tnpo1_image04_ch2,6
250802A,U2OS,gapdh,tnpo1,image04,ch2,98,10.3965,5270.2319,250802A_U2OS_gapdh_tnpo1_image04_ch2,7
250802A,U2OS,gapdh,tnpo1,image04,ch2,99,10.5036,5283.9639,250802A_U2OS_gapdh_tnpo1_image04_ch2,8
250802A,U2OS,gapdh,tnpo1,image04,ch2,100,10.6108,5297.2725,250802A_U2OS_gapdh_tnpo1_image04_ch2,9
250802A,U2OS,gapdh,tnpo1,image04,ch2,101,10.718,5310.9678,250802A_U2OS_gapdh_tnpo1_image04_ch2,10
250802A,U2OS,gapdh,tnpo1,image04,ch2,102,10.8252,5356.0977,250802A_U2OS_gapdh_tnpo1_image04_ch2,11
250802A,U2OS,gapdh,tnpo1,image04,ch2,103,10.9324,5393.6992,250802A_U2OS_gapdh_tnpo1_image04_ch2,12
250802A,U2OS,gapdh,tnpo1,image04,ch2,104,11.0395,5467.9038,250802A_U2OS_gapdh_tnpo1_image04_ch2,13
250802A,U2OS,gapdh,tnpo1,image04,ch2,105,11.1467,5544.4541,250802A_U2OS_gapdh_tnpo1_image04_ch2,14
250802A,U2OS,gapdh,tnpo1,image04,ch2,106,11.2539,5629.1968,250802A_U2OS_gapdh_tnpo1_image04_ch2,15
250802A,U2OS,gapdh,tnpo1,image04,ch2,107,11.3611,5691.6816,250802A_U2OS_gapdh_tnpo1_image04_ch2,16
250802A,U2OS,gapdh,tnpo1,image04,ch2,108,11.4683,5727.8301,250802A_U2OS_gapdh_tnpo1_image04_ch2,17
250802A,U2OS,gapdh,tnpo1,image04,ch2,109,11.5754,5729.3892,250802A_U2OS_gapdh_tnpo1_image04_ch2,18
250802A,U2OS,gapdh,tnpo1,image04,ch2,110,11.6826,5701.1812,250802A_U2OS_gapdh_tnpo1_image04_ch2,19
250802A,U2OS,gapdh,tnpo1,image04,ch2,111,11.7898,5620.4824,250802A_U2OS_gapdh_tnpo1_image04_ch2,20
250802A,U2OS,gapdh,tnpo1,image04,ch2,112,11.897,5524.2632,250802A_U2OS_gapdh_tnpo1_image04_ch2,21
250802A,U2OS,gapdh,tnpo1,image04,ch2,113,12.0042,5450.9692,250802A_U2OS_gapdh_tnpo1_image04_ch2,22
250802A,U2OS,gapdh,tnpo1,image04,ch2,114,12.1113,5395.3174,250802A_U2OS_gapdh_tnpo1_image04_ch2,23
250802A,U2OS,gapdh,tnpo1,image04,ch2,115,12.2185,5363.189,250802A_U2OS_gapdh_tnpo1_image04_ch2,24
250802A,U2OS,gapdh,tnpo1,image04,ch2,116,12.3257,5336.0723,250802A_U2OS_gapdh_tnpo1_image04_ch2,25
250802A,U2OS,gapdh,tnpo1,image04,ch2,117,12.4329,5332.4316,250802A_U2OS_gapdh_tnpo1_image04_ch2,26
250802A,U2OS,gapdh,tnpo1,image04,ch2,118,12.5401,5338.1724,250802A_U2OS_gapdh_tnpo1_image04_ch2,27
250802A,U2OS,gapdh,tnpo1,image04,ch2,119,12.6472,5358.2881,250802A_U2OS_gapdh_tnpo1_image04_ch2,28
250802A,U2OS,gapdh,tnpo1,image04,ch2,120,12.7544,5381.73,250802A_U2OS_gapdh_tnpo1_image04_ch2,29
250802A,U2OS,gapdh,tnpo1,image04,ch2,121,12.8616,5405.8105,250802A_U2OS_gapdh_tnpo1_image04_ch2,30
250802A,U2OS,gapdh,tnpo1,image04,ch2,122,12.9688,5434.4502,250802A_U2OS_gapdh_tnpo1_image04_ch2,31
250802A,U2OS,gapdh,tnpo1,image04,ch2,123,13.076,5431.0166,250802A_U2OS_gapdh_tnpo1_image04_ch2,32
250802A,U2OS,gapdh,tnpo1,image04,ch2,124,13.1831,5415.061,250802A_U2OS_gapdh_tnpo1_image04_ch2,33
250802A,U2OS,gapdh,tnpo1,image04,ch2,125,13.2903,5397.5273,250802A_U2OS_gapdh_tnpo1_image04_ch2,34
250802A,U2OS,gapdh,tnpo1,image04,ch2,126,13.3975,5377.7837,250802A_U2OS_gapdh_tnpo1_image04_ch2,35
250802A,U2OS,gapdh,tnpo1,image04,ch2,127,13.5047,5372.0801,250802A_U2OS_gapdh_tnpo1_image04_ch2,36
250802A,U2OS,gapdh,tnpo1,image04,ch2,128,13.6119,5340.1479,250802A_U2OS_gapdh_tnpo1_image04_ch2,37
250802A,U2OS,gapdh,tnpo1,image04,ch2,129,13.719,5296.4805,250802A_U2OS_gapdh_tnpo1_image04_ch2,38
250802A,U2OS,gapdh,tnpo1,image04,ch2,130,13.8262,5259.9131,250802A_U2OS_gapdh_tnpo1_image04_ch2,39
250802A,U2OS,gapdh,tnpo1,image04,ch2,131,13.9334,5196.5625,250802A_U2OS_gapdh_tnpo1_image04_ch2,40
250802A,U2OS,gapdh,tnpo1,image04,ch2,132,14.0406,5161.2134,250802A_U2OS_gapdh_tnpo1_image04_ch2,41
250802A,U2OS,gapdh,tnpo1,image04,ch2,133,14.1478,5156.7778,250802A_U2OS_gapdh_tnpo1_image04_ch2,42
250802A,U2OS,gapdh,tnpo1,image04,ch2,134,14.2549,5157.3379,250802A_U2OS_gapdh_tnpo1_image04_ch2,43
250802A,U2OS,gapdh,tnpo1,image04,ch2,135,14.3621,5170.5293,250802A_U2OS_gapdh_tnpo1_image04_ch2,44
250802A,U2OS,gapdh,tnpo1,image04,ch2,136,14.4693,5176.708,250802A_U2OS_gapdh_tnpo1_image04_ch2,45
250802A,U2OS,gapdh,tnpo1,image04,ch2,137,14.5765,5166.0186,250802A_U2OS_gapdh_tnpo1_image04_ch2,46
250802A,U2OS,gapdh,tnpo1,image04,ch2,138,14.6837,5140.6138,250802A_U2OS_gapdh_tnpo1_image04_ch2,47
250802A,U2OS,gapdh,tnpo1,image04,ch2,139,14.7908,5145.6123,250802A_U2OS_gapdh_tnpo1_image04_ch2,48
250802A,U2OS,gapdh,tnpo1,image04,ch2,140,14.898,5172.4341,250802A_U2OS_gapdh_tnpo1_image04_ch2,49
250802A,U2OS,gapdh,tnpo1,image04,ch2,141,15.0052,5192.4292,250802A_U2OS_gapdh_tnpo1_image04_ch2,50
250802A,U2OS,gapdh,tnpo1,image04,ch2,142,15.1124,5198.0146,250802A_U2OS_gapdh_tnpo1_image04_ch2,51
250802A,U2OS,gapdh,tnpo1,image04,ch2,143,15.2196,5180.6362,250802A_U2OS_gapdh_tnpo1_image04_ch2,52
250802A,U2OS,gapdh,tnpo1,image04,ch2,144,15.3267,5110.063,250802A_U2OS_gapdh_tnpo1_image04_ch2,53
250802A,U2OS,gapdh,tnpo1,image04,ch2,145,15.4339,5018.2559,250802A_U2OS_gapdh_tnpo1_image04_ch2,54
250802A,U2OS,gapdh,tnpo1,image04,ch2,146,15.5411,4954.9097,250802A_U2OS_gapdh_tnpo1_image04_ch2,55
250802A,U2OS,gapdh,tnpo1,image04,ch2,147,15.6483,4905.9512,250802A_U2OS_gapdh_tnpo1_image04_ch2,56
250802A,U2OS,gapdh,tnpo1,image04,ch2,148,15.7555,4864.4614,250802A_U2OS_gapdh_tnpo1_image04_ch2,57
250802A,U2OS,gapdh,tnpo1,image04,ch2,149,15.8626,4832.6304,250802A_U2OS_gapdh_tnpo1_image04_ch2,58
250802A,U2OS,gapdh,tnpo1,image04,ch2,150,15.9698,4818.0518,250802A_U2OS_gapdh_tnpo1_image04_ch2,59
250802A,U2OS,gapdh,tnpo1,image04,ch2,151,16.077,4792.6445,250802A_U2OS_gapdh_tnpo1_image04_ch2,60
250802A,U2OS,gapdh,tnpo1,image04,ch2,152,16.1842,4746.2466,250802A_U2OS_gapdh_tnpo1_image04_ch2,61
250802A,U2OS,gapdh,tnpo1,image04,ch2,153,16.2914,4679.1226,250802A_U2OS_gapdh_tnpo1_image04_ch2,62
250802A,U2OS,gapdh,tnpo1,image04,ch2,154,16.3985,4601.439,250802A_U2OS_gapdh_tnpo1_image04_ch2,63
250802A,U2OS,gapdh,tnpo1,image04,ch2,155,16.5057,4529.8101,250802A_U2OS_gapdh_tnpo1_image04_ch2,64
250802A,U2OS,gapdh,tnpo1,image04,ch2,156,16.6129,4481.1997,250802A_U2OS_gapdh_tnpo1_image04_ch2,65
250802A,U2OS,gapdh,tnpo1,image04,ch2,157,16.7201,4452.541,250802A_U2OS_gapdh_tnpo1_image04_ch2,66
250802A,U2OS,gapdh,tnpo1,image04,ch2,158,16.8273,4470.2856,250802A_U2OS_gapdh_tnpo1_image04_ch2,67
250802A,U2OS,gapdh,tnpo1,image04,ch2,159,16.9344,4503.6357,250802A_U2OS_gapdh_tnpo1_image04_ch2,68
250802A,U2OS,gapdh,tnpo1,image04,ch2,160,17.0416,4550.2544,250802A_U2OS_gapdh_tnpo1_image04_ch2,69
250802A,U2OS,gapdh,tnpo1,image04,ch2,161,17.1488,4585.1841,250802A_U2OS_gapdh_tnpo1_image04_ch2,70
250802A,U2OS,gapdh,tnpo1,image04,ch2,162,17.256,4579.2656,250802A_U2OS_gapdh_tnpo1_image04_ch2,71
250802A,U2OS,gapdh,tnpo1,image04,ch2,163,17.3632,4536.29,250802A_U2OS_gapdh_tnpo1_image04_ch2,72
250802A,U2OS,gapdh,tnpo1,image04,ch2,164,17.4703,4456.9004,250802A_U2OS_gapdh_tnpo1_image04_ch2,73
250802A,U2OS,gapdh,tnpo1,image04,ch2,165,17.5775,4398.959,250802A_U2OS_gapdh_tnpo1_image04_ch2,74
250802A,U2OS,gapdh,tnpo1,image04,ch2,166,17.6847,4351.186,250802A_U2OS_gapdh_tnpo1_image04_ch2,75
250802A,U2OS,gapdh,tnpo1,image04,ch2,167,17.7919,4312.6079,250802A_U2OS_gapdh_tnpo1_image04_ch2,76
250802A,U2OS,gapdh,tnpo1,image04,ch2,168,17.8991,4297.978,250802A_U2OS_gapdh_tnpo1_image04_ch2,77
250802A,U2OS,gapdh,tnpo1,image04,ch2,169,18.0062,4299.6406,250802A_U2OS_gapdh_tnpo1_image04_ch2,78
250802A,U2OS,gapdh,tnpo1,image04,ch2,170,18.1134,4315.9575,250802A_U2OS_gapdh_tnpo1_image04_ch2,79
250802A,U2OS,gapdh,tnpo1,image04,ch2,171,18.2206,4315.7178,250802A_U2OS_gapdh_tnpo1_image04_ch2,80
250802A,U2OS,gapdh,tnpo1,image04,ch2,172,18.3278,4317.9712,250802A_U2OS_gapdh_tnpo1_image04_ch2,81
250802A,U2OS,gapdh,tnpo1,image04,ch2,173,18.435,4291.2104,250802A_U2OS_gapdh_tnpo1_image04_ch2,82
250802A,U2OS,gapdh,tnpo1,image04,ch2,174,18.5421,4223.6763,250802A_U2OS_gapdh_tnpo1_image04_ch2,83
250802A,U2OS,gapdh,tnpo1,image04,ch2,175,18.6493,4151.48,250802A_U2OS_gapdh_tnpo1_image04_ch2,84
250802A,U2OS,gapdh,tnpo1,image04,ch2,176,18.7565,4112.501,250802A_U2OS_gapdh_tnpo1_image04_ch2,85
250802A,U2OS,gapdh,tnpo1,image04,ch2,177,18.8637,4083.4773,250802A_U2OS_gapdh_tnpo1_image04_ch2,86
250802A,U2OS,gapdh,tnpo1,image04,ch2,178,18.9709,4065.0942,250802A_U2OS_gapdh_tnpo1_image04_ch2,87
250802A,U2OS,gapdh,tnpo1,image04,ch2,179,19.078,4067.5989,250802A_U2OS_gapdh_tnpo1_image04_ch2,88
250802A,U2OS,gapdh,tnpo1,image04,ch2,180,19.1852,4058.4719,250802A_U2OS_gapdh_tnpo1_image04_ch2,89
250802A,U2OS,gapdh,tnpo1,image04,ch2,181,19.2924,4058.1548,250802A_U2OS_gapdh_tnpo1_image04_ch2,90
250802A,U2OS,gapdh,tnpo1,image08,ch1,1,0,4316.728,250802A_U2OS_gapdh_tnpo1_image08_ch1,-90
250802A,U2OS,gapdh,tnpo1,image08,ch1,2,0.1072,4322.3027,250802A_U2OS_gapdh_tnpo1_image08_ch1,-89
250802A,U2OS,gapdh,tnpo1,image08,ch1,3,0.2144,4289.3608,250802A_U2OS_gapdh_tnpo1_image08_ch1,-88
250802A,U2OS,gapdh,tnpo1,image08,ch1,4,0.3215,4236.5874,250802A_U2OS_gapdh_tnpo1_image08_ch1,-87
250802A,U2OS,gapdh,tnpo1,image08,ch1,5,0.4287,4204.0938,250802A_U2OS_gapdh_tnpo1_image08_ch1,-86
250802A,U2OS,gapdh,tnpo1,image08,ch1,6,0.5359,4216.7095,250802A_U2OS_gapdh_tnpo1_image08_ch1,-85
250802A,U2OS,gapdh,tnpo1,image08,ch1,7,0.6431,4253.0225,250802A_U2OS_gapdh_tnpo1_image08_ch1,-84
250802A,U2OS,gapdh,tnpo1,image08,ch1,8,0.7503,4253.9175,250802A_U2OS_gapdh_tnpo1_image08_ch1,-83
250802A,U2OS,gapdh,tnpo1,image08,ch1,9,0.8574,4210.5596,250802A_U2OS_gapdh_tnpo1_image08_ch1,-82
250802A,U2OS,gapdh,tnpo1,image08,ch1,10,0.9646,4179.062,250802A_U2OS_gapdh_tnpo1_image08_ch1,-81
250802A,U2OS,gapdh,tnpo1,image08,ch1,11,1.0718,4170.7119,250802A_U2OS_gapdh_tnpo1_image08_ch1,-80
250802A,U2OS,gapdh,tnpo1,image08,ch1,12,1.179,4152.8184,250802A_U2OS_gapdh_tnpo1_image08_ch1,-79
250802A,U2OS,gapdh,tnpo1,image08,ch1,13,1.2862,4151.5581,250802A_U2OS_gapdh_tnpo1_image08_ch1,-78
250802A,U2OS,gapdh,tnpo1,image08,ch1,14,1.3933,4209.1846,250802A_U2OS_gapdh_tnpo1_image08_ch1,-77
250802A,U2OS,gapdh,tnpo1,image08,ch1,15,1.5005,4326.1846,250802A_U2OS_gapdh_tnpo1_image08_ch1,-76
250802A,U2OS,gapdh,tnpo1,image08,ch1,16,1.6077,4413.5864,250802A_U2OS_gapdh_tnpo1_image08_ch1,-75
250802A,U2OS,gapdh,tnpo1,image08,ch1,17,1.7149,4364.4561,250802A_U2OS_gapdh_tnpo1_image08_ch1,-74
250802A,U2OS,gapdh,tnpo1,image08,ch1,18,1.8221,4258.9243,250802A_U2OS_gapdh_tnpo1_image08_ch1,-73
250802A,U2OS,gapdh,tnpo1,image08,ch1,19,1.9292,4170.8198,250802A_U2OS_gapdh_tnpo1_image08_ch1,-72
250802A,U2OS,gapdh,tnpo1,image08,ch1,20,2.0364,4110.2925,250802A_U2OS_gapdh_tnpo1_image08_ch1,-71
250802A,U2OS,gapdh,tnpo1,image08,ch1,21,2.1436,4071.5286,250802A_U2OS_gapdh_tnpo1_image08_ch1,-70
250802A,U2OS,gapdh,tnpo1,image08,ch1,22,2.2508,4050.7102,250802A_U2OS_gapdh_tnpo1_image08_ch1,-69
250802A,U2OS,gapdh,tnpo1,image08,ch1,23,2.358,4037.9404,250802A_U2OS_gapdh_tnpo1_image08_ch1,-68
250802A,U2OS,gapdh,tnpo1,image08,ch1,24,2.4651,4041.2749,250802A_U2OS_gapdh_tnpo1_image08_ch1,-67
250802A,U2OS,gapdh,tnpo1,image08,ch1,25,2.5723,4060.8997,250802A_U2OS_gapdh_tnpo1_image08_ch1,-66
250802A,U2OS,gapdh,tnpo1,image08,ch1,26,2.6795,4102.5112,250802A_U2OS_gapdh_tnpo1_image08_ch1,-65
250802A,U2OS,gapdh,tnpo1,image08,ch1,27,2.7867,4137.0474,250802A_U2OS_gapdh_tnpo1_image08_ch1,-64
250802A,U2OS,gapdh,tnpo1,image08,ch1,28,2.8939,4149.8364,250802A_U2OS_gapdh_tnpo1_image08_ch1,-63
250802A,U2OS,gapdh,tnpo1,image08,ch1,29,3.001,4153.335,250802A_U2OS_gapdh_tnpo1_image08_ch1,-62
250802A,U2OS,gapdh,tnpo1,image08,ch1,30,3.1082,4155.8599,250802A_U2OS_gapdh_tnpo1_image08_ch1,-61
250802A,U2OS,gapdh,tnpo1,image08,ch1,31,3.2154,4194.5322,250802A_U2OS_gapdh_tnpo1_image08_ch1,-60
250802A,U2OS,gapdh,tnpo1,image08,ch1,32,3.3226,4255.4644,250802A_U2OS_gapdh_tnpo1_image08_ch1,-59
250802A,U2OS,gapdh,tnpo1,image08,ch1,33,3.4298,4286.2754,250802A_U2OS_gapdh_tnpo1_image08_ch1,-58
250802A,U2OS,gapdh,tnpo1,image08,ch1,34,3.5369,4286.3354,250802A_U2OS_gapdh_tnpo1_image08_ch1,-57
250802A,U2OS,gapdh,tnpo1,image08,ch1,35,3.6441,4257.4912,250802A_U2OS_gapdh_tnpo1_image08_ch1,-56
250802A,U2OS,gapdh,tnpo1,image08,ch1,36,3.7513,4250.9214,250802A_U2OS_gapdh_tnpo1_image08_ch1,-55
250802A,U2OS,gapdh,tnpo1,image08,ch1,37,3.8585,4242.2871,250802A_U2OS_gapdh_tnpo1_image08_ch1,-54
250802A,U2OS,gapdh,tnpo1,image08,ch1,38,3.9657,4210.6313,250802A_U2OS_gapdh_tnpo1_image08_ch1,-53
250802A,U2OS,gapdh,tnpo1,image08,ch1,39,4.0728,4180.8442,250802A_U2OS_gapdh_tnpo1_image08_ch1,-52
250802A,U2OS,gapdh,tnpo1,image08,ch1,40,4.18,4170.3643,250802A_U2OS_gapdh_tnpo1_image08_ch1,-51
250802A,U2OS,gapdh,tnpo1,image08,ch1,41,4.2872,4178.2495,250802A_U2OS_gapdh_tnpo1_image08_ch1,-50
250802A,U2OS,gapdh,tnpo1,image08,ch1,42,4.3944,4210.6211,250802A_U2OS_gapdh_tnpo1_image08_ch1,-49
250802A,U2OS,gapdh,tnpo1,image08,ch1,43,4.5016,4249.2505,250802A_U2OS_gapdh_tnpo1_image08_ch1,-48
250802A,U2OS,gapdh,tnpo1,image08,ch1,44,4.6087,4255.1455,250802A_U2OS_gapdh_tnpo1_image08_ch1,-47
250802A,U2OS,gapdh,tnpo1,image08,ch1,45,4.7159,4258.5542,250802A_U2OS_gapdh_tnpo1_image08_ch1,-46
250802A,U2OS,gapdh,tnpo1,image08,ch1,46,4.8231,4282.209,250802A_U2OS_gapdh_tnpo1_image08_ch1,-45
250802A,U2OS,gapdh,tnpo1,image08,ch1,47,4.9303,4310.3911,250802A_U2OS_gapdh_tnpo1_image08_ch1,-44
250802A,U2OS,gapdh,tnpo1,image08,ch1,48,5.0375,4398.8184,250802A_U2OS_gapdh_tnpo1_image08_ch1,-43
250802A,U2OS,gapdh,tnpo1,image08,ch1,49,5.1446,4511.083,250802A_U2OS_gapdh_tnpo1_image08_ch1,-42
250802A,U2OS,gapdh,tnpo1,image08,ch1,50,5.2518,4574.4155,250802A_U2OS_gapdh_tnpo1_image08_ch1,-41
250802A,U2OS,gapdh,tnpo1,image08,ch1,51,5.359,4620.979,250802A_U2OS_gapdh_tnpo1_image08_ch1,-40
250802A,U2OS,gapdh,tnpo1,image08,ch1,52,5.4662,4712.3237,250802A_U2OS_gapdh_tnpo1_image08_ch1,-39
250802A,U2OS,gapdh,tnpo1,image08,ch1,53,5.5734,4795.0938,250802A_U2OS_gapdh_tnpo1_image08_ch1,-38
250802A,U2OS,gapdh,tnpo1,image08,ch1,54,5.6805,4756.8643,250802A_U2OS_gapdh_tnpo1_image08_ch1,-37
250802A,U2OS,gapdh,tnpo1,image08,ch1,55,5.7877,4676.291,250802A_U2OS_gapdh_tnpo1_image08_ch1,-36
250802A,U2OS,gapdh,tnpo1,image08,ch1,56,5.8949,4647.1406,250802A_U2OS_gapdh_tnpo1_image08_ch1,-35
250802A,U2OS,gapdh,tnpo1,image08,ch1,57,6.0021,4647.6211,250802A_U2OS_gapdh_tnpo1_image08_ch1,-34
250802A,U2OS,gapdh,tnpo1,image08,ch1,58,6.1093,4711.3477,250802A_U2OS_gapdh_tnpo1_image08_ch1,-33
250802A,U2OS,gapdh,tnpo1,image08,ch1,59,6.2164,4791.8081,250802A_U2OS_gapdh_tnpo1_image08_ch1,-32
250802A,U2OS,gapdh,tnpo1,image08,ch1,60,6.3236,4831.5361,250802A_U2OS_gapdh_tnpo1_image08_ch1,-31
250802A,U2OS,gapdh,tnpo1,image08,ch1,61,6.4308,4824.0405,250802A_U2OS_gapdh_tnpo1_image08_ch1,-30
250802A,U2OS,gapdh,tnpo1,image08,ch1,62,6.538,4853.8364,250802A_U2OS_gapdh_tnpo1_image08_ch1,-29
250802A,U2OS,gapdh,tnpo1,image08,ch1,63,6.6452,4905.1177,250802A_U2OS_gapdh_tnpo1_image08_ch1,-28
250802A,U2OS,gapdh,tnpo1,image08,ch1,64,6.7523,4966.5327,250802A_U2OS_gapdh_tnpo1_image08_ch1,-27
250802A,U2OS,gapdh,tnpo1,image08,ch1,65,6.8595,5054.2988,250802A_U2OS_gapdh_tnpo1_image08_ch1,-26
250802A,U2OS,gapdh,tnpo1,image08,ch1,66,6.9667,5188.4829,250802A_U2OS_gapdh_tnpo1_image08_ch1,-25
250802A,U2OS,gapdh,tnpo1,image08,ch1,67,7.0739,5373.644,250802A_U2OS_gapdh_tnpo1_image08_ch1,-24
250802A,U2OS,gapdh,tnpo1,image08,ch1,68,7.1811,5507.5547,250802A_U2OS_gapdh_tnpo1_image08_ch1,-23
250802A,U2OS,gapdh,tnpo1,image08,ch1,69,7.2882,5558.5791,250802A_U2OS_gapdh_tnpo1_image08_ch1,-22
250802A,U2OS,gapdh,tnpo1,image08,ch1,70,7.3954,5588.04,250802A_U2OS_gapdh_tnpo1_image08_ch1,-21
250802A,U2OS,gapdh,tnpo1,image08,ch1,71,7.5026,5641.4585,250802A_U2OS_gapdh_tnpo1_image08_ch1,-20
250802A,U2OS,gapdh,tnpo1,image08,ch1,72,7.6098,5752.625,250802A_U2OS_gapdh_tnpo1_image08_ch1,-19
250802A,U2OS,gapdh,tnpo1,image08,ch1,73,7.717,5907.2925,250802A_U2OS_gapdh_tnpo1_image08_ch1,-18
250802A,U2OS,gapdh,tnpo1,image08,ch1,74,7.8241,6138.7085,250802A_U2OS_gapdh_tnpo1_image08_ch1,-17
250802A,U2OS,gapdh,tnpo1,image08,ch1,75,7.9313,6460.3315,250802A_U2OS_gapdh_tnpo1_image08_ch1,-16
250802A,U2OS,gapdh,tnpo1,image08,ch1,76,8.0385,6825.4639,250802A_U2OS_gapdh_tnpo1_image08_ch1,-15
250802A,U2OS,gapdh,tnpo1,image08,ch1,77,8.1457,7153.2397,250802A_U2OS_gapdh_tnpo1_image08_ch1,-14
250802A,U2OS,gapdh,tnpo1,image08,ch1,78,8.2529,7527.2666,250802A_U2OS_gapdh_tnpo1_image08_ch1,-13
250802A,U2OS,gapdh,tnpo1,image08,ch1,79,8.36,7831.2969,250802A_U2OS_gapdh_tnpo1_image08_ch1,-12
250802A,U2OS,gapdh,tnpo1,image08,ch1,80,8.4672,8020.5952,250802A_U2OS_gapdh_tnpo1_image08_ch1,-11
250802A,U2OS,gapdh,tnpo1,image08,ch1,81,8.5744,8220.8174,250802A_U2OS_gapdh_tnpo1_image08_ch1,-10
250802A,U2OS,gapdh,tnpo1,image08,ch1,82,8.6816,8436.1494,250802A_U2OS_gapdh_tnpo1_image08_ch1,-9
250802A,U2OS,gapdh,tnpo1,image08,ch1,83,8.7888,8641.4756,250802A_U2OS_gapdh_tnpo1_image08_ch1,-8
250802A,U2OS,gapdh,tnpo1,image08,ch1,84,8.8959,8891.2363,250802A_U2OS_gapdh_tnpo1_image08_ch1,-7
250802A,U2OS,gapdh,tnpo1,image08,ch1,85,9.0031,9136.4971,250802A_U2OS_gapdh_tnpo1_image08_ch1,-6
250802A,U2OS,gapdh,tnpo1,image08,ch1,86,9.1103,9284.4072,250802A_U2OS_gapdh_tnpo1_image08_ch1,-5
250802A,U2OS,gapdh,tnpo1,image08,ch1,87,9.2175,9354.3965,250802A_U2OS_gapdh_tnpo1_image08_ch1,-4
250802A,U2OS,gapdh,tnpo1,image08,ch1,88,9.3247,9362.2188,250802A_U2OS_gapdh_tnpo1_image08_ch1,-3
250802A,U2OS,gapdh,tnpo1,image08,ch1,89,9.4318,9272.6787,250802A_U2OS_gapdh_tnpo1_image08_ch1,-2
250802A,U2OS,gapdh,tnpo1,image08,ch1,90,9.539,9119.3477,250802A_U2OS_gapdh_tnpo1_image08_ch1,-1
250802A,U2OS,gapdh,tnpo1,image08,ch1,91,9.6462,8957.875,250802A_U2OS_gapdh_tnpo1_image08_ch1,0
250802A,U2OS,gapdh,tnpo1,image08,ch1,92,9.7534,8899.3818,250802A_U2OS_gapdh_tnpo1_image08_ch1,1
250802A,U2OS,gapdh,tnpo1,image08,ch1,93,9.8606,8927.6182,250802A_U2OS_gapdh_tnpo1_image08_ch1,2
250802A,U2OS,gapdh,tnpo1,image08,ch1,94,9.9677,8967.3301,250802A_U2OS_gapdh_tnpo1_image08_ch1,3
250802A,U2OS,gapdh,tnpo1,image08,ch1,95,10.0749,8933.5977,250802A_U2OS_gapdh_tnpo1_image08_ch1,4
250802A,U2OS,gapdh,tnpo1,image08,ch1,96,10.1821,8949.6572,250802A_U2OS_gapdh_tnpo1_image08_ch1,5
250802A,U2OS,gapdh,tnpo1,image08,ch1,97,10.2893,9050.9141,250802A_U2OS_gapdh_tnpo1_image08_ch1,6
250802A,U2OS,gapdh,tnpo1,image08,ch1,98,10.3965,9190.0508,250802A_U2OS_gapdh_tnpo1_image08_ch1,7
250802A,U2OS,gapdh,tnpo1,image08,ch1,99,10.5036,9263.7754,250802A_U2OS_gapdh_tnpo1_image08_ch1,8
250802A,U2OS,gapdh,tnpo1,image08,ch1,100,10.6108,9247.8604,250802A_U2OS_gapdh_tnpo1_image08_ch1,9
250802A,U2OS,gapdh,tnpo1,image08,ch1,101,10.718,9156.666,250802A_U2OS_gapdh_tnpo1_image08_ch1,10
250802A,U2OS,gapdh,tnpo1,image08,ch1,102,10.8252,8974.9756,250802A_U2OS_gapdh_tnpo1_image08_ch1,11
250802A,U2OS,gapdh,tnpo1,image08,ch1,103,10.9324,8641.6484,250802A_U2OS_gapdh_tnpo1_image08_ch1,12
250802A,U2OS,gapdh,tnpo1,image08,ch1,104,11.0395,8180.0137,250802A_U2OS_gapdh_tnpo1_image08_ch1,13
250802A,U2OS,gapdh,tnpo1,image08,ch1,105,11.1467,7768.1836,250802A_U2OS_gapdh_tnpo1_image08_ch1,14
250802A,U2OS,gapdh,tnpo1,image08,ch1,106,11.2539,7401.3979,250802A_U2OS_gapdh_tnpo1_image08_ch1,15
250802A,U2OS,gapdh,tnpo1,image08,ch1,107,11.3611,7088.9292,250802A_U2OS_gapdh_tnpo1_image08_ch1,16
250802A,U2OS,gapdh,tnpo1,image08,ch1,108,11.4683,6912.0986,250802A_U2OS_gapdh_tnpo1_image08_ch1,17
250802A,U2OS,gapdh,tnpo1,image08,ch1,109,11.5754,6915.7627,250802A_U2OS_gapdh_tnpo1_image08_ch1,18
250802A,U2OS,gapdh,tnpo1,image08,ch1,110,11.6826,6986.3833,250802A_U2OS_gapdh_tnpo1_image08_ch1,19
250802A,U2OS,gapdh,tnpo1,image08,ch1,111,11.7898,6935.7783,250802A_U2OS_gapdh_tnpo1_image08_ch1,20
250802A,U2OS,gapdh,tnpo1,image08,ch1,112,11.897,6706.6523,250802A_U2OS_gapdh_tnpo1_image08_ch1,21
250802A,U2OS,gapdh,tnpo1,image08,ch1,113,12.0042,6553.7476,250802A_U2OS_gapdh_tnpo1_image08_ch1,22
250802A,U2OS,gapdh,tnpo1,image08,ch1,114,12.1113,6528.3271,250802A_U2OS_gapdh_tnpo1_image08_ch1,23
250802A,U2OS,gapdh,tnpo1,image08,ch1,115,12.2185,6604.1865,250802A_U2OS_gapdh_tnpo1_image08_ch1,24
250802A,U2OS,gapdh,tnpo1,image08,ch1,116,12.3257,6730.5796,250802A_U2OS_gapdh_tnpo1_image08_ch1,25
250802A,U2OS,gapdh,tnpo1,image08,ch1,117,12.4329,6765.4673,250802A_U2OS_gapdh_tnpo1_image08_ch1,26
250802A,U2OS,gapdh,tnpo1,image08,ch1,118,12.5401,6663.9307,250802A_U2OS_gapdh_tnpo1_image08_ch1,27
250802A,U2OS,gapdh,tnpo1,image08,ch1,119,12.6472,6592.0229,250802A_U2OS_gapdh_tnpo1_image08_ch1,28
250802A,U2OS,gapdh,tnpo1,image08,ch1,120,12.7544,6588.6675,250802A_U2OS_gapdh_tnpo1_image08_ch1,29
250802A,U2OS,gapdh,tnpo1,image08,ch1,121,12.8616,6545.9229,250802A_U2OS_gapdh_tnpo1_image08_ch1,30
250802A,U2OS,gapdh,tnpo1,image08,ch1,122,12.9688,6448.1074,250802A_U2OS_gapdh_tnpo1_image08_ch1,31
250802A,U2OS,gapdh,tnpo1,image08,ch1,123,13.076,6353.3906,250802A_U2OS_gapdh_tnpo1_image08_ch1,32
250802A,U2OS,gapdh,tnpo1,image08,ch1,124,13.1831,6251.0093,250802A_U2OS_gapdh_tnpo1_image08_ch1,33
250802A,U2OS,gapdh,tnpo1,image08,ch1,125,13.2903,6177.9097,250802A_U2OS_gapdh_tnpo1_image08_ch1,34
250802A,U2OS,gapdh,tnpo1,image08,ch1,126,13.3975,6178.9087,250802A_U2OS_gapdh_tnpo1_image08_ch1,35
250802A,U2OS,gapdh,tnpo1,image08,ch1,127,13.5047,6244.043,250802A_U2OS_gapdh_tnpo1_image08_ch1,36
250802A,U2OS,gapdh,tnpo1,image08,ch1,128,13.6119,6314.9565,250802A_U2OS_gapdh_tnpo1_image08_ch1,37
250802A,U2OS,gapdh,tnpo1,image08,ch1,129,13.719,6324.4419,250802A_U2OS_gapdh_tnpo1_image08_ch1,38
250802A,U2OS,gapdh,tnpo1,image08,ch1,130,13.8262,6372.1567,250802A_U2OS_gapdh_tnpo1_image08_ch1,39
250802A,U2OS,gapdh,tnpo1,image08,ch1,131,13.9334,6487.9004,250802A_U2OS_gapdh_tnpo1_image08_ch1,40
250802A,U2OS,gapdh,tnpo1,image08,ch1,132,14.0406,6731.6299,250802A_U2OS_gapdh_tnpo1_image08_ch1,41
250802A,U2OS,gapdh,tnpo1,image08,ch1,133,14.1478,7076.1709,250802A_U2OS_gapdh_tnpo1_image08_ch1,42
250802A,U2OS,gapdh,tnpo1,image08,ch1,134,14.2549,7509.9209,250802A_U2OS_gapdh_tnpo1_image08_ch1,43
250802A,U2OS,gapdh,tnpo1,image08,ch1,135,14.3621,8001.9097,250802A_U2OS_gapdh_tnpo1_image08_ch1,44
250802A,U2OS,gapdh,tnpo1,image08,ch1,136,14.4693,8450.1133,250802A_U2OS_gapdh_tnpo1_image08_ch1,45
250802A,U2OS,gapdh,tnpo1,image08,ch1,137,14.5765,8865.625,250802A_U2OS_gapdh_tnpo1_image08_ch1,46
250802A,U2OS,gapdh,tnpo1,image08,ch1,138,14.6837,9166.7666,250802A_U2OS_gapdh_tnpo1_image08_ch1,47
250802A,U2OS,gapdh,tnpo1,image08,ch1,139,14.7908,9269.4795,250802A_U2OS_gapdh_tnpo1_image08_ch1,48
250802A,U2OS,gapdh,tnpo1,image08,ch1,140,14.898,9300.6738,250802A_U2OS_gapdh_tnpo1_image08_ch1,49
250802A,U2OS,gapdh,tnpo1,image08,ch1,141,15.0052,9498.1162,250802A_U2OS_gapdh_tnpo1_image08_ch1,50
250802A,U2OS,gapdh,tnpo1,image08,ch1,142,15.1124,9623.8848,250802A_U2OS_gapdh_tnpo1_image08_ch1,51
250802A,U2OS,gapdh,tnpo1,image08,ch1,143,15.2196,9368.1299,250802A_U2OS_gapdh_tnpo1_image08_ch1,52
250802A,U2OS,gapdh,tnpo1,image08,ch1,144,15.3267,8738.6611,250802A_U2OS_gapdh_tnpo1_image08_ch1,53
250802A,U2OS,gapdh,tnpo1,image08,ch1,145,15.4339,8153.6929,250802A_U2OS_gapdh_tnpo1_image08_ch1,54
250802A,U2OS,gapdh,tnpo1,image08,ch1,146,15.5411,7937.9351,250802A_U2OS_gapdh_tnpo1_image08_ch1,55
250802A,U2OS,gapdh,tnpo1,image08,ch1,147,15.6483,8111.6035,250802A_U2OS_gapdh_tnpo1_image08_ch1,56
250802A,U2OS,gapdh,tnpo1,image08,ch1,148,15.7555,8309.958,250802A_U2OS_gapdh_tnpo1_image08_ch1,57
250802A,U2OS,gapdh,tnpo1,image08,ch1,149,15.8626,8316.6631,250802A_U2OS_gapdh_tnpo1_image08_ch1,58
250802A,U2OS,gapdh,tnpo1,image08,ch1,150,15.9698,8281.6768,250802A_U2OS_gapdh_tnpo1_image08_ch1,59
250802A,U2OS,gapdh,tnpo1,image08,ch1,151,16.077,8430.8994,250802A_U2OS_gapdh_tnpo1_image08_ch1,60
250802A,U2OS,gapdh,tnpo1,image08,ch1,152,16.1842,8827.9551,250802A_U2OS_gapdh_tnpo1_image08_ch1,61
250802A,U2OS,gapdh,tnpo1,image08,ch1,153,16.2914,9282.9502,250802A_U2OS_gapdh_tnpo1_image08_ch1,62
250802A,U2OS,gapdh,tnpo1,image08,ch1,154,16.3985,9867.5801,250802A_U2OS_gapdh_tnpo1_image08_ch1,63
250802A,U2OS,gapdh,tnpo1,image08,ch1,155,16.5057,10685.2939,250802A_U2OS_gapdh_tnpo1_image08_ch1,64
250802A,U2OS,gapdh,tnpo1,image08,ch1,156,16.6129,11479.9111,250802A_U2OS_gapdh_tnpo1_image08_ch1,65
250802A,U2OS,gapdh,tnpo1,image08,ch1,157,16.7201,11981.0957,250802A_U2OS_gapdh_tnpo1_image08_ch1,66
250802A,U2OS,gapdh,tnpo1,image08,ch1,158,16.8273,12143.4795,250802A_U2OS_gapdh_tnpo1_image08_ch1,67
250802A,U2OS,gapdh,tnpo1,image08,ch1,159,16.9344,11952.1426,250802A_U2OS_gapdh_tnpo1_image08_ch1,68
250802A,U2OS,gapdh,tnpo1,image08,ch1,160,17.0416,11451.9072,250802A_U2OS_gapdh_tnpo1_image08_ch1,69
250802A,U2OS,gapdh,tnpo1,image08,ch1,161,17.1488,10764.7266,250802A_U2OS_gapdh_tnpo1_image08_ch1,70
250802A,U2OS,gapdh,tnpo1,image08,ch1,162,17.256,10239.6025,250802A_U2OS_gapdh_tnpo1_image08_ch1,71
250802A,U2OS,gapdh,tnpo1,image08,ch1,163,17.3632,10044.4668,250802A_U2OS_gapdh_tnpo1_image08_ch1,72
250802A,U2OS,gapdh,tnpo1,image08,ch1,164,17.4703,10052.0596,250802A_U2OS_gapdh_tnpo1_image08_ch1,73
250802A,U2OS,gapdh,tnpo1,image08,ch1,165,17.5775,9980.6035,250802A_U2OS_gapdh_tnpo1_image08_ch1,74
250802A,U2OS,gapdh,tnpo1,image08,ch1,166,17.6847,9740.5225,250802A_U2OS_gapdh_tnpo1_image08_ch1,75
250802A,U2OS,gapdh,tnpo1,image08,ch1,167,17.7919,9368.3711,250802A_U2OS_gapdh_tnpo1_image08_ch1,76
250802A,U2OS,gapdh,tnpo1,image08,ch1,168,17.8991,8980.9189,250802A_U2OS_gapdh_tnpo1_image08_ch1,77
250802A,U2OS,gapdh,tnpo1,image08,ch1,169,18.0062,8744.8916,250802A_U2OS_gapdh_tnpo1_image08_ch1,78
250802A,U2OS,gapdh,tnpo1,image08,ch1,170,18.1134,8790.3467,250802A_U2OS_gapdh_tnpo1_image08_ch1,79
250802A,U2OS,gapdh,tnpo1,image08,ch1,171,18.2206,9225.1914,250802A_U2OS_gapdh_tnpo1_image08_ch1,80
250802A,U2OS,gapdh,tnpo1,image08,ch1,172,18.3278,9861.9326,250802A_U2OS_gapdh_tnpo1_image08_ch1,81
250802A,U2OS,gapdh,tnpo1,image08,ch1,173,18.435,10189.8867,250802A_U2OS_gapdh_tnpo1_image08_ch1,82
250802A,U2OS,gapdh,tnpo1,image08,ch1,174,18.5421,10115.3604,250802A_U2OS_gapdh_tnpo1_image08_ch1,83
250802A,U2OS,gapdh,tnpo1,image08,ch1,175,18.6493,10061.0771,250802A_U2OS_gapdh_tnpo1_image08_ch1,84
250802A,U2OS,gapdh,tnpo1,image08,ch1,176,18.7565,10315.8125,250802A_U2OS_gapdh_tnpo1_image08_ch1,85
250802A,U2OS,gapdh,tnpo1,image08,ch1,177,18.8637,10658.7012,250802A_U2OS_gapdh_tnpo1_image08_ch1,86
250802A,U2OS,gapdh,tnpo1,image08,ch1,178,18.9709,10973.1533,250802A_U2OS_gapdh_tnpo1_image08_ch1,87
250802A,U2OS,gapdh,tnpo1,image08,ch1,179,19.078,11026.9541,250802A_U2OS_gapdh_tnpo1_image08_ch1,88
250802A,U2OS,gapdh,tnpo1,image08,ch1,180,19.1852,10666.0293,250802A_U2OS_gapdh_tnpo1_image08_ch1,89
250802A,U2OS,gapdh,tnpo1,image08,ch1,181,19.2924,10039.4648,250802A_U2OS_gapdh_tnpo1_image08_ch1,90
250802A,U2OS,gapdh,tnpo1,image08,ch2,1,0,3623.7415,250802A_U2OS_gapdh_tnpo1_image08_ch2,-90
250802A,U2OS,gapdh,tnpo1,image08,ch2,2,0.1072,3576.2068,250802A_U2OS_gapdh_tnpo1_image08_ch2,-89
250802A,U2OS,gapdh,tnpo1,image08,ch2,3,0.2144,3561.2869,250802A_U2OS_gapdh_tnpo1_image08_ch2,-88
250802A,U2OS,gapdh,tnpo1,image08,ch2,4,0.3215,3548.8127,250802A_U2OS_gapdh_tnpo1_image08_ch2,-87
250802A,U2OS,gapdh,tnpo1,image08,ch2,5,0.4287,3540.0393,250802A_U2OS_gapdh_tnpo1_image08_ch2,-86
250802A,U2OS,gapdh,tnpo1,image08,ch2,6,0.5359,3532.2412,250802A_U2OS_gapdh_tnpo1_image08_ch2,-85
250802A,U2OS,gapdh,tnpo1,image08,ch2,7,0.6431,3537.05,250802A_U2OS_gapdh_tnpo1_image08_ch2,-84
250802A,U2OS,gapdh,tnpo1,image08,ch2,8,0.7503,3551.2197,250802A_U2OS_gapdh_tnpo1_image08_ch2,-83
250802A,U2OS,gapdh,tnpo1,image08,ch2,9,0.8574,3550.0608,250802A_U2OS_gapdh_tnpo1_image08_ch2,-82
250802A,U2OS,gapdh,tnpo1,image08,ch2,10,0.9646,3543.4534,250802A_U2OS_gapdh_tnpo1_image08_ch2,-81
250802A,U2OS,gapdh,tnpo1,image08,ch2,11,1.0718,3547.113,250802A_U2OS_gapdh_tnpo1_image08_ch2,-80
250802A,U2OS,gapdh,tnpo1,image08,ch2,12,1.179,3555.2302,250802A_U2OS_gapdh_tnpo1_image08_ch2,-79
250802A,U2OS,gapdh,tnpo1,image08,ch2,13,1.2862,3561.9543,250802A_U2OS_gapdh_tnpo1_image08_ch2,-78
250802A,U2OS,gapdh,tnpo1,image08,ch2,14,1.3933,3554.2854,250802A_U2OS_gapdh_tnpo1_image08_ch2,-77
250802A,U2OS,gapdh,tnpo1,image08,ch2,15,1.5005,3551.8774,250802A_U2OS_gapdh_tnpo1_image08_ch2,-76
250802A,U2OS,gapdh,tnpo1,image08,ch2,16,1.6077,3547.5415,250802A_U2OS_gapdh_tnpo1_image08_ch2,-75
250802A,U2OS,gapdh,tnpo1,image08,ch2,17,1.7149,3552.2007,250802A_U2OS_gapdh_tnpo1_image08_ch2,-74
250802A,U2OS,gapdh,tnpo1,image08,ch2,18,1.8221,3561.0659,250802A_U2OS_gapdh_tnpo1_image08_ch2,-73
250802A,U2OS,gapdh,tnpo1,image08,ch2,19,1.9292,3567.438,250802A_U2OS_gapdh_tnpo1_image08_ch2,-72
250802A,U2OS,gapdh,tnpo1,image08,ch2,20,2.0364,3566.1023,250802A_U2OS_gapdh_tnpo1_image08_ch2,-71
250802A,U2OS,gapdh,tnpo1,image08,ch2,21,2.1436,3576.0078,250802A_U2OS_gapdh_tnpo1_image08_ch2,-70
250802A,U2OS,gapdh,tnpo1,image08,ch2,22,2.2508,3575.988,250802A_U2OS_gapdh_tnpo1_image08_ch2,-69
250802A,U2OS,gapdh,tnpo1,image08,ch2,23,2.358,3570.0703,250802A_U2OS_gapdh_tnpo1_image08_ch2,-68
250802A,U2OS,gapdh,tnpo1,image08,ch2,24,2.4651,3570.7961,250802A_U2OS_gapdh_tnpo1_image08_ch2,-67
250802A,U2OS,gapdh,tnpo1,image08,ch2,25,2.5723,3569.1814,250802A_U2OS_gapdh_tnpo1_image08_ch2,-66
250802A,U2OS,gapdh,tnpo1,image08,ch2,26,2.6795,3584.7241,250802A_U2OS_gapdh_tnpo1_image08_ch2,-65
250802A,U2OS,gapdh,tnpo1,image08,ch2,27,2.7867,3597.7278,250802A_U2OS_gapdh_tnpo1_image08_ch2,-64
250802A,U2OS,gapdh,tnpo1,image08,ch2,28,2.8939,3606.8484,250802A_U2OS_gapdh_tnpo1_image08_ch2,-63
250802A,U2OS,gapdh,tnpo1,image08,ch2,29,3.001,3606.1123,250802A_U2OS_gapdh_tnpo1_image08_ch2,-62
250802A,U2OS,gapdh,tnpo1,image08,ch2,30,3.1082,3621.4033,250802A_U2OS_gapdh_tnpo1_image08_ch2,-61
250802A,U2OS,gapdh,tnpo1,image08,ch2,31,3.2154,3643.2576,250802A_U2OS_gapdh_tnpo1_image08_ch2,-60
250802A,U2OS,gapdh,tnpo1,image08,ch2,32,3.3226,3649.5647,250802A_U2OS_gapdh_tnpo1_image08_ch2,-59
250802A,U2OS,gapdh,tnpo1,image08,ch2,33,3.4298,3643.7576,250802A_U2OS_gapdh_tnpo1_image08_ch2,-58
250802A,U2OS,gapdh,tnpo1,image08,ch2,34,3.5369,3644.3345,250802A_U2OS_gapdh_tnpo1_image08_ch2,-57
250802A,U2OS,gapdh,tnpo1,image08,ch2,35,3.6441,3649.7297,250802A_U2OS_gapdh_tnpo1_image08_ch2,-56
250802A,U2OS,gapdh,tnpo1,image08,ch2,36,3.7513,3660.5933,250802A_U2OS_gapdh_tnpo1_image08_ch2,-55
250802A,U2OS,gapdh,tnpo1,image08,ch2,37,3.8585,3669.8115,250802A_U2OS_gapdh_tnpo1_image08_ch2,-54
250802A,U2OS,gapdh,tnpo1,image08,ch2,38,3.9657,3670.323,250802A_U2OS_gapdh_tnpo1_image08_ch2,-53
250802A,U2OS,gapdh,tnpo1,image08,ch2,39,4.0728,3661.2366,250802A_U2OS_gapdh_tnpo1_image08_ch2,-52
250802A,U2OS,gapdh,tnpo1,image08,ch2,40,4.18,3640.8135,250802A_U2OS_gapdh_tnpo1_image08_ch2,-51
250802A,U2OS,gapdh,tnpo1,image08,ch2,41,4.2872,3619.2722,250802A_U2OS_gapdh_tnpo1_image08_ch2,-50
250802A,U2OS,gapdh,tnpo1,image08,ch2,42,4.3944,3583.0015,250802A_U2OS_gapdh_tnpo1_image08_ch2,-49
250802A,U2OS,gapdh,tnpo1,image08,ch2,43,4.5016,3556.8535,250802A_U2OS_gapdh_tnpo1_image08_ch2,-48
250802A,U2OS,gapdh,tnpo1,image08,ch2,44,4.6087,3543.3533,250802A_U2OS_gapdh_tnpo1_image08_ch2,-47
250802A,U2OS,gapdh,tnpo1,image08,ch2,45,4.7159,3525.4409,250802A_U2OS_gapdh_tnpo1_image08_ch2,-46
250802A,U2OS,gapdh,tnpo1,image08,ch2,46,4.8231,3524.416,250802A_U2OS_gapdh_tnpo1_image08_ch2,-45
250802A,U2OS,gapdh,tnpo1,image08,ch2,47,4.9303,3525.436,250802A_U2OS_gapdh_tnpo1_image08_ch2,-44
250802A,U2OS,gapdh,tnpo1,image08,ch2,48,5.0375,3525.156,250802A_U2OS_gapdh_tnpo1_image08_ch2,-43
250802A,U2OS,gapdh,tnpo1,image08,ch2,49,5.1446,3523.1328,250802A_U2OS_gapdh_tnpo1_image08_ch2,-42
250802A,U2OS,gapdh,tnpo1,image08,ch2,50,5.2518,3518.7061,250802A_U2OS_gapdh_tnpo1_image08_ch2,-41
250802A,U2OS,gapdh,tnpo1,image08,ch2,51,5.359,3527.4104,250802A_U2OS_gapdh_tnpo1_image08_ch2,-40
250802A,U2OS,gapdh,tnpo1,image08,ch2,52,5.4662,3535.5955,250802A_U2OS_gapdh_tnpo1_image08_ch2,-39
250802A,U2OS,gapdh,tnpo1,image08,ch2,53,5.5734,3549.4761,250802A_U2OS_gapdh_tnpo1_image08_ch2,-38
250802A,U2OS,gapdh,tnpo1,image08,ch2,54,5.6805,3570.1113,250802A_U2OS_gapdh_tnpo1_image08_ch2,-37
250802A,U2OS,gapdh,tnpo1,image08,ch2,55,5.7877,3597.8591,250802A_U2OS_gapdh_tnpo1_image08_ch2,-36
250802A,U2OS,gapdh,tnpo1,image08,ch2,56,5.8949,3608.4897,250802A_U2OS_gapdh_tnpo1_image08_ch2,-35
250802A,U2OS,gapdh,tnpo1,image08,ch2,57,6.0021,3594.6287,250802A_U2OS_gapdh_tnpo1_image08_ch2,-34
250802A,U2OS,gapdh,tnpo1,image08,ch2,58,6.1093,3596.291,250802A_U2OS_gapdh_tnpo1_image08_ch2,-33
250802A,U2OS,gapdh,tnpo1,image08,ch2,59,6.2164,3599.293,250802A_U2OS_gapdh_tnpo1_image08_ch2,-32
250802A,U2OS,gapdh,tnpo1,image08,ch2,60,6.3236,3608.9272,250802A_U2OS_gapdh_tnpo1_image08_ch2,-31
250802A,U2OS,gapdh,tnpo1,image08,ch2,61,6.4308,3622.9204,250802A_U2OS_gapdh_tnpo1_image08_ch2,-30
250802A,U2OS,gapdh,tnpo1,image08,ch2,62,6.538,3627.73,250802A_U2OS_gapdh_tnpo1_image08_ch2,-29
250802A,U2OS,gapdh,tnpo1,image08,ch2,63,6.6452,3650.9919,250802A_U2OS_gapdh_tnpo1_image08_ch2,-28
250802A,U2OS,gapdh,tnpo1,image08,ch2,64,6.7523,3655.5251,250802A_U2OS_gapdh_tnpo1_image08_ch2,-27
250802A,U2OS,gapdh,tnpo1,image08,ch2,65,6.8595,3630.3989,250802A_U2OS_gapdh_tnpo1_image08_ch2,-26
250802A,U2OS,gapdh,tnpo1,image08,ch2,66,6.9667,3606.917,250802A_U2OS_gapdh_tnpo1_image08_ch2,-25
250802A,U2OS,gapdh,tnpo1,image08,ch2,67,7.0739,3595.5747,250802A_U2OS_gapdh_tnpo1_image08_ch2,-24
250802A,U2OS,gapdh,tnpo1,image08,ch2,68,7.1811,3600.2544,250802A_U2OS_gapdh_tnpo1_image08_ch2,-23
250802A,U2OS,gapdh,tnpo1,image08,ch2,69,7.2882,3607.281,250802A_U2OS_gapdh_tnpo1_image08_ch2,-22
250802A,U2OS,gapdh,tnpo1,image08,ch2,70,7.3954,3606.8962,250802A_U2OS_gapdh_tnpo1_image08_ch2,-21
250802A,U2OS,gapdh,tnpo1,image08,ch2,71,7.5026,3610.3977,250802A_U2OS_gapdh_tnpo1_image08_ch2,-20
250802A,U2OS,gapdh,tnpo1,image08,ch2,72,7.6098,3625.1257,250802A_U2OS_gapdh_tnpo1_image08_ch2,-19
250802A,U2OS,gapdh,tnpo1,image08,ch2,73,7.717,3636.0574,250802A_U2OS_gapdh_tnpo1_image08_ch2,-18
250802A,U2OS,gapdh,tnpo1,image08,ch2,74,7.8241,3644.8711,250802A_U2OS_gapdh_tnpo1_image08_ch2,-17
250802A,U2OS,gapdh,tnpo1,image08,ch2,75,7.9313,3660.345,250802A_U2OS_gapdh_tnpo1_image08_ch2,-16
250802A,U2OS,gapdh,tnpo1,image08,ch2,76,8.0385,3687.0364,250802A_U2OS_gapdh_tnpo1_image08_ch2,-15
250802A,U2OS,gapdh,tnpo1,image08,ch2,77,8.1457,3698.209,250802A_U2OS_gapdh_tnpo1_image08_ch2,-14
250802A,U2OS,gapdh,tnpo1,image08,ch2,78,8.2529,3702.8374,250802A_U2OS_gapdh_tnpo1_image08_ch2,-13
250802A,U2OS,gapdh,tnpo1,image08,ch2,79,8.36,3724.8306,250802A_U2OS_gapdh_tnpo1_image08_ch2,-12
250802A,U2OS,gapdh,tnpo1,image08,ch2,80,8.4672,3754.0225,250802A_U2OS_gapdh_tnpo1_image08_ch2,-11
250802A,U2OS,gapdh,tnpo1,image08,ch2,81,8.5744,3770.5173,250802A_U2OS_gapdh_tnpo1_image08_ch2,-10
250802A,U2OS,gapdh,tnpo1,image08,ch2,82,8.6816,3779.2285,250802A_U2OS_gapdh_tnpo1_image08_ch2,-9
250802A,U2OS,gapdh,tnpo1,image08,ch2,83,8.7888,3802.0513,250802A_U2OS_gapdh_tnpo1_image08_ch2,-8
250802A,U2OS,gapdh,tnpo1,image08,ch2,84,8.8959,3842.3215,250802A_U2OS_gapdh_tnpo1_image08_ch2,-7
250802A,U2OS,gapdh,tnpo1,image08,ch2,85,9.0031,3924.3523,250802A_U2OS_gapdh_tnpo1_image08_ch2,-6
250802A,U2OS,gapdh,tnpo1,image08,ch2,86,9.1103,3993.5884,250802A_U2OS_gapdh_tnpo1_image08_ch2,-5
250802A,U2OS,gapdh,tnpo1,image08,ch2,87,9.2175,4023.043,250802A_U2OS_gapdh_tnpo1_image08_ch2,-4
250802A,U2OS,gapdh,tnpo1,image08,ch2,88,9.3247,4007.8411,250802A_U2OS_gapdh_tnpo1_image08_ch2,-3
250802A,U2OS,gapdh,tnpo1,image08,ch2,89,9.4318,3969.9785,250802A_U2OS_gapdh_tnpo1_image08_ch2,-2
250802A,U2OS,gapdh,tnpo1,image08,ch2,90,9.539,3935.7312,250802A_U2OS_gapdh_tnpo1_image08_ch2,-1
250802A,U2OS,gapdh,tnpo1,image08,ch2,91,9.6462,3894.3147,250802A_U2OS_gapdh_tnpo1_image08_ch2,0
250802A,U2OS,gapdh,tnpo1,image08,ch2,92,9.7534,3862.3452,250802A_U2OS_gapdh_tnpo1_image08_ch2,1
250802A,U2OS,gapdh,tnpo1,image08,ch2,93,9.8606,3847.4526,250802A_U2OS_gapdh_tnpo1_image08_ch2,2
250802A,U2OS,gapdh,tnpo1,image08,ch2,94,9.9677,3864.6997,250802A_U2OS_gapdh_tnpo1_image08_ch2,3
250802A,U2OS,gapdh,tnpo1,image08,ch2,95,10.0749,3893.9158,250802A_U2OS_gapdh_tnpo1_image08_ch2,4
250802A,U2OS,gapdh,tnpo1,image08,ch2,96,10.1821,3933.2708,250802A_U2OS_gapdh_tnpo1_image08_ch2,5
250802A,U2OS,gapdh,tnpo1,image08,ch2,97,10.2893,3968.209,250802A_U2OS_gapdh_tnpo1_image08_ch2,6
250802A,U2OS,gapdh,tnpo1,image08,ch2,98,10.3965,4000.0537,250802A_U2OS_gapdh_tnpo1_image08_ch2,7
250802A,U2OS,gapdh,tnpo1,image08,ch2,99,10.5036,4017.4692,250802A_U2OS_gapdh_tnpo1_image08_ch2,8
250802A,U2OS,gapdh,tnpo1,image08,ch2,100,10.6108,4039.9722,250802A_U2OS_gapdh_tnpo1_image08_ch2,9
250802A,U2OS,gapdh,tnpo1,image08,ch2,101,10.718,4066.144,250802A_U2OS_gapdh_tnpo1_image08_ch2,10
250802A,U2OS,gapdh,tnpo1,image08,ch2,102,10.8252,4108.4336,250802A_U2OS_gapdh_tnpo1_image08_ch2,11
250802A,U2OS,gapdh,tnpo1,image08,ch2,103,10.9324,4133.5879,250802A_U2OS_gapdh_tnpo1_image08_ch2,12
250802A,U2OS,gapdh,tnpo1,image08,ch2,104,11.0395,4149.7715,250802A_U2OS_gapdh_tnpo1_image08_ch2,13
250802A,U2OS,gapdh,tnpo1,image08,ch2,105,11.1467,4154.3057,250802A_U2OS_gapdh_tnpo1_image08_ch2,14
250802A,U2OS,gapdh,tnpo1,image08,ch2,106,11.2539,4120.1577,250802A_U2OS_gapdh_tnpo1_image08_ch2,15
250802A,U2OS,gapdh,tnpo1,image08,ch2,107,11.3611,4063.8259,250802A_U2OS_gapdh_tnpo1_image08_ch2,16
250802A,U2OS,gapdh,tnpo1,image08,ch2,108,11.4683,4024.5015,250802A_U2OS_gapdh_tnpo1_image08_ch2,17
250802A,U2OS,gapdh,tnpo1,image08,ch2,109,11.5754,4019.3345,250802A_U2OS_gapdh_tnpo1_image08_ch2,18
250802A,U2OS,gapdh,tnpo1,image08,ch2,110,11.6826,4008.6211,250802A_U2OS_gapdh_tnpo1_image08_ch2,19
250802A,U2OS,gapdh,tnpo1,image08,ch2,111,11.7898,3987.7654000000002,250802A_U2OS_gapdh_tnpo1_image08_ch2,20
250802A,U2OS,gapdh,tnpo1,image08,ch2,112,11.897,3970.2766,250802A_U2OS_gapdh_tnpo1_image08_ch2,21
250802A,U2OS,gapdh,tnpo1,image08,ch2,113,12.0042,4028.0864,250802A_U2OS_gapdh_tnpo1_image08_ch2,22
250802A,U2OS,gapdh,tnpo1,image08,ch2,114,12.1113,4117.8423,250802A_U2OS_gapdh_tnpo1_image08_ch2,23
250802A,U2OS,gapdh,tnpo1,image08,ch2,115,12.2185,4142.8813,250802A_U2OS_gapdh_tnpo1_image08_ch2,24
250802A,U2OS,gapdh,tnpo1,image08,ch2,116,12.3257,4098.8906,250802A_U2OS_gapdh_tnpo1_image08_ch2,25
250802A,U2OS,gapdh,tnpo1,image08,ch2,117,12.4329,4068.1636,250802A_U2OS_gapdh_tnpo1_image08_ch2,26
250802A,U2OS,gapdh,tnpo1,image08,ch2,118,12.5401,4066.0869,250802A_U2OS_gapdh_tnpo1_image08_ch2,27
250802A,U2OS,gapdh,tnpo1,image08,ch2,119,12.6472,4074.5681,250802A_U2OS_gapdh_tnpo1_image08_ch2,28
250802A,U2OS,gapdh,tnpo1,image08,ch2,120,12.7544,4075.937,250802A_U2OS_gapdh_tnpo1_image08_ch2,29
250802A,U2OS,gapdh,tnpo1,image08,ch2,121,12.8616,4084.4592,250802A_U2OS_gapdh_tnpo1_image08_ch2,30
250802A,U2OS,gapdh,tnpo1,image08,ch2,122,12.9688,4104.9087,250802A_U2OS_gapdh_tnpo1_image08_ch2,31
250802A,U2OS,gapdh,tnpo1,image08,ch2,123,13.076,4081.1833,250802A_U2OS_gapdh_tnpo1_image08_ch2,32
250802A,U2OS,gapdh,tnpo1,image08,ch2,124,13.1831,4000.9441,250802A_U2OS_gapdh_tnpo1_image08_ch2,33
250802A,U2OS,gapdh,tnpo1,image08,ch2,125,13.2903,3954.0635,250802A_U2OS_gapdh_tnpo1_image08_ch2,34
250802A,U2OS,gapdh,tnpo1,image08,ch2,126,13.3975,3953.9668,250802A_U2OS_gapdh_tnpo1_image08_ch2,35
250802A,U2OS,gapdh,tnpo1,image08,ch2,127,13.5047,3933.1958,250802A_U2OS_gapdh_tnpo1_image08_ch2,36
250802A,U2OS,gapdh,tnpo1,image08,ch2,128,13.6119,3895.4744,250802A_U2OS_gapdh_tnpo1_image08_ch2,37
250802A,U2OS,gapdh,tnpo1,image08,ch2,129,13.719,3842.5063,250802A_U2OS_gapdh_tnpo1_image08_ch2,38
250802A,U2OS,gapdh,tnpo1,image08,ch2,130,13.8262,3795.2249,250802A_U2OS_gapdh_tnpo1_image08_ch2,39
250802A,U2OS,gapdh,tnpo1,image08,ch2,131,13.9334,3763.2842,250802A_U2OS_gapdh_tnpo1_image08_ch2,40
250802A,U2OS,gapdh,tnpo1,image08,ch2,132,14.0406,3764.7559,250802A_U2OS_gapdh_tnpo1_image08_ch2,41
250802A,U2OS,gapdh,tnpo1,image08,ch2,133,14.1478,3779.4524,250802A_U2OS_gapdh_tnpo1_image08_ch2,42
250802A,U2OS,gapdh,tnpo1,image08,ch2,134,14.2549,3788.9912,250802A_U2OS_gapdh_tnpo1_image08_ch2,43
250802A,U2OS,gapdh,tnpo1,image08,ch2,135,14.3621,3762.1084,250802A_U2OS_gapdh_tnpo1_image08_ch2,44
250802A,U2OS,gapdh,tnpo1,image08,ch2,136,14.4693,3744.9297,250802A_U2OS_gapdh_tnpo1_image08_ch2,45
250802A,U2OS,gapdh,tnpo1,image08,ch2,137,14.5765,3721.7971,250802A_U2OS_gapdh_tnpo1_image08_ch2,46
250802A,U2OS,gapdh,tnpo1,image08,ch2,138,14.6837,3699.9299,250802A_U2OS_gapdh_tnpo1_image08_ch2,47
250802A,U2OS,gapdh,tnpo1,image08,ch2,139,14.7908,3682.969,250802A_U2OS_gapdh_tnpo1_image08_ch2,48
250802A,U2OS,gapdh,tnpo1,image08,ch2,140,14.898,3674.4375,250802A_U2OS_gapdh_tnpo1_image08_ch2,49
250802A,U2OS,gapdh,tnpo1,image08,ch2,141,15.0052,3682.6021,250802A_U2OS_gapdh_tnpo1_image08_ch2,50
250802A,U2OS,gapdh,tnpo1,image08,ch2,142,15.1124,3693.75,250802A_U2OS_gapdh_tnpo1_image08_ch2,51
250802A,U2OS,gapdh,tnpo1,image08,ch2,143,15.2196,3705.012,250802A_U2OS_gapdh_tnpo1_image08_ch2,52
250802A,U2OS,gapdh,tnpo1,image08,ch2,144,15.3267,3689.4214,250802A_U2OS_gapdh_tnpo1_image08_ch2,53
250802A,U2OS,gapdh,tnpo1,image08,ch2,145,15.4339,3670.2249,250802A_U2OS_gapdh_tnpo1_image08_ch2,54
250802A,U2OS,gapdh,tnpo1,image08,ch2,146,15.5411,3669.5955,250802A_U2OS_gapdh_tnpo1_image08_ch2,55
250802A,U2OS,gapdh,tnpo1,image08,ch2,147,15.6483,3686.3,250802A_U2OS_gapdh_tnpo1_image08_ch2,56
250802A,U2OS,gapdh,tnpo1,image08,ch2,148,15.7555,3719.3748,250802A_U2OS_gapdh_tnpo1_image08_ch2,57
250802A,U2OS,gapdh,tnpo1,image08,ch2,149,15.8626,3758.8765,250802A_U2OS_gapdh_tnpo1_image08_ch2,58
250802A,U2OS,gapdh,tnpo1,image08,ch2,150,15.9698,3806.8206,250802A_U2OS_gapdh_tnpo1_image08_ch2,59
250802A,U2OS,gapdh,tnpo1,image08,ch2,151,16.077,3846.1023,250802A_U2OS_gapdh_tnpo1_image08_ch2,60
250802A,U2OS,gapdh,tnpo1,image08,ch2,152,16.1842,3875.3264,250802A_U2OS_gapdh_tnpo1_image08_ch2,61
250802A,U2OS,gapdh,tnpo1,image08,ch2,153,16.2914,3870.7009,250802A_U2OS_gapdh_tnpo1_image08_ch2,62
250802A,U2OS,gapdh,tnpo1,image08,ch2,154,16.3985,3835.886,250802A_U2OS_gapdh_tnpo1_image08_ch2,63
250802A,U2OS,gapdh,tnpo1,image08,ch2,155,16.5057,3748.3423,250802A_U2OS_gapdh_tnpo1_image08_ch2,64
250802A,U2OS,gapdh,tnpo1,image08,ch2,156,16.6129,3638.1455,250802A_U2OS_gapdh_tnpo1_image08_ch2,65
250802A,U2OS,gapdh,tnpo1,image08,ch2,157,16.7201,3549.1931,250802A_U2OS_gapdh_tnpo1_image08_ch2,66
250802A,U2OS,gapdh,tnpo1,image08,ch2,158,16.8273,3499.6746,250802A_U2OS_gapdh_tnpo1_image08_ch2,67
250802A,U2OS,gapdh,tnpo1,image08,ch2,159,16.9344,3482.186,250802A_U2OS_gapdh_tnpo1_image08_ch2,68
250802A,U2OS,gapdh,tnpo1,image08,ch2,160,17.0416,3469.6384,250802A_U2OS_gapdh_tnpo1_image08_ch2,69
250802A,U2OS,gapdh,tnpo1,image08,ch2,161,17.1488,3495.1272,250802A_U2OS_gapdh_tnpo1_image08_ch2,70
250802A,U2OS,gapdh,tnpo1,image08,ch2,162,17.256,3545.8723,250802A_U2OS_gapdh_tnpo1_image08_ch2,71
250802A,U2OS,gapdh,tnpo1,image08,ch2,163,17.3632,3634.0715,250802A_U2OS_gapdh_tnpo1_image08_ch2,72
250802A,U2OS,gapdh,tnpo1,image08,ch2,164,17.4703,3742.5823,250802A_U2OS_gapdh_tnpo1_image08_ch2,73
250802A,U2OS,gapdh,tnpo1,image08,ch2,165,17.5775,3787.6108,250802A_U2OS_gapdh_tnpo1_image08_ch2,74
250802A,U2OS,gapdh,tnpo1,image08,ch2,166,17.6847,3695.6875,250802A_U2OS_gapdh_tnpo1_image08_ch2,75
250802A,U2OS,gapdh,tnpo1,image08,ch2,167,17.7919,3570.5183,250802A_U2OS_gapdh_tnpo1_image08_ch2,76
250802A,U2OS,gapdh,tnpo1,image08,ch2,168,17.8991,3478.6025,250802A_U2OS_gapdh_tnpo1_image08_ch2,77
250802A,U2OS,gapdh,tnpo1,image08,ch2,169,18.0062,3412.6238,250802A_U2OS_gapdh_tnpo1_image08_ch2,78
250802A,U2OS,gapdh,tnpo1,image08,ch2,170,18.1134,3365.0454,250802A_U2OS_gapdh_tnpo1_image08_ch2,79
250802A,U2OS,gapdh,tnpo1,image08,ch2,171,18.2206,3332.5195,250802A_U2OS_gapdh_tnpo1_image08_ch2,80
250802A,U2OS,gapdh,tnpo1,image08,ch2,172,18.3278,3309.686,250802A_U2OS_gapdh_tnpo1_image08_ch2,81
250802A,U2OS,gapdh,tnpo1,image08,ch2,173,18.435,3285.4312,250802A_U2OS_gapdh_tnpo1_image08_ch2,82
250802A,U2OS,gapdh,tnpo1,image08,ch2,174,18.5421,3256.7803,250802A_U2OS_gapdh_tnpo1_image08_ch2,83
250802A,U2OS,gapdh,tnpo1,image08,ch2,175,18.6493,3219.1753,250802A_U2OS_gapdh_tnpo1_image08_ch2,84
250802A,U2OS,gapdh,tnpo1,image08,ch2,176,18.7565,3219.6438,250802A_U2OS_gapdh_tnpo1_image08_ch2,85
250802A,U2OS,gapdh,tnpo1,image08,ch2,177,18.8637,3235.2969,250802A_U2OS_gapdh_tnpo1_image08_ch2,86
250802A,U2OS,gapdh,tnpo1,image08,ch2,178,18.9709,3245.2922,250802A_U2OS_gapdh_tnpo1_image08_ch2,87
250802A,U2OS,gapdh,tnpo1,image08,ch2,179,19.078,3245.1091,250802A_U2OS_gapdh_tnpo1_image08_ch2,88
250802A,U2OS,gapdh,tnpo1,image08,ch2,180,19.1852,3247.3059,250802A_U2OS_gapdh_tnpo1_image08_ch2,89
250802A,U2OS,gapdh,tnpo1,image08,ch2,181,19.2924,3255.7678,250802A_U2OS_gapdh_tnpo1_image08_ch2,90
250802A,U2OS,gapdh,tnpo1,image10,ch1,1,0,4426.4419,250802A_U2OS_gapdh_tnpo1_image10_ch1,-90
250802A,U2OS,gapdh,tnpo1,image10,ch1,2,0.1072,4424.0352,250802A_U2OS_gapdh_tnpo1_image10_ch1,-89
250802A,U2OS,gapdh,tnpo1,image10,ch1,3,0.2144,4382.1782,250802A_U2OS_gapdh_tnpo1_image10_ch1,-88
250802A,U2OS,gapdh,tnpo1,image10,ch1,4,0.3215,4331.2559,250802A_U2OS_gapdh_tnpo1_image10_ch1,-87
250802A,U2OS,gapdh,tnpo1,image10,ch1,5,0.4287,4287.8979,250802A_U2OS_gapdh_tnpo1_image10_ch1,-86
250802A,U2OS,gapdh,tnpo1,image10,ch1,6,0.5359,4246.1611,250802A_U2OS_gapdh_tnpo1_image10_ch1,-85
250802A,U2OS,gapdh,tnpo1,image10,ch1,7,0.6431,4213.8511,250802A_U2OS_gapdh_tnpo1_image10_ch1,-84
250802A,U2OS,gapdh,tnpo1,image10,ch1,8,0.7503,4189.1558000000005,250802A_U2OS_gapdh_tnpo1_image10_ch1,-83
250802A,U2OS,gapdh,tnpo1,image10,ch1,9,0.8574,4185.9819,250802A_U2OS_gapdh_tnpo1_image10_ch1,-82
250802A,U2OS,gapdh,tnpo1,image10,ch1,10,0.9646,4194.6606,250802A_U2OS_gapdh_tnpo1_image10_ch1,-81
250802A,U2OS,gapdh,tnpo1,image10,ch1,11,1.0718,4223.2988,250802A_U2OS_gapdh_tnpo1_image10_ch1,-80
250802A,U2OS,gapdh,tnpo1,image10,ch1,12,1.179,4257.8779,250802A_U2OS_gapdh_tnpo1_image10_ch1,-79
250802A,U2OS,gapdh,tnpo1,image10,ch1,13,1.2862,4279.644,250802A_U2OS_gapdh_tnpo1_image10_ch1,-78
250802A,U2OS,gapdh,tnpo1,image10,ch1,14,1.3933,4329.7251,250802A_U2OS_gapdh_tnpo1_image10_ch1,-77
250802A,U2OS,gapdh,tnpo1,image10,ch1,15,1.5005,4360.4683000000005,250802A_U2OS_gapdh_tnpo1_image10_ch1,-76
250802A,U2OS,gapdh,tnpo1,image10,ch1,16,1.6077,4375.0967,250802A_U2OS_gapdh_tnpo1_image10_ch1,-75
250802A,U2OS,gapdh,tnpo1,image10,ch1,17,1.7149,4424.105,250802A_U2OS_gapdh_tnpo1_image10_ch1,-74
250802A,U2OS,gapdh,tnpo1,image10,ch1,18,1.8221,4495.2544,250802A_U2OS_gapdh_tnpo1_image10_ch1,-73
250802A,U2OS,gapdh,tnpo1,image10,ch1,19,1.9292,4614.1938,250802A_U2OS_gapdh_tnpo1_image10_ch1,-72
250802A,U2OS,gapdh,tnpo1,image10,ch1,20,2.0364,4753.4404,250802A_U2OS_gapdh_tnpo1_image10_ch1,-71
250802A,U2OS,gapdh,tnpo1,image10,ch1,21,2.1436,4926.3052,250802A_U2OS_gapdh_tnpo1_image10_ch1,-70
250802A,U2OS,gapdh,tnpo1,image10,ch1,22,2.2508,5063.6416,250802A_U2OS_gapdh_tnpo1_image10_ch1,-69
250802A,U2OS,gapdh,tnpo1,image10,ch1,23,2.358,5153.9023,250802A_U2OS_gapdh_tnpo1_image10_ch1,-68
250802A,U2OS,gapdh,tnpo1,image10,ch1,24,2.4651,5212.6841,250802A_U2OS_gapdh_tnpo1_image10_ch1,-67
250802A,U2OS,gapdh,tnpo1,image10,ch1,25,2.5723,5202.521,250802A_U2OS_gapdh_tnpo1_image10_ch1,-66
250802A,U2OS,gapdh,tnpo1,image10,ch1,26,2.6795,5136.1133,250802A_U2OS_gapdh_tnpo1_image10_ch1,-65
250802A,U2OS,gapdh,tnpo1,image10,ch1,27,2.7867,5025.3726,250802A_U2OS_gapdh_tnpo1_image10_ch1,-64
250802A,U2OS,gapdh,tnpo1,image10,ch1,28,2.8939,4880.9229,250802A_U2OS_gapdh_tnpo1_image10_ch1,-63
250802A,U2OS,gapdh,tnpo1,image10,ch1,29,3.001,4734.9404,250802A_U2OS_gapdh_tnpo1_image10_ch1,-62
250802A,U2OS,gapdh,tnpo1,image10,ch1,30,3.1082,4640.5742,250802A_U2OS_gapdh_tnpo1_image10_ch1,-61
250802A,U2OS,gapdh,tnpo1,image10,ch1,31,3.2154,4570.7241,250802A_U2OS_gapdh_tnpo1_image10_ch1,-60
250802A,U2OS,gapdh,tnpo1,image10,ch1,32,3.3226,4523.0825,250802A_U2OS_gapdh_tnpo1_image10_ch1,-59
250802A,U2OS,gapdh,tnpo1,image10,ch1,33,3.4298,4527.9214,250802A_U2OS_gapdh_tnpo1_image10_ch1,-58
250802A,U2OS,gapdh,tnpo1,image10,ch1,34,3.5369,4551.8916,250802A_U2OS_gapdh_tnpo1_image10_ch1,-57
250802A,U2OS,gapdh,tnpo1,image10,ch1,35,3.6441,4599.4209,250802A_U2OS_gapdh_tnpo1_image10_ch1,-56
250802A,U2OS,gapdh,tnpo1,image10,ch1,36,3.7513,4651.5112,250802A_U2OS_gapdh_tnpo1_image10_ch1,-55
250802A,U2OS,gapdh,tnpo1,image10,ch1,37,3.8585,4742.0596,250802A_U2OS_gapdh_tnpo1_image10_ch1,-54
250802A,U2OS,gapdh,tnpo1,image10,ch1,38,3.9657,4806.1963,250802A_U2OS_gapdh_tnpo1_image10_ch1,-53
250802A,U2OS,gapdh,tnpo1,image10,ch1,39,4.0728,4839.2041,250802A_U2OS_gapdh_tnpo1_image10_ch1,-52
250802A,U2OS,gapdh,tnpo1,image10,ch1,40,4.18,4863.355,250802A_U2OS_gapdh_tnpo1_image10_ch1,-51
250802A,U2OS,gapdh,tnpo1,image10,ch1,41,4.2872,4923.1216,250802A_U2OS_gapdh_tnpo1_image10_ch1,-50
250802A,U2OS,gapdh,tnpo1,image10,ch1,42,4.3944,5017.1377,250802A_U2OS_gapdh_tnpo1_image10_ch1,-49
250802A,U2OS,gapdh,tnpo1,image10,ch1,43,4.5016,5127.8657,250802A_U2OS_gapdh_tnpo1_image10_ch1,-48
250802A,U2OS,gapdh,tnpo1,image10,ch1,44,4.6087,5216.5942,250802A_U2OS_gapdh_tnpo1_image10_ch1,-47
250802A,U2OS,gapdh,tnpo1,image10,ch1,45,4.7159,5293.9961,250802A_U2OS_gapdh_tnpo1_image10_ch1,-46
250802A,U2OS,gapdh,tnpo1,image10,ch1,46,4.8231,5300.1938,250802A_U2OS_gapdh_tnpo1_image10_ch1,-45
250802A,U2OS,gapdh,tnpo1,image10,ch1,47,4.9303,5241.1299,250802A_U2OS_gapdh_tnpo1_image10_ch1,-44
250802A,U2OS,gapdh,tnpo1,image10,ch1,48,5.0375,5225.0571,250802A_U2OS_gapdh_tnpo1_image10_ch1,-43
250802A,U2OS,gapdh,tnpo1,image10,ch1,49,5.1446,5267.6133,250802A_U2OS_gapdh_tnpo1_image10_ch1,-42
250802A,U2OS,gapdh,tnpo1,image10,ch1,50,5.2518,5381.2666,250802A_U2OS_gapdh_tnpo1_image10_ch1,-41
250802A,U2OS,gapdh,tnpo1,image10,ch1,51,5.359,5514.2192,250802A_U2OS_gapdh_tnpo1_image10_ch1,-40
250802A,U2OS,gapdh,tnpo1,image10,ch1,52,5.4662,5618.7969,250802A_U2OS_gapdh_tnpo1_image10_ch1,-39
250802A,U2OS,gapdh,tnpo1,image10,ch1,53,5.5734,5693.3931,250802A_U2OS_gapdh_tnpo1_image10_ch1,-38
250802A,U2OS,gapdh,tnpo1,image10,ch1,54,5.6805,5792.1958,250802A_U2OS_gapdh_tnpo1_image10_ch1,-37
250802A,U2OS,gapdh,tnpo1,image10,ch1,55,5.7877,5969.8438,250802A_U2OS_gapdh_tnpo1_image10_ch1,-36
250802A,U2OS,gapdh,tnpo1,image10,ch1,56,5.8949,6231.9668,250802A_U2OS_gapdh_tnpo1_image10_ch1,-35
250802A,U2OS,gapdh,tnpo1,image10,ch1,57,6.0021,6457.1611,250802A_U2OS_gapdh_tnpo1_image10_ch1,-34
250802A,U2OS,gapdh,tnpo1,image10,ch1,58,6.1093,6582.2715,250802A_U2OS_gapdh_tnpo1_image10_ch1,-33
250802A,U2OS,gapdh,tnpo1,image10,ch1,59,6.2164,6613.2871,250802A_U2OS_gapdh_tnpo1_image10_ch1,-32
250802A,U2OS,gapdh,tnpo1,image10,ch1,60,6.3236,6532.5044,250802A_U2OS_gapdh_tnpo1_image10_ch1,-31
250802A,U2OS,gapdh,tnpo1,image10,ch1,61,6.4308,6405.4546,250802A_U2OS_gapdh_tnpo1_image10_ch1,-30
250802A,U2OS,gapdh,tnpo1,image10,ch1,62,6.538,6371.9136,250802A_U2OS_gapdh_tnpo1_image10_ch1,-29
250802A,U2OS,gapdh,tnpo1,image10,ch1,63,6.6452,6425.1709,250802A_U2OS_gapdh_tnpo1_image10_ch1,-28
250802A,U2OS,gapdh,tnpo1,image10,ch1,64,6.7523,6528.249,250802A_U2OS_gapdh_tnpo1_image10_ch1,-27
250802A,U2OS,gapdh,tnpo1,image10,ch1,65,6.8595,6619.0645,250802A_U2OS_gapdh_tnpo1_image10_ch1,-26
250802A,U2OS,gapdh,tnpo1,image10,ch1,66,6.9667,6730.2734,250802A_U2OS_gapdh_tnpo1_image10_ch1,-25
250802A,U2OS,gapdh,tnpo1,image10,ch1,67,7.0739,6886.6812,250802A_U2OS_gapdh_tnpo1_image10_ch1,-24
250802A,U2OS,gapdh,tnpo1,image10,ch1,68,7.1811,6989.0459,250802A_U2OS_gapdh_tnpo1_image10_ch1,-23
250802A,U2OS,gapdh,tnpo1,image10,ch1,69,7.2882,7050.5918,250802A_U2OS_gapdh_tnpo1_image10_ch1,-22
250802A,U2OS,gapdh,tnpo1,image10,ch1,70,7.3954,7063.0737,250802A_U2OS_gapdh_tnpo1_image10_ch1,-21
250802A,U2OS,gapdh,tnpo1,image10,ch1,71,7.5026,7088.394,250802A_U2OS_gapdh_tnpo1_image10_ch1,-20
250802A,U2OS,gapdh,tnpo1,image10,ch1,72,7.6098,7176.9717,250802A_U2OS_gapdh_tnpo1_image10_ch1,-19
250802A,U2OS,gapdh,tnpo1,image10,ch1,73,7.717,7305.2466,250802A_U2OS_gapdh_tnpo1_image10_ch1,-18
250802A,U2OS,gapdh,tnpo1,image10,ch1,74,7.8241,7399.0386,250802A_U2OS_gapdh_tnpo1_image10_ch1,-17
250802A,U2OS,gapdh,tnpo1,image10,ch1,75,7.9313,7497.6694,250802A_U2OS_gapdh_tnpo1_image10_ch1,-16
250802A,U2OS,gapdh,tnpo1,image10,ch1,76,8.0385,7610.6582,250802A_U2OS_gapdh_tnpo1_image10_ch1,-15
250802A,U2OS,gapdh,tnpo1,image10,ch1,77,8.1457,7751.7832,250802A_U2OS_gapdh_tnpo1_image10_ch1,-14
250802A,U2OS,gapdh,tnpo1,image10,ch1,78,8.2529,7911.5537,250802A_U2OS_gapdh_tnpo1_image10_ch1,-13
250802A,U2OS,gapdh,tnpo1,image10,ch1,79,8.36,8043.3394,250802A_U2OS_gapdh_tnpo1_image10_ch1,-12
250802A,U2OS,gapdh,tnpo1,image10,ch1,80,8.4672,8197.2256,250802A_U2OS_gapdh_tnpo1_image10_ch1,-11
250802A,U2OS,gapdh,tnpo1,image10,ch1,81,8.5744,8397.0078,250802A_U2OS_gapdh_tnpo1_image10_ch1,-10
250802A,U2OS,gapdh,tnpo1,image10,ch1,82,8.6816,8635.6543,250802A_U2OS_gapdh_tnpo1_image10_ch1,-9
250802A,U2OS,gapdh,tnpo1,image10,ch1,83,8.7888,8908.9355,250802A_U2OS_gapdh_tnpo1_image10_ch1,-8
250802A,U2OS,gapdh,tnpo1,image10,ch1,84,8.8959,9171.2969,250802A_U2OS_gapdh_tnpo1_image10_ch1,-7
250802A,U2OS,gapdh,tnpo1,image10,ch1,85,9.0031,9387.9092,250802A_U2OS_gapdh_tnpo1_image10_ch1,-6
250802A,U2OS,gapdh,tnpo1,image10,ch1,86,9.1103,9645.417,250802A_U2OS_gapdh_tnpo1_image10_ch1,-5
250802A,U2OS,gapdh,tnpo1,image10,ch1,87,9.2175,10004.3135,250802A_U2OS_gapdh_tnpo1_image10_ch1,-4
250802A,U2OS,gapdh,tnpo1,image10,ch1,88,9.3247,10462.1211,250802A_U2OS_gapdh_tnpo1_image10_ch1,-3
250802A,U2OS,gapdh,tnpo1,image10,ch1,89,9.4318,10993.7275,250802A_U2OS_gapdh_tnpo1_image10_ch1,-2
250802A,U2OS,gapdh,tnpo1,image10,ch1,90,9.539,11519.5771,250802A_U2OS_gapdh_tnpo1_image10_ch1,-1
250802A,U2OS,gapdh,tnpo1,image10,ch1,91,9.6462,11965.4258,250802A_U2OS_gapdh_tnpo1_image10_ch1,0
250802A,U2OS,gapdh,tnpo1,image10,ch1,92,9.7534,12250.5791,250802A_U2OS_gapdh_tnpo1_image10_ch1,1
250802A,U2OS,gapdh,tnpo1,image10,ch1,93,9.8606,12547.7266,250802A_U2OS_gapdh_tnpo1_image10_ch1,2
250802A,U2OS,gapdh,tnpo1,image10,ch1,94,9.9677,12937.3486,250802A_U2OS_gapdh_tnpo1_image10_ch1,3
250802A,U2OS,gapdh,tnpo1,image10,ch1,95,10.0749,13388.3291,250802A_U2OS_gapdh_tnpo1_image10_ch1,4
250802A,U2OS,gapdh,tnpo1,image10,ch1,96,10.1821,13795.5117,250802A_U2OS_gapdh_tnpo1_image10_ch1,5
250802A,U2OS,gapdh,tnpo1,image10,ch1,97,10.2893,14069.9121,250802A_U2OS_gapdh_tnpo1_image10_ch1,6
250802A,U2OS,gapdh,tnpo1,image10,ch1,98,10.3965,14302.2461,250802A_U2OS_gapdh_tnpo1_image10_ch1,7
250802A,U2OS,gapdh,tnpo1,image10,ch1,99,10.5036,14549.2617,250802A_U2OS_gapdh_tnpo1_image10_ch1,8
250802A,U2OS,gapdh,tnpo1,image10,ch1,100,10.6108,14904.5225,250802A_U2OS_gapdh_tnpo1_image10_ch1,9
250802A,U2OS,gapdh,tnpo1,image10,ch1,101,10.718,15228.1768,250802A_U2OS_gapdh_tnpo1_image10_ch1,10
250802A,U2OS,gapdh,tnpo1,image10,ch1,102,10.8252,15540.0605,250802A_U2OS_gapdh_tnpo1_image10_ch1,11
250802A,U2OS,gapdh,tnpo1,image10,ch1,103,10.9324,15844.1025,250802A_U2OS_gapdh_tnpo1_image10_ch1,12
250802A,U2OS,gapdh,tnpo1,image10,ch1,104,11.0395,16170.9414,250802A_U2OS_gapdh_tnpo1_image10_ch1,13
250802A,U2OS,gapdh,tnpo1,image10,ch1,105,11.1467,16391.2734,250802A_U2OS_gapdh_tnpo1_image10_ch1,14
250802A,U2OS,gapdh,tnpo1,image10,ch1,106,11.2539,16526.1973,250802A_U2OS_gapdh_tnpo1_image10_ch1,15
250802A,U2OS,gapdh,tnpo1,image10,ch1,107,11.3611,16773.8301,250802A_U2OS_gapdh_tnpo1_image10_ch1,16
250802A,U2OS,gapdh,tnpo1,image10,ch1,108,11.4683,17107.3633,250802A_U2OS_gapdh_tnpo1_image10_ch1,17
250802A,U2OS,gapdh,tnpo1,image10,ch1,109,11.5754,17406.0879,250802A_U2OS_gapdh_tnpo1_image10_ch1,18
250802A,U2OS,gapdh,tnpo1,image10,ch1,110,11.6826,17619.1113,250802A_U2OS_gapdh_tnpo1_image10_ch1,19
250802A,U2OS,gapdh,tnpo1,image10,ch1,111,11.7898,17794.0703,250802A_U2OS_gapdh_tnpo1_image10_ch1,20
250802A,U2OS,gapdh,tnpo1,image10,ch1,112,11.897,17950.916,250802A_U2OS_gapdh_tnpo1_image10_ch1,21
250802A,U2OS,gapdh,tnpo1,image10,ch1,113,12.0042,18097.8535,250802A_U2OS_gapdh_tnpo1_image10_ch1,22
250802A,U2OS,gapdh,tnpo1,image10,ch1,114,12.1113,18177.627,250802A_U2OS_gapdh_tnpo1_image10_ch1,23
250802A,U2OS,gapdh,tnpo1,image10,ch1,115,12.2185,18243.3613,250802A_U2OS_gapdh_tnpo1_image10_ch1,24
250802A,U2OS,gapdh,tnpo1,image10,ch1,116,12.3257,18341.6914,250802A_U2OS_gapdh_tnpo1_image10_ch1,25
250802A,U2OS,gapdh,tnpo1,image10,ch1,117,12.4329,18425.375,250802A_U2OS_gapdh_tnpo1_image10_ch1,26
250802A,U2OS,gapdh,tnpo1,image10,ch1,118,12.5401,18566.9004,250802A_U2OS_gapdh_tnpo1_image10_ch1,27
250802A,U2OS,gapdh,tnpo1,image10,ch1,119,12.6472,18789.7148,250802A_U2OS_gapdh_tnpo1_image10_ch1,28
250802A,U2OS,gapdh,tnpo1,image10,ch1,120,12.7544,19135.3301,250802A_U2OS_gapdh_tnpo1_image10_ch1,29
250802A,U2OS,gapdh,tnpo1,image10,ch1,121,12.8616,19541.2168,250802A_U2OS_gapdh_tnpo1_image10_ch1,30
250802A,U2OS,gapdh,tnpo1,image10,ch1,122,12.9688,19924.5977,250802A_U2OS_gapdh_tnpo1_image10_ch1,31
250802A,U2OS,gapdh,tnpo1,image10,ch1,123,13.076,20332.3301,250802A_U2OS_gapdh_tnpo1_image10_ch1,32
250802A,U2OS,gapdh,tnpo1,image10,ch1,124,13.1831,20474.7578,250802A_U2OS_gapdh_tnpo1_image10_ch1,33
250802A,U2OS,gapdh,tnpo1,image10,ch1,125,13.2903,20415.9297,250802A_U2OS_gapdh_tnpo1_image10_ch1,34
250802A,U2OS,gapdh,tnpo1,image10,ch1,126,13.3975,20456.8418,250802A_U2OS_gapdh_tnpo1_image10_ch1,35
250802A,U2OS,gapdh,tnpo1,image10,ch1,127,13.5047,20599.0312,250802A_U2OS_gapdh_tnpo1_image10_ch1,36
250802A,U2OS,gapdh,tnpo1,image10,ch1,128,13.6119,20651.9609,250802A_U2OS_gapdh_tnpo1_image10_ch1,37
250802A,U2OS,gapdh,tnpo1,image10,ch1,129,13.719,20565.3359,250802A_U2OS_gapdh_tnpo1_image10_ch1,38
250802A,U2OS,gapdh,tnpo1,image10,ch1,130,13.8262,20388.8184,250802A_U2OS_gapdh_tnpo1_image10_ch1,39
250802A,U2OS,gapdh,tnpo1,image10,ch1,131,13.9334,20045.0742,250802A_U2OS_gapdh_tnpo1_image10_ch1,40
250802A,U2OS,gapdh,tnpo1,image10,ch1,132,14.0406,19501.334,250802A_U2OS_gapdh_tnpo1_image10_ch1,41
250802A,U2OS,gapdh,tnpo1,image10,ch1,133,14.1478,18937.373,250802A_U2OS_gapdh_tnpo1_image10_ch1,42
250802A,U2OS,gapdh,tnpo1,image10,ch1,134,14.2549,18435.5039,250802A_U2OS_gapdh_tnpo1_image10_ch1,43
250802A,U2OS,gapdh,tnpo1,image10,ch1,135,14.3621,18121.6719,250802A_U2OS_gapdh_tnpo1_image10_ch1,44
250802A,U2OS,gapdh,tnpo1,image10,ch1,136,14.4693,17954.6426,250802A_U2OS_gapdh_tnpo1_image10_ch1,45
250802A,U2OS,gapdh,tnpo1,image10,ch1,137,14.5765,18036.5742,250802A_U2OS_gapdh_tnpo1_image10_ch1,46
250802A,U2OS,gapdh,tnpo1,image10,ch1,138,14.6837,18057.6406,250802A_U2OS_gapdh_tnpo1_image10_ch1,47
250802A,U2OS,gapdh,tnpo1,image10,ch1,139,14.7908,17992.8535,250802A_U2OS_gapdh_tnpo1_image10_ch1,48
250802A,U2OS,gapdh,tnpo1,image10,ch1,140,14.898,17849.1504,250802A_U2OS_gapdh_tnpo1_image10_ch1,49
250802A,U2OS,gapdh,tnpo1,image10,ch1,141,15.0052,17691.5195,250802A_U2OS_gapdh_tnpo1_image10_ch1,50
250802A,U2OS,gapdh,tnpo1,image10,ch1,142,15.1124,17584.5566,250802A_U2OS_gapdh_tnpo1_image10_ch1,51
250802A,U2OS,gapdh,tnpo1,image10,ch1,143,15.2196,17644.8066,250802A_U2OS_gapdh_tnpo1_image10_ch1,52
250802A,U2OS,gapdh,tnpo1,image10,ch1,144,15.3267,17859.2773,250802A_U2OS_gapdh_tnpo1_image10_ch1,53
250802A,U2OS,gapdh,tnpo1,image10,ch1,145,15.4339,18206.6543,250802A_U2OS_gapdh_tnpo1_image10_ch1,54
250802A,U2OS,gapdh,tnpo1,image10,ch1,146,15.5411,18462.0195,250802A_U2OS_gapdh_tnpo1_image10_ch1,55
250802A,U2OS,gapdh,tnpo1,image10,ch1,147,15.6483,18424.959,250802A_U2OS_gapdh_tnpo1_image10_ch1,56
250802A,U2OS,gapdh,tnpo1,image10,ch1,148,15.7555,18055.5723,250802A_U2OS_gapdh_tnpo1_image10_ch1,57
250802A,U2OS,gapdh,tnpo1,image10,ch1,149,15.8626,17461.8281,250802A_U2OS_gapdh_tnpo1_image10_ch1,58
250802A,U2OS,gapdh,tnpo1,image10,ch1,150,15.9698,16937.6758,250802A_U2OS_gapdh_tnpo1_image10_ch1,59
250802A,U2OS,gapdh,tnpo1,image10,ch1,151,16.077,16493.4766,250802A_U2OS_gapdh_tnpo1_image10_ch1,60
250802A,U2OS,gapdh,tnpo1,image10,ch1,152,16.1842,16096.7441,250802A_U2OS_gapdh_tnpo1_image10_ch1,61
250802A,U2OS,gapdh,tnpo1,image10,ch1,153,16.2914,15836.5459,250802A_U2OS_gapdh_tnpo1_image10_ch1,62
250802A,U2OS,gapdh,tnpo1,image10,ch1,154,16.3985,15709.9863,250802A_U2OS_gapdh_tnpo1_image10_ch1,63
250802A,U2OS,gapdh,tnpo1,image10,ch1,155,16.5057,15718.6855,250802A_U2OS_gapdh_tnpo1_image10_ch1,64
250802A,U2OS,gapdh,tnpo1,image10,ch1,156,16.6129,15808.1416,250802A_U2OS_gapdh_tnpo1_image10_ch1,65
250802A,U2OS,gapdh,tnpo1,image10,ch1,157,16.7201,15907.4414,250802A_U2OS_gapdh_tnpo1_image10_ch1,66
250802A,U2OS,gapdh,tnpo1,image10,ch1,158,16.8273,15924.2695,250802A_U2OS_gapdh_tnpo1_image10_ch1,67
250802A,U2OS,gapdh,tnpo1,image10,ch1,159,16.9344,15817.0898,250802A_U2OS_gapdh_tnpo1_image10_ch1,68
250802A,U2OS,gapdh,tnpo1,image10,ch1,160,17.0416,15769.8135,250802A_U2OS_gapdh_tnpo1_image10_ch1,69
250802A,U2OS,gapdh,tnpo1,image10,ch1,161,17.1488,15757.3965,250802A_U2OS_gapdh_tnpo1_image10_ch1,70
250802A,U2OS,gapdh,tnpo1,image10,ch1,162,17.256,15696.1377,250802A_U2OS_gapdh_tnpo1_image10_ch1,71
250802A,U2OS,gapdh,tnpo1,image10,ch1,163,17.3632,15534.0059,250802A_U2OS_gapdh_tnpo1_image10_ch1,72
250802A,U2OS,gapdh,tnpo1,image10,ch1,164,17.4703,15411.917,250802A_U2OS_gapdh_tnpo1_image10_ch1,73
250802A,U2OS,gapdh,tnpo1,image10,ch1,165,17.5775,15251.625,250802A_U2OS_gapdh_tnpo1_image10_ch1,74
250802A,U2OS,gapdh,tnpo1,image10,ch1,166,17.6847,14978.54,250802A_U2OS_gapdh_tnpo1_image10_ch1,75
250802A,U2OS,gapdh,tnpo1,image10,ch1,167,17.7919,14688.0635,250802A_U2OS_gapdh_tnpo1_image10_ch1,76
250802A,U2OS,gapdh,tnpo1,image10,ch1,168,17.8991,14502.2959,250802A_U2OS_gapdh_tnpo1_image10_ch1,77
250802A,U2OS,gapdh,tnpo1,image10,ch1,169,18.0062,14459.5371,250802A_U2OS_gapdh_tnpo1_image10_ch1,78
250802A,U2OS,gapdh,tnpo1,image10,ch1,170,18.1134,14374.1992,250802A_U2OS_gapdh_tnpo1_image10_ch1,79
250802A,U2OS,gapdh,tnpo1,image10,ch1,171,18.2206,14131.9824,250802A_U2OS_gapdh_tnpo1_image10_ch1,80
250802A,U2OS,gapdh,tnpo1,image10,ch1,172,18.3278,13837.04,250802A_U2OS_gapdh_tnpo1_image10_ch1,81
250802A,U2OS,gapdh,tnpo1,image10,ch1,173,18.435,13565.7988,250802A_U2OS_gapdh_tnpo1_image10_ch1,82
250802A,U2OS,gapdh,tnpo1,image10,ch1,174,18.5421,13418.542,250802A_U2OS_gapdh_tnpo1_image10_ch1,83
250802A,U2OS,gapdh,tnpo1,image10,ch1,175,18.6493,13419.3086,250802A_U2OS_gapdh_tnpo1_image10_ch1,84
250802A,U2OS,gapdh,tnpo1,image10,ch1,176,18.7565,13503.1914,250802A_U2OS_gapdh_tnpo1_image10_ch1,85
250802A,U2OS,gapdh,tnpo1,image10,ch1,177,18.8637,13494.29,250802A_U2OS_gapdh_tnpo1_image10_ch1,86
250802A,U2OS,gapdh,tnpo1,image10,ch1,178,18.9709,13360.5234,250802A_U2OS_gapdh_tnpo1_image10_ch1,87
250802A,U2OS,gapdh,tnpo1,image10,ch1,179,19.078,13265.5967,250802A_U2OS_gapdh_tnpo1_image10_ch1,88
250802A,U2OS,gapdh,tnpo1,image10,ch1,180,19.1852,13224.9307,250802A_U2OS_gapdh_tnpo1_image10_ch1,89
250802A,U2OS,gapdh,tnpo1,image10,ch1,181,19.2924,13203.4385,250802A_U2OS_gapdh_tnpo1_image10_ch1,90
250802A,U2OS,gapdh,tnpo1,image10,ch2,1,0,3390.5825,250802A_U2OS_gapdh_tnpo1_image10_ch2,-90
250802A,U2OS,gapdh,tnpo1,image10,ch2,2,0.1072,3385.2354,250802A_U2OS_gapdh_tnpo1_image10_ch2,-89
250802A,U2OS,gapdh,tnpo1,image10,ch2,3,0.2144,3379.1804,250802A_U2OS_gapdh_tnpo1_image10_ch2,-88
250802A,U2OS,gapdh,tnpo1,image10,ch2,4,0.3215,3384.0129,250802A_U2OS_gapdh_tnpo1_image10_ch2,-87
250802A,U2OS,gapdh,tnpo1,image10,ch2,5,0.4287,3398.1138,250802A_U2OS_gapdh_tnpo1_image10_ch2,-86
250802A,U2OS,gapdh,tnpo1,image10,ch2,6,0.5359,3406.6396,250802A_U2OS_gapdh_tnpo1_image10_ch2,-85
250802A,U2OS,gapdh,tnpo1,image10,ch2,7,0.6431,3416.5312,250802A_U2OS_gapdh_tnpo1_image10_ch2,-84
250802A,U2OS,gapdh,tnpo1,image10,ch2,8,0.7503,3423.064,250802A_U2OS_gapdh_tnpo1_image10_ch2,-83
250802A,U2OS,gapdh,tnpo1,image10,ch2,9,0.8574,3422.2925,250802A_U2OS_gapdh_tnpo1_image10_ch2,-82
250802A,U2OS,gapdh,tnpo1,image10,ch2,10,0.9646,3407.9648,250802A_U2OS_gapdh_tnpo1_image10_ch2,-81
250802A,U2OS,gapdh,tnpo1,image10,ch2,11,1.0718,3400.0381,250802A_U2OS_gapdh_tnpo1_image10_ch2,-80
250802A,U2OS,gapdh,tnpo1,image10,ch2,12,1.179,3405.1816,250802A_U2OS_gapdh_tnpo1_image10_ch2,-79
250802A,U2OS,gapdh,tnpo1,image10,ch2,13,1.2862,3408.0093,250802A_U2OS_gapdh_tnpo1_image10_ch2,-78
250802A,U2OS,gapdh,tnpo1,image10,ch2,14,1.3933,3412.252,250802A_U2OS_gapdh_tnpo1_image10_ch2,-77
250802A,U2OS,gapdh,tnpo1,image10,ch2,15,1.5005,3407.5842,250802A_U2OS_gapdh_tnpo1_image10_ch2,-76
250802A,U2OS,gapdh,tnpo1,image10,ch2,16,1.6077,3412.1147,250802A_U2OS_gapdh_tnpo1_image10_ch2,-75
250802A,U2OS,gapdh,tnpo1,image10,ch2,17,1.7149,3415.5417,250802A_U2OS_gapdh_tnpo1_image10_ch2,-74
250802A,U2OS,gapdh,tnpo1,image10,ch2,18,1.8221,3425.0471,250802A_U2OS_gapdh_tnpo1_image10_ch2,-73
250802A,U2OS,gapdh,tnpo1,image10,ch2,19,1.9292,3435.73,250802A_U2OS_gapdh_tnpo1_image10_ch2,-72
250802A,U2OS,gapdh,tnpo1,image10,ch2,20,2.0364,3442.4329,250802A_U2OS_gapdh_tnpo1_image10_ch2,-71
250802A,U2OS,gapdh,tnpo1,image10,ch2,21,2.1436,3436.4734,250802A_U2OS_gapdh_tnpo1_image10_ch2,-70
250802A,U2OS,gapdh,tnpo1,image10,ch2,22,2.2508,3429.6633,250802A_U2OS_gapdh_tnpo1_image10_ch2,-69
250802A,U2OS,gapdh,tnpo1,image10,ch2,23,2.358,3419.9763,250802A_U2OS_gapdh_tnpo1_image10_ch2,-68
250802A,U2OS,gapdh,tnpo1,image10,ch2,24,2.4651,3416.3948,250802A_U2OS_gapdh_tnpo1_image10_ch2,-67
250802A,U2OS,gapdh,tnpo1,image10,ch2,25,2.5723,3405.4648,250802A_U2OS_gapdh_tnpo1_image10_ch2,-66
250802A,U2OS,gapdh,tnpo1,image10,ch2,26,2.6795,3405.9961,250802A_U2OS_gapdh_tnpo1_image10_ch2,-65
250802A,U2OS,gapdh,tnpo1,image10,ch2,27,2.7867,3409.4863,250802A_U2OS_gapdh_tnpo1_image10_ch2,-64
250802A,U2OS,gapdh,tnpo1,image10,ch2,28,2.8939,3412.6614,250802A_U2OS_gapdh_tnpo1_image10_ch2,-63
250802A,U2OS,gapdh,tnpo1,image10,ch2,29,3.001,3413.4939,250802A_U2OS_gapdh_tnpo1_image10_ch2,-62
250802A,U2OS,gapdh,tnpo1,image10,ch2,30,3.1082,3409.8997,250802A_U2OS_gapdh_tnpo1_image10_ch2,-61
250802A,U2OS,gapdh,tnpo1,image10,ch2,31,3.2154,3411.9795,250802A_U2OS_gapdh_tnpo1_image10_ch2,-60
250802A,U2OS,gapdh,tnpo1,image10,ch2,32,3.3226,3415.3198,250802A_U2OS_gapdh_tnpo1_image10_ch2,-59
250802A,U2OS,gapdh,tnpo1,image10,ch2,33,3.4298,3421.2981,250802A_U2OS_gapdh_tnpo1_image10_ch2,-58
250802A,U2OS,gapdh,tnpo1,image10,ch2,34,3.5369,3424.0015,250802A_U2OS_gapdh_tnpo1_image10_ch2,-57
250802A,U2OS,gapdh,tnpo1,image10,ch2,35,3.6441,3423.4355,250802A_U2OS_gapdh_tnpo1_image10_ch2,-56
250802A,U2OS,gapdh,tnpo1,image10,ch2,36,3.7513,3425.1597,250802A_U2OS_gapdh_tnpo1_image10_ch2,-55
250802A,U2OS,gapdh,tnpo1,image10,ch2,37,3.8585,3415.7524,250802A_U2OS_gapdh_tnpo1_image10_ch2,-54
250802A,U2OS,gapdh,tnpo1,image10,ch2,38,3.9657,3414.2891,250802A_U2OS_gapdh_tnpo1_image10_ch2,-53
250802A,U2OS,gapdh,tnpo1,image10,ch2,39,4.0728,3420.0017,250802A_U2OS_gapdh_tnpo1_image10_ch2,-52
250802A,U2OS,gapdh,tnpo1,image10,ch2,40,4.18,3428.1257,250802A_U2OS_gapdh_tnpo1_image10_ch2,-51
250802A,U2OS,gapdh,tnpo1,image10,ch2,41,4.2872,3439.8958,250802A_U2OS_gapdh_tnpo1_image10_ch2,-50
250802A,U2OS,gapdh,tnpo1,image10,ch2,42,4.3944,3436.5369,250802A_U2OS_gapdh_tnpo1_image10_ch2,-49
250802A,U2OS,gapdh,tnpo1,image10,ch2,43,4.5016,3432.4255,250802A_U2OS_gapdh_tnpo1_image10_ch2,-48
250802A,U2OS,gapdh,tnpo1,image10,ch2,44,4.6087,3425.5637,250802A_U2OS_gapdh_tnpo1_image10_ch2,-47
250802A,U2OS,gapdh,tnpo1,image10,ch2,45,4.7159,3421.6208,250802A_U2OS_gapdh_tnpo1_image10_ch2,-46
250802A,U2OS,gapdh,tnpo1,image10,ch2,46,4.8231,3423.9636,250802A_U2OS_gapdh_tnpo1_image10_ch2,-45
250802A,U2OS,gapdh,tnpo1,image10,ch2,47,4.9303,3428.1951,250802A_U2OS_gapdh_tnpo1_image10_ch2,-44
250802A,U2OS,gapdh,tnpo1,image10,ch2,48,5.0375,3442.0112,250802A_U2OS_gapdh_tnpo1_image10_ch2,-43
250802A,U2OS,gapdh,tnpo1,image10,ch2,49,5.1446,3469.6675,250802A_U2OS_gapdh_tnpo1_image10_ch2,-42
250802A,U2OS,gapdh,tnpo1,image10,ch2,50,5.2518,3490.3025,250802A_U2OS_gapdh_tnpo1_image10_ch2,-41
250802A,U2OS,gapdh,tnpo1,image10,ch2,51,5.359,3531.55,250802A_U2OS_gapdh_tnpo1_image10_ch2,-40
250802A,U2OS,gapdh,tnpo1,image10,ch2,52,5.4662,3560.0513,250802A_U2OS_gapdh_tnpo1_image10_ch2,-39
250802A,U2OS,gapdh,tnpo1,image10,ch2,53,5.5734,3584.0908,250802A_U2OS_gapdh_tnpo1_image10_ch2,-38
250802A,U2OS,gapdh,tnpo1,image10,ch2,54,5.6805,3588.8364,250802A_U2OS_gapdh_tnpo1_image10_ch2,-37
250802A,U2OS,gapdh,tnpo1,image10,ch2,55,5.7877,3591.4778,250802A_U2OS_gapdh_tnpo1_image10_ch2,-36
250802A,U2OS,gapdh,tnpo1,image10,ch2,56,5.8949,3575.6316,250802A_U2OS_gapdh_tnpo1_image10_ch2,-35
250802A,U2OS,gapdh,tnpo1,image10,ch2,57,6.0021,3563.1306,250802A_U2OS_gapdh_tnpo1_image10_ch2,-34
250802A,U2OS,gapdh,tnpo1,image10,ch2,58,6.1093,3544.9294,250802A_U2OS_gapdh_tnpo1_image10_ch2,-33
250802A,U2OS,gapdh,tnpo1,image10,ch2,59,6.2164,3541.6125,250802A_U2OS_gapdh_tnpo1_image10_ch2,-32
250802A,U2OS,gapdh,tnpo1,image10,ch2,60,6.3236,3537.5757,250802A_U2OS_gapdh_tnpo1_image10_ch2,-31
250802A,U2OS,gapdh,tnpo1,image10,ch2,61,6.4308,3539.9199,250802A_U2OS_gapdh_tnpo1_image10_ch2,-30
250802A,U2OS,gapdh,tnpo1,image10,ch2,62,6.538,3533.2864,250802A_U2OS_gapdh_tnpo1_image10_ch2,-29
250802A,U2OS,gapdh,tnpo1,image10,ch2,63,6.6452,3530.2129,250802A_U2OS_gapdh_tnpo1_image10_ch2,-28
250802A,U2OS,gapdh,tnpo1,image10,ch2,64,6.7523,3537.9004,250802A_U2OS_gapdh_tnpo1_image10_ch2,-27
250802A,U2OS,gapdh,tnpo1,image10,ch2,65,6.8595,3558.5002,250802A_U2OS_gapdh_tnpo1_image10_ch2,-26
250802A,U2OS,gapdh,tnpo1,image10,ch2,66,6.9667,3564.1262,250802A_U2OS_gapdh_tnpo1_image10_ch2,-25
250802A,U2OS,gapdh,tnpo1,image10,ch2,67,7.0739,3582.689,250802A_U2OS_gapdh_tnpo1_image10_ch2,-24
250802A,U2OS,gapdh,tnpo1,image10,ch2,68,7.1811,3601.0933,250802A_U2OS_gapdh_tnpo1_image10_ch2,-23
250802A,U2OS,gapdh,tnpo1,image10,ch2,69,7.2882,3626.1223,250802A_U2OS_gapdh_tnpo1_image10_ch2,-22
250802A,U2OS,gapdh,tnpo1,image10,ch2,70,7.3954,3630.9937,250802A_U2OS_gapdh_tnpo1_image10_ch2,-21
250802A,U2OS,gapdh,tnpo1,image10,ch2,71,7.5026,3635.9497,250802A_U2OS_gapdh_tnpo1_image10_ch2,-20
250802A,U2OS,gapdh,tnpo1,image10,ch2,72,7.6098,3651.8735,250802A_U2OS_gapdh_tnpo1_image10_ch2,-19
250802A,U2OS,gapdh,tnpo1,image10,ch2,73,7.717,3652.8687,250802A_U2OS_gapdh_tnpo1_image10_ch2,-18
250802A,U2OS,gapdh,tnpo1,image10,ch2,74,7.8241,3654.8413,250802A_U2OS_gapdh_tnpo1_image10_ch2,-17
250802A,U2OS,gapdh,tnpo1,image10,ch2,75,7.9313,3676.6606,250802A_U2OS_gapdh_tnpo1_image10_ch2,-16
250802A,U2OS,gapdh,tnpo1,image10,ch2,76,8.0385,3703.5601,250802A_U2OS_gapdh_tnpo1_image10_ch2,-15
250802A,U2OS,gapdh,tnpo1,image10,ch2,77,8.1457,3742.2424,250802A_U2OS_gapdh_tnpo1_image10_ch2,-14
250802A,U2OS,gapdh,tnpo1,image10,ch2,78,8.2529,3796.2761,250802A_U2OS_gapdh_tnpo1_image10_ch2,-13
250802A,U2OS,gapdh,tnpo1,image10,ch2,79,8.36,3847.9436,250802A_U2OS_gapdh_tnpo1_image10_ch2,-12
250802A,U2OS,gapdh,tnpo1,image10,ch2,80,8.4672,3893.3193,250802A_U2OS_gapdh_tnpo1_image10_ch2,-11
250802A,U2OS,gapdh,tnpo1,image10,ch2,81,8.5744,3931.9202,250802A_U2OS_gapdh_tnpo1_image10_ch2,-10
250802A,U2OS,gapdh,tnpo1,image10,ch2,82,8.6816,3949.6772,250802A_U2OS_gapdh_tnpo1_image10_ch2,-9
250802A,U2OS,gapdh,tnpo1,image10,ch2,83,8.7888,3964.6931,250802A_U2OS_gapdh_tnpo1_image10_ch2,-8
250802A,U2OS,gapdh,tnpo1,image10,ch2,84,8.8959,3978.1934,250802A_U2OS_gapdh_tnpo1_image10_ch2,-7
250802A,U2OS,gapdh,tnpo1,image10,ch2,85,9.0031,3996.4465,250802A_U2OS_gapdh_tnpo1_image10_ch2,-6
250802A,U2OS,gapdh,tnpo1,image10,ch2,86,9.1103,4023.146,250802A_U2OS_gapdh_tnpo1_image10_ch2,-5
250802A,U2OS,gapdh,tnpo1,image10,ch2,87,9.2175,4050.3777,250802A_U2OS_gapdh_tnpo1_image10_ch2,-4
250802A,U2OS,gapdh,tnpo1,image10,ch2,88,9.3247,4094.5686,250802A_U2OS_gapdh_tnpo1_image10_ch2,-3
250802A,U2OS,gapdh,tnpo1,image10,ch2,89,9.4318,4139.6274,250802A_U2OS_gapdh_tnpo1_image10_ch2,-2
250802A,U2OS,gapdh,tnpo1,image10,ch2,90,9.539,4199.5571,250802A_U2OS_gapdh_tnpo1_image10_ch2,-1
250802A,U2OS,gapdh,tnpo1,image10,ch2,91,9.6462,4257.9307,250802A_U2OS_gapdh_tnpo1_image10_ch2,0
250802A,U2OS,gapdh,tnpo1,image10,ch2,92,9.7534,4312.9512,250802A_U2OS_gapdh_tnpo1_image10_ch2,1
250802A,U2OS,gapdh,tnpo1,image10,ch2,93,9.8606,4357.165,250802A_U2OS_gapdh_tnpo1_image10_ch2,2
250802A,U2OS,gapdh,tnpo1,image10,ch2,94,9.9677,4391.9922,250802A_U2OS_gapdh_tnpo1_image10_ch2,3
250802A,U2OS,gapdh,tnpo1,image10,ch2,95,10.0749,4420.2207,250802A_U2OS_gapdh_tnpo1_image10_ch2,4
250802A,U2OS,gapdh,tnpo1,image10,ch2,96,10.1821,4439.8447,250802A_U2OS_gapdh_tnpo1_image10_ch2,5
250802A,U2OS,gapdh,tnpo1,image10,ch2,97,10.2893,4451.3384,250802A_U2OS_gapdh_tnpo1_image10_ch2,6
250802A,U2OS,gapdh,tnpo1,image10,ch2,98,10.3965,4474.0752,250802A_U2OS_gapdh_tnpo1_image10_ch2,7
250802A,U2OS,gapdh,tnpo1,image10,ch2,99,10.5036,4523.314,250802A_U2OS_gapdh_tnpo1_image10_ch2,8
250802A,U2OS,gapdh,tnpo1,image10,ch2,100,10.6108,4588.2651,250802A_U2OS_gapdh_tnpo1_image10_ch2,9
250802A,U2OS,gapdh,tnpo1,image10,ch2,101,10.718,4654.0161,250802A_U2OS_gapdh_tnpo1_image10_ch2,10
250802A,U2OS,gapdh,tnpo1,image10,ch2,102,10.8252,4700.356,250802A_U2OS_gapdh_tnpo1_image10_ch2,11
250802A,U2OS,gapdh,tnpo1,image10,ch2,103,10.9324,4682.001,250802A_U2OS_gapdh_tnpo1_image10_ch2,12
250802A,U2OS,gapdh,tnpo1,image10,ch2,104,11.0395,4656.0015,250802A_U2OS_gapdh_tnpo1_image10_ch2,13
250802A,U2OS,gapdh,tnpo1,image10,ch2,105,11.1467,4653.9678,250802A_U2OS_gapdh_tnpo1_image10_ch2,14
250802A,U2OS,gapdh,tnpo1,image10,ch2,106,11.2539,4697.6562,250802A_U2OS_gapdh_tnpo1_image10_ch2,15
250802A,U2OS,gapdh,tnpo1,image10,ch2,107,11.3611,4760.6377,250802A_U2OS_gapdh_tnpo1_image10_ch2,16
250802A,U2OS,gapdh,tnpo1,image10,ch2,108,11.4683,4846.0786,250802A_U2OS_gapdh_tnpo1_image10_ch2,17
250802A,U2OS,gapdh,tnpo1,image10,ch2,109,11.5754,4918.4487,250802A_U2OS_gapdh_tnpo1_image10_ch2,18
250802A,U2OS,gapdh,tnpo1,image10,ch2,110,11.6826,4965.2051,250802A_U2OS_gapdh_tnpo1_image10_ch2,19
250802A,U2OS,gapdh,tnpo1,image10,ch2,111,11.7898,4990.7266,250802A_U2OS_gapdh_tnpo1_image10_ch2,20
250802A,U2OS,gapdh,tnpo1,image10,ch2,112,11.897,4956.3955,250802A_U2OS_gapdh_tnpo1_image10_ch2,21
250802A,U2OS,gapdh,tnpo1,image10,ch2,113,12.0042,4897.5874,250802A_U2OS_gapdh_tnpo1_image10_ch2,22
250802A,U2OS,gapdh,tnpo1,image10,ch2,114,12.1113,4830.0596,250802A_U2OS_gapdh_tnpo1_image10_ch2,23
250802A,U2OS,gapdh,tnpo1,image10,ch2,115,12.2185,4775.6562,250802A_U2OS_gapdh_tnpo1_image10_ch2,24
250802A,U2OS,gapdh,tnpo1,image10,ch2,116,12.3257,4717.4932,250802A_U2OS_gapdh_tnpo1_image10_ch2,25
250802A,U2OS,gapdh,tnpo1,image10,ch2,117,12.4329,4649.9263,250802A_U2OS_gapdh_tnpo1_image10_ch2,26
250802A,U2OS,gapdh,tnpo1,image10,ch2,118,12.5401,4571.6621,250802A_U2OS_gapdh_tnpo1_image10_ch2,27
250802A,U2OS,gapdh,tnpo1,image10,ch2,119,12.6472,4517.7202,250802A_U2OS_gapdh_tnpo1_image10_ch2,28
250802A,U2OS,gapdh,tnpo1,image10,ch2,120,12.7544,4475.2456,250802A_U2OS_gapdh_tnpo1_image10_ch2,29
250802A,U2OS,gapdh,tnpo1,image10,ch2,121,12.8616,4444.8877,250802A_U2OS_gapdh_tnpo1_image10_ch2,30
250802A,U2OS,gapdh,tnpo1,image10,ch2,122,12.9688,4417.0879,250802A_U2OS_gapdh_tnpo1_image10_ch2,31
250802A,U2OS,gapdh,tnpo1,image10,ch2,123,13.076,4395.5132,250802A_U2OS_gapdh_tnpo1_image10_ch2,32
250802A,U2OS,gapdh,tnpo1,image10,ch2,124,13.1831,4374.6265,250802A_U2OS_gapdh_tnpo1_image10_ch2,33
250802A,U2OS,gapdh,tnpo1,image10,ch2,125,13.2903,4373.6152,250802A_U2OS_gapdh_tnpo1_image10_ch2,34
250802A,U2OS,gapdh,tnpo1,image10,ch2,126,13.3975,4385.4629,250802A_U2OS_gapdh_tnpo1_image10_ch2,35
250802A,U2OS,gapdh,tnpo1,image10,ch2,127,13.5047,4395.2993,250802A_U2OS_gapdh_tnpo1_image10_ch2,36
250802A,U2OS,gapdh,tnpo1,image10,ch2,128,13.6119,4385.2583,250802A_U2OS_gapdh_tnpo1_image10_ch2,37
250802A,U2OS,gapdh,tnpo1,image10,ch2,129,13.719,4347.9873,250802A_U2OS_gapdh_tnpo1_image10_ch2,38
250802A,U2OS,gapdh,tnpo1,image10,ch2,130,13.8262,4279.8862,250802A_U2OS_gapdh_tnpo1_image10_ch2,39
250802A,U2OS,gapdh,tnpo1,image10,ch2,131,13.9334,4227.5273,250802A_U2OS_gapdh_tnpo1_image10_ch2,40
250802A,U2OS,gapdh,tnpo1,image10,ch2,132,14.0406,4205.73,250802A_U2OS_gapdh_tnpo1_image10_ch2,41
250802A,U2OS,gapdh,tnpo1,image10,ch2,133,14.1478,4199.3726,250802A_U2OS_gapdh_tnpo1_image10_ch2,42
250802A,U2OS,gapdh,tnpo1,image10,ch2,134,14.2549,4201.3159,250802A_U2OS_gapdh_tnpo1_image10_ch2,43
250802A,U2OS,gapdh,tnpo1,image10,ch2,135,14.3621,4193.147,250802A_U2OS_gapdh_tnpo1_image10_ch2,44
250802A,U2OS,gapdh,tnpo1,image10,ch2,136,14.4693,4183.396,250802A_U2OS_gapdh_tnpo1_image10_ch2,45
250802A,U2OS,gapdh,tnpo1,image10,ch2,137,14.5765,4147.3936,250802A_U2OS_gapdh_tnpo1_image10_ch2,46
250802A,U2OS,gapdh,tnpo1,image10,ch2,138,14.6837,4107.1333,250802A_U2OS_gapdh_tnpo1_image10_ch2,47
250802A,U2OS,gapdh,tnpo1,image10,ch2,139,14.7908,4070.3591,250802A_U2OS_gapdh_tnpo1_image10_ch2,48
250802A,U2OS,gapdh,tnpo1,image10,ch2,140,14.898,4040.1995,250802A_U2OS_gapdh_tnpo1_image10_ch2,49
250802A,U2OS,gapdh,tnpo1,image10,ch2,141,15.0052,4015.2749,250802A_U2OS_gapdh_tnpo1_image10_ch2,50
250802A,U2OS,gapdh,tnpo1,image10,ch2,142,15.1124,3988.4309,250802A_U2OS_gapdh_tnpo1_image10_ch2,51
250802A,U2OS,gapdh,tnpo1,image10,ch2,143,15.2196,3963.3896,250802A_U2OS_gapdh_tnpo1_image10_ch2,52
250802A,U2OS,gapdh,tnpo1,image10,ch2,144,15.3267,3952.4036,250802A_U2OS_gapdh_tnpo1_image10_ch2,53
250802A,U2OS,gapdh,tnpo1,image10,ch2,145,15.4339,3954.9478,250802A_U2OS_gapdh_tnpo1_image10_ch2,54
250802A,U2OS,gapdh,tnpo1,image10,ch2,146,15.5411,3948.2146,250802A_U2OS_gapdh_tnpo1_image10_ch2,55
250802A,U2OS,gapdh,tnpo1,image10,ch2,147,15.6483,3928.1465,250802A_U2OS_gapdh_tnpo1_image10_ch2,56
250802A,U2OS,gapdh,tnpo1,image10,ch2,148,15.7555,3926.092,250802A_U2OS_gapdh_tnpo1_image10_ch2,57
250802A,U2OS,gapdh,tnpo1,image10,ch2,149,15.8626,3927.8887,250802A_U2OS_gapdh_tnpo1_image10_ch2,58
250802A,U2OS,gapdh,tnpo1,image10,ch2,150,15.9698,3938.6245,250802A_U2OS_gapdh_tnpo1_image10_ch2,59
250802A,U2OS,gapdh,tnpo1,image10,ch2,151,16.077,3968.5767,250802A_U2OS_gapdh_tnpo1_image10_ch2,60
250802A,U2OS,gapdh,tnpo1,image10,ch2,152,16.1842,3996.4626,250802A_U2OS_gapdh_tnpo1_image10_ch2,61
250802A,U2OS,gapdh,tnpo1,image10,ch2,153,16.2914,4004.8025,250802A_U2OS_gapdh_tnpo1_image10_ch2,62
250802A,U2OS,gapdh,tnpo1,image10,ch2,154,16.3985,3981.199,250802A_U2OS_gapdh_tnpo1_image10_ch2,63
250802A,U2OS,gapdh,tnpo1,image10,ch2,155,16.5057,3890.6523,250802A_U2OS_gapdh_tnpo1_image10_ch2,64
250802A,U2OS,gapdh,tnpo1,image10,ch2,156,16.6129,3792.6824,250802A_U2OS_gapdh_tnpo1_image10_ch2,65
250802A,U2OS,gapdh,tnpo1,image10,ch2,157,16.7201,3727.3923,250802A_U2OS_gapdh_tnpo1_image10_ch2,66
250802A,U2OS,gapdh,tnpo1,image10,ch2,158,16.8273,3698.9529000000002,250802A_U2OS_gapdh_tnpo1_image10_ch2,67
250802A,U2OS,gapdh,tnpo1,image10,ch2,159,16.9344,3693.8904000000002,250802A_U2OS_gapdh_tnpo1_image10_ch2,68
250802A,U2OS,gapdh,tnpo1,image10,ch2,160,17.0416,3696.2004,250802A_U2OS_gapdh_tnpo1_image10_ch2,69
250802A,U2OS,gapdh,tnpo1,image10,ch2,161,17.1488,3686.1287,250802A_U2OS_gapdh_tnpo1_image10_ch2,70
250802A,U2OS,gapdh,tnpo1,image10,ch2,162,17.256,3686.6108,250802A_U2OS_gapdh_tnpo1_image10_ch2,71
250802A,U2OS,gapdh,tnpo1,image10,ch2,163,17.3632,3621.8167,250802A_U2OS_gapdh_tnpo1_image10_ch2,72
250802A,U2OS,gapdh,tnpo1,image10,ch2,164,17.4703,3532.8159,250802A_U2OS_gapdh_tnpo1_image10_ch2,73
250802A,U2OS,gapdh,tnpo1,image10,ch2,165,17.5775,3450.6108,250802A_U2OS_gapdh_tnpo1_image10_ch2,74
250802A,U2OS,gapdh,tnpo1,image10,ch2,166,17.6847,3400.0396,250802A_U2OS_gapdh_tnpo1_image10_ch2,75
250802A,U2OS,gapdh,tnpo1,image10,ch2,167,17.7919,3350.3584,250802A_U2OS_gapdh_tnpo1_image10_ch2,76
250802A,U2OS,gapdh,tnpo1,image10,ch2,168,17.8991,3310.6885,250802A_U2OS_gapdh_tnpo1_image10_ch2,77
250802A,U2OS,gapdh,tnpo1,image10,ch2,169,18.0062,3291.4351,250802A_U2OS_gapdh_tnpo1_image10_ch2,78
250802A,U2OS,gapdh,tnpo1,image10,ch2,170,18.1134,3280.4988,250802A_U2OS_gapdh_tnpo1_image10_ch2,79
250802A,U2OS,gapdh,tnpo1,image10,ch2,171,18.2206,3262.9287,250802A_U2OS_gapdh_tnpo1_image10_ch2,80
250802A,U2OS,gapdh,tnpo1,image10,ch2,172,18.3278,3257.3257,250802A_U2OS_gapdh_tnpo1_image10_ch2,81
250802A,U2OS,gapdh,tnpo1,image10,ch2,173,18.435,3256.1724,250802A_U2OS_gapdh_tnpo1_image10_ch2,82
250802A,U2OS,gapdh,tnpo1,image10,ch2,174,18.5421,3248.4175,250802A_U2OS_gapdh_tnpo1_image10_ch2,83
250802A,U2OS,gapdh,tnpo1,image10,ch2,175,18.6493,3244.6833,250802A_U2OS_gapdh_tnpo1_image10_ch2,84
250802A,U2OS,gapdh,tnpo1,image10,ch2,176,18.7565,3253.0173,250802A_U2OS_gapdh_tnpo1_image10_ch2,85
250802A,U2OS,gapdh,tnpo1,image10,ch2,177,18.8637,3227.1455,250802A_U2OS_gapdh_tnpo1_image10_ch2,86
250802A,U2OS,gapdh,tnpo1,image10,ch2,178,18.9709,3196.8706,250802A_U2OS_gapdh_tnpo1_image10_ch2,87
250802A,U2OS,gapdh,tnpo1,image10,ch2,179,19.078,3171.1514,250802A_U2OS_gapdh_tnpo1_image10_ch2,88
250802A,U2OS,gapdh,tnpo1,image10,ch2,180,19.1852,3153.7292,250802A_U2OS_gapdh_tnpo1_image10_ch2,89
250802A,U2OS,gapdh,tnpo1,image10,ch2,181,19.2924,3138.9431,250802A_U2OS_gapdh_tnpo1_image10_ch2,90
250802A,U2OS,gapdh,tnpo1,image11,ch1,1,0,6155.8618,250802A_U2OS_gapdh_tnpo1_image11_ch1,-90
250802A,U2OS,gapdh,tnpo1,image11,ch1,2,0.1072,6259.8481,250802A_U2OS_gapdh_tnpo1_image11_ch1,-89
250802A,U2OS,gapdh,tnpo1,image11,ch1,3,0.2144,6378.7427,250802A_U2OS_gapdh_tnpo1_image11_ch1,-88
250802A,U2OS,gapdh,tnpo1,image11,ch1,4,0.3215,6554.251,250802A_U2OS_gapdh_tnpo1_image11_ch1,-87
250802A,U2OS,gapdh,tnpo1,image11,ch1,5,0.4287,6720.8096,250802A_U2OS_gapdh_tnpo1_image11_ch1,-86
250802A,U2OS,gapdh,tnpo1,image11,ch1,6,0.5359,6846.3125,250802A_U2OS_gapdh_tnpo1_image11_ch1,-85
250802A,U2OS,gapdh,tnpo1,image11,ch1,7,0.6431,6945.3535,250802A_U2OS_gapdh_tnpo1_image11_ch1,-84
250802A,U2OS,gapdh,tnpo1,image11,ch1,8,0.7503,7036.895,250802A_U2OS_gapdh_tnpo1_image11_ch1,-83
250802A,U2OS,gapdh,tnpo1,image11,ch1,9,0.8574,7121.8364,250802A_U2OS_gapdh_tnpo1_image11_ch1,-82
250802A,U2OS,gapdh,tnpo1,image11,ch1,10,0.9646,7231.6948,250802A_U2OS_gapdh_tnpo1_image11_ch1,-81
250802A,U2OS,gapdh,tnpo1,image11,ch1,11,1.0718,7334.0786,250802A_U2OS_gapdh_tnpo1_image11_ch1,-80
250802A,U2OS,gapdh,tnpo1,image11,ch1,12,1.179,7397.897,250802A_U2OS_gapdh_tnpo1_image11_ch1,-79
250802A,U2OS,gapdh,tnpo1,image11,ch1,13,1.2862,7363.7563,250802A_U2OS_gapdh_tnpo1_image11_ch1,-78
250802A,U2OS,gapdh,tnpo1,image11,ch1,14,1.3933,7254.6885,250802A_U2OS_gapdh_tnpo1_image11_ch1,-77
250802A,U2OS,gapdh,tnpo1,image11,ch1,15,1.5005,7115.1245,250802A_U2OS_gapdh_tnpo1_image11_ch1,-76
250802A,U2OS,gapdh,tnpo1,image11,ch1,16,1.6077,6972.4482,250802A_U2OS_gapdh_tnpo1_image11_ch1,-75
250802A,U2OS,gapdh,tnpo1,image11,ch1,17,1.7149,6880.1968,250802A_U2OS_gapdh_tnpo1_image11_ch1,-74
250802A,U2OS,gapdh,tnpo1,image11,ch1,18,1.8221,6864.9873,250802A_U2OS_gapdh_tnpo1_image11_ch1,-73
250802A,U2OS,gapdh,tnpo1,image11,ch1,19,1.9292,6862.4331,250802A_U2OS_gapdh_tnpo1_image11_ch1,-72
250802A,U2OS,gapdh,tnpo1,image11,ch1,20,2.0364,6879.1899,250802A_U2OS_gapdh_tnpo1_image11_ch1,-71
250802A,U2OS,gapdh,tnpo1,image11,ch1,21,2.1436,6918.8589,250802A_U2OS_gapdh_tnpo1_image11_ch1,-70
250802A,U2OS,gapdh,tnpo1,image11,ch1,22,2.2508,6960.3062,250802A_U2OS_gapdh_tnpo1_image11_ch1,-69
250802A,U2OS,gapdh,tnpo1,image11,ch1,23,2.358,7029.9487,250802A_U2OS_gapdh_tnpo1_image11_ch1,-68
250802A,U2OS,gapdh,tnpo1,image11,ch1,24,2.4651,7137.1279,250802A_U2OS_gapdh_tnpo1_image11_ch1,-67
250802A,U2OS,gapdh,tnpo1,image11,ch1,25,2.5723,7191.8179,250802A_U2OS_gapdh_tnpo1_image11_ch1,-66
250802A,U2OS,gapdh,tnpo1,image11,ch1,26,2.6795,7203.1729,250802A_U2OS_gapdh_tnpo1_image11_ch1,-65
250802A,U2OS,gapdh,tnpo1,image11,ch1,27,2.7867,7175.1406,250802A_U2OS_gapdh_tnpo1_image11_ch1,-64
250802A,U2OS,gapdh,tnpo1,image11,ch1,28,2.8939,7112.9204,250802A_U2OS_gapdh_tnpo1_image11_ch1,-63
250802A,U2OS,gapdh,tnpo1,image11,ch1,29,3.001,7035.6235,250802A_U2OS_gapdh_tnpo1_image11_ch1,-62
250802A,U2OS,gapdh,tnpo1,image11,ch1,30,3.1082,6955.916,250802A_U2OS_gapdh_tnpo1_image11_ch1,-61
250802A,U2OS,gapdh,tnpo1,image11,ch1,31,3.2154,6917.9873,250802A_U2OS_gapdh_tnpo1_image11_ch1,-60
250802A,U2OS,gapdh,tnpo1,image11,ch1,32,3.3226,6897.6616,250802A_U2OS_gapdh_tnpo1_image11_ch1,-59
250802A,U2OS,gapdh,tnpo1,image11,ch1,33,3.4298,6895.9702,250802A_U2OS_gapdh_tnpo1_image11_ch1,-58
250802A,U2OS,gapdh,tnpo1,image11,ch1,34,3.5369,6874.3037,250802A_U2OS_gapdh_tnpo1_image11_ch1,-57
250802A,U2OS,gapdh,tnpo1,image11,ch1,35,3.6441,6831.1704,250802A_U2OS_gapdh_tnpo1_image11_ch1,-56
250802A,U2OS,gapdh,tnpo1,image11,ch1,36,3.7513,6805.29,250802A_U2OS_gapdh_tnpo1_image11_ch1,-55
250802A,U2OS,gapdh,tnpo1,image11,ch1,37,3.8585,6785.7231,250802A_U2OS_gapdh_tnpo1_image11_ch1,-54
250802A,U2OS,gapdh,tnpo1,image11,ch1,38,3.9657,6762.8828,250802A_U2OS_gapdh_tnpo1_image11_ch1,-53
250802A,U2OS,gapdh,tnpo1,image11,ch1,39,4.0728,6745.8354,250802A_U2OS_gapdh_tnpo1_image11_ch1,-52
250802A,U2OS,gapdh,tnpo1,image11,ch1,40,4.18,6729.8911,250802A_U2OS_gapdh_tnpo1_image11_ch1,-51
250802A,U2OS,gapdh,tnpo1,image11,ch1,41,4.2872,6740.6992,250802A_U2OS_gapdh_tnpo1_image11_ch1,-50
250802A,U2OS,gapdh,tnpo1,image11,ch1,42,4.3944,6754.54,250802A_U2OS_gapdh_tnpo1_image11_ch1,-49
250802A,U2OS,gapdh,tnpo1,image11,ch1,43,4.5016,6771.1724,250802A_U2OS_gapdh_tnpo1_image11_ch1,-48
250802A,U2OS,gapdh,tnpo1,image11,ch1,44,4.6087,6769.0771,250802A_U2OS_gapdh_tnpo1_image11_ch1,-47
250802A,U2OS,gapdh,tnpo1,image11,ch1,45,4.7159,6770.1396,250802A_U2OS_gapdh_tnpo1_image11_ch1,-46
250802A,U2OS,gapdh,tnpo1,image11,ch1,46,4.8231,6757.8281,250802A_U2OS_gapdh_tnpo1_image11_ch1,-45
250802A,U2OS,gapdh,tnpo1,image11,ch1,47,4.9303,6756.1797,250802A_U2OS_gapdh_tnpo1_image11_ch1,-44
250802A,U2OS,gapdh,tnpo1,image11,ch1,48,5.0375,6756.7056,250802A_U2OS_gapdh_tnpo1_image11_ch1,-43
250802A,U2OS,gapdh,tnpo1,image11,ch1,49,5.1446,6750.1787,250802A_U2OS_gapdh_tnpo1_image11_ch1,-42
250802A,U2OS,gapdh,tnpo1,image11,ch1,50,5.2518,6764.957,250802A_U2OS_gapdh_tnpo1_image11_ch1,-41
250802A,U2OS,gapdh,tnpo1,image11,ch1,51,5.359,6782.6401,250802A_U2OS_gapdh_tnpo1_image11_ch1,-40
250802A,U2OS,gapdh,tnpo1,image11,ch1,52,5.4662,6820.6753,250802A_U2OS_gapdh_tnpo1_image11_ch1,-39
250802A,U2OS,gapdh,tnpo1,image11,ch1,53,5.5734,6839.0859,250802A_U2OS_gapdh_tnpo1_image11_ch1,-38
250802A,U2OS,gapdh,tnpo1,image11,ch1,54,5.6805,6867.4502,250802A_U2OS_gapdh_tnpo1_image11_ch1,-37
250802A,U2OS,gapdh,tnpo1,image11,ch1,55,5.7877,6923.4404,250802A_U2OS_gapdh_tnpo1_image11_ch1,-36
250802A,U2OS,gapdh,tnpo1,image11,ch1,56,5.8949,6976.2246,250802A_U2OS_gapdh_tnpo1_image11_ch1,-35
250802A,U2OS,gapdh,tnpo1,image11,ch1,57,6.0021,7033.9351,250802A_U2OS_gapdh_tnpo1_image11_ch1,-34
250802A,U2OS,gapdh,tnpo1,image11,ch1,58,6.1093,7123.7705,250802A_U2OS_gapdh_tnpo1_image11_ch1,-33
250802A,U2OS,gapdh,tnpo1,image11,ch1,59,6.2164,7235.9927,250802A_U2OS_gapdh_tnpo1_image11_ch1,-32
250802A,U2OS,gapdh,tnpo1,image11,ch1,60,6.3236,7367.6245,250802A_U2OS_gapdh_tnpo1_image11_ch1,-31
250802A,U2OS,gapdh,tnpo1,image11,ch1,61,6.4308,7545.6724,250802A_U2OS_gapdh_tnpo1_image11_ch1,-30
250802A,U2OS,gapdh,tnpo1,image11,ch1,62,6.538,7780.6113,250802A_U2OS_gapdh_tnpo1_image11_ch1,-29
250802A,U2OS,gapdh,tnpo1,image11,ch1,63,6.6452,8046.4258,250802A_U2OS_gapdh_tnpo1_image11_ch1,-28
250802A,U2OS,gapdh,tnpo1,image11,ch1,64,6.7523,8274.9561,250802A_U2OS_gapdh_tnpo1_image11_ch1,-27
250802A,U2OS,gapdh,tnpo1,image11,ch1,65,6.8595,8417.0879,250802A_U2OS_gapdh_tnpo1_image11_ch1,-26
250802A,U2OS,gapdh,tnpo1,image11,ch1,66,6.9667,8468.6367,250802A_U2OS_gapdh_tnpo1_image11_ch1,-25
250802A,U2OS,gapdh,tnpo1,image11,ch1,67,7.0739,8472.3877,250802A_U2OS_gapdh_tnpo1_image11_ch1,-24
250802A,U2OS,gapdh,tnpo1,image11,ch1,68,7.1811,8467.5117,250802A_U2OS_gapdh_tnpo1_image11_ch1,-23
250802A,U2OS,gapdh,tnpo1,image11,ch1,69,7.2882,8515.4727,250802A_U2OS_gapdh_tnpo1_image11_ch1,-22
250802A,U2OS,gapdh,tnpo1,image11,ch1,70,7.3954,8639.2578,250802A_U2OS_gapdh_tnpo1_image11_ch1,-21
250802A,U2OS,gapdh,tnpo1,image11,ch1,71,7.5026,8827.0918,250802A_U2OS_gapdh_tnpo1_image11_ch1,-20
250802A,U2OS,gapdh,tnpo1,image11,ch1,72,7.6098,9033.0811,250802A_U2OS_gapdh_tnpo1_image11_ch1,-19
250802A,U2OS,gapdh,tnpo1,image11,ch1,73,7.717,9240.3584,250802A_U2OS_gapdh_tnpo1_image11_ch1,-18
250802A,U2OS,gapdh,tnpo1,image11,ch1,74,7.8241,9419.6143,250802A_U2OS_gapdh_tnpo1_image11_ch1,-17
250802A,U2OS,gapdh,tnpo1,image11,ch1,75,7.9313,9617.3477,250802A_U2OS_gapdh_tnpo1_image11_ch1,-16
250802A,U2OS,gapdh,tnpo1,image11,ch1,76,8.0385,9800.4297,250802A_U2OS_gapdh_tnpo1_image11_ch1,-15
250802A,U2OS,gapdh,tnpo1,image11,ch1,77,8.1457,9934.5381,250802A_U2OS_gapdh_tnpo1_image11_ch1,-14
250802A,U2OS,gapdh,tnpo1,image11,ch1,78,8.2529,10002.9473,250802A_U2OS_gapdh_tnpo1_image11_ch1,-13
250802A,U2OS,gapdh,tnpo1,image11,ch1,79,8.36,10059.9072,250802A_U2OS_gapdh_tnpo1_image11_ch1,-12
250802A,U2OS,gapdh,tnpo1,image11,ch1,80,8.4672,10173.8438,250802A_U2OS_gapdh_tnpo1_image11_ch1,-11
250802A,U2OS,gapdh,tnpo1,image11,ch1,81,8.5744,10319.626,250802A_U2OS_gapdh_tnpo1_image11_ch1,-10
250802A,U2OS,gapdh,tnpo1,image11,ch1,82,8.6816,10457.126,250802A_U2OS_gapdh_tnpo1_image11_ch1,-9
250802A,U2OS,gapdh,tnpo1,image11,ch1,83,8.7888,10551.9326,250802A_U2OS_gapdh_tnpo1_image11_ch1,-8
250802A,U2OS,gapdh,tnpo1,image11,ch1,84,8.8959,10669.2656,250802A_U2OS_gapdh_tnpo1_image11_ch1,-7
250802A,U2OS,gapdh,tnpo1,image11,ch1,85,9.0031,10800.2617,250802A_U2OS_gapdh_tnpo1_image11_ch1,-6
250802A,U2OS,gapdh,tnpo1,image11,ch1,86,9.1103,10950.5303,250802A_U2OS_gapdh_tnpo1_image11_ch1,-5
250802A,U2OS,gapdh,tnpo1,image11,ch1,87,9.2175,11137.6211,250802A_U2OS_gapdh_tnpo1_image11_ch1,-4
250802A,U2OS,gapdh,tnpo1,image11,ch1,88,9.3247,11339.5518,250802A_U2OS_gapdh_tnpo1_image11_ch1,-3
250802A,U2OS,gapdh,tnpo1,image11,ch1,89,9.4318,11563.21,250802A_U2OS_gapdh_tnpo1_image11_ch1,-2
250802A,U2OS,gapdh,tnpo1,image11,ch1,90,9.539,11846.3271,250802A_U2OS_gapdh_tnpo1_image11_ch1,-1
250802A,U2OS,gapdh,tnpo1,image11,ch1,91,9.6462,12107.9795,250802A_U2OS_gapdh_tnpo1_image11_ch1,0
250802A,U2OS,gapdh,tnpo1,image11,ch1,92,9.7534,12358.6514,250802A_U2OS_gapdh_tnpo1_image11_ch1,1
250802A,U2OS,gapdh,tnpo1,image11,ch1,93,9.8606,12553.5439,250802A_U2OS_gapdh_tnpo1_image11_ch1,2
250802A,U2OS,gapdh,tnpo1,image11,ch1,94,9.9677,12686.0742,250802A_U2OS_gapdh_tnpo1_image11_ch1,3
250802A,U2OS,gapdh,tnpo1,image11,ch1,95,10.0749,12847.1631,250802A_U2OS_gapdh_tnpo1_image11_ch1,4
250802A,U2OS,gapdh,tnpo1,image11,ch1,96,10.1821,13148.8584,250802A_U2OS_gapdh_tnpo1_image11_ch1,5
250802A,U2OS,gapdh,tnpo1,image11,ch1,97,10.2893,13497.8389,250802A_U2OS_gapdh_tnpo1_image11_ch1,6
250802A,U2OS,gapdh,tnpo1,image11,ch1,98,10.3965,13877.2227,250802A_U2OS_gapdh_tnpo1_image11_ch1,7
250802A,U2OS,gapdh,tnpo1,image11,ch1,99,10.5036,14237.7988,250802A_U2OS_gapdh_tnpo1_image11_ch1,8
250802A,U2OS,gapdh,tnpo1,image11,ch1,100,10.6108,14606.9893,250802A_U2OS_gapdh_tnpo1_image11_ch1,9
250802A,U2OS,gapdh,tnpo1,image11,ch1,101,10.718,14922.3555,250802A_U2OS_gapdh_tnpo1_image11_ch1,10
250802A,U2OS,gapdh,tnpo1,image11,ch1,102,10.8252,15120.21,250802A_U2OS_gapdh_tnpo1_image11_ch1,11
250802A,U2OS,gapdh,tnpo1,image11,ch1,103,10.9324,15189.4941,250802A_U2OS_gapdh_tnpo1_image11_ch1,12
250802A,U2OS,gapdh,tnpo1,image11,ch1,104,11.0395,15099.9326,250802A_U2OS_gapdh_tnpo1_image11_ch1,13
250802A,U2OS,gapdh,tnpo1,image11,ch1,105,11.1467,14922.625,250802A_U2OS_gapdh_tnpo1_image11_ch1,14
250802A,U2OS,gapdh,tnpo1,image11,ch1,106,11.2539,14769.46,250802A_U2OS_gapdh_tnpo1_image11_ch1,15
250802A,U2OS,gapdh,tnpo1,image11,ch1,107,11.3611,14698.6768,250802A_U2OS_gapdh_tnpo1_image11_ch1,16
250802A,U2OS,gapdh,tnpo1,image11,ch1,108,11.4683,14695.375,250802A_U2OS_gapdh_tnpo1_image11_ch1,17
250802A,U2OS,gapdh,tnpo1,image11,ch1,109,11.5754,14681.1025,250802A_U2OS_gapdh_tnpo1_image11_ch1,18
250802A,U2OS,gapdh,tnpo1,image11,ch1,110,11.6826,14614.1777,250802A_U2OS_gapdh_tnpo1_image11_ch1,19
250802A,U2OS,gapdh,tnpo1,image11,ch1,111,11.7898,14503.9873,250802A_U2OS_gapdh_tnpo1_image11_ch1,20
250802A,U2OS,gapdh,tnpo1,image11,ch1,112,11.897,14387.5586,250802A_U2OS_gapdh_tnpo1_image11_ch1,21
250802A,U2OS,gapdh,tnpo1,image11,ch1,113,12.0042,14410.8848,250802A_U2OS_gapdh_tnpo1_image11_ch1,22
250802A,U2OS,gapdh,tnpo1,image11,ch1,114,12.1113,14501.2412,250802A_U2OS_gapdh_tnpo1_image11_ch1,23
250802A,U2OS,gapdh,tnpo1,image11,ch1,115,12.2185,14521.0684,250802A_U2OS_gapdh_tnpo1_image11_ch1,24
250802A,U2OS,gapdh,tnpo1,image11,ch1,116,12.3257,14402.1338,250802A_U2OS_gapdh_tnpo1_image11_ch1,25
250802A,U2OS,gapdh,tnpo1,image11,ch1,117,12.4329,14237.3057,250802A_U2OS_gapdh_tnpo1_image11_ch1,26
250802A,U2OS,gapdh,tnpo1,image11,ch1,118,12.5401,14126.7637,250802A_U2OS_gapdh_tnpo1_image11_ch1,27
250802A,U2OS,gapdh,tnpo1,image11,ch1,119,12.6472,14089.2129,250802A_U2OS_gapdh_tnpo1_image11_ch1,28
250802A,U2OS,gapdh,tnpo1,image11,ch1,120,12.7544,14221.6709,250802A_U2OS_gapdh_tnpo1_image11_ch1,29
250802A,U2OS,gapdh,tnpo1,image11,ch1,121,12.8616,14469.6396,250802A_U2OS_gapdh_tnpo1_image11_ch1,30
250802A,U2OS,gapdh,tnpo1,image11,ch1,122,12.9688,14771.5781,250802A_U2OS_gapdh_tnpo1_image11_ch1,31
250802A,U2OS,gapdh,tnpo1,image11,ch1,123,13.076,15139.7158,250802A_U2OS_gapdh_tnpo1_image11_ch1,32
250802A,U2OS,gapdh,tnpo1,image11,ch1,124,13.1831,15470.3076,250802A_U2OS_gapdh_tnpo1_image11_ch1,33
250802A,U2OS,gapdh,tnpo1,image11,ch1,125,13.2903,15765.2207,250802A_U2OS_gapdh_tnpo1_image11_ch1,34
250802A,U2OS,gapdh,tnpo1,image11,ch1,126,13.3975,15987.9756,250802A_U2OS_gapdh_tnpo1_image11_ch1,35
250802A,U2OS,gapdh,tnpo1,image11,ch1,127,13.5047,16158.166,250802A_U2OS_gapdh_tnpo1_image11_ch1,36
250802A,U2OS,gapdh,tnpo1,image11,ch1,128,13.6119,16166.7891,250802A_U2OS_gapdh_tnpo1_image11_ch1,37
250802A,U2OS,gapdh,tnpo1,image11,ch1,129,13.719,16139.1201,250802A_U2OS_gapdh_tnpo1_image11_ch1,38
250802A,U2OS,gapdh,tnpo1,image11,ch1,130,13.8262,16104.5713,250802A_U2OS_gapdh_tnpo1_image11_ch1,39
250802A,U2OS,gapdh,tnpo1,image11,ch1,131,13.9334,16077.6836,250802A_U2OS_gapdh_tnpo1_image11_ch1,40
250802A,U2OS,gapdh,tnpo1,image11,ch1,132,14.0406,16151.6133,250802A_U2OS_gapdh_tnpo1_image11_ch1,41
250802A,U2OS,gapdh,tnpo1,image11,ch1,133,14.1478,16318.4629,250802A_U2OS_gapdh_tnpo1_image11_ch1,42
250802A,U2OS,gapdh,tnpo1,image11,ch1,134,14.2549,16604.6367,250802A_U2OS_gapdh_tnpo1_image11_ch1,43
250802A,U2OS,gapdh,tnpo1,image11,ch1,135,14.3621,16912.1152,250802A_U2OS_gapdh_tnpo1_image11_ch1,44
250802A,U2OS,gapdh,tnpo1,image11,ch1,136,14.4693,17305.0762,250802A_U2OS_gapdh_tnpo1_image11_ch1,45
250802A,U2OS,gapdh,tnpo1,image11,ch1,137,14.5765,17791.8652,250802A_U2OS_gapdh_tnpo1_image11_ch1,46
250802A,U2OS,gapdh,tnpo1,image11,ch1,138,14.6837,18277.625,250802A_U2OS_gapdh_tnpo1_image11_ch1,47
250802A,U2OS,gapdh,tnpo1,image11,ch1,139,14.7908,18732.9004,250802A_U2OS_gapdh_tnpo1_image11_ch1,48
250802A,U2OS,gapdh,tnpo1,image11,ch1,140,14.898,18918.9609,250802A_U2OS_gapdh_tnpo1_image11_ch1,49
250802A,U2OS,gapdh,tnpo1,image11,ch1,141,15.0052,18934.3809,250802A_U2OS_gapdh_tnpo1_image11_ch1,50
250802A,U2OS,gapdh,tnpo1,image11,ch1,142,15.1124,19001.4492,250802A_U2OS_gapdh_tnpo1_image11_ch1,51
250802A,U2OS,gapdh,tnpo1,image11,ch1,143,15.2196,19305.8398,250802A_U2OS_gapdh_tnpo1_image11_ch1,52
250802A,U2OS,gapdh,tnpo1,image11,ch1,144,15.3267,19773.7559,250802A_U2OS_gapdh_tnpo1_image11_ch1,53
250802A,U2OS,gapdh,tnpo1,image11,ch1,145,15.4339,20318.5039,250802A_U2OS_gapdh_tnpo1_image11_ch1,54
250802A,U2OS,gapdh,tnpo1,image11,ch1,146,15.5411,20920.6152,250802A_U2OS_gapdh_tnpo1_image11_ch1,55
250802A,U2OS,gapdh,tnpo1,image11,ch1,147,15.6483,21335.707,250802A_U2OS_gapdh_tnpo1_image11_ch1,56
250802A,U2OS,gapdh,tnpo1,image11,ch1,148,15.7555,21433.707,250802A_U2OS_gapdh_tnpo1_image11_ch1,57
250802A,U2OS,gapdh,tnpo1,image11,ch1,149,15.8626,21169.6582,250802A_U2OS_gapdh_tnpo1_image11_ch1,58
250802A,U2OS,gapdh,tnpo1,image11,ch1,150,15.9698,20619.8281,250802A_U2OS_gapdh_tnpo1_image11_ch1,59
250802A,U2OS,gapdh,tnpo1,image11,ch1,151,16.077,20049.3613,250802A_U2OS_gapdh_tnpo1_image11_ch1,60
250802A,U2OS,gapdh,tnpo1,image11,ch1,152,16.1842,19598.1152,250802A_U2OS_gapdh_tnpo1_image11_ch1,61
250802A,U2OS,gapdh,tnpo1,image11,ch1,153,16.2914,19432.0684,250802A_U2OS_gapdh_tnpo1_image11_ch1,62
250802A,U2OS,gapdh,tnpo1,image11,ch1,154,16.3985,19359.2188,250802A_U2OS_gapdh_tnpo1_image11_ch1,63
250802A,U2OS,gapdh,tnpo1,image11,ch1,155,16.5057,19489.1426,250802A_U2OS_gapdh_tnpo1_image11_ch1,64
250802A,U2OS,gapdh,tnpo1,image11,ch1,156,16.6129,19651.2148,250802A_U2OS_gapdh_tnpo1_image11_ch1,65
250802A,U2OS,gapdh,tnpo1,image11,ch1,157,16.7201,19993.623,250802A_U2OS_gapdh_tnpo1_image11_ch1,66
250802A,U2OS,gapdh,tnpo1,image11,ch1,158,16.8273,20426.0098,250802A_U2OS_gapdh_tnpo1_image11_ch1,67
250802A,U2OS,gapdh,tnpo1,image11,ch1,159,16.9344,20727.3047,250802A_U2OS_gapdh_tnpo1_image11_ch1,68
250802A,U2OS,gapdh,tnpo1,image11,ch1,160,17.0416,20748.0996,250802A_U2OS_gapdh_tnpo1_image11_ch1,69
250802A,U2OS,gapdh,tnpo1,image11,ch1,161,17.1488,20569.0527,250802A_U2OS_gapdh_tnpo1_image11_ch1,70
250802A,U2OS,gapdh,tnpo1,image11,ch1,162,17.256,20300.7305,250802A_U2OS_gapdh_tnpo1_image11_ch1,71
250802A,U2OS,gapdh,tnpo1,image11,ch1,163,17.3632,19988.5,250802A_U2OS_gapdh_tnpo1_image11_ch1,72
250802A,U2OS,gapdh,tnpo1,image11,ch1,164,17.4703,19891.127,250802A_U2OS_gapdh_tnpo1_image11_ch1,73
250802A,U2OS,gapdh,tnpo1,image11,ch1,165,17.5775,20029.5879,250802A_U2OS_gapdh_tnpo1_image11_ch1,74
250802A,U2OS,gapdh,tnpo1,image11,ch1,166,17.6847,20265.7207,250802A_U2OS_gapdh_tnpo1_image11_ch1,75
250802A,U2OS,gapdh,tnpo1,image11,ch1,167,17.7919,20394.3809,250802A_U2OS_gapdh_tnpo1_image11_ch1,76
250802A,U2OS,gapdh,tnpo1,image11,ch1,168,17.8991,20276.4297,250802A_U2OS_gapdh_tnpo1_image11_ch1,77
250802A,U2OS,gapdh,tnpo1,image11,ch1,169,18.0062,20048.4297,250802A_U2OS_gapdh_tnpo1_image11_ch1,78
250802A,U2OS,gapdh,tnpo1,image11,ch1,170,18.1134,19668.0391,250802A_U2OS_gapdh_tnpo1_image11_ch1,79
250802A,U2OS,gapdh,tnpo1,image11,ch1,171,18.2206,19223.2188,250802A_U2OS_gapdh_tnpo1_image11_ch1,80
250802A,U2OS,gapdh,tnpo1,image11,ch1,172,18.3278,18983.2109,250802A_U2OS_gapdh_tnpo1_image11_ch1,81
250802A,U2OS,gapdh,tnpo1,image11,ch1,173,18.435,19122.0273,250802A_U2OS_gapdh_tnpo1_image11_ch1,82
250802A,U2OS,gapdh,tnpo1,image11,ch1,174,18.5421,19543.8359,250802A_U2OS_gapdh_tnpo1_image11_ch1,83
250802A,U2OS,gapdh,tnpo1,image11,ch1,175,18.6493,20046.2051,250802A_U2OS_gapdh_tnpo1_image11_ch1,84
250802A,U2OS,gapdh,tnpo1,image11,ch1,176,18.7565,20312.2949,250802A_U2OS_gapdh_tnpo1_image11_ch1,85
250802A,U2OS,gapdh,tnpo1,image11,ch1,177,18.8637,20373.8047,250802A_U2OS_gapdh_tnpo1_image11_ch1,86
250802A,U2OS,gapdh,tnpo1,image11,ch1,178,18.9709,20300.252,250802A_U2OS_gapdh_tnpo1_image11_ch1,87
250802A,U2OS,gapdh,tnpo1,image11,ch1,179,19.078,20200.0957,250802A_U2OS_gapdh_tnpo1_image11_ch1,88
250802A,U2OS,gapdh,tnpo1,image11,ch1,180,19.1852,20215.2422,250802A_U2OS_gapdh_tnpo1_image11_ch1,89
250802A,U2OS,gapdh,tnpo1,image11,ch1,181,19.2924,20439.2285,250802A_U2OS_gapdh_tnpo1_image11_ch1,90
250802A,U2OS,gapdh,tnpo1,image11,ch2,1,0,3255.7285,250802A_U2OS_gapdh_tnpo1_image11_ch2,-90
250802A,U2OS,gapdh,tnpo1,image11,ch2,2,0.1072,3269.0474,250802A_U2OS_gapdh_tnpo1_image11_ch2,-89
250802A,U2OS,gapdh,tnpo1,image11,ch2,3,0.2144,3270.3389,250802A_U2OS_gapdh_tnpo1_image11_ch2,-88
250802A,U2OS,gapdh,tnpo1,image11,ch2,4,0.3215,3268.1223,250802A_U2OS_gapdh_tnpo1_image11_ch2,-87
250802A,U2OS,gapdh,tnpo1,image11,ch2,5,0.4287,3264.9673,250802A_U2OS_gapdh_tnpo1_image11_ch2,-86
250802A,U2OS,gapdh,tnpo1,image11,ch2,6,0.5359,3261.4192,250802A_U2OS_gapdh_tnpo1_image11_ch2,-85
250802A,U2OS,gapdh,tnpo1,image11,ch2,7,0.6431,3265.7354,250802A_U2OS_gapdh_tnpo1_image11_ch2,-84
250802A,U2OS,gapdh,tnpo1,image11,ch2,8,0.7503,3271.5046,250802A_U2OS_gapdh_tnpo1_image11_ch2,-83
250802A,U2OS,gapdh,tnpo1,image11,ch2,9,0.8574,3282.8853,250802A_U2OS_gapdh_tnpo1_image11_ch2,-82
250802A,U2OS,gapdh,tnpo1,image11,ch2,10,0.9646,3302.76,250802A_U2OS_gapdh_tnpo1_image11_ch2,-81
250802A,U2OS,gapdh,tnpo1,image11,ch2,11,1.0718,3318.1057,250802A_U2OS_gapdh_tnpo1_image11_ch2,-80
250802A,U2OS,gapdh,tnpo1,image11,ch2,12,1.179,3336.761,250802A_U2OS_gapdh_tnpo1_image11_ch2,-79
250802A,U2OS,gapdh,tnpo1,image11,ch2,13,1.2862,3357.082,250802A_U2OS_gapdh_tnpo1_image11_ch2,-78
250802A,U2OS,gapdh,tnpo1,image11,ch2,14,1.3933,3363.7998,250802A_U2OS_gapdh_tnpo1_image11_ch2,-77
250802A,U2OS,gapdh,tnpo1,image11,ch2,15,1.5005,3359.9685,250802A_U2OS_gapdh_tnpo1_image11_ch2,-76
250802A,U2OS,gapdh,tnpo1,image11,ch2,16,1.6077,3368.666,250802A_U2OS_gapdh_tnpo1_image11_ch2,-75
250802A,U2OS,gapdh,tnpo1,image11,ch2,17,1.7149,3374.5862,250802A_U2OS_gapdh_tnpo1_image11_ch2,-74
250802A,U2OS,gapdh,tnpo1,image11,ch2,18,1.8221,3395.0918,250802A_U2OS_gapdh_tnpo1_image11_ch2,-73
250802A,U2OS,gapdh,tnpo1,image11,ch2,19,1.9292,3396.1958,250802A_U2OS_gapdh_tnpo1_image11_ch2,-72
250802A,U2OS,gapdh,tnpo1,image11,ch2,20,2.0364,3394.4148,250802A_U2OS_gapdh_tnpo1_image11_ch2,-71
250802A,U2OS,gapdh,tnpo1,image11,ch2,21,2.1436,3397.1455,250802A_U2OS_gapdh_tnpo1_image11_ch2,-70
250802A,U2OS,gapdh,tnpo1,image11,ch2,22,2.2508,3398.0583,250802A_U2OS_gapdh_tnpo1_image11_ch2,-69
250802A,U2OS,gapdh,tnpo1,image11,ch2,23,2.358,3417.0408,250802A_U2OS_gapdh_tnpo1_image11_ch2,-68
250802A,U2OS,gapdh,tnpo1,image11,ch2,24,2.4651,3442.6357,250802A_U2OS_gapdh_tnpo1_image11_ch2,-67
250802A,U2OS,gapdh,tnpo1,image11,ch2,25,2.5723,3474.7681,250802A_U2OS_gapdh_tnpo1_image11_ch2,-66
250802A,U2OS,gapdh,tnpo1,image11,ch2,26,2.6795,3488.5247,250802A_U2OS_gapdh_tnpo1_image11_ch2,-65
250802A,U2OS,gapdh,tnpo1,image11,ch2,27,2.7867,3501.3792,250802A_U2OS_gapdh_tnpo1_image11_ch2,-64
250802A,U2OS,gapdh,tnpo1,image11,ch2,28,2.8939,3495.1521,250802A_U2OS_gapdh_tnpo1_image11_ch2,-63
250802A,U2OS,gapdh,tnpo1,image11,ch2,29,3.001,3496.0859,250802A_U2OS_gapdh_tnpo1_image11_ch2,-62
250802A,U2OS,gapdh,tnpo1,image11,ch2,30,3.1082,3506.9817,250802A_U2OS_gapdh_tnpo1_image11_ch2,-61
250802A,U2OS,gapdh,tnpo1,image11,ch2,31,3.2154,3522.1982,250802A_U2OS_gapdh_tnpo1_image11_ch2,-60
250802A,U2OS,gapdh,tnpo1,image11,ch2,32,3.3226,3527.1829,250802A_U2OS_gapdh_tnpo1_image11_ch2,-59
250802A,U2OS,gapdh,tnpo1,image11,ch2,33,3.4298,3531.1921,250802A_U2OS_gapdh_tnpo1_image11_ch2,-58
250802A,U2OS,gapdh,tnpo1,image11,ch2,34,3.5369,3525.8853,250802A_U2OS_gapdh_tnpo1_image11_ch2,-57
250802A,U2OS,gapdh,tnpo1,image11,ch2,35,3.6441,3532.2751,250802A_U2OS_gapdh_tnpo1_image11_ch2,-56
250802A,U2OS,gapdh,tnpo1,image11,ch2,36,3.7513,3543.2017,250802A_U2OS_gapdh_tnpo1_image11_ch2,-55
250802A,U2OS,gapdh,tnpo1,image11,ch2,37,3.8585,3559.0845,250802A_U2OS_gapdh_tnpo1_image11_ch2,-54
250802A,U2OS,gapdh,tnpo1,image11,ch2,38,3.9657,3583.2639,250802A_U2OS_gapdh_tnpo1_image11_ch2,-53
250802A,U2OS,gapdh,tnpo1,image11,ch2,39,4.0728,3594.0715,250802A_U2OS_gapdh_tnpo1_image11_ch2,-52
250802A,U2OS,gapdh,tnpo1,image11,ch2,40,4.18,3582.0476,250802A_U2OS_gapdh_tnpo1_image11_ch2,-51
250802A,U2OS,gapdh,tnpo1,image11,ch2,41,4.2872,3566.0403,250802A_U2OS_gapdh_tnpo1_image11_ch2,-50
250802A,U2OS,gapdh,tnpo1,image11,ch2,42,4.3944,3550.2305,250802A_U2OS_gapdh_tnpo1_image11_ch2,-49
250802A,U2OS,gapdh,tnpo1,image11,ch2,43,4.5016,3546.3765,250802A_U2OS_gapdh_tnpo1_image11_ch2,-48
250802A,U2OS,gapdh,tnpo1,image11,ch2,44,4.6087,3541.2329,250802A_U2OS_gapdh_tnpo1_image11_ch2,-47
250802A,U2OS,gapdh,tnpo1,image11,ch2,45,4.7159,3539.0632,250802A_U2OS_gapdh_tnpo1_image11_ch2,-46
250802A,U2OS,gapdh,tnpo1,image11,ch2,46,4.8231,3544.9292,250802A_U2OS_gapdh_tnpo1_image11_ch2,-45
250802A,U2OS,gapdh,tnpo1,image11,ch2,47,4.9303,3561.9575,250802A_U2OS_gapdh_tnpo1_image11_ch2,-44
250802A,U2OS,gapdh,tnpo1,image11,ch2,48,5.0375,3580.0244,250802A_U2OS_gapdh_tnpo1_image11_ch2,-43
250802A,U2OS,gapdh,tnpo1,image11,ch2,49,5.1446,3596.7949,250802A_U2OS_gapdh_tnpo1_image11_ch2,-42
250802A,U2OS,gapdh,tnpo1,image11,ch2,50,5.2518,3600.7607,250802A_U2OS_gapdh_tnpo1_image11_ch2,-41
250802A,U2OS,gapdh,tnpo1,image11,ch2,51,5.359,3604.0569,250802A_U2OS_gapdh_tnpo1_image11_ch2,-40
250802A,U2OS,gapdh,tnpo1,image11,ch2,52,5.4662,3609.7329,250802A_U2OS_gapdh_tnpo1_image11_ch2,-39
250802A,U2OS,gapdh,tnpo1,image11,ch2,53,5.5734,3607.658,250802A_U2OS_gapdh_tnpo1_image11_ch2,-38
250802A,U2OS,gapdh,tnpo1,image11,ch2,54,5.6805,3604.9531,250802A_U2OS_gapdh_tnpo1_image11_ch2,-37
250802A,U2OS,gapdh,tnpo1,image11,ch2,55,5.7877,3603.7241,250802A_U2OS_gapdh_tnpo1_image11_ch2,-36
250802A,U2OS,gapdh,tnpo1,image11,ch2,56,5.8949,3605.1162,250802A_U2OS_gapdh_tnpo1_image11_ch2,-35
250802A,U2OS,gapdh,tnpo1,image11,ch2,57,6.0021,3605.5403,250802A_U2OS_gapdh_tnpo1_image11_ch2,-34
250802A,U2OS,gapdh,tnpo1,image11,ch2,58,6.1093,3627.1687,250802A_U2OS_gapdh_tnpo1_image11_ch2,-33
250802A,U2OS,gapdh,tnpo1,image11,ch2,59,6.2164,3645.6606,250802A_U2OS_gapdh_tnpo1_image11_ch2,-32
250802A,U2OS,gapdh,tnpo1,image11,ch2,60,6.3236,3667.019,250802A_U2OS_gapdh_tnpo1_image11_ch2,-31
250802A,U2OS,gapdh,tnpo1,image11,ch2,61,6.4308,3699.4221,250802A_U2OS_gapdh_tnpo1_image11_ch2,-30
250802A,U2OS,gapdh,tnpo1,image11,ch2,62,6.538,3760.5391,250802A_U2OS_gapdh_tnpo1_image11_ch2,-29
250802A,U2OS,gapdh,tnpo1,image11,ch2,63,6.6452,3836.6143,250802A_U2OS_gapdh_tnpo1_image11_ch2,-28
250802A,U2OS,gapdh,tnpo1,image11,ch2,64,6.7523,3896.3923,250802A_U2OS_gapdh_tnpo1_image11_ch2,-27
250802A,U2OS,gapdh,tnpo1,image11,ch2,65,6.8595,3919.3938,250802A_U2OS_gapdh_tnpo1_image11_ch2,-26
250802A,U2OS,gapdh,tnpo1,image11,ch2,66,6.9667,3879.8428,250802A_U2OS_gapdh_tnpo1_image11_ch2,-25
250802A,U2OS,gapdh,tnpo1,image11,ch2,67,7.0739,3818.053,250802A_U2OS_gapdh_tnpo1_image11_ch2,-24
250802A,U2OS,gapdh,tnpo1,image11,ch2,68,7.1811,3791.636,250802A_U2OS_gapdh_tnpo1_image11_ch2,-23
250802A,U2OS,gapdh,tnpo1,image11,ch2,69,7.2882,3794.644,250802A_U2OS_gapdh_tnpo1_image11_ch2,-22
250802A,U2OS,gapdh,tnpo1,image11,ch2,70,7.3954,3812.8201,250802A_U2OS_gapdh_tnpo1_image11_ch2,-21
250802A,U2OS,gapdh,tnpo1,image11,ch2,71,7.5026,3838.7119,250802A_U2OS_gapdh_tnpo1_image11_ch2,-20
250802A,U2OS,gapdh,tnpo1,image11,ch2,72,7.6098,3855.0522,250802A_U2OS_gapdh_tnpo1_image11_ch2,-19
250802A,U2OS,gapdh,tnpo1,image11,ch2,73,7.717,3852.7612,250802A_U2OS_gapdh_tnpo1_image11_ch2,-18
250802A,U2OS,gapdh,tnpo1,image11,ch2,74,7.8241,3871.0125,250802A_U2OS_gapdh_tnpo1_image11_ch2,-17
250802A,U2OS,gapdh,tnpo1,image11,ch2,75,7.9313,3899.7078,250802A_U2OS_gapdh_tnpo1_image11_ch2,-16
250802A,U2OS,gapdh,tnpo1,image11,ch2,76,8.0385,3946.5776,250802A_U2OS_gapdh_tnpo1_image11_ch2,-15
250802A,U2OS,gapdh,tnpo1,image11,ch2,77,8.1457,4009.9741,250802A_U2OS_gapdh_tnpo1_image11_ch2,-14
250802A,U2OS,gapdh,tnpo1,image11,ch2,78,8.2529,4098.1812,250802A_U2OS_gapdh_tnpo1_image11_ch2,-13
250802A,U2OS,gapdh,tnpo1,image11,ch2,79,8.36,4197.2896,250802A_U2OS_gapdh_tnpo1_image11_ch2,-12
250802A,U2OS,gapdh,tnpo1,image11,ch2,80,8.4672,4338.7363,250802A_U2OS_gapdh_tnpo1_image11_ch2,-11
250802A,U2OS,gapdh,tnpo1,image11,ch2,81,8.5744,4480.0356,250802A_U2OS_gapdh_tnpo1_image11_ch2,-10
250802A,U2OS,gapdh,tnpo1,image11,ch2,82,8.6816,4568.7417,250802A_U2OS_gapdh_tnpo1_image11_ch2,-9
250802A,U2OS,gapdh,tnpo1,image11,ch2,83,8.7888,4610.7114,250802A_U2OS_gapdh_tnpo1_image11_ch2,-8
250802A,U2OS,gapdh,tnpo1,image11,ch2,84,8.8959,4616.1841,250802A_U2OS_gapdh_tnpo1_image11_ch2,-7
250802A,U2OS,gapdh,tnpo1,image11,ch2,85,9.0031,4600.3452,250802A_U2OS_gapdh_tnpo1_image11_ch2,-6
250802A,U2OS,gapdh,tnpo1,image11,ch2,86,9.1103,4605.186,250802A_U2OS_gapdh_tnpo1_image11_ch2,-5
250802A,U2OS,gapdh,tnpo1,image11,ch2,87,9.2175,4619.2437,250802A_U2OS_gapdh_tnpo1_image11_ch2,-4
250802A,U2OS,gapdh,tnpo1,image11,ch2,88,9.3247,4658.7041,250802A_U2OS_gapdh_tnpo1_image11_ch2,-3
250802A,U2OS,gapdh,tnpo1,image11,ch2,89,9.4318,4714.4336,250802A_U2OS_gapdh_tnpo1_image11_ch2,-2
250802A,U2OS,gapdh,tnpo1,image11,ch2,90,9.539,4782.4712,250802A_U2OS_gapdh_tnpo1_image11_ch2,-1
250802A,U2OS,gapdh,tnpo1,image11,ch2,91,9.6462,4828.894,250802A_U2OS_gapdh_tnpo1_image11_ch2,0
250802A,U2OS,gapdh,tnpo1,image11,ch2,92,9.7534,4861.8535,250802A_U2OS_gapdh_tnpo1_image11_ch2,1
250802A,U2OS,gapdh,tnpo1,image11,ch2,93,9.8606,4859.7773,250802A_U2OS_gapdh_tnpo1_image11_ch2,2
250802A,U2OS,gapdh,tnpo1,image11,ch2,94,9.9677,4880.8887,250802A_U2OS_gapdh_tnpo1_image11_ch2,3
250802A,U2OS,gapdh,tnpo1,image11,ch2,95,10.0749,4919.6216,250802A_U2OS_gapdh_tnpo1_image11_ch2,4
250802A,U2OS,gapdh,tnpo1,image11,ch2,96,10.1821,4965.8662,250802A_U2OS_gapdh_tnpo1_image11_ch2,5
250802A,U2OS,gapdh,tnpo1,image11,ch2,97,10.2893,4998.2949,250802A_U2OS_gapdh_tnpo1_image11_ch2,6
250802A,U2OS,gapdh,tnpo1,image11,ch2,98,10.3965,5026.8193,250802A_U2OS_gapdh_tnpo1_image11_ch2,7
250802A,U2OS,gapdh,tnpo1,image11,ch2,99,10.5036,5054.022,250802A_U2OS_gapdh_tnpo1_image11_ch2,8
250802A,U2OS,gapdh,tnpo1,image11,ch2,100,10.6108,5098.3457,250802A_U2OS_gapdh_tnpo1_image11_ch2,9
250802A,U2OS,gapdh,tnpo1,image11,ch2,101,10.718,5161.6812,250802A_U2OS_gapdh_tnpo1_image11_ch2,10
250802A,U2OS,gapdh,tnpo1,image11,ch2,102,10.8252,5226.8145,250802A_U2OS_gapdh_tnpo1_image11_ch2,11
250802A,U2OS,gapdh,tnpo1,image11,ch2,103,10.9324,5275.3657,250802A_U2OS_gapdh_tnpo1_image11_ch2,12
250802A,U2OS,gapdh,tnpo1,image11,ch2,104,11.0395,5287.1011,250802A_U2OS_gapdh_tnpo1_image11_ch2,13
250802A,U2OS,gapdh,tnpo1,image11,ch2,105,11.1467,5242.4048,250802A_U2OS_gapdh_tnpo1_image11_ch2,14
250802A,U2OS,gapdh,tnpo1,image11,ch2,106,11.2539,5170.6489,250802A_U2OS_gapdh_tnpo1_image11_ch2,15
250802A,U2OS,gapdh,tnpo1,image11,ch2,107,11.3611,5117.8276,250802A_U2OS_gapdh_tnpo1_image11_ch2,16
250802A,U2OS,gapdh,tnpo1,image11,ch2,108,11.4683,5089.4727,250802A_U2OS_gapdh_tnpo1_image11_ch2,17
250802A,U2OS,gapdh,tnpo1,image11,ch2,109,11.5754,5063.9507,250802A_U2OS_gapdh_tnpo1_image11_ch2,18
250802A,U2OS,gapdh,tnpo1,image11,ch2,110,11.6826,5037.0303,250802A_U2OS_gapdh_tnpo1_image11_ch2,19
250802A,U2OS,gapdh,tnpo1,image11,ch2,111,11.7898,5023.0962,250802A_U2OS_gapdh_tnpo1_image11_ch2,20
250802A,U2OS,gapdh,tnpo1,image11,ch2,112,11.897,4998.3413,250802A_U2OS_gapdh_tnpo1_image11_ch2,21
250802A,U2OS,gapdh,tnpo1,image11,ch2,113,12.0042,4997.4692,250802A_U2OS_gapdh_tnpo1_image11_ch2,22
250802A,U2OS,gapdh,tnpo1,image11,ch2,114,12.1113,5027.4365,250802A_U2OS_gapdh_tnpo1_image11_ch2,23
250802A,U2OS,gapdh,tnpo1,image11,ch2,115,12.2185,5056.7603,250802A_U2OS_gapdh_tnpo1_image11_ch2,24
250802A,U2OS,gapdh,tnpo1,image11,ch2,116,12.3257,5082.4692,250802A_U2OS_gapdh_tnpo1_image11_ch2,25
250802A,U2OS,gapdh,tnpo1,image11,ch2,117,12.4329,5083.1694,250802A_U2OS_gapdh_tnpo1_image11_ch2,26
250802A,U2OS,gapdh,tnpo1,image11,ch2,118,12.5401,5086.4946,250802A_U2OS_gapdh_tnpo1_image11_ch2,27
250802A,U2OS,gapdh,tnpo1,image11,ch2,119,12.6472,5069.2637,250802A_U2OS_gapdh_tnpo1_image11_ch2,28
250802A,U2OS,gapdh,tnpo1,image11,ch2,120,12.7544,5052.2935,250802A_U2OS_gapdh_tnpo1_image11_ch2,29
250802A,U2OS,gapdh,tnpo1,image11,ch2,121,12.8616,5038.4727,250802A_U2OS_gapdh_tnpo1_image11_ch2,30
250802A,U2OS,gapdh,tnpo1,image11,ch2,122,12.9688,5038.0322,250802A_U2OS_gapdh_tnpo1_image11_ch2,31
250802A,U2OS,gapdh,tnpo1,image11,ch2,123,13.076,5028.9009,250802A_U2OS_gapdh_tnpo1_image11_ch2,32
250802A,U2OS,gapdh,tnpo1,image11,ch2,124,13.1831,5035.6504,250802A_U2OS_gapdh_tnpo1_image11_ch2,33
250802A,U2OS,gapdh,tnpo1,image11,ch2,125,13.2903,5048.2422,250802A_U2OS_gapdh_tnpo1_image11_ch2,34
250802A,U2OS,gapdh,tnpo1,image11,ch2,126,13.3975,5073.1567,250802A_U2OS_gapdh_tnpo1_image11_ch2,35
250802A,U2OS,gapdh,tnpo1,image11,ch2,127,13.5047,5100.7031,250802A_U2OS_gapdh_tnpo1_image11_ch2,36
250802A,U2OS,gapdh,tnpo1,image11,ch2,128,13.6119,5106.4233,250802A_U2OS_gapdh_tnpo1_image11_ch2,37
250802A,U2OS,gapdh,tnpo1,image11,ch2,129,13.719,5103.4937,250802A_U2OS_gapdh_tnpo1_image11_ch2,38
250802A,U2OS,gapdh,tnpo1,image11,ch2,130,13.8262,5077.4126,250802A_U2OS_gapdh_tnpo1_image11_ch2,39
250802A,U2OS,gapdh,tnpo1,image11,ch2,131,13.9334,5040.7642,250802A_U2OS_gapdh_tnpo1_image11_ch2,40
250802A,U2OS,gapdh,tnpo1,image11,ch2,132,14.0406,5004.5854,250802A_U2OS_gapdh_tnpo1_image11_ch2,41
250802A,U2OS,gapdh,tnpo1,image11,ch2,133,14.1478,4978.4575,250802A_U2OS_gapdh_tnpo1_image11_ch2,42
250802A,U2OS,gapdh,tnpo1,image11,ch2,134,14.2549,4970.3325,250802A_U2OS_gapdh_tnpo1_image11_ch2,43
250802A,U2OS,gapdh,tnpo1,image11,ch2,135,14.3621,4962.4512,250802A_U2OS_gapdh_tnpo1_image11_ch2,44
250802A,U2OS,gapdh,tnpo1,image11,ch2,136,14.4693,4968.1572,250802A_U2OS_gapdh_tnpo1_image11_ch2,45
250802A,U2OS,gapdh,tnpo1,image11,ch2,137,14.5765,4993.0723,250802A_U2OS_gapdh_tnpo1_image11_ch2,46
250802A,U2OS,gapdh,tnpo1,image11,ch2,138,14.6837,5022.8892,250802A_U2OS_gapdh_tnpo1_image11_ch2,47
250802A,U2OS,gapdh,tnpo1,image11,ch2,139,14.7908,5051.5762,250802A_U2OS_gapdh_tnpo1_image11_ch2,48
250802A,U2OS,gapdh,tnpo1,image11,ch2,140,14.898,5059.2944,250802A_U2OS_gapdh_tnpo1_image11_ch2,49
250802A,U2OS,gapdh,tnpo1,image11,ch2,141,15.0052,5078.5898,250802A_U2OS_gapdh_tnpo1_image11_ch2,50
250802A,U2OS,gapdh,tnpo1,image11,ch2,142,15.1124,5100.96,250802A_U2OS_gapdh_tnpo1_image11_ch2,51
250802A,U2OS,gapdh,tnpo1,image11,ch2,143,15.2196,5118.2476,250802A_U2OS_gapdh_tnpo1_image11_ch2,52
250802A,U2OS,gapdh,tnpo1,image11,ch2,144,15.3267,5130.1099,250802A_U2OS_gapdh_tnpo1_image11_ch2,53
250802A,U2OS,gapdh,tnpo1,image11,ch2,145,15.4339,5117.916,250802A_U2OS_gapdh_tnpo1_image11_ch2,54
250802A,U2OS,gapdh,tnpo1,image11,ch2,146,15.5411,5086.8481,250802A_U2OS_gapdh_tnpo1_image11_ch2,55
250802A,U2OS,gapdh,tnpo1,image11,ch2,147,15.6483,5046.9106,250802A_U2OS_gapdh_tnpo1_image11_ch2,56
250802A,U2OS,gapdh,tnpo1,image11,ch2,148,15.7555,4999.3862,250802A_U2OS_gapdh_tnpo1_image11_ch2,57
250802A,U2OS,gapdh,tnpo1,image11,ch2,149,15.8626,4956.6162,250802A_U2OS_gapdh_tnpo1_image11_ch2,58
250802A,U2OS,gapdh,tnpo1,image11,ch2,150,15.9698,4915.8281,250802A_U2OS_gapdh_tnpo1_image11_ch2,59
250802A,U2OS,gapdh,tnpo1,image11,ch2,151,16.077,4879.4097,250802A_U2OS_gapdh_tnpo1_image11_ch2,60
250802A,U2OS,gapdh,tnpo1,image11,ch2,152,16.1842,4847.6548,250802A_U2OS_gapdh_tnpo1_image11_ch2,61
250802A,U2OS,gapdh,tnpo1,image11,ch2,153,16.2914,4825.416,250802A_U2OS_gapdh_tnpo1_image11_ch2,62
250802A,U2OS,gapdh,tnpo1,image11,ch2,154,16.3985,4798.2051,250802A_U2OS_gapdh_tnpo1_image11_ch2,63
250802A,U2OS,gapdh,tnpo1,image11,ch2,155,16.5057,4805.8086,250802A_U2OS_gapdh_tnpo1_image11_ch2,64
250802A,U2OS,gapdh,tnpo1,image11,ch2,156,16.6129,4840.3589,250802A_U2OS_gapdh_tnpo1_image11_ch2,65
250802A,U2OS,gapdh,tnpo1,image11,ch2,157,16.7201,4897.5918,250802A_U2OS_gapdh_tnpo1_image11_ch2,66
250802A,U2OS,gapdh,tnpo1,image11,ch2,158,16.8273,4937.2539,250802A_U2OS_gapdh_tnpo1_image11_ch2,67
250802A,U2OS,gapdh,tnpo1,image11,ch2,159,16.9344,4958.0903,250802A_U2OS_gapdh_tnpo1_image11_ch2,68
250802A,U2OS,gapdh,tnpo1,image11,ch2,160,17.0416,4928.4243,250802A_U2OS_gapdh_tnpo1_image11_ch2,69
250802A,U2OS,gapdh,tnpo1,image11,ch2,161,17.1488,4878.5684,250802A_U2OS_gapdh_tnpo1_image11_ch2,70
250802A,U2OS,gapdh,tnpo1,image11,ch2,162,17.256,4862.5312,250802A_U2OS_gapdh_tnpo1_image11_ch2,71
250802A,U2OS,gapdh,tnpo1,image11,ch2,163,17.3632,4880.5293,250802A_U2OS_gapdh_tnpo1_image11_ch2,72
250802A,U2OS,gapdh,tnpo1,image11,ch2,164,17.4703,4925.23,250802A_U2OS_gapdh_tnpo1_image11_ch2,73
250802A,U2OS,gapdh,tnpo1,image11,ch2,165,17.5775,4977.9092,250802A_U2OS_gapdh_tnpo1_image11_ch2,74
250802A,U2OS,gapdh,tnpo1,image11,ch2,166,17.6847,5048.353,250802A_U2OS_gapdh_tnpo1_image11_ch2,75
250802A,U2OS,gapdh,tnpo1,image11,ch2,167,17.7919,5148.2354,250802A_U2OS_gapdh_tnpo1_image11_ch2,76
250802A,U2OS,gapdh,tnpo1,image11,ch2,168,17.8991,5286.0552,250802A_U2OS_gapdh_tnpo1_image11_ch2,77
250802A,U2OS,gapdh,tnpo1,image11,ch2,169,18.0062,5413.0581,250802A_U2OS_gapdh_tnpo1_image11_ch2,78
250802A,U2OS,gapdh,tnpo1,image11,ch2,170,18.1134,5507.7837,250802A_U2OS_gapdh_tnpo1_image11_ch2,79
250802A,U2OS,gapdh,tnpo1,image11,ch2,171,18.2206,5529.2969,250802A_U2OS_gapdh_tnpo1_image11_ch2,80
250802A,U2OS,gapdh,tnpo1,image11,ch2,172,18.3278,5453.8623,250802A_U2OS_gapdh_tnpo1_image11_ch2,81
250802A,U2OS,gapdh,tnpo1,image11,ch2,173,18.435,5302.8584,250802A_U2OS_gapdh_tnpo1_image11_ch2,82
250802A,U2OS,gapdh,tnpo1,image11,ch2,174,18.5421,5139.1343,250802A_U2OS_gapdh_tnpo1_image11_ch2,83
250802A,U2OS,gapdh,tnpo1,image11,ch2,175,18.6493,4989.7051,250802A_U2OS_gapdh_tnpo1_image11_ch2,84
250802A,U2OS,gapdh,tnpo1,image11,ch2,176,18.7565,4868.6831,250802A_U2OS_gapdh_tnpo1_image11_ch2,85
250802A,U2OS,gapdh,tnpo1,image11,ch2,177,18.8637,4760.9854,250802A_U2OS_gapdh_tnpo1_image11_ch2,86
250802A,U2OS,gapdh,tnpo1,image11,ch2,178,18.9709,4684.5947,250802A_U2OS_gapdh_tnpo1_image11_ch2,87
250802A,U2OS,gapdh,tnpo1,image11,ch2,179,19.078,4613.3203,250802A_U2OS_gapdh_tnpo1_image11_ch2,88
250802A,U2OS,gapdh,tnpo1,image11,ch2,180,19.1852,4541.8813,250802A_U2OS_gapdh_tnpo1_image11_ch2,89
250802A,U2OS,gapdh,tnpo1,image11,ch2,181,19.2924,4488.9341,250802A_U2OS_gapdh_tnpo1_image11_ch2,90
250802B,U2OS,gapdh,tnpo1,rep3image02,ch1,1,0,3982.8333,250802B_U2OS_gapdh_tnpo1_rep3image02_ch1,-90
250802B,U2OS,gapdh,tnpo1,rep3image02,ch1,2,0.1072,3995.8752,250802B_U2OS_gapdh_tnpo1_rep3image02_ch1,-89
250802B,U2OS,gapdh,tnpo1,rep3image02,ch1,3,0.2144,4006.5005,250802B_U2OS_gapdh_tnpo1_rep3image02_ch1,-88
250802B,U2OS,gapdh,tnpo1,rep3image02,ch1,4,0.3215,3992.769,250802B_U2OS_gapdh_tnpo1_rep3image02_ch1,-87
250802B,U2OS,gapdh,tnpo1,rep3image02,ch1,5,0.4287,3917.583,250802B_U2OS_gapdh_tnpo1_rep3image02_ch1,-86
250802B,U2OS,gapdh,tnpo1,rep3image02,ch1,6,0.5359,3843.2139,250802B_U2OS_gapdh_tnpo1_rep3image02_ch1,-85
250802B,U2OS,gapdh,tnpo1,rep3image02,ch1,7,0.6431,3790.2173,250802B_U2OS_gapdh_tnpo1_rep3image02_ch1,-84
250802B,U2OS,gapdh,tnpo1,rep3image02,ch1,8,0.7503,3796.3835,250802B_U2OS_gapdh_tnpo1_rep3image02_ch1,-83
250802B,U2OS,gapdh,tnpo1,rep3image02,ch1,9,0.8574,3821.0327,250802B_U2OS_gapdh_tnpo1_rep3image02_ch1,-82
250802B,U2OS,gapdh,tnpo1,rep3image02,ch1,10,0.9646,3799.5664,250802B_U2OS_gapdh_tnpo1_rep3image02_ch1,-81
250802B,U2OS,gapdh,tnpo1,rep3image02,ch1,11,1.0718,3780.323,250802B_U2OS_gapdh_tnpo1_rep3image02_ch1,-80
250802B,U2OS,gapdh,tnpo1,rep3image02,ch1,12,1.179,3804.4302,250802B_U2OS_gapdh_tnpo1_rep3image02_ch1,-79
250802B,U2OS,gapdh,tnpo1,rep3image02,ch1,13,1.2862,3865.0708,250802B_U2OS_gapdh_tnpo1_rep3image02_ch1,-78
250802B,U2OS,gapdh,tnpo1,rep3image02,ch1,14,1.3933,3964.6868,250802B_U2OS_gapdh_tnpo1_rep3image02_ch1,-77
250802B,U2OS,gapdh,tnpo1,rep3image02,ch1,15,1.5005,4146.105,250802B_U2OS_gapdh_tnpo1_rep3image02_ch1,-76
250802B,U2OS,gapdh,tnpo1,rep3image02,ch1,16,1.6077,4314.1748,250802B_U2OS_gapdh_tnpo1_rep3image02_ch1,-75
250802B,U2OS,gapdh,tnpo1,rep3image02,ch1,17,1.7149,4336.6006,250802B_U2OS_gapdh_tnpo1_rep3image02_ch1,-74
250802B,U2OS,gapdh,tnpo1,rep3image02,ch1,18,1.8221,4231.0044,250802B_U2OS_gapdh_tnpo1_rep3image02_ch1,-73
250802B,U2OS,gapdh,tnpo1,rep3image02,ch1,19,1.9292,4138.1914,250802B_U2OS_gapdh_tnpo1_rep3image02_ch1,-72
250802B,U2OS,gapdh,tnpo1,rep3image02,ch1,20,2.0364,4072.3447,250802B_U2OS_gapdh_tnpo1_rep3image02_ch1,-71
250802B,U2OS,gapdh,tnpo1,rep3image02,ch1,21,2.1436,3986.4487,250802B_U2OS_gapdh_tnpo1_rep3image02_ch1,-70
250802B,U2OS,gapdh,tnpo1,rep3image02,ch1,22,2.2508,3898.145,250802B_U2OS_gapdh_tnpo1_rep3image02_ch1,-69
250802B,U2OS,gapdh,tnpo1,rep3image02,ch1,23,2.358,3840.7578,250802B_U2OS_gapdh_tnpo1_rep3image02_ch1,-68
250802B,U2OS,gapdh,tnpo1,rep3image02,ch1,24,2.4651,3800.0659,250802B_U2OS_gapdh_tnpo1_rep3image02_ch1,-67
250802B,U2OS,gapdh,tnpo1,rep3image02,ch1,25,2.5723,3758.7979,250802B_U2OS_gapdh_tnpo1_rep3image02_ch1,-66
250802B,U2OS,gapdh,tnpo1,rep3image02,ch1,26,2.6795,3755.1794,250802B_U2OS_gapdh_tnpo1_rep3image02_ch1,-65
250802B,U2OS,gapdh,tnpo1,rep3image02,ch1,27,2.7867,3767.2378,250802B_U2OS_gapdh_tnpo1_rep3image02_ch1,-64
250802B,U2OS,gapdh,tnpo1,rep3image02,ch1,28,2.8939,3805.78,250802B_U2OS_gapdh_tnpo1_rep3image02_ch1,-63
250802B,U2OS,gapdh,tnpo1,rep3image02,ch1,29,3.001,3842.7561,250802B_U2OS_gapdh_tnpo1_rep3image02_ch1,-62
250802B,U2OS,gapdh,tnpo1,rep3image02,ch1,30,3.1082,3905.0654,250802B_U2OS_gapdh_tnpo1_rep3image02_ch1,-61
250802B,U2OS,gapdh,tnpo1,rep3image02,ch1,31,3.2154,3963.5354,250802B_U2OS_gapdh_tnpo1_rep3image02_ch1,-60
250802B,U2OS,gapdh,tnpo1,rep3image02,ch1,32,3.3226,4003.7471,250802B_U2OS_gapdh_tnpo1_rep3image02_ch1,-59
250802B,U2OS,gapdh,tnpo1,rep3image02,ch1,33,3.4298,4046.1528,250802B_U2OS_gapdh_tnpo1_rep3image02_ch1,-58
250802B,U2OS,gapdh,tnpo1,rep3image02,ch1,34,3.5369,4113.3916,250802B_U2OS_gapdh_tnpo1_rep3image02_ch1,-57
250802B,U2OS,gapdh,tnpo1,rep3image02,ch1,35,3.6441,4140.2705,250802B_U2OS_gapdh_tnpo1_rep3image02_ch1,-56
250802B,U2OS,gapdh,tnpo1,rep3image02,ch1,36,3.7513,4136.4502,250802B_U2OS_gapdh_tnpo1_rep3image02_ch1,-55
250802B,U2OS,gapdh,tnpo1,rep3image02,ch1,37,3.8585,4109.9351,250802B_U2OS_gapdh_tnpo1_rep3image02_ch1,-54
250802B,U2OS,gapdh,tnpo1,rep3image02,ch1,38,3.9657,4080.6079,250802B_U2OS_gapdh_tnpo1_rep3image02_ch1,-53
250802B,U2OS,gapdh,tnpo1,rep3image02,ch1,39,4.0728,4095.313,250802B_U2OS_gapdh_tnpo1_rep3image02_ch1,-52
250802B,U2OS,gapdh,tnpo1,rep3image02,ch1,40,4.18,4172.4492,250802B_U2OS_gapdh_tnpo1_rep3image02_ch1,-51
250802B,U2OS,gapdh,tnpo1,rep3image02,ch1,41,4.2872,4256.0605,250802B_U2OS_gapdh_tnpo1_rep3image02_ch1,-50
250802B,U2OS,gapdh,tnpo1,rep3image02,ch1,42,4.3944,4291.5044,250802B_U2OS_gapdh_tnpo1_rep3image02_ch1,-49
250802B,U2OS,gapdh,tnpo1,rep3image02,ch1,43,4.5016,4198.5186,250802B_U2OS_gapdh_tnpo1_rep3image02_ch1,-48
250802B,U2OS,gapdh,tnpo1,rep3image02,ch1,44,4.6087,4077.2207,250802B_U2OS_gapdh_tnpo1_rep3image02_ch1,-47
250802B,U2OS,gapdh,tnpo1,rep3image02,ch1,45,4.7159,4019.0083,250802B_U2OS_gapdh_tnpo1_rep3image02_ch1,-46
250802B,U2OS,gapdh,tnpo1,rep3image02,ch1,46,4.8231,3971.8157,250802B_U2OS_gapdh_tnpo1_rep3image02_ch1,-45
250802B,U2OS,gapdh,tnpo1,rep3image02,ch1,47,4.9303,3965.1621,250802B_U2OS_gapdh_tnpo1_rep3image02_ch1,-44
250802B,U2OS,gapdh,tnpo1,rep3image02,ch1,48,5.0375,3983.3989,250802B_U2OS_gapdh_tnpo1_rep3image02_ch1,-43
250802B,U2OS,gapdh,tnpo1,rep3image02,ch1,49,5.1446,4015.7087,250802B_U2OS_gapdh_tnpo1_rep3image02_ch1,-42
250802B,U2OS,gapdh,tnpo1,rep3image02,ch1,50,5.2518,4075.196,250802B_U2OS_gapdh_tnpo1_rep3image02_ch1,-41
250802B,U2OS,gapdh,tnpo1,rep3image02,ch1,51,5.359,4097.9473,250802B_U2OS_gapdh_tnpo1_rep3image02_ch1,-40
250802B,U2OS,gapdh,tnpo1,rep3image02,ch1,52,5.4662,4082.1577,250802B_U2OS_gapdh_tnpo1_rep3image02_ch1,-39
250802B,U2OS,gapdh,tnpo1,rep3image02,ch1,53,5.5734,4080.4207,250802B_U2OS_gapdh_tnpo1_rep3image02_ch1,-38
250802B,U2OS,gapdh,tnpo1,rep3image02,ch1,54,5.6805,4092.9192,250802B_U2OS_gapdh_tnpo1_rep3image02_ch1,-37
250802B,U2OS,gapdh,tnpo1,rep3image02,ch1,55,5.7877,4072.5718,250802B_U2OS_gapdh_tnpo1_rep3image02_ch1,-36
250802B,U2OS,gapdh,tnpo1,rep3image02,ch1,56,5.8949,4031.5774,250802B_U2OS_gapdh_tnpo1_rep3image02_ch1,-35
250802B,U2OS,gapdh,tnpo1,rep3image02,ch1,57,6.0021,4005.8557,250802B_U2OS_gapdh_tnpo1_rep3image02_ch1,-34
250802B,U2OS,gapdh,tnpo1,rep3image02,ch1,58,6.1093,4030.5166,250802B_U2OS_gapdh_tnpo1_rep3image02_ch1,-33
250802B,U2OS,gapdh,tnpo1,rep3image02,ch1,59,6.2164,4093.1184,250802B_U2OS_gapdh_tnpo1_rep3image02_ch1,-32
250802B,U2OS,gapdh,tnpo1,rep3image02,ch1,60,6.3236,4123.3057,250802B_U2OS_gapdh_tnpo1_rep3image02_ch1,-31
250802B,U2OS,gapdh,tnpo1,rep3image02,ch1,61,6.4308,4100.7007,250802B_U2OS_gapdh_tnpo1_rep3image02_ch1,-30
250802B,U2OS,gapdh,tnpo1,rep3image02,ch1,62,6.538,4089.4673,250802B_U2OS_gapdh_tnpo1_rep3image02_ch1,-29
250802B,U2OS,gapdh,tnpo1,rep3image02,ch1,63,6.6452,4084.6155,250802B_U2OS_gapdh_tnpo1_rep3image02_ch1,-28
250802B,U2OS,gapdh,tnpo1,rep3image02,ch1,64,6.7523,4083.1335,250802B_U2OS_gapdh_tnpo1_rep3image02_ch1,-27
250802B,U2OS,gapdh,tnpo1,rep3image02,ch1,65,6.8595,4087.3235,250802B_U2OS_gapdh_tnpo1_rep3image02_ch1,-26
250802B,U2OS,gapdh,tnpo1,rep3image02,ch1,66,6.9667,4098.5308000000005,250802B_U2OS_gapdh_tnpo1_rep3image02_ch1,-25
250802B,U2OS,gapdh,tnpo1,rep3image02,ch1,67,7.0739,4104.9321,250802B_U2OS_gapdh_tnpo1_rep3image02_ch1,-24
250802B,U2OS,gapdh,tnpo1,rep3image02,ch1,68,7.1811,4112.3911,250802B_U2OS_gapdh_tnpo1_rep3image02_ch1,-23
250802B,U2OS,gapdh,tnpo1,rep3image02,ch1,69,7.2882,4158.8325,250802B_U2OS_gapdh_tnpo1_rep3image02_ch1,-22
250802B,U2OS,gapdh,tnpo1,rep3image02,ch1,70,7.3954,4234.4717,250802B_U2OS_gapdh_tnpo1_rep3image02_ch1,-21
250802B,U2OS,gapdh,tnpo1,rep3image02,ch1,71,7.5026,4359.9302,250802B_U2OS_gapdh_tnpo1_rep3image02_ch1,-20
250802B,U2OS,gapdh,tnpo1,rep3image02,ch1,72,7.6098,4533.0708,250802B_U2OS_gapdh_tnpo1_rep3image02_ch1,-19
250802B,U2OS,gapdh,tnpo1,rep3image02,ch1,73,7.717,4708.1084,250802B_U2OS_gapdh_tnpo1_rep3image02_ch1,-18
250802B,U2OS,gapdh,tnpo1,rep3image02,ch1,74,7.8241,4738.0044,250802B_U2OS_gapdh_tnpo1_rep3image02_ch1,-17
250802B,U2OS,gapdh,tnpo1,rep3image02,ch1,75,7.9313,4689.645,250802B_U2OS_gapdh_tnpo1_rep3image02_ch1,-16
250802B,U2OS,gapdh,tnpo1,rep3image02,ch1,76,8.0385,4720.6284,250802B_U2OS_gapdh_tnpo1_rep3image02_ch1,-15
250802B,U2OS,gapdh,tnpo1,rep3image02,ch1,77,8.1457,4848.2275,250802B_U2OS_gapdh_tnpo1_rep3image02_ch1,-14
250802B,U2OS,gapdh,tnpo1,rep3image02,ch1,78,8.2529,4969.019,250802B_U2OS_gapdh_tnpo1_rep3image02_ch1,-13
250802B,U2OS,gapdh,tnpo1,rep3image02,ch1,79,8.36,5111.8799,250802B_U2OS_gapdh_tnpo1_rep3image02_ch1,-12
250802B,U2OS,gapdh,tnpo1,rep3image02,ch1,80,8.4672,5234.3228,250802B_U2OS_gapdh_tnpo1_rep3image02_ch1,-11
250802B,U2OS,gapdh,tnpo1,rep3image02,ch1,81,8.5744,5262.8179,250802B_U2OS_gapdh_tnpo1_rep3image02_ch1,-10
250802B,U2OS,gapdh,tnpo1,rep3image02,ch1,82,8.6816,5271.689,250802B_U2OS_gapdh_tnpo1_rep3image02_ch1,-9
250802B,U2OS,gapdh,tnpo1,rep3image02,ch1,83,8.7888,5357.9082,250802B_U2OS_gapdh_tnpo1_rep3image02_ch1,-8
250802B,U2OS,gapdh,tnpo1,rep3image02,ch1,84,8.8959,5484.752,250802B_U2OS_gapdh_tnpo1_rep3image02_ch1,-7
250802B,U2OS,gapdh,tnpo1,rep3image02,ch1,85,9.0031,5574.7539,250802B_U2OS_gapdh_tnpo1_rep3image02_ch1,-6
250802B,U2OS,gapdh,tnpo1,rep3image02,ch1,86,9.1103,5616.0801,250802B_U2OS_gapdh_tnpo1_rep3image02_ch1,-5
250802B,U2OS,gapdh,tnpo1,rep3image02,ch1,87,9.2175,5663.3882,250802B_U2OS_gapdh_tnpo1_rep3image02_ch1,-4
250802B,U2OS,gapdh,tnpo1,rep3image02,ch1,88,9.3247,5744.9312,250802B_U2OS_gapdh_tnpo1_rep3image02_ch1,-3
250802B,U2OS,gapdh,tnpo1,rep3image02,ch1,89,9.4318,5900.0801,250802B_U2OS_gapdh_tnpo1_rep3image02_ch1,-2
250802B,U2OS,gapdh,tnpo1,rep3image02,ch1,90,9.539,6109.3027,250802B_U2OS_gapdh_tnpo1_rep3image02_ch1,-1
250802B,U2OS,gapdh,tnpo1,rep3image02,ch1,91,9.6462,6293.207,250802B_U2OS_gapdh_tnpo1_rep3image02_ch1,0
250802B,U2OS,gapdh,tnpo1,rep3image02,ch1,92,9.7534,6428.0972,250802B_U2OS_gapdh_tnpo1_rep3image02_ch1,1
250802B,U2OS,gapdh,tnpo1,rep3image02,ch1,93,9.8606,6506.7031,250802B_U2OS_gapdh_tnpo1_rep3image02_ch1,2
250802B,U2OS,gapdh,tnpo1,rep3image02,ch1,94,9.9677,6492.8145,250802B_U2OS_gapdh_tnpo1_rep3image02_ch1,3
250802B,U2OS,gapdh,tnpo1,rep3image02,ch1,95,10.0749,6449.1201,250802B_U2OS_gapdh_tnpo1_rep3image02_ch1,4
250802B,U2OS,gapdh,tnpo1,rep3image02,ch1,96,10.1821,6392.313,250802B_U2OS_gapdh_tnpo1_rep3image02_ch1,5
250802B,U2OS,gapdh,tnpo1,rep3image02,ch1,97,10.2893,6375.4043,250802B_U2OS_gapdh_tnpo1_rep3image02_ch1,6
250802B,U2OS,gapdh,tnpo1,rep3image02,ch1,98,10.3965,6506.1357,250802B_U2OS_gapdh_tnpo1_rep3image02_ch1,7
250802B,U2OS,gapdh,tnpo1,rep3image02,ch1,99,10.5036,6661.2295,250802B_U2OS_gapdh_tnpo1_rep3image02_ch1,8
250802B,U2OS,gapdh,tnpo1,rep3image02,ch1,100,10.6108,6666.4204,250802B_U2OS_gapdh_tnpo1_rep3image02_ch1,9
250802B,U2OS,gapdh,tnpo1,rep3image02,ch1,101,10.718,6491.1006,250802B_U2OS_gapdh_tnpo1_rep3image02_ch1,10
250802B,U2OS,gapdh,tnpo1,rep3image02,ch1,102,10.8252,6345.9238,250802B_U2OS_gapdh_tnpo1_rep3image02_ch1,11
250802B,U2OS,gapdh,tnpo1,rep3image02,ch1,103,10.9324,6335.3208,250802B_U2OS_gapdh_tnpo1_rep3image02_ch1,12
250802B,U2OS,gapdh,tnpo1,rep3image02,ch1,104,11.0395,6522.4263,250802B_U2OS_gapdh_tnpo1_rep3image02_ch1,13
250802B,U2OS,gapdh,tnpo1,rep3image02,ch1,105,11.1467,6805.6777,250802B_U2OS_gapdh_tnpo1_rep3image02_ch1,14
250802B,U2OS,gapdh,tnpo1,rep3image02,ch1,106,11.2539,6932.4624,250802B_U2OS_gapdh_tnpo1_rep3image02_ch1,15
250802B,U2OS,gapdh,tnpo1,rep3image02,ch1,107,11.3611,6866.5195,250802B_U2OS_gapdh_tnpo1_rep3image02_ch1,16
250802B,U2OS,gapdh,tnpo1,rep3image02,ch1,108,11.4683,6860.5283,250802B_U2OS_gapdh_tnpo1_rep3image02_ch1,17
250802B,U2OS,gapdh,tnpo1,rep3image02,ch1,109,11.5754,6899.7661,250802B_U2OS_gapdh_tnpo1_rep3image02_ch1,18
250802B,U2OS,gapdh,tnpo1,rep3image02,ch1,110,11.6826,6828.5767,250802B_U2OS_gapdh_tnpo1_rep3image02_ch1,19
250802B,U2OS,gapdh,tnpo1,rep3image02,ch1,111,11.7898,6716.3628,250802B_U2OS_gapdh_tnpo1_rep3image02_ch1,20
250802B,U2OS,gapdh,tnpo1,rep3image02,ch1,112,11.897,6636.3462,250802B_U2OS_gapdh_tnpo1_rep3image02_ch1,21
250802B,U2OS,gapdh,tnpo1,rep3image02,ch1,113,12.0042,6606.2188,250802B_U2OS_gapdh_tnpo1_rep3image02_ch1,22
250802B,U2OS,gapdh,tnpo1,rep3image02,ch1,114,12.1113,6568.8496,250802B_U2OS_gapdh_tnpo1_rep3image02_ch1,23
250802B,U2OS,gapdh,tnpo1,rep3image02,ch1,115,12.2185,6422.3599,250802B_U2OS_gapdh_tnpo1_rep3image02_ch1,24
250802B,U2OS,gapdh,tnpo1,rep3image02,ch1,116,12.3257,6232.6333,250802B_U2OS_gapdh_tnpo1_rep3image02_ch1,25
250802B,U2OS,gapdh,tnpo1,rep3image02,ch1,117,12.4329,6120.8794,250802B_U2OS_gapdh_tnpo1_rep3image02_ch1,26
250802B,U2OS,gapdh,tnpo1,rep3image02,ch1,118,12.5401,6103.1733,250802B_U2OS_gapdh_tnpo1_rep3image02_ch1,27
250802B,U2OS,gapdh,tnpo1,rep3image02,ch1,119,12.6472,6184.4082,250802B_U2OS_gapdh_tnpo1_rep3image02_ch1,28
250802B,U2OS,gapdh,tnpo1,rep3image02,ch1,120,12.7544,6255.6523,250802B_U2OS_gapdh_tnpo1_rep3image02_ch1,29
250802B,U2OS,gapdh,tnpo1,rep3image02,ch1,121,12.8616,6297.6929,250802B_U2OS_gapdh_tnpo1_rep3image02_ch1,30
250802B,U2OS,gapdh,tnpo1,rep3image02,ch1,122,12.9688,6306.4927,250802B_U2OS_gapdh_tnpo1_rep3image02_ch1,31
250802B,U2OS,gapdh,tnpo1,rep3image02,ch1,123,13.076,6295.8047,250802B_U2OS_gapdh_tnpo1_rep3image02_ch1,32
250802B,U2OS,gapdh,tnpo1,rep3image02,ch1,124,13.1831,6308.3784,250802B_U2OS_gapdh_tnpo1_rep3image02_ch1,33
250802B,U2OS,gapdh,tnpo1,rep3image02,ch1,125,13.2903,6413.9448,250802B_U2OS_gapdh_tnpo1_rep3image02_ch1,34
250802B,U2OS,gapdh,tnpo1,rep3image02,ch1,126,13.3975,6643.8682,250802B_U2OS_gapdh_tnpo1_rep3image02_ch1,35
250802B,U2OS,gapdh,tnpo1,rep3image02,ch1,127,13.5047,6995.8784,250802B_U2OS_gapdh_tnpo1_rep3image02_ch1,36
250802B,U2OS,gapdh,tnpo1,rep3image02,ch1,128,13.6119,7383.9287,250802B_U2OS_gapdh_tnpo1_rep3image02_ch1,37
250802B,U2OS,gapdh,tnpo1,rep3image02,ch1,129,13.719,7646.0215,250802B_U2OS_gapdh_tnpo1_rep3image02_ch1,38
250802B,U2OS,gapdh,tnpo1,rep3image02,ch1,130,13.8262,7651.1631,250802B_U2OS_gapdh_tnpo1_rep3image02_ch1,39
250802B,U2OS,gapdh,tnpo1,rep3image02,ch1,131,13.9334,7448.188,250802B_U2OS_gapdh_tnpo1_rep3image02_ch1,40
250802B,U2OS,gapdh,tnpo1,rep3image02,ch1,132,14.0406,7197.3511,250802B_U2OS_gapdh_tnpo1_rep3image02_ch1,41
250802B,U2OS,gapdh,tnpo1,rep3image02,ch1,133,14.1478,6935.8799,250802B_U2OS_gapdh_tnpo1_rep3image02_ch1,42
250802B,U2OS,gapdh,tnpo1,rep3image02,ch1,134,14.2549,6779.25,250802B_U2OS_gapdh_tnpo1_rep3image02_ch1,43
250802B,U2OS,gapdh,tnpo1,rep3image02,ch1,135,14.3621,6762.5371,250802B_U2OS_gapdh_tnpo1_rep3image02_ch1,44
250802B,U2OS,gapdh,tnpo1,rep3image02,ch1,136,14.4693,6829.6768,250802B_U2OS_gapdh_tnpo1_rep3image02_ch1,45
250802B,U2OS,gapdh,tnpo1,rep3image02,ch1,137,14.5765,6832.3496,250802B_U2OS_gapdh_tnpo1_rep3image02_ch1,46
250802B,U2OS,gapdh,tnpo1,rep3image02,ch1,138,14.6837,6701.4902,250802B_U2OS_gapdh_tnpo1_rep3image02_ch1,47
250802B,U2OS,gapdh,tnpo1,rep3image02,ch1,139,14.7908,6632.5942,250802B_U2OS_gapdh_tnpo1_rep3image02_ch1,48
250802B,U2OS,gapdh,tnpo1,rep3image02,ch1,140,14.898,6677.6938,250802B_U2OS_gapdh_tnpo1_rep3image02_ch1,49
250802B,U2OS,gapdh,tnpo1,rep3image02,ch1,141,15.0052,6653.4985,250802B_U2OS_gapdh_tnpo1_rep3image02_ch1,50
250802B,U2OS,gapdh,tnpo1,rep3image02,ch1,142,15.1124,6624.9526,250802B_U2OS_gapdh_tnpo1_rep3image02_ch1,51
250802B,U2OS,gapdh,tnpo1,rep3image02,ch1,143,15.2196,6632.957,250802B_U2OS_gapdh_tnpo1_rep3image02_ch1,52
250802B,U2OS,gapdh,tnpo1,rep3image02,ch1,144,15.3267,6608.2705,250802B_U2OS_gapdh_tnpo1_rep3image02_ch1,53
250802B,U2OS,gapdh,tnpo1,rep3image02,ch1,145,15.4339,6345.7583,250802B_U2OS_gapdh_tnpo1_rep3image02_ch1,54
250802B,U2OS,gapdh,tnpo1,rep3image02,ch1,146,15.5411,5958.2793,250802B_U2OS_gapdh_tnpo1_rep3image02_ch1,55
250802B,U2OS,gapdh,tnpo1,rep3image02,ch1,147,15.6483,5681.645,250802B_U2OS_gapdh_tnpo1_rep3image02_ch1,56
250802B,U2OS,gapdh,tnpo1,rep3image02,ch1,148,15.7555,5663.0679,250802B_U2OS_gapdh_tnpo1_rep3image02_ch1,57
250802B,U2OS,gapdh,tnpo1,rep3image02,ch1,149,15.8626,5718.0381,250802B_U2OS_gapdh_tnpo1_rep3image02_ch1,58
250802B,U2OS,gapdh,tnpo1,rep3image02,ch1,150,15.9698,5655.166,250802B_U2OS_gapdh_tnpo1_rep3image02_ch1,59
250802B,U2OS,gapdh,tnpo1,rep3image02,ch1,151,16.077,5508.311,250802B_U2OS_gapdh_tnpo1_rep3image02_ch1,60
250802B,U2OS,gapdh,tnpo1,rep3image02,ch1,152,16.1842,5416.8184,250802B_U2OS_gapdh_tnpo1_rep3image02_ch1,61
250802B,U2OS,gapdh,tnpo1,rep3image02,ch1,153,16.2914,5441.873,250802B_U2OS_gapdh_tnpo1_rep3image02_ch1,62
250802B,U2OS,gapdh,tnpo1,rep3image02,ch1,154,16.3985,5480.0405,250802B_U2OS_gapdh_tnpo1_rep3image02_ch1,63
250802B,U2OS,gapdh,tnpo1,rep3image02,ch1,155,16.5057,5506.3872,250802B_U2OS_gapdh_tnpo1_rep3image02_ch1,64
250802B,U2OS,gapdh,tnpo1,rep3image02,ch1,156,16.6129,5474.6611,250802B_U2OS_gapdh_tnpo1_rep3image02_ch1,65
250802B,U2OS,gapdh,tnpo1,rep3image02,ch1,157,16.7201,5435.3062,250802B_U2OS_gapdh_tnpo1_rep3image02_ch1,66
250802B,U2OS,gapdh,tnpo1,rep3image02,ch1,158,16.8273,5458.2339,250802B_U2OS_gapdh_tnpo1_rep3image02_ch1,67
250802B,U2OS,gapdh,tnpo1,rep3image02,ch1,159,16.9344,5590.7407,250802B_U2OS_gapdh_tnpo1_rep3image02_ch1,68
250802B,U2OS,gapdh,tnpo1,rep3image02,ch1,160,17.0416,5717.0117,250802B_U2OS_gapdh_tnpo1_rep3image02_ch1,69
250802B,U2OS,gapdh,tnpo1,rep3image02,ch1,161,17.1488,5822.1221,250802B_U2OS_gapdh_tnpo1_rep3image02_ch1,70
250802B,U2OS,gapdh,tnpo1,rep3image02,ch1,162,17.256,5884.9253,250802B_U2OS_gapdh_tnpo1_rep3image02_ch1,71
250802B,U2OS,gapdh,tnpo1,rep3image02,ch1,163,17.3632,5754.0508,250802B_U2OS_gapdh_tnpo1_rep3image02_ch1,72
250802B,U2OS,gapdh,tnpo1,rep3image02,ch1,164,17.4703,5545.001,250802B_U2OS_gapdh_tnpo1_rep3image02_ch1,73
250802B,U2OS,gapdh,tnpo1,rep3image02,ch1,165,17.5775,5388.7998,250802B_U2OS_gapdh_tnpo1_rep3image02_ch1,74
250802B,U2OS,gapdh,tnpo1,rep3image02,ch1,166,17.6847,5352.8521,250802B_U2OS_gapdh_tnpo1_rep3image02_ch1,75
250802B,U2OS,gapdh,tnpo1,rep3image02,ch1,167,17.7919,5328.2578,250802B_U2OS_gapdh_tnpo1_rep3image02_ch1,76
250802B,U2OS,gapdh,tnpo1,rep3image02,ch1,168,17.8991,5323.8672,250802B_U2OS_gapdh_tnpo1_rep3image02_ch1,77
250802B,U2OS,gapdh,tnpo1,rep3image02,ch1,169,18.0062,5428.1353,250802B_U2OS_gapdh_tnpo1_rep3image02_ch1,78
250802B,U2OS,gapdh,tnpo1,rep3image02,ch1,170,18.1134,5511.269,250802B_U2OS_gapdh_tnpo1_rep3image02_ch1,79
250802B,U2OS,gapdh,tnpo1,rep3image02,ch1,171,18.2206,5450.6733,250802B_U2OS_gapdh_tnpo1_rep3image02_ch1,80
250802B,U2OS,gapdh,tnpo1,rep3image02,ch1,172,18.3278,5274.1934,250802B_U2OS_gapdh_tnpo1_rep3image02_ch1,81
250802B,U2OS,gapdh,tnpo1,rep3image02,ch1,173,18.435,5132.1396,250802B_U2OS_gapdh_tnpo1_rep3image02_ch1,82
250802B,U2OS,gapdh,tnpo1,rep3image02,ch1,174,18.5421,5026.7822,250802B_U2OS_gapdh_tnpo1_rep3image02_ch1,83
250802B,U2OS,gapdh,tnpo1,rep3image02,ch1,175,18.6493,4961.6768,250802B_U2OS_gapdh_tnpo1_rep3image02_ch1,84
250802B,U2OS,gapdh,tnpo1,rep3image02,ch1,176,18.7565,4970.6606,250802B_U2OS_gapdh_tnpo1_rep3image02_ch1,85
250802B,U2OS,gapdh,tnpo1,rep3image02,ch1,177,18.8637,5062.7285,250802B_U2OS_gapdh_tnpo1_rep3image02_ch1,86
250802B,U2OS,gapdh,tnpo1,rep3image02,ch1,178,18.9709,5142.873,250802B_U2OS_gapdh_tnpo1_rep3image02_ch1,87
250802B,U2OS,gapdh,tnpo1,rep3image02,ch1,179,19.078,5130.6538,250802B_U2OS_gapdh_tnpo1_rep3image02_ch1,88
250802B,U2OS,gapdh,tnpo1,rep3image02,ch1,180,19.1852,5108.2344,250802B_U2OS_gapdh_tnpo1_rep3image02_ch1,89
250802B,U2OS,gapdh,tnpo1,rep3image02,ch1,181,19.2924,5122.749,250802B_U2OS_gapdh_tnpo1_rep3image02_ch1,90
250802B,U2OS,gapdh,tnpo1,rep3image02,ch2,1,0,2501.9197,250802B_U2OS_gapdh_tnpo1_rep3image02_ch2,-90
250802B,U2OS,gapdh,tnpo1,rep3image02,ch2,2,0.1072,2486.5974,250802B_U2OS_gapdh_tnpo1_rep3image02_ch2,-89
250802B,U2OS,gapdh,tnpo1,rep3image02,ch2,3,0.2144,2464.1494,250802B_U2OS_gapdh_tnpo1_rep3image02_ch2,-88
250802B,U2OS,gapdh,tnpo1,rep3image02,ch2,4,0.3215,2445.1606,250802B_U2OS_gapdh_tnpo1_rep3image02_ch2,-87
250802B,U2OS,gapdh,tnpo1,rep3image02,ch2,5,0.4287,2434.5403,250802B_U2OS_gapdh_tnpo1_rep3image02_ch2,-86
250802B,U2OS,gapdh,tnpo1,rep3image02,ch2,6,0.5359,2422.9856,250802B_U2OS_gapdh_tnpo1_rep3image02_ch2,-85
250802B,U2OS,gapdh,tnpo1,rep3image02,ch2,7,0.6431,2405.0471,250802B_U2OS_gapdh_tnpo1_rep3image02_ch2,-84
250802B,U2OS,gapdh,tnpo1,rep3image02,ch2,8,0.7503,2387.9402,250802B_U2OS_gapdh_tnpo1_rep3image02_ch2,-83
250802B,U2OS,gapdh,tnpo1,rep3image02,ch2,9,0.8574,2382.2666,250802B_U2OS_gapdh_tnpo1_rep3image02_ch2,-82
250802B,U2OS,gapdh,tnpo1,rep3image02,ch2,10,0.9646,2377.4175,250802B_U2OS_gapdh_tnpo1_rep3image02_ch2,-81
250802B,U2OS,gapdh,tnpo1,rep3image02,ch2,11,1.0718,2366.7263,250802B_U2OS_gapdh_tnpo1_rep3image02_ch2,-80
250802B,U2OS,gapdh,tnpo1,rep3image02,ch2,12,1.179,2366.3059,250802B_U2OS_gapdh_tnpo1_rep3image02_ch2,-79
250802B,U2OS,gapdh,tnpo1,rep3image02,ch2,13,1.2862,2383.4541,250802B_U2OS_gapdh_tnpo1_rep3image02_ch2,-78
250802B,U2OS,gapdh,tnpo1,rep3image02,ch2,14,1.3933,2390.6379,250802B_U2OS_gapdh_tnpo1_rep3image02_ch2,-77
250802B,U2OS,gapdh,tnpo1,rep3image02,ch2,15,1.5005,2392.2537,250802B_U2OS_gapdh_tnpo1_rep3image02_ch2,-76
250802B,U2OS,gapdh,tnpo1,rep3image02,ch2,16,1.6077,2380.0706,250802B_U2OS_gapdh_tnpo1_rep3image02_ch2,-75
250802B,U2OS,gapdh,tnpo1,rep3image02,ch2,17,1.7149,2373.1187,250802B_U2OS_gapdh_tnpo1_rep3image02_ch2,-74
250802B,U2OS,gapdh,tnpo1,rep3image02,ch2,18,1.8221,2379.5649,250802B_U2OS_gapdh_tnpo1_rep3image02_ch2,-73
250802B,U2OS,gapdh,tnpo1,rep3image02,ch2,19,1.9292,2379.6423,250802B_U2OS_gapdh_tnpo1_rep3image02_ch2,-72
250802B,U2OS,gapdh,tnpo1,rep3image02,ch2,20,2.0364,2381.4797,250802B_U2OS_gapdh_tnpo1_rep3image02_ch2,-71
250802B,U2OS,gapdh,tnpo1,rep3image02,ch2,21,2.1436,2382.0991,250802B_U2OS_gapdh_tnpo1_rep3image02_ch2,-70
250802B,U2OS,gapdh,tnpo1,rep3image02,ch2,22,2.2508,2380.3977,250802B_U2OS_gapdh_tnpo1_rep3image02_ch2,-69
250802B,U2OS,gapdh,tnpo1,rep3image02,ch2,23,2.358,2389.4468,250802B_U2OS_gapdh_tnpo1_rep3image02_ch2,-68
250802B,U2OS,gapdh,tnpo1,rep3image02,ch2,24,2.4651,2428.8293,250802B_U2OS_gapdh_tnpo1_rep3image02_ch2,-67
250802B,U2OS,gapdh,tnpo1,rep3image02,ch2,25,2.5723,2485.3538,250802B_U2OS_gapdh_tnpo1_rep3image02_ch2,-66
250802B,U2OS,gapdh,tnpo1,rep3image02,ch2,26,2.6795,2517.3171,250802B_U2OS_gapdh_tnpo1_rep3image02_ch2,-65
250802B,U2OS,gapdh,tnpo1,rep3image02,ch2,27,2.7867,2499.3618,250802B_U2OS_gapdh_tnpo1_rep3image02_ch2,-64
250802B,U2OS,gapdh,tnpo1,rep3image02,ch2,28,2.8939,2464.3784,250802B_U2OS_gapdh_tnpo1_rep3image02_ch2,-63
250802B,U2OS,gapdh,tnpo1,rep3image02,ch2,29,3.001,2439.696,250802B_U2OS_gapdh_tnpo1_rep3image02_ch2,-62
250802B,U2OS,gapdh,tnpo1,rep3image02,ch2,30,3.1082,2439.3279000000002,250802B_U2OS_gapdh_tnpo1_rep3image02_ch2,-61
250802B,U2OS,gapdh,tnpo1,rep3image02,ch2,31,3.2154,2446.6411,250802B_U2OS_gapdh_tnpo1_rep3image02_ch2,-60
250802B,U2OS,gapdh,tnpo1,rep3image02,ch2,32,3.3226,2439.1045,250802B_U2OS_gapdh_tnpo1_rep3image02_ch2,-59
250802B,U2OS,gapdh,tnpo1,rep3image02,ch2,33,3.4298,2435.907,250802B_U2OS_gapdh_tnpo1_rep3image02_ch2,-58
250802B,U2OS,gapdh,tnpo1,rep3image02,ch2,34,3.5369,2448.7791,250802B_U2OS_gapdh_tnpo1_rep3image02_ch2,-57
250802B,U2OS,gapdh,tnpo1,rep3image02,ch2,35,3.6441,2467.4817,250802B_U2OS_gapdh_tnpo1_rep3image02_ch2,-56
250802B,U2OS,gapdh,tnpo1,rep3image02,ch2,36,3.7513,2489.1423,250802B_U2OS_gapdh_tnpo1_rep3image02_ch2,-55
250802B,U2OS,gapdh,tnpo1,rep3image02,ch2,37,3.8585,2489.2634,250802B_U2OS_gapdh_tnpo1_rep3image02_ch2,-54
250802B,U2OS,gapdh,tnpo1,rep3image02,ch2,38,3.9657,2484.9058,250802B_U2OS_gapdh_tnpo1_rep3image02_ch2,-53
250802B,U2OS,gapdh,tnpo1,rep3image02,ch2,39,4.0728,2506.8596,250802B_U2OS_gapdh_tnpo1_rep3image02_ch2,-52
250802B,U2OS,gapdh,tnpo1,rep3image02,ch2,40,4.18,2534.0557,250802B_U2OS_gapdh_tnpo1_rep3image02_ch2,-51
250802B,U2OS,gapdh,tnpo1,rep3image02,ch2,41,4.2872,2550.0354,250802B_U2OS_gapdh_tnpo1_rep3image02_ch2,-50
250802B,U2OS,gapdh,tnpo1,rep3image02,ch2,42,4.3944,2564.6172,250802B_U2OS_gapdh_tnpo1_rep3image02_ch2,-49
250802B,U2OS,gapdh,tnpo1,rep3image02,ch2,43,4.5016,2585.9426,250802B_U2OS_gapdh_tnpo1_rep3image02_ch2,-48
250802B,U2OS,gapdh,tnpo1,rep3image02,ch2,44,4.6087,2569.9866,250802B_U2OS_gapdh_tnpo1_rep3image02_ch2,-47
250802B,U2OS,gapdh,tnpo1,rep3image02,ch2,45,4.7159,2536.4998,250802B_U2OS_gapdh_tnpo1_rep3image02_ch2,-46
250802B,U2OS,gapdh,tnpo1,rep3image02,ch2,46,4.8231,2505.6196,250802B_U2OS_gapdh_tnpo1_rep3image02_ch2,-45
250802B,U2OS,gapdh,tnpo1,rep3image02,ch2,47,4.9303,2494.957,250802B_U2OS_gapdh_tnpo1_rep3image02_ch2,-44
250802B,U2OS,gapdh,tnpo1,rep3image02,ch2,48,5.0375,2496.6025,250802B_U2OS_gapdh_tnpo1_rep3image02_ch2,-43
250802B,U2OS,gapdh,tnpo1,rep3image02,ch2,49,5.1446,2505.2542,250802B_U2OS_gapdh_tnpo1_rep3image02_ch2,-42
250802B,U2OS,gapdh,tnpo1,rep3image02,ch2,50,5.2518,2514.4185,250802B_U2OS_gapdh_tnpo1_rep3image02_ch2,-41
250802B,U2OS,gapdh,tnpo1,rep3image02,ch2,51,5.359,2500.0552,250802B_U2OS_gapdh_tnpo1_rep3image02_ch2,-40
250802B,U2OS,gapdh,tnpo1,rep3image02,ch2,52,5.4662,2491.8833,250802B_U2OS_gapdh_tnpo1_rep3image02_ch2,-39
250802B,U2OS,gapdh,tnpo1,rep3image02,ch2,53,5.5734,2472.2957,250802B_U2OS_gapdh_tnpo1_rep3image02_ch2,-38
250802B,U2OS,gapdh,tnpo1,rep3image02,ch2,54,5.6805,2455.5427,250802B_U2OS_gapdh_tnpo1_rep3image02_ch2,-37
250802B,U2OS,gapdh,tnpo1,rep3image02,ch2,55,5.7877,2440.9822,250802B_U2OS_gapdh_tnpo1_rep3image02_ch2,-36
250802B,U2OS,gapdh,tnpo1,rep3image02,ch2,56,5.8949,2437.9458,250802B_U2OS_gapdh_tnpo1_rep3image02_ch2,-35
250802B,U2OS,gapdh,tnpo1,rep3image02,ch2,57,6.0021,2438.9856,250802B_U2OS_gapdh_tnpo1_rep3image02_ch2,-34
250802B,U2OS,gapdh,tnpo1,rep3image02,ch2,58,6.1093,2454.4231,250802B_U2OS_gapdh_tnpo1_rep3image02_ch2,-33
250802B,U2OS,gapdh,tnpo1,rep3image02,ch2,59,6.2164,2461.1641,250802B_U2OS_gapdh_tnpo1_rep3image02_ch2,-32
250802B,U2OS,gapdh,tnpo1,rep3image02,ch2,60,6.3236,2481.7751,250802B_U2OS_gapdh_tnpo1_rep3image02_ch2,-31
250802B,U2OS,gapdh,tnpo1,rep3image02,ch2,61,6.4308,2507.1877,250802B_U2OS_gapdh_tnpo1_rep3image02_ch2,-30
250802B,U2OS,gapdh,tnpo1,rep3image02,ch2,62,6.538,2540.0293,250802B_U2OS_gapdh_tnpo1_rep3image02_ch2,-29
250802B,U2OS,gapdh,tnpo1,rep3image02,ch2,63,6.6452,2553.1208,250802B_U2OS_gapdh_tnpo1_rep3image02_ch2,-28
250802B,U2OS,gapdh,tnpo1,rep3image02,ch2,64,6.7523,2575.1284,250802B_U2OS_gapdh_tnpo1_rep3image02_ch2,-27
250802B,U2OS,gapdh,tnpo1,rep3image02,ch2,65,6.8595,2586.1758,250802B_U2OS_gapdh_tnpo1_rep3image02_ch2,-26
250802B,U2OS,gapdh,tnpo1,rep3image02,ch2,66,6.9667,2599.7493,250802B_U2OS_gapdh_tnpo1_rep3image02_ch2,-25
250802B,U2OS,gapdh,tnpo1,rep3image02,ch2,67,7.0739,2606.0281,250802B_U2OS_gapdh_tnpo1_rep3image02_ch2,-24
250802B,U2OS,gapdh,tnpo1,rep3image02,ch2,68,7.1811,2632.0767,250802B_U2OS_gapdh_tnpo1_rep3image02_ch2,-23
250802B,U2OS,gapdh,tnpo1,rep3image02,ch2,69,7.2882,2654.8447,250802B_U2OS_gapdh_tnpo1_rep3image02_ch2,-22
250802B,U2OS,gapdh,tnpo1,rep3image02,ch2,70,7.3954,2665.6394,250802B_U2OS_gapdh_tnpo1_rep3image02_ch2,-21
250802B,U2OS,gapdh,tnpo1,rep3image02,ch2,71,7.5026,2681.0505,250802B_U2OS_gapdh_tnpo1_rep3image02_ch2,-20
250802B,U2OS,gapdh,tnpo1,rep3image02,ch2,72,7.6098,2683.3921,250802B_U2OS_gapdh_tnpo1_rep3image02_ch2,-19
250802B,U2OS,gapdh,tnpo1,rep3image02,ch2,73,7.717,2683.5798,250802B_U2OS_gapdh_tnpo1_rep3image02_ch2,-18
250802B,U2OS,gapdh,tnpo1,rep3image02,ch2,74,7.8241,2707.8032,250802B_U2OS_gapdh_tnpo1_rep3image02_ch2,-17
250802B,U2OS,gapdh,tnpo1,rep3image02,ch2,75,7.9313,2765.3254,250802B_U2OS_gapdh_tnpo1_rep3image02_ch2,-16
250802B,U2OS,gapdh,tnpo1,rep3image02,ch2,76,8.0385,2809.967,250802B_U2OS_gapdh_tnpo1_rep3image02_ch2,-15
250802B,U2OS,gapdh,tnpo1,rep3image02,ch2,77,8.1457,2823.2085,250802B_U2OS_gapdh_tnpo1_rep3image02_ch2,-14
250802B,U2OS,gapdh,tnpo1,rep3image02,ch2,78,8.2529,2810.925,250802B_U2OS_gapdh_tnpo1_rep3image02_ch2,-13
250802B,U2OS,gapdh,tnpo1,rep3image02,ch2,79,8.36,2807.4714,250802B_U2OS_gapdh_tnpo1_rep3image02_ch2,-12
250802B,U2OS,gapdh,tnpo1,rep3image02,ch2,80,8.4672,2828.5608,250802B_U2OS_gapdh_tnpo1_rep3image02_ch2,-11
250802B,U2OS,gapdh,tnpo1,rep3image02,ch2,81,8.5744,2877.5244,250802B_U2OS_gapdh_tnpo1_rep3image02_ch2,-10
250802B,U2OS,gapdh,tnpo1,rep3image02,ch2,82,8.6816,2934.4287,250802B_U2OS_gapdh_tnpo1_rep3image02_ch2,-9
250802B,U2OS,gapdh,tnpo1,rep3image02,ch2,83,8.7888,2983.4629,250802B_U2OS_gapdh_tnpo1_rep3image02_ch2,-8
250802B,U2OS,gapdh,tnpo1,rep3image02,ch2,84,8.8959,3015.8823,250802B_U2OS_gapdh_tnpo1_rep3image02_ch2,-7
250802B,U2OS,gapdh,tnpo1,rep3image02,ch2,85,9.0031,3066.1716,250802B_U2OS_gapdh_tnpo1_rep3image02_ch2,-6
250802B,U2OS,gapdh,tnpo1,rep3image02,ch2,86,9.1103,3134.9917,250802B_U2OS_gapdh_tnpo1_rep3image02_ch2,-5
250802B,U2OS,gapdh,tnpo1,rep3image02,ch2,87,9.2175,3168.6414,250802B_U2OS_gapdh_tnpo1_rep3image02_ch2,-4
250802B,U2OS,gapdh,tnpo1,rep3image02,ch2,88,9.3247,3168.9714,250802B_U2OS_gapdh_tnpo1_rep3image02_ch2,-3
250802B,U2OS,gapdh,tnpo1,rep3image02,ch2,89,9.4318,3167.3767,250802B_U2OS_gapdh_tnpo1_rep3image02_ch2,-2
250802B,U2OS,gapdh,tnpo1,rep3image02,ch2,90,9.539,3197.7937,250802B_U2OS_gapdh_tnpo1_rep3image02_ch2,-1
250802B,U2OS,gapdh,tnpo1,rep3image02,ch2,91,9.6462,3219.8618,250802B_U2OS_gapdh_tnpo1_rep3image02_ch2,0
250802B,U2OS,gapdh,tnpo1,rep3image02,ch2,92,9.7534,3207.7769,250802B_U2OS_gapdh_tnpo1_rep3image02_ch2,1
250802B,U2OS,gapdh,tnpo1,rep3image02,ch2,93,9.8606,3186.8086,250802B_U2OS_gapdh_tnpo1_rep3image02_ch2,2
250802B,U2OS,gapdh,tnpo1,rep3image02,ch2,94,9.9677,3145.48,250802B_U2OS_gapdh_tnpo1_rep3image02_ch2,3
250802B,U2OS,gapdh,tnpo1,rep3image02,ch2,95,10.0749,3097.9529000000002,250802B_U2OS_gapdh_tnpo1_rep3image02_ch2,4
250802B,U2OS,gapdh,tnpo1,rep3image02,ch2,96,10.1821,3065.0647,250802B_U2OS_gapdh_tnpo1_rep3image02_ch2,5
250802B,U2OS,gapdh,tnpo1,rep3image02,ch2,97,10.2893,3013.7205,250802B_U2OS_gapdh_tnpo1_rep3image02_ch2,6
250802B,U2OS,gapdh,tnpo1,rep3image02,ch2,98,10.3965,2946.5149,250802B_U2OS_gapdh_tnpo1_rep3image02_ch2,7
250802B,U2OS,gapdh,tnpo1,rep3image02,ch2,99,10.5036,2900.3391,250802B_U2OS_gapdh_tnpo1_rep3image02_ch2,8
250802B,U2OS,gapdh,tnpo1,rep3image02,ch2,100,10.6108,2884.0989,250802B_U2OS_gapdh_tnpo1_rep3image02_ch2,9
250802B,U2OS,gapdh,tnpo1,rep3image02,ch2,101,10.718,2881.8967,250802B_U2OS_gapdh_tnpo1_rep3image02_ch2,10
250802B,U2OS,gapdh,tnpo1,rep3image02,ch2,102,10.8252,2886.9951,250802B_U2OS_gapdh_tnpo1_rep3image02_ch2,11
250802B,U2OS,gapdh,tnpo1,rep3image02,ch2,103,10.9324,2886.1511,250802B_U2OS_gapdh_tnpo1_rep3image02_ch2,12
250802B,U2OS,gapdh,tnpo1,rep3image02,ch2,104,11.0395,2906.8394,250802B_U2OS_gapdh_tnpo1_rep3image02_ch2,13
250802B,U2OS,gapdh,tnpo1,rep3image02,ch2,105,11.1467,2929.0366,250802B_U2OS_gapdh_tnpo1_rep3image02_ch2,14
250802B,U2OS,gapdh,tnpo1,rep3image02,ch2,106,11.2539,2946.6599,250802B_U2OS_gapdh_tnpo1_rep3image02_ch2,15
250802B,U2OS,gapdh,tnpo1,rep3image02,ch2,107,11.3611,2950.9404,250802B_U2OS_gapdh_tnpo1_rep3image02_ch2,16
250802B,U2OS,gapdh,tnpo1,rep3image02,ch2,108,11.4683,2938.1333,250802B_U2OS_gapdh_tnpo1_rep3image02_ch2,17
250802B,U2OS,gapdh,tnpo1,rep3image02,ch2,109,11.5754,2956.8398,250802B_U2OS_gapdh_tnpo1_rep3image02_ch2,18
250802B,U2OS,gapdh,tnpo1,rep3image02,ch2,110,11.6826,2995.3179,250802B_U2OS_gapdh_tnpo1_rep3image02_ch2,19
250802B,U2OS,gapdh,tnpo1,rep3image02,ch2,111,11.7898,3028.4399,250802B_U2OS_gapdh_tnpo1_rep3image02_ch2,20
250802B,U2OS,gapdh,tnpo1,rep3image02,ch2,112,11.897,3041.4443,250802B_U2OS_gapdh_tnpo1_rep3image02_ch2,21
250802B,U2OS,gapdh,tnpo1,rep3image02,ch2,113,12.0042,3030.0791,250802B_U2OS_gapdh_tnpo1_rep3image02_ch2,22
250802B,U2OS,gapdh,tnpo1,rep3image02,ch2,114,12.1113,3024.3416,250802B_U2OS_gapdh_tnpo1_rep3image02_ch2,23
250802B,U2OS,gapdh,tnpo1,rep3image02,ch2,115,12.2185,3024.5996,250802B_U2OS_gapdh_tnpo1_rep3image02_ch2,24
250802B,U2OS,gapdh,tnpo1,rep3image02,ch2,116,12.3257,3037.2217,250802B_U2OS_gapdh_tnpo1_rep3image02_ch2,25
250802B,U2OS,gapdh,tnpo1,rep3image02,ch2,117,12.4329,3058.8484,250802B_U2OS_gapdh_tnpo1_rep3image02_ch2,26
250802B,U2OS,gapdh,tnpo1,rep3image02,ch2,118,12.5401,3037.9578,250802B_U2OS_gapdh_tnpo1_rep3image02_ch2,27
250802B,U2OS,gapdh,tnpo1,rep3image02,ch2,119,12.6472,2986.4326,250802B_U2OS_gapdh_tnpo1_rep3image02_ch2,28
250802B,U2OS,gapdh,tnpo1,rep3image02,ch2,120,12.7544,2957.4712,250802B_U2OS_gapdh_tnpo1_rep3image02_ch2,29
250802B,U2OS,gapdh,tnpo1,rep3image02,ch2,121,12.8616,2955.8093,250802B_U2OS_gapdh_tnpo1_rep3image02_ch2,30
250802B,U2OS,gapdh,tnpo1,rep3image02,ch2,122,12.9688,2958.0034,250802B_U2OS_gapdh_tnpo1_rep3image02_ch2,31
250802B,U2OS,gapdh,tnpo1,rep3image02,ch2,123,13.076,2933.0283,250802B_U2OS_gapdh_tnpo1_rep3image02_ch2,32
250802B,U2OS,gapdh,tnpo1,rep3image02,ch2,124,13.1831,2874.9609,250802B_U2OS_gapdh_tnpo1_rep3image02_ch2,33
250802B,U2OS,gapdh,tnpo1,rep3image02,ch2,125,13.2903,2831.2126,250802B_U2OS_gapdh_tnpo1_rep3image02_ch2,34
250802B,U2OS,gapdh,tnpo1,rep3image02,ch2,126,13.3975,2816.832,250802B_U2OS_gapdh_tnpo1_rep3image02_ch2,35
250802B,U2OS,gapdh,tnpo1,rep3image02,ch2,127,13.5047,2821.9712,250802B_U2OS_gapdh_tnpo1_rep3image02_ch2,36
250802B,U2OS,gapdh,tnpo1,rep3image02,ch2,128,13.6119,2851.6943,250802B_U2OS_gapdh_tnpo1_rep3image02_ch2,37
250802B,U2OS,gapdh,tnpo1,rep3image02,ch2,129,13.719,2873.4314,250802B_U2OS_gapdh_tnpo1_rep3image02_ch2,38
250802B,U2OS,gapdh,tnpo1,rep3image02,ch2,130,13.8262,2933.0894,250802B_U2OS_gapdh_tnpo1_rep3image02_ch2,39
250802B,U2OS,gapdh,tnpo1,rep3image02,ch2,131,13.9334,3071.7515,250802B_U2OS_gapdh_tnpo1_rep3image02_ch2,40
250802B,U2OS,gapdh,tnpo1,rep3image02,ch2,132,14.0406,3178.4087,250802B_U2OS_gapdh_tnpo1_rep3image02_ch2,41
250802B,U2OS,gapdh,tnpo1,rep3image02,ch2,133,14.1478,3157.0645,250802B_U2OS_gapdh_tnpo1_rep3image02_ch2,42
250802B,U2OS,gapdh,tnpo1,rep3image02,ch2,134,14.2549,3072.9272,250802B_U2OS_gapdh_tnpo1_rep3image02_ch2,43
250802B,U2OS,gapdh,tnpo1,rep3image02,ch2,135,14.3621,2983.293,250802B_U2OS_gapdh_tnpo1_rep3image02_ch2,44
250802B,U2OS,gapdh,tnpo1,rep3image02,ch2,136,14.4693,2897.23,250802B_U2OS_gapdh_tnpo1_rep3image02_ch2,45
250802B,U2OS,gapdh,tnpo1,rep3image02,ch2,137,14.5765,2827.9561,250802B_U2OS_gapdh_tnpo1_rep3image02_ch2,46
250802B,U2OS,gapdh,tnpo1,rep3image02,ch2,138,14.6837,2775.9292,250802B_U2OS_gapdh_tnpo1_rep3image02_ch2,47
250802B,U2OS,gapdh,tnpo1,rep3image02,ch2,139,14.7908,2744.6448,250802B_U2OS_gapdh_tnpo1_rep3image02_ch2,48
250802B,U2OS,gapdh,tnpo1,rep3image02,ch2,140,14.898,2729.4155,250802B_U2OS_gapdh_tnpo1_rep3image02_ch2,49
250802B,U2OS,gapdh,tnpo1,rep3image02,ch2,141,15.0052,2710.6001,250802B_U2OS_gapdh_tnpo1_rep3image02_ch2,50
250802B,U2OS,gapdh,tnpo1,rep3image02,ch2,142,15.1124,2689.0823,250802B_U2OS_gapdh_tnpo1_rep3image02_ch2,51
250802B,U2OS,gapdh,tnpo1,rep3image02,ch2,143,15.2196,2658.8394,250802B_U2OS_gapdh_tnpo1_rep3image02_ch2,52
250802B,U2OS,gapdh,tnpo1,rep3image02,ch2,144,15.3267,2625.7378,250802B_U2OS_gapdh_tnpo1_rep3image02_ch2,53
250802B,U2OS,gapdh,tnpo1,rep3image02,ch2,145,15.4339,2603.1174,250802B_U2OS_gapdh_tnpo1_rep3image02_ch2,54
250802B,U2OS,gapdh,tnpo1,rep3image02,ch2,146,15.5411,2589.7861,250802B_U2OS_gapdh_tnpo1_rep3image02_ch2,55
250802B,U2OS,gapdh,tnpo1,rep3image02,ch2,147,15.6483,2592.8184,250802B_U2OS_gapdh_tnpo1_rep3image02_ch2,56
250802B,U2OS,gapdh,tnpo1,rep3image02,ch2,148,15.7555,2620.457,250802B_U2OS_gapdh_tnpo1_rep3image02_ch2,57
250802B,U2OS,gapdh,tnpo1,rep3image02,ch2,149,15.8626,2639.3877,250802B_U2OS_gapdh_tnpo1_rep3image02_ch2,58
250802B,U2OS,gapdh,tnpo1,rep3image02,ch2,150,15.9698,2613.9514,250802B_U2OS_gapdh_tnpo1_rep3image02_ch2,59
250802B,U2OS,gapdh,tnpo1,rep3image02,ch2,151,16.077,2544.042,250802B_U2OS_gapdh_tnpo1_rep3image02_ch2,60
250802B,U2OS,gapdh,tnpo1,rep3image02,ch2,152,16.1842,2463.5896,250802B_U2OS_gapdh_tnpo1_rep3image02_ch2,61
250802B,U2OS,gapdh,tnpo1,rep3image02,ch2,153,16.2914,2426.4348,250802B_U2OS_gapdh_tnpo1_rep3image02_ch2,62
250802B,U2OS,gapdh,tnpo1,rep3image02,ch2,154,16.3985,2421.9287,250802B_U2OS_gapdh_tnpo1_rep3image02_ch2,63
250802B,U2OS,gapdh,tnpo1,rep3image02,ch2,155,16.5057,2436.8037,250802B_U2OS_gapdh_tnpo1_rep3image02_ch2,64
250802B,U2OS,gapdh,tnpo1,rep3image02,ch2,156,16.6129,2447.1079,250802B_U2OS_gapdh_tnpo1_rep3image02_ch2,65
250802B,U2OS,gapdh,tnpo1,rep3image02,ch2,157,16.7201,2428.0906,250802B_U2OS_gapdh_tnpo1_rep3image02_ch2,66
250802B,U2OS,gapdh,tnpo1,rep3image02,ch2,158,16.8273,2402.6279,250802B_U2OS_gapdh_tnpo1_rep3image02_ch2,67
250802B,U2OS,gapdh,tnpo1,rep3image02,ch2,159,16.9344,2377.6421,250802B_U2OS_gapdh_tnpo1_rep3image02_ch2,68
250802B,U2OS,gapdh,tnpo1,rep3image02,ch2,160,17.0416,2376.5938,250802B_U2OS_gapdh_tnpo1_rep3image02_ch2,69
250802B,U2OS,gapdh,tnpo1,rep3image02,ch2,161,17.1488,2424.8069,250802B_U2OS_gapdh_tnpo1_rep3image02_ch2,70
250802B,U2OS,gapdh,tnpo1,rep3image02,ch2,162,17.256,2464.3564,250802B_U2OS_gapdh_tnpo1_rep3image02_ch2,71
250802B,U2OS,gapdh,tnpo1,rep3image02,ch2,163,17.3632,2446.9185,250802B_U2OS_gapdh_tnpo1_rep3image02_ch2,72
250802B,U2OS,gapdh,tnpo1,rep3image02,ch2,164,17.4703,2425.5833,250802B_U2OS_gapdh_tnpo1_rep3image02_ch2,73
250802B,U2OS,gapdh,tnpo1,rep3image02,ch2,165,17.5775,2412.5156,250802B_U2OS_gapdh_tnpo1_rep3image02_ch2,74
250802B,U2OS,gapdh,tnpo1,rep3image02,ch2,166,17.6847,2401.5283,250802B_U2OS_gapdh_tnpo1_rep3image02_ch2,75
250802B,U2OS,gapdh,tnpo1,rep3image02,ch2,167,17.7919,2377.4316,250802B_U2OS_gapdh_tnpo1_rep3image02_ch2,76
250802B,U2OS,gapdh,tnpo1,rep3image02,ch2,168,17.8991,2371.9829,250802B_U2OS_gapdh_tnpo1_rep3image02_ch2,77
250802B,U2OS,gapdh,tnpo1,rep3image02,ch2,169,18.0062,2367.3711,250802B_U2OS_gapdh_tnpo1_rep3image02_ch2,78
250802B,U2OS,gapdh,tnpo1,rep3image02,ch2,170,18.1134,2344.6003,250802B_U2OS_gapdh_tnpo1_rep3image02_ch2,79
250802B,U2OS,gapdh,tnpo1,rep3image02,ch2,171,18.2206,2327.9802,250802B_U2OS_gapdh_tnpo1_rep3image02_ch2,80
250802B,U2OS,gapdh,tnpo1,rep3image02,ch2,172,18.3278,2299.0542,250802B_U2OS_gapdh_tnpo1_rep3image02_ch2,81
250802B,U2OS,gapdh,tnpo1,rep3image02,ch2,173,18.435,2263.9939,250802B_U2OS_gapdh_tnpo1_rep3image02_ch2,82
250802B,U2OS,gapdh,tnpo1,rep3image02,ch2,174,18.5421,2247.7822,250802B_U2OS_gapdh_tnpo1_rep3image02_ch2,83
250802B,U2OS,gapdh,tnpo1,rep3image02,ch2,175,18.6493,2244.1931,250802B_U2OS_gapdh_tnpo1_rep3image02_ch2,84
250802B,U2OS,gapdh,tnpo1,rep3image02,ch2,176,18.7565,2218.7991,250802B_U2OS_gapdh_tnpo1_rep3image02_ch2,85
250802B,U2OS,gapdh,tnpo1,rep3image02,ch2,177,18.8637,2196.7258,250802B_U2OS_gapdh_tnpo1_rep3image02_ch2,86
250802B,U2OS,gapdh,tnpo1,rep3image02,ch2,178,18.9709,2186.4939,250802B_U2OS_gapdh_tnpo1_rep3image02_ch2,87
250802B,U2OS,gapdh,tnpo1,rep3image02,ch2,179,19.078,2191.9509,250802B_U2OS_gapdh_tnpo1_rep3image02_ch2,88
250802B,U2OS,gapdh,tnpo1,rep3image02,ch2,180,19.1852,2172.2092,250802B_U2OS_gapdh_tnpo1_rep3image02_ch2,89
250802B,U2OS,gapdh,tnpo1,rep3image02,ch2,181,19.2924,2117.9546,250802B_U2OS_gapdh_tnpo1_rep3image02_ch2,90
250802B,U2OS,gapdh,tnpo1,rep3image03,ch1,1,0,6930.0464,250802B_U2OS_gapdh_tnpo1_rep3image03_ch1,-90
250802B,U2OS,gapdh,tnpo1,rep3image03,ch1,2,0.1072,7003.0815,250802B_U2OS_gapdh_tnpo1_rep3image03_ch1,-89
250802B,U2OS,gapdh,tnpo1,rep3image03,ch1,3,0.2144,7119.2275,250802B_U2OS_gapdh_tnpo1_rep3image03_ch1,-88
250802B,U2OS,gapdh,tnpo1,rep3image03,ch1,4,0.3215,7234.8472,250802B_U2OS_gapdh_tnpo1_rep3image03_ch1,-87
250802B,U2OS,gapdh,tnpo1,rep3image03,ch1,5,0.4287,7296.1968,250802B_U2OS_gapdh_tnpo1_rep3image03_ch1,-86
250802B,U2OS,gapdh,tnpo1,rep3image03,ch1,6,0.5359,7368.854,250802B_U2OS_gapdh_tnpo1_rep3image03_ch1,-85
250802B,U2OS,gapdh,tnpo1,rep3image03,ch1,7,0.6431,7473.4141,250802B_U2OS_gapdh_tnpo1_rep3image03_ch1,-84
250802B,U2OS,gapdh,tnpo1,rep3image03,ch1,8,0.7503,7637.0459,250802B_U2OS_gapdh_tnpo1_rep3image03_ch1,-83
250802B,U2OS,gapdh,tnpo1,rep3image03,ch1,9,0.8574,7805.5781,250802B_U2OS_gapdh_tnpo1_rep3image03_ch1,-82
250802B,U2OS,gapdh,tnpo1,rep3image03,ch1,10,0.9646,7927.9224,250802B_U2OS_gapdh_tnpo1_rep3image03_ch1,-81
250802B,U2OS,gapdh,tnpo1,rep3image03,ch1,11,1.0718,7929.6841,250802B_U2OS_gapdh_tnpo1_rep3image03_ch1,-80
250802B,U2OS,gapdh,tnpo1,rep3image03,ch1,12,1.179,7846.7974,250802B_U2OS_gapdh_tnpo1_rep3image03_ch1,-79
250802B,U2OS,gapdh,tnpo1,rep3image03,ch1,13,1.2862,7812.5171,250802B_U2OS_gapdh_tnpo1_rep3image03_ch1,-78
250802B,U2OS,gapdh,tnpo1,rep3image03,ch1,14,1.3933,7897.1255,250802B_U2OS_gapdh_tnpo1_rep3image03_ch1,-77
250802B,U2OS,gapdh,tnpo1,rep3image03,ch1,15,1.5005,8036.5186,250802B_U2OS_gapdh_tnpo1_rep3image03_ch1,-76
250802B,U2OS,gapdh,tnpo1,rep3image03,ch1,16,1.6077,8218.7598,250802B_U2OS_gapdh_tnpo1_rep3image03_ch1,-75
250802B,U2OS,gapdh,tnpo1,rep3image03,ch1,17,1.7149,8379.3164,250802B_U2OS_gapdh_tnpo1_rep3image03_ch1,-74
250802B,U2OS,gapdh,tnpo1,rep3image03,ch1,18,1.8221,8511.5947,250802B_U2OS_gapdh_tnpo1_rep3image03_ch1,-73
250802B,U2OS,gapdh,tnpo1,rep3image03,ch1,19,1.9292,8541.3545,250802B_U2OS_gapdh_tnpo1_rep3image03_ch1,-72
250802B,U2OS,gapdh,tnpo1,rep3image03,ch1,20,2.0364,8398.6914,250802B_U2OS_gapdh_tnpo1_rep3image03_ch1,-71
250802B,U2OS,gapdh,tnpo1,rep3image03,ch1,21,2.1436,8155.7114,250802B_U2OS_gapdh_tnpo1_rep3image03_ch1,-70
250802B,U2OS,gapdh,tnpo1,rep3image03,ch1,22,2.2508,7964.5054,250802B_U2OS_gapdh_tnpo1_rep3image03_ch1,-69
250802B,U2OS,gapdh,tnpo1,rep3image03,ch1,23,2.358,7844.3037,250802B_U2OS_gapdh_tnpo1_rep3image03_ch1,-68
250802B,U2OS,gapdh,tnpo1,rep3image03,ch1,24,2.4651,7742.8965,250802B_U2OS_gapdh_tnpo1_rep3image03_ch1,-67
250802B,U2OS,gapdh,tnpo1,rep3image03,ch1,25,2.5723,7694.2207,250802B_U2OS_gapdh_tnpo1_rep3image03_ch1,-66
250802B,U2OS,gapdh,tnpo1,rep3image03,ch1,26,2.6795,7682.7749,250802B_U2OS_gapdh_tnpo1_rep3image03_ch1,-65
250802B,U2OS,gapdh,tnpo1,rep3image03,ch1,27,2.7867,7702.894,250802B_U2OS_gapdh_tnpo1_rep3image03_ch1,-64
250802B,U2OS,gapdh,tnpo1,rep3image03,ch1,28,2.8939,7654.5288,250802B_U2OS_gapdh_tnpo1_rep3image03_ch1,-63
250802B,U2OS,gapdh,tnpo1,rep3image03,ch1,29,3.001,7629.0801,250802B_U2OS_gapdh_tnpo1_rep3image03_ch1,-62
250802B,U2OS,gapdh,tnpo1,rep3image03,ch1,30,3.1082,7683.9492,250802B_U2OS_gapdh_tnpo1_rep3image03_ch1,-61
250802B,U2OS,gapdh,tnpo1,rep3image03,ch1,31,3.2154,7798.9707,250802B_U2OS_gapdh_tnpo1_rep3image03_ch1,-60
250802B,U2OS,gapdh,tnpo1,rep3image03,ch1,32,3.3226,7979.4785,250802B_U2OS_gapdh_tnpo1_rep3image03_ch1,-59
250802B,U2OS,gapdh,tnpo1,rep3image03,ch1,33,3.4298,8207.5898,250802B_U2OS_gapdh_tnpo1_rep3image03_ch1,-58
250802B,U2OS,gapdh,tnpo1,rep3image03,ch1,34,3.5369,8497.9541,250802B_U2OS_gapdh_tnpo1_rep3image03_ch1,-57
250802B,U2OS,gapdh,tnpo1,rep3image03,ch1,35,3.6441,8860.8809,250802B_U2OS_gapdh_tnpo1_rep3image03_ch1,-56
250802B,U2OS,gapdh,tnpo1,rep3image03,ch1,36,3.7513,9111.6309,250802B_U2OS_gapdh_tnpo1_rep3image03_ch1,-55
250802B,U2OS,gapdh,tnpo1,rep3image03,ch1,37,3.8585,9208.3105,250802B_U2OS_gapdh_tnpo1_rep3image03_ch1,-54
250802B,U2OS,gapdh,tnpo1,rep3image03,ch1,38,3.9657,9181.8223,250802B_U2OS_gapdh_tnpo1_rep3image03_ch1,-53
250802B,U2OS,gapdh,tnpo1,rep3image03,ch1,39,4.0728,9080.3262,250802B_U2OS_gapdh_tnpo1_rep3image03_ch1,-52
250802B,U2OS,gapdh,tnpo1,rep3image03,ch1,40,4.18,8978.8984,250802B_U2OS_gapdh_tnpo1_rep3image03_ch1,-51
250802B,U2OS,gapdh,tnpo1,rep3image03,ch1,41,4.2872,8974.7979,250802B_U2OS_gapdh_tnpo1_rep3image03_ch1,-50
250802B,U2OS,gapdh,tnpo1,rep3image03,ch1,42,4.3944,8999.6309,250802B_U2OS_gapdh_tnpo1_rep3image03_ch1,-49
250802B,U2OS,gapdh,tnpo1,rep3image03,ch1,43,4.5016,9032.207,250802B_U2OS_gapdh_tnpo1_rep3image03_ch1,-48
250802B,U2OS,gapdh,tnpo1,rep3image03,ch1,44,4.6087,9140.4863,250802B_U2OS_gapdh_tnpo1_rep3image03_ch1,-47
250802B,U2OS,gapdh,tnpo1,rep3image03,ch1,45,4.7159,9186.4424,250802B_U2OS_gapdh_tnpo1_rep3image03_ch1,-46
250802B,U2OS,gapdh,tnpo1,rep3image03,ch1,46,4.8231,9207.7607,250802B_U2OS_gapdh_tnpo1_rep3image03_ch1,-45
250802B,U2OS,gapdh,tnpo1,rep3image03,ch1,47,4.9303,9279.5439,250802B_U2OS_gapdh_tnpo1_rep3image03_ch1,-44
250802B,U2OS,gapdh,tnpo1,rep3image03,ch1,48,5.0375,9371.8447,250802B_U2OS_gapdh_tnpo1_rep3image03_ch1,-43
250802B,U2OS,gapdh,tnpo1,rep3image03,ch1,49,5.1446,9489.3701,250802B_U2OS_gapdh_tnpo1_rep3image03_ch1,-42
250802B,U2OS,gapdh,tnpo1,rep3image03,ch1,50,5.2518,9667.3945,250802B_U2OS_gapdh_tnpo1_rep3image03_ch1,-41
250802B,U2OS,gapdh,tnpo1,rep3image03,ch1,51,5.359,9808.1621,250802B_U2OS_gapdh_tnpo1_rep3image03_ch1,-40
250802B,U2OS,gapdh,tnpo1,rep3image03,ch1,52,5.4662,9796.0469,250802B_U2OS_gapdh_tnpo1_rep3image03_ch1,-39
250802B,U2OS,gapdh,tnpo1,rep3image03,ch1,53,5.5734,9795.1162,250802B_U2OS_gapdh_tnpo1_rep3image03_ch1,-38
250802B,U2OS,gapdh,tnpo1,rep3image03,ch1,54,5.6805,9791.9883,250802B_U2OS_gapdh_tnpo1_rep3image03_ch1,-37
250802B,U2OS,gapdh,tnpo1,rep3image03,ch1,55,5.7877,9735.3135,250802B_U2OS_gapdh_tnpo1_rep3image03_ch1,-36
250802B,U2OS,gapdh,tnpo1,rep3image03,ch1,56,5.8949,9745.1641,250802B_U2OS_gapdh_tnpo1_rep3image03_ch1,-35
250802B,U2OS,gapdh,tnpo1,rep3image03,ch1,57,6.0021,9823.7676,250802B_U2OS_gapdh_tnpo1_rep3image03_ch1,-34
250802B,U2OS,gapdh,tnpo1,rep3image03,ch1,58,6.1093,9916.4795,250802B_U2OS_gapdh_tnpo1_rep3image03_ch1,-33
250802B,U2OS,gapdh,tnpo1,rep3image03,ch1,59,6.2164,10000.9795,250802B_U2OS_gapdh_tnpo1_rep3image03_ch1,-32
250802B,U2OS,gapdh,tnpo1,rep3image03,ch1,60,6.3236,10168.7764,250802B_U2OS_gapdh_tnpo1_rep3image03_ch1,-31
250802B,U2OS,gapdh,tnpo1,rep3image03,ch1,61,6.4308,10479.7275,250802B_U2OS_gapdh_tnpo1_rep3image03_ch1,-30
250802B,U2OS,gapdh,tnpo1,rep3image03,ch1,62,6.538,10881.3652,250802B_U2OS_gapdh_tnpo1_rep3image03_ch1,-29
250802B,U2OS,gapdh,tnpo1,rep3image03,ch1,63,6.6452,11275.6768,250802B_U2OS_gapdh_tnpo1_rep3image03_ch1,-28
250802B,U2OS,gapdh,tnpo1,rep3image03,ch1,64,6.7523,11520.8438,250802B_U2OS_gapdh_tnpo1_rep3image03_ch1,-27
250802B,U2OS,gapdh,tnpo1,rep3image03,ch1,65,6.8595,11559.0371,250802B_U2OS_gapdh_tnpo1_rep3image03_ch1,-26
250802B,U2OS,gapdh,tnpo1,rep3image03,ch1,66,6.9667,11508.333,250802B_U2OS_gapdh_tnpo1_rep3image03_ch1,-25
250802B,U2OS,gapdh,tnpo1,rep3image03,ch1,67,7.0739,11373.9502,250802B_U2OS_gapdh_tnpo1_rep3image03_ch1,-24
250802B,U2OS,gapdh,tnpo1,rep3image03,ch1,68,7.1811,11381.4258,250802B_U2OS_gapdh_tnpo1_rep3image03_ch1,-23
250802B,U2OS,gapdh,tnpo1,rep3image03,ch1,69,7.2882,11571.1787,250802B_U2OS_gapdh_tnpo1_rep3image03_ch1,-22
250802B,U2OS,gapdh,tnpo1,rep3image03,ch1,70,7.3954,11823.5225,250802B_U2OS_gapdh_tnpo1_rep3image03_ch1,-21
250802B,U2OS,gapdh,tnpo1,rep3image03,ch1,71,7.5026,12043.3604,250802B_U2OS_gapdh_tnpo1_rep3image03_ch1,-20
250802B,U2OS,gapdh,tnpo1,rep3image03,ch1,72,7.6098,12217.4375,250802B_U2OS_gapdh_tnpo1_rep3image03_ch1,-19
250802B,U2OS,gapdh,tnpo1,rep3image03,ch1,73,7.717,12421.1572,250802B_U2OS_gapdh_tnpo1_rep3image03_ch1,-18
250802B,U2OS,gapdh,tnpo1,rep3image03,ch1,74,7.8241,12717.5029,250802B_U2OS_gapdh_tnpo1_rep3image03_ch1,-17
250802B,U2OS,gapdh,tnpo1,rep3image03,ch1,75,7.9313,13022.1172,250802B_U2OS_gapdh_tnpo1_rep3image03_ch1,-16
250802B,U2OS,gapdh,tnpo1,rep3image03,ch1,76,8.0385,13359.1982,250802B_U2OS_gapdh_tnpo1_rep3image03_ch1,-15
250802B,U2OS,gapdh,tnpo1,rep3image03,ch1,77,8.1457,13720.627,250802B_U2OS_gapdh_tnpo1_rep3image03_ch1,-14
250802B,U2OS,gapdh,tnpo1,rep3image03,ch1,78,8.2529,13948.3164,250802B_U2OS_gapdh_tnpo1_rep3image03_ch1,-13
250802B,U2OS,gapdh,tnpo1,rep3image03,ch1,79,8.36,14077.1035,250802B_U2OS_gapdh_tnpo1_rep3image03_ch1,-12
250802B,U2OS,gapdh,tnpo1,rep3image03,ch1,80,8.4672,14075.0957,250802B_U2OS_gapdh_tnpo1_rep3image03_ch1,-11
250802B,U2OS,gapdh,tnpo1,rep3image03,ch1,81,8.5744,14089.0928,250802B_U2OS_gapdh_tnpo1_rep3image03_ch1,-10
250802B,U2OS,gapdh,tnpo1,rep3image03,ch1,82,8.6816,14089.7803,250802B_U2OS_gapdh_tnpo1_rep3image03_ch1,-9
250802B,U2OS,gapdh,tnpo1,rep3image03,ch1,83,8.7888,14136.3418,250802B_U2OS_gapdh_tnpo1_rep3image03_ch1,-8
250802B,U2OS,gapdh,tnpo1,rep3image03,ch1,84,8.8959,14283.1348,250802B_U2OS_gapdh_tnpo1_rep3image03_ch1,-7
250802B,U2OS,gapdh,tnpo1,rep3image03,ch1,85,9.0031,14651.0889,250802B_U2OS_gapdh_tnpo1_rep3image03_ch1,-6
250802B,U2OS,gapdh,tnpo1,rep3image03,ch1,86,9.1103,14976.71,250802B_U2OS_gapdh_tnpo1_rep3image03_ch1,-5
250802B,U2OS,gapdh,tnpo1,rep3image03,ch1,87,9.2175,15120.6494,250802B_U2OS_gapdh_tnpo1_rep3image03_ch1,-4
250802B,U2OS,gapdh,tnpo1,rep3image03,ch1,88,9.3247,15206.8838,250802B_U2OS_gapdh_tnpo1_rep3image03_ch1,-3
250802B,U2OS,gapdh,tnpo1,rep3image03,ch1,89,9.4318,15361.3086,250802B_U2OS_gapdh_tnpo1_rep3image03_ch1,-2
250802B,U2OS,gapdh,tnpo1,rep3image03,ch1,90,9.539,15581.6797,250802B_U2OS_gapdh_tnpo1_rep3image03_ch1,-1
250802B,U2OS,gapdh,tnpo1,rep3image03,ch1,91,9.6462,15812.9775,250802B_U2OS_gapdh_tnpo1_rep3image03_ch1,0
250802B,U2OS,gapdh,tnpo1,rep3image03,ch1,92,9.7534,16063.9463,250802B_U2OS_gapdh_tnpo1_rep3image03_ch1,1
250802B,U2OS,gapdh,tnpo1,rep3image03,ch1,93,9.8606,16243.2676,250802B_U2OS_gapdh_tnpo1_rep3image03_ch1,2
250802B,U2OS,gapdh,tnpo1,rep3image03,ch1,94,9.9677,16333.6484,250802B_U2OS_gapdh_tnpo1_rep3image03_ch1,3
250802B,U2OS,gapdh,tnpo1,rep3image03,ch1,95,10.0749,16284.6348,250802B_U2OS_gapdh_tnpo1_rep3image03_ch1,4
250802B,U2OS,gapdh,tnpo1,rep3image03,ch1,96,10.1821,16155.7002,250802B_U2OS_gapdh_tnpo1_rep3image03_ch1,5
250802B,U2OS,gapdh,tnpo1,rep3image03,ch1,97,10.2893,16072.7783,250802B_U2OS_gapdh_tnpo1_rep3image03_ch1,6
250802B,U2OS,gapdh,tnpo1,rep3image03,ch1,98,10.3965,16004.416,250802B_U2OS_gapdh_tnpo1_rep3image03_ch1,7
250802B,U2OS,gapdh,tnpo1,rep3image03,ch1,99,10.5036,15894.252,250802B_U2OS_gapdh_tnpo1_rep3image03_ch1,8
250802B,U2OS,gapdh,tnpo1,rep3image03,ch1,100,10.6108,15737.8584,250802B_U2OS_gapdh_tnpo1_rep3image03_ch1,9
250802B,U2OS,gapdh,tnpo1,rep3image03,ch1,101,10.718,15444.3496,250802B_U2OS_gapdh_tnpo1_rep3image03_ch1,10
250802B,U2OS,gapdh,tnpo1,rep3image03,ch1,102,10.8252,15137.6143,250802B_U2OS_gapdh_tnpo1_rep3image03_ch1,11
250802B,U2OS,gapdh,tnpo1,rep3image03,ch1,103,10.9324,15071.9434,250802B_U2OS_gapdh_tnpo1_rep3image03_ch1,12
250802B,U2OS,gapdh,tnpo1,rep3image03,ch1,104,11.0395,15088.083,250802B_U2OS_gapdh_tnpo1_rep3image03_ch1,13
250802B,U2OS,gapdh,tnpo1,rep3image03,ch1,105,11.1467,15289.4961,250802B_U2OS_gapdh_tnpo1_rep3image03_ch1,14
250802B,U2OS,gapdh,tnpo1,rep3image03,ch1,106,11.2539,15571.4326,250802B_U2OS_gapdh_tnpo1_rep3image03_ch1,15
250802B,U2OS,gapdh,tnpo1,rep3image03,ch1,107,11.3611,15824.041,250802B_U2OS_gapdh_tnpo1_rep3image03_ch1,16
250802B,U2OS,gapdh,tnpo1,rep3image03,ch1,108,11.4683,15911.7383,250802B_U2OS_gapdh_tnpo1_rep3image03_ch1,17
250802B,U2OS,gapdh,tnpo1,rep3image03,ch1,109,11.5754,15983.5264,250802B_U2OS_gapdh_tnpo1_rep3image03_ch1,18
250802B,U2OS,gapdh,tnpo1,rep3image03,ch1,110,11.6826,16030.1836,250802B_U2OS_gapdh_tnpo1_rep3image03_ch1,19
250802B,U2OS,gapdh,tnpo1,rep3image03,ch1,111,11.7898,16030.5088,250802B_U2OS_gapdh_tnpo1_rep3image03_ch1,20
250802B,U2OS,gapdh,tnpo1,rep3image03,ch1,112,11.897,16007.1104,250802B_U2OS_gapdh_tnpo1_rep3image03_ch1,21
250802B,U2OS,gapdh,tnpo1,rep3image03,ch1,113,12.0042,15914.418,250802B_U2OS_gapdh_tnpo1_rep3image03_ch1,22
250802B,U2OS,gapdh,tnpo1,rep3image03,ch1,114,12.1113,15746.7158,250802B_U2OS_gapdh_tnpo1_rep3image03_ch1,23
250802B,U2OS,gapdh,tnpo1,rep3image03,ch1,115,12.2185,15618.083,250802B_U2OS_gapdh_tnpo1_rep3image03_ch1,24
250802B,U2OS,gapdh,tnpo1,rep3image03,ch1,116,12.3257,15602.3721,250802B_U2OS_gapdh_tnpo1_rep3image03_ch1,25
250802B,U2OS,gapdh,tnpo1,rep3image03,ch1,117,12.4329,15724.8369,250802B_U2OS_gapdh_tnpo1_rep3image03_ch1,26
250802B,U2OS,gapdh,tnpo1,rep3image03,ch1,118,12.5401,15932.6934,250802B_U2OS_gapdh_tnpo1_rep3image03_ch1,27
250802B,U2OS,gapdh,tnpo1,rep3image03,ch1,119,12.6472,16161.4287,250802B_U2OS_gapdh_tnpo1_rep3image03_ch1,28
250802B,U2OS,gapdh,tnpo1,rep3image03,ch1,120,12.7544,16348.457,250802B_U2OS_gapdh_tnpo1_rep3image03_ch1,29
250802B,U2OS,gapdh,tnpo1,rep3image03,ch1,121,12.8616,16410.6289,250802B_U2OS_gapdh_tnpo1_rep3image03_ch1,30
250802B,U2OS,gapdh,tnpo1,rep3image03,ch1,122,12.9688,16287.1416,250802B_U2OS_gapdh_tnpo1_rep3image03_ch1,31
250802B,U2OS,gapdh,tnpo1,rep3image03,ch1,123,13.076,16004.3262,250802B_U2OS_gapdh_tnpo1_rep3image03_ch1,32
250802B,U2OS,gapdh,tnpo1,rep3image03,ch1,124,13.1831,15848.627,250802B_U2OS_gapdh_tnpo1_rep3image03_ch1,33
250802B,U2OS,gapdh,tnpo1,rep3image03,ch1,125,13.2903,15857.8828,250802B_U2OS_gapdh_tnpo1_rep3image03_ch1,34
250802B,U2OS,gapdh,tnpo1,rep3image03,ch1,126,13.3975,16013.8018,250802B_U2OS_gapdh_tnpo1_rep3image03_ch1,35
250802B,U2OS,gapdh,tnpo1,rep3image03,ch1,127,13.5047,16209.9521,250802B_U2OS_gapdh_tnpo1_rep3image03_ch1,36
250802B,U2OS,gapdh,tnpo1,rep3image03,ch1,128,13.6119,16311.5029,250802B_U2OS_gapdh_tnpo1_rep3image03_ch1,37
250802B,U2OS,gapdh,tnpo1,rep3image03,ch1,129,13.719,16316.0752,250802B_U2OS_gapdh_tnpo1_rep3image03_ch1,38
250802B,U2OS,gapdh,tnpo1,rep3image03,ch1,130,13.8262,16264.791,250802B_U2OS_gapdh_tnpo1_rep3image03_ch1,39
250802B,U2OS,gapdh,tnpo1,rep3image03,ch1,131,13.9334,16340.4199,250802B_U2OS_gapdh_tnpo1_rep3image03_ch1,40
250802B,U2OS,gapdh,tnpo1,rep3image03,ch1,132,14.0406,16541.3262,250802B_U2OS_gapdh_tnpo1_rep3image03_ch1,41
250802B,U2OS,gapdh,tnpo1,rep3image03,ch1,133,14.1478,16602.877,250802B_U2OS_gapdh_tnpo1_rep3image03_ch1,42
250802B,U2OS,gapdh,tnpo1,rep3image03,ch1,134,14.2549,16510.6445,250802B_U2OS_gapdh_tnpo1_rep3image03_ch1,43
250802B,U2OS,gapdh,tnpo1,rep3image03,ch1,135,14.3621,16322.3174,250802B_U2OS_gapdh_tnpo1_rep3image03_ch1,44
250802B,U2OS,gapdh,tnpo1,rep3image03,ch1,136,14.4693,16144.085,250802B_U2OS_gapdh_tnpo1_rep3image03_ch1,45
250802B,U2OS,gapdh,tnpo1,rep3image03,ch1,137,14.5765,16127.8398,250802B_U2OS_gapdh_tnpo1_rep3image03_ch1,46
250802B,U2OS,gapdh,tnpo1,rep3image03,ch1,138,14.6837,16259.8281,250802B_U2OS_gapdh_tnpo1_rep3image03_ch1,47
250802B,U2OS,gapdh,tnpo1,rep3image03,ch1,139,14.7908,16396.2285,250802B_U2OS_gapdh_tnpo1_rep3image03_ch1,48
250802B,U2OS,gapdh,tnpo1,rep3image03,ch1,140,14.898,16553.9531,250802B_U2OS_gapdh_tnpo1_rep3image03_ch1,49
250802B,U2OS,gapdh,tnpo1,rep3image03,ch1,141,15.0052,16627.5059,250802B_U2OS_gapdh_tnpo1_rep3image03_ch1,50
250802B,U2OS,gapdh,tnpo1,rep3image03,ch1,142,15.1124,16560.7676,250802B_U2OS_gapdh_tnpo1_rep3image03_ch1,51
250802B,U2OS,gapdh,tnpo1,rep3image03,ch1,143,15.2196,16449.8203,250802B_U2OS_gapdh_tnpo1_rep3image03_ch1,52
250802B,U2OS,gapdh,tnpo1,rep3image03,ch1,144,15.3267,16342.2744,250802B_U2OS_gapdh_tnpo1_rep3image03_ch1,53
250802B,U2OS,gapdh,tnpo1,rep3image03,ch1,145,15.4339,16285.0156,250802B_U2OS_gapdh_tnpo1_rep3image03_ch1,54
250802B,U2OS,gapdh,tnpo1,rep3image03,ch1,146,15.5411,16188.2021,250802B_U2OS_gapdh_tnpo1_rep3image03_ch1,55
250802B,U2OS,gapdh,tnpo1,rep3image03,ch1,147,15.6483,16083.7314,250802B_U2OS_gapdh_tnpo1_rep3image03_ch1,56
250802B,U2OS,gapdh,tnpo1,rep3image03,ch1,148,15.7555,15995.3965,250802B_U2OS_gapdh_tnpo1_rep3image03_ch1,57
250802B,U2OS,gapdh,tnpo1,rep3image03,ch1,149,15.8626,15986.2432,250802B_U2OS_gapdh_tnpo1_rep3image03_ch1,58
250802B,U2OS,gapdh,tnpo1,rep3image03,ch1,150,15.9698,16130.1377,250802B_U2OS_gapdh_tnpo1_rep3image03_ch1,59
250802B,U2OS,gapdh,tnpo1,rep3image03,ch1,151,16.077,16383.8105,250802B_U2OS_gapdh_tnpo1_rep3image03_ch1,60
250802B,U2OS,gapdh,tnpo1,rep3image03,ch1,152,16.1842,16729.6992,250802B_U2OS_gapdh_tnpo1_rep3image03_ch1,61
250802B,U2OS,gapdh,tnpo1,rep3image03,ch1,153,16.2914,17143.7754,250802B_U2OS_gapdh_tnpo1_rep3image03_ch1,62
250802B,U2OS,gapdh,tnpo1,rep3image03,ch1,154,16.3985,17507.2949,250802B_U2OS_gapdh_tnpo1_rep3image03_ch1,63
250802B,U2OS,gapdh,tnpo1,rep3image03,ch1,155,16.5057,17664.748,250802B_U2OS_gapdh_tnpo1_rep3image03_ch1,64
250802B,U2OS,gapdh,tnpo1,rep3image03,ch1,156,16.6129,17444.9961,250802B_U2OS_gapdh_tnpo1_rep3image03_ch1,65
250802B,U2OS,gapdh,tnpo1,rep3image03,ch1,157,16.7201,16951.1973,250802B_U2OS_gapdh_tnpo1_rep3image03_ch1,66
250802B,U2OS,gapdh,tnpo1,rep3image03,ch1,158,16.8273,16357.0703,250802B_U2OS_gapdh_tnpo1_rep3image03_ch1,67
250802B,U2OS,gapdh,tnpo1,rep3image03,ch1,159,16.9344,15893.9209,250802B_U2OS_gapdh_tnpo1_rep3image03_ch1,68
250802B,U2OS,gapdh,tnpo1,rep3image03,ch1,160,17.0416,15777.9355,250802B_U2OS_gapdh_tnpo1_rep3image03_ch1,69
250802B,U2OS,gapdh,tnpo1,rep3image03,ch1,161,17.1488,15933.3545,250802B_U2OS_gapdh_tnpo1_rep3image03_ch1,70
250802B,U2OS,gapdh,tnpo1,rep3image03,ch1,162,17.256,16262.3779,250802B_U2OS_gapdh_tnpo1_rep3image03_ch1,71
250802B,U2OS,gapdh,tnpo1,rep3image03,ch1,163,17.3632,16675.584,250802B_U2OS_gapdh_tnpo1_rep3image03_ch1,72
250802B,U2OS,gapdh,tnpo1,rep3image03,ch1,164,17.4703,16970.3027,250802B_U2OS_gapdh_tnpo1_rep3image03_ch1,73
250802B,U2OS,gapdh,tnpo1,rep3image03,ch1,165,17.5775,17093.7734,250802B_U2OS_gapdh_tnpo1_rep3image03_ch1,74
250802B,U2OS,gapdh,tnpo1,rep3image03,ch1,166,17.6847,17107.5664,250802B_U2OS_gapdh_tnpo1_rep3image03_ch1,75
250802B,U2OS,gapdh,tnpo1,rep3image03,ch1,167,17.7919,16989.1895,250802B_U2OS_gapdh_tnpo1_rep3image03_ch1,76
250802B,U2OS,gapdh,tnpo1,rep3image03,ch1,168,17.8991,16834.2754,250802B_U2OS_gapdh_tnpo1_rep3image03_ch1,77
250802B,U2OS,gapdh,tnpo1,rep3image03,ch1,169,18.0062,16797.5977,250802B_U2OS_gapdh_tnpo1_rep3image03_ch1,78
250802B,U2OS,gapdh,tnpo1,rep3image03,ch1,170,18.1134,16938.1582,250802B_U2OS_gapdh_tnpo1_rep3image03_ch1,79
250802B,U2OS,gapdh,tnpo1,rep3image03,ch1,171,18.2206,17171.3867,250802B_U2OS_gapdh_tnpo1_rep3image03_ch1,80
250802B,U2OS,gapdh,tnpo1,rep3image03,ch1,172,18.3278,17391.8809,250802B_U2OS_gapdh_tnpo1_rep3image03_ch1,81
250802B,U2OS,gapdh,tnpo1,rep3image03,ch1,173,18.435,17332.3184,250802B_U2OS_gapdh_tnpo1_rep3image03_ch1,82
250802B,U2OS,gapdh,tnpo1,rep3image03,ch1,174,18.5421,17080.916,250802B_U2OS_gapdh_tnpo1_rep3image03_ch1,83
250802B,U2OS,gapdh,tnpo1,rep3image03,ch1,175,18.6493,16865.2988,250802B_U2OS_gapdh_tnpo1_rep3image03_ch1,84
250802B,U2OS,gapdh,tnpo1,rep3image03,ch1,176,18.7565,16628.1699,250802B_U2OS_gapdh_tnpo1_rep3image03_ch1,85
250802B,U2OS,gapdh,tnpo1,rep3image03,ch1,177,18.8637,16434.9766,250802B_U2OS_gapdh_tnpo1_rep3image03_ch1,86
250802B,U2OS,gapdh,tnpo1,rep3image03,ch1,178,18.9709,16426.3984,250802B_U2OS_gapdh_tnpo1_rep3image03_ch1,87
250802B,U2OS,gapdh,tnpo1,rep3image03,ch1,179,19.078,16536.127,250802B_U2OS_gapdh_tnpo1_rep3image03_ch1,88
250802B,U2OS,gapdh,tnpo1,rep3image03,ch1,180,19.1852,16685.1738,250802B_U2OS_gapdh_tnpo1_rep3image03_ch1,89
250802B,U2OS,gapdh,tnpo1,rep3image03,ch1,181,19.2924,16676.7617,250802B_U2OS_gapdh_tnpo1_rep3image03_ch1,90
250802B,U2OS,gapdh,tnpo1,rep3image03,ch2,1,0,2638.7029000000002,250802B_U2OS_gapdh_tnpo1_rep3image03_ch2,-90
250802B,U2OS,gapdh,tnpo1,rep3image03,ch2,2,0.1072,2626.1128,250802B_U2OS_gapdh_tnpo1_rep3image03_ch2,-89
250802B,U2OS,gapdh,tnpo1,rep3image03,ch2,3,0.2144,2608.197,250802B_U2OS_gapdh_tnpo1_rep3image03_ch2,-88
250802B,U2OS,gapdh,tnpo1,rep3image03,ch2,4,0.3215,2578.4946,250802B_U2OS_gapdh_tnpo1_rep3image03_ch2,-87
250802B,U2OS,gapdh,tnpo1,rep3image03,ch2,5,0.4287,2558.6321,250802B_U2OS_gapdh_tnpo1_rep3image03_ch2,-86
250802B,U2OS,gapdh,tnpo1,rep3image03,ch2,6,0.5359,2545.0886,250802B_U2OS_gapdh_tnpo1_rep3image03_ch2,-85
250802B,U2OS,gapdh,tnpo1,rep3image03,ch2,7,0.6431,2533.5042,250802B_U2OS_gapdh_tnpo1_rep3image03_ch2,-84
250802B,U2OS,gapdh,tnpo1,rep3image03,ch2,8,0.7503,2526.6875,250802B_U2OS_gapdh_tnpo1_rep3image03_ch2,-83
250802B,U2OS,gapdh,tnpo1,rep3image03,ch2,9,0.8574,2514.1196,250802B_U2OS_gapdh_tnpo1_rep3image03_ch2,-82
250802B,U2OS,gapdh,tnpo1,rep3image03,ch2,10,0.9646,2484.668,250802B_U2OS_gapdh_tnpo1_rep3image03_ch2,-81
250802B,U2OS,gapdh,tnpo1,rep3image03,ch2,11,1.0718,2464.1777,250802B_U2OS_gapdh_tnpo1_rep3image03_ch2,-80
250802B,U2OS,gapdh,tnpo1,rep3image03,ch2,12,1.179,2458.7729,250802B_U2OS_gapdh_tnpo1_rep3image03_ch2,-79
250802B,U2OS,gapdh,tnpo1,rep3image03,ch2,13,1.2862,2459.449,250802B_U2OS_gapdh_tnpo1_rep3image03_ch2,-78
250802B,U2OS,gapdh,tnpo1,rep3image03,ch2,14,1.3933,2473.3833,250802B_U2OS_gapdh_tnpo1_rep3image03_ch2,-77
250802B,U2OS,gapdh,tnpo1,rep3image03,ch2,15,1.5005,2486.4185,250802B_U2OS_gapdh_tnpo1_rep3image03_ch2,-76
250802B,U2OS,gapdh,tnpo1,rep3image03,ch2,16,1.6077,2498.6243,250802B_U2OS_gapdh_tnpo1_rep3image03_ch2,-75
250802B,U2OS,gapdh,tnpo1,rep3image03,ch2,17,1.7149,2507.0293,250802B_U2OS_gapdh_tnpo1_rep3image03_ch2,-74
250802B,U2OS,gapdh,tnpo1,rep3image03,ch2,18,1.8221,2516.6929,250802B_U2OS_gapdh_tnpo1_rep3image03_ch2,-73
250802B,U2OS,gapdh,tnpo1,rep3image03,ch2,19,1.9292,2532.6128,250802B_U2OS_gapdh_tnpo1_rep3image03_ch2,-72
250802B,U2OS,gapdh,tnpo1,rep3image03,ch2,20,2.0364,2550.0122,250802B_U2OS_gapdh_tnpo1_rep3image03_ch2,-71
250802B,U2OS,gapdh,tnpo1,rep3image03,ch2,21,2.1436,2561.166,250802B_U2OS_gapdh_tnpo1_rep3image03_ch2,-70
250802B,U2OS,gapdh,tnpo1,rep3image03,ch2,22,2.2508,2547.3179,250802B_U2OS_gapdh_tnpo1_rep3image03_ch2,-69
250802B,U2OS,gapdh,tnpo1,rep3image03,ch2,23,2.358,2525.1892,250802B_U2OS_gapdh_tnpo1_rep3image03_ch2,-68
250802B,U2OS,gapdh,tnpo1,rep3image03,ch2,24,2.4651,2489.2058,250802B_U2OS_gapdh_tnpo1_rep3image03_ch2,-67
250802B,U2OS,gapdh,tnpo1,rep3image03,ch2,25,2.5723,2469.843,250802B_U2OS_gapdh_tnpo1_rep3image03_ch2,-66
250802B,U2OS,gapdh,tnpo1,rep3image03,ch2,26,2.6795,2458.6963,250802B_U2OS_gapdh_tnpo1_rep3image03_ch2,-65
250802B,U2OS,gapdh,tnpo1,rep3image03,ch2,27,2.7867,2459.6997,250802B_U2OS_gapdh_tnpo1_rep3image03_ch2,-64
250802B,U2OS,gapdh,tnpo1,rep3image03,ch2,28,2.8939,2469.2358,250802B_U2OS_gapdh_tnpo1_rep3image03_ch2,-63
250802B,U2OS,gapdh,tnpo1,rep3image03,ch2,29,3.001,2483.1992,250802B_U2OS_gapdh_tnpo1_rep3image03_ch2,-62
250802B,U2OS,gapdh,tnpo1,rep3image03,ch2,30,3.1082,2505.2827,250802B_U2OS_gapdh_tnpo1_rep3image03_ch2,-61
250802B,U2OS,gapdh,tnpo1,rep3image03,ch2,31,3.2154,2528.665,250802B_U2OS_gapdh_tnpo1_rep3image03_ch2,-60
250802B,U2OS,gapdh,tnpo1,rep3image03,ch2,32,3.3226,2550.3164,250802B_U2OS_gapdh_tnpo1_rep3image03_ch2,-59
250802B,U2OS,gapdh,tnpo1,rep3image03,ch2,33,3.4298,2560.3516,250802B_U2OS_gapdh_tnpo1_rep3image03_ch2,-58
250802B,U2OS,gapdh,tnpo1,rep3image03,ch2,34,3.5369,2584.7046,250802B_U2OS_gapdh_tnpo1_rep3image03_ch2,-57
250802B,U2OS,gapdh,tnpo1,rep3image03,ch2,35,3.6441,2614.9143,250802B_U2OS_gapdh_tnpo1_rep3image03_ch2,-56
250802B,U2OS,gapdh,tnpo1,rep3image03,ch2,36,3.7513,2628.8787,250802B_U2OS_gapdh_tnpo1_rep3image03_ch2,-55
250802B,U2OS,gapdh,tnpo1,rep3image03,ch2,37,3.8585,2646.3423,250802B_U2OS_gapdh_tnpo1_rep3image03_ch2,-54
250802B,U2OS,gapdh,tnpo1,rep3image03,ch2,38,3.9657,2648.6631,250802B_U2OS_gapdh_tnpo1_rep3image03_ch2,-53
250802B,U2OS,gapdh,tnpo1,rep3image03,ch2,39,4.0728,2633.0979,250802B_U2OS_gapdh_tnpo1_rep3image03_ch2,-52
250802B,U2OS,gapdh,tnpo1,rep3image03,ch2,40,4.18,2611.7429,250802B_U2OS_gapdh_tnpo1_rep3image03_ch2,-51
250802B,U2OS,gapdh,tnpo1,rep3image03,ch2,41,4.2872,2588.0745,250802B_U2OS_gapdh_tnpo1_rep3image03_ch2,-50
250802B,U2OS,gapdh,tnpo1,rep3image03,ch2,42,4.3944,2563.4458,250802B_U2OS_gapdh_tnpo1_rep3image03_ch2,-49
250802B,U2OS,gapdh,tnpo1,rep3image03,ch2,43,4.5016,2556.1846,250802B_U2OS_gapdh_tnpo1_rep3image03_ch2,-48
250802B,U2OS,gapdh,tnpo1,rep3image03,ch2,44,4.6087,2560.772,250802B_U2OS_gapdh_tnpo1_rep3image03_ch2,-47
250802B,U2OS,gapdh,tnpo1,rep3image03,ch2,45,4.7159,2549.9915,250802B_U2OS_gapdh_tnpo1_rep3image03_ch2,-46
250802B,U2OS,gapdh,tnpo1,rep3image03,ch2,46,4.8231,2546.647,250802B_U2OS_gapdh_tnpo1_rep3image03_ch2,-45
250802B,U2OS,gapdh,tnpo1,rep3image03,ch2,47,4.9303,2550.3264,250802B_U2OS_gapdh_tnpo1_rep3image03_ch2,-44
250802B,U2OS,gapdh,tnpo1,rep3image03,ch2,48,5.0375,2561.5776,250802B_U2OS_gapdh_tnpo1_rep3image03_ch2,-43
250802B,U2OS,gapdh,tnpo1,rep3image03,ch2,49,5.1446,2570.417,250802B_U2OS_gapdh_tnpo1_rep3image03_ch2,-42
250802B,U2OS,gapdh,tnpo1,rep3image03,ch2,50,5.2518,2589.0945,250802B_U2OS_gapdh_tnpo1_rep3image03_ch2,-41
250802B,U2OS,gapdh,tnpo1,rep3image03,ch2,51,5.359,2598.0913,250802B_U2OS_gapdh_tnpo1_rep3image03_ch2,-40
250802B,U2OS,gapdh,tnpo1,rep3image03,ch2,52,5.4662,2614.0054,250802B_U2OS_gapdh_tnpo1_rep3image03_ch2,-39
250802B,U2OS,gapdh,tnpo1,rep3image03,ch2,53,5.5734,2617.9458,250802B_U2OS_gapdh_tnpo1_rep3image03_ch2,-38
250802B,U2OS,gapdh,tnpo1,rep3image03,ch2,54,5.6805,2624.1865,250802B_U2OS_gapdh_tnpo1_rep3image03_ch2,-37
250802B,U2OS,gapdh,tnpo1,rep3image03,ch2,55,5.7877,2643.8972,250802B_U2OS_gapdh_tnpo1_rep3image03_ch2,-36
250802B,U2OS,gapdh,tnpo1,rep3image03,ch2,56,5.8949,2663.019,250802B_U2OS_gapdh_tnpo1_rep3image03_ch2,-35
250802B,U2OS,gapdh,tnpo1,rep3image03,ch2,57,6.0021,2694.8286,250802B_U2OS_gapdh_tnpo1_rep3image03_ch2,-34
250802B,U2OS,gapdh,tnpo1,rep3image03,ch2,58,6.1093,2729.2644,250802B_U2OS_gapdh_tnpo1_rep3image03_ch2,-33
250802B,U2OS,gapdh,tnpo1,rep3image03,ch2,59,6.2164,2762.4624,250802B_U2OS_gapdh_tnpo1_rep3image03_ch2,-32
250802B,U2OS,gapdh,tnpo1,rep3image03,ch2,60,6.3236,2791.0569,250802B_U2OS_gapdh_tnpo1_rep3image03_ch2,-31
250802B,U2OS,gapdh,tnpo1,rep3image03,ch2,61,6.4308,2812.3171,250802B_U2OS_gapdh_tnpo1_rep3image03_ch2,-30
250802B,U2OS,gapdh,tnpo1,rep3image03,ch2,62,6.538,2825.8018,250802B_U2OS_gapdh_tnpo1_rep3image03_ch2,-29
250802B,U2OS,gapdh,tnpo1,rep3image03,ch2,63,6.6452,2841.7017,250802B_U2OS_gapdh_tnpo1_rep3image03_ch2,-28
250802B,U2OS,gapdh,tnpo1,rep3image03,ch2,64,6.7523,2859.9658,250802B_U2OS_gapdh_tnpo1_rep3image03_ch2,-27
250802B,U2OS,gapdh,tnpo1,rep3image03,ch2,65,6.8595,2854.0679,250802B_U2OS_gapdh_tnpo1_rep3image03_ch2,-26
250802B,U2OS,gapdh,tnpo1,rep3image03,ch2,66,6.9667,2843.6804,250802B_U2OS_gapdh_tnpo1_rep3image03_ch2,-25
250802B,U2OS,gapdh,tnpo1,rep3image03,ch2,67,7.0739,2841.0015,250802B_U2OS_gapdh_tnpo1_rep3image03_ch2,-24
250802B,U2OS,gapdh,tnpo1,rep3image03,ch2,68,7.1811,2849.0007,250802B_U2OS_gapdh_tnpo1_rep3image03_ch2,-23
250802B,U2OS,gapdh,tnpo1,rep3image03,ch2,69,7.2882,2875.2385,250802B_U2OS_gapdh_tnpo1_rep3image03_ch2,-22
250802B,U2OS,gapdh,tnpo1,rep3image03,ch2,70,7.3954,2901.781,250802B_U2OS_gapdh_tnpo1_rep3image03_ch2,-21
250802B,U2OS,gapdh,tnpo1,rep3image03,ch2,71,7.5026,2929.5361,250802B_U2OS_gapdh_tnpo1_rep3image03_ch2,-20
250802B,U2OS,gapdh,tnpo1,rep3image03,ch2,72,7.6098,2947.6951,250802B_U2OS_gapdh_tnpo1_rep3image03_ch2,-19
250802B,U2OS,gapdh,tnpo1,rep3image03,ch2,73,7.717,2957.8293,250802B_U2OS_gapdh_tnpo1_rep3image03_ch2,-18
250802B,U2OS,gapdh,tnpo1,rep3image03,ch2,74,7.8241,2951.8445,250802B_U2OS_gapdh_tnpo1_rep3image03_ch2,-17
250802B,U2OS,gapdh,tnpo1,rep3image03,ch2,75,7.9313,2950.8469,250802B_U2OS_gapdh_tnpo1_rep3image03_ch2,-16
250802B,U2OS,gapdh,tnpo1,rep3image03,ch2,76,8.0385,2959.7363,250802B_U2OS_gapdh_tnpo1_rep3image03_ch2,-15
250802B,U2OS,gapdh,tnpo1,rep3image03,ch2,77,8.1457,2979.6516,250802B_U2OS_gapdh_tnpo1_rep3image03_ch2,-14
250802B,U2OS,gapdh,tnpo1,rep3image03,ch2,78,8.2529,3023.9019,250802B_U2OS_gapdh_tnpo1_rep3image03_ch2,-13
250802B,U2OS,gapdh,tnpo1,rep3image03,ch2,79,8.36,3061.5076,250802B_U2OS_gapdh_tnpo1_rep3image03_ch2,-12
250802B,U2OS,gapdh,tnpo1,rep3image03,ch2,80,8.4672,3083.5664,250802B_U2OS_gapdh_tnpo1_rep3image03_ch2,-11
250802B,U2OS,gapdh,tnpo1,rep3image03,ch2,81,8.5744,3103.0532,250802B_U2OS_gapdh_tnpo1_rep3image03_ch2,-10
250802B,U2OS,gapdh,tnpo1,rep3image03,ch2,82,8.6816,3127.2163,250802B_U2OS_gapdh_tnpo1_rep3image03_ch2,-9
250802B,U2OS,gapdh,tnpo1,rep3image03,ch2,83,8.7888,3164.9275,250802B_U2OS_gapdh_tnpo1_rep3image03_ch2,-8
250802B,U2OS,gapdh,tnpo1,rep3image03,ch2,84,8.8959,3227.1926,250802B_U2OS_gapdh_tnpo1_rep3image03_ch2,-7
250802B,U2OS,gapdh,tnpo1,rep3image03,ch2,85,9.0031,3284.6453,250802B_U2OS_gapdh_tnpo1_rep3image03_ch2,-6
250802B,U2OS,gapdh,tnpo1,rep3image03,ch2,86,9.1103,3317.4856,250802B_U2OS_gapdh_tnpo1_rep3image03_ch2,-5
250802B,U2OS,gapdh,tnpo1,rep3image03,ch2,87,9.2175,3312.2385,250802B_U2OS_gapdh_tnpo1_rep3image03_ch2,-4
250802B,U2OS,gapdh,tnpo1,rep3image03,ch2,88,9.3247,3280.6194,250802B_U2OS_gapdh_tnpo1_rep3image03_ch2,-3
250802B,U2OS,gapdh,tnpo1,rep3image03,ch2,89,9.4318,3268.27,250802B_U2OS_gapdh_tnpo1_rep3image03_ch2,-2
250802B,U2OS,gapdh,tnpo1,rep3image03,ch2,90,9.539,3259.7703,250802B_U2OS_gapdh_tnpo1_rep3image03_ch2,-1
250802B,U2OS,gapdh,tnpo1,rep3image03,ch2,91,9.6462,3254.2239,250802B_U2OS_gapdh_tnpo1_rep3image03_ch2,0
250802B,U2OS,gapdh,tnpo1,rep3image03,ch2,92,9.7534,3267.8547,250802B_U2OS_gapdh_tnpo1_rep3image03_ch2,1
250802B,U2OS,gapdh,tnpo1,rep3image03,ch2,93,9.8606,3297.9929,250802B_U2OS_gapdh_tnpo1_rep3image03_ch2,2
250802B,U2OS,gapdh,tnpo1,rep3image03,ch2,94,9.9677,3345.0017,250802B_U2OS_gapdh_tnpo1_rep3image03_ch2,3
250802B,U2OS,gapdh,tnpo1,rep3image03,ch2,95,10.0749,3386.0923,250802B_U2OS_gapdh_tnpo1_rep3image03_ch2,4
250802B,U2OS,gapdh,tnpo1,rep3image03,ch2,96,10.1821,3452.3967,250802B_U2OS_gapdh_tnpo1_rep3image03_ch2,5
250802B,U2OS,gapdh,tnpo1,rep3image03,ch2,97,10.2893,3517.2935,250802B_U2OS_gapdh_tnpo1_rep3image03_ch2,6
250802B,U2OS,gapdh,tnpo1,rep3image03,ch2,98,10.3965,3586.2593,250802B_U2OS_gapdh_tnpo1_rep3image03_ch2,7
250802B,U2OS,gapdh,tnpo1,rep3image03,ch2,99,10.5036,3630.5444,250802B_U2OS_gapdh_tnpo1_rep3image03_ch2,8
250802B,U2OS,gapdh,tnpo1,rep3image03,ch2,100,10.6108,3652.8848,250802B_U2OS_gapdh_tnpo1_rep3image03_ch2,9
250802B,U2OS,gapdh,tnpo1,rep3image03,ch2,101,10.718,3679.793,250802B_U2OS_gapdh_tnpo1_rep3image03_ch2,10
250802B,U2OS,gapdh,tnpo1,rep3image03,ch2,102,10.8252,3709.3398,250802B_U2OS_gapdh_tnpo1_rep3image03_ch2,11
250802B,U2OS,gapdh,tnpo1,rep3image03,ch2,103,10.9324,3750.3325,250802B_U2OS_gapdh_tnpo1_rep3image03_ch2,12
250802B,U2OS,gapdh,tnpo1,rep3image03,ch2,104,11.0395,3768.6501,250802B_U2OS_gapdh_tnpo1_rep3image03_ch2,13
250802B,U2OS,gapdh,tnpo1,rep3image03,ch2,105,11.1467,3801.8501,250802B_U2OS_gapdh_tnpo1_rep3image03_ch2,14
250802B,U2OS,gapdh,tnpo1,rep3image03,ch2,106,11.2539,3808.2917,250802B_U2OS_gapdh_tnpo1_rep3image03_ch2,15
250802B,U2OS,gapdh,tnpo1,rep3image03,ch2,107,11.3611,3809.1074,250802B_U2OS_gapdh_tnpo1_rep3image03_ch2,16
250802B,U2OS,gapdh,tnpo1,rep3image03,ch2,108,11.4683,3817.5566,250802B_U2OS_gapdh_tnpo1_rep3image03_ch2,17
250802B,U2OS,gapdh,tnpo1,rep3image03,ch2,109,11.5754,3834.5,250802B_U2OS_gapdh_tnpo1_rep3image03_ch2,18
250802B,U2OS,gapdh,tnpo1,rep3image03,ch2,110,11.6826,3820.5193,250802B_U2OS_gapdh_tnpo1_rep3image03_ch2,19
250802B,U2OS,gapdh,tnpo1,rep3image03,ch2,111,11.7898,3790.3071,250802B_U2OS_gapdh_tnpo1_rep3image03_ch2,20
250802B,U2OS,gapdh,tnpo1,rep3image03,ch2,112,11.897,3708.9382,250802B_U2OS_gapdh_tnpo1_rep3image03_ch2,21
250802B,U2OS,gapdh,tnpo1,rep3image03,ch2,113,12.0042,3611.7764,250802B_U2OS_gapdh_tnpo1_rep3image03_ch2,22
250802B,U2OS,gapdh,tnpo1,rep3image03,ch2,114,12.1113,3546.0852,250802B_U2OS_gapdh_tnpo1_rep3image03_ch2,23
250802B,U2OS,gapdh,tnpo1,rep3image03,ch2,115,12.2185,3513.1592,250802B_U2OS_gapdh_tnpo1_rep3image03_ch2,24
250802B,U2OS,gapdh,tnpo1,rep3image03,ch2,116,12.3257,3494.8049,250802B_U2OS_gapdh_tnpo1_rep3image03_ch2,25
250802B,U2OS,gapdh,tnpo1,rep3image03,ch2,117,12.4329,3477.0281,250802B_U2OS_gapdh_tnpo1_rep3image03_ch2,26
250802B,U2OS,gapdh,tnpo1,rep3image03,ch2,118,12.5401,3472.0342,250802B_U2OS_gapdh_tnpo1_rep3image03_ch2,27
250802B,U2OS,gapdh,tnpo1,rep3image03,ch2,119,12.6472,3449.7153,250802B_U2OS_gapdh_tnpo1_rep3image03_ch2,28
250802B,U2OS,gapdh,tnpo1,rep3image03,ch2,120,12.7544,3438.71,250802B_U2OS_gapdh_tnpo1_rep3image03_ch2,29
250802B,U2OS,gapdh,tnpo1,rep3image03,ch2,121,12.8616,3423.78,250802B_U2OS_gapdh_tnpo1_rep3image03_ch2,30
250802B,U2OS,gapdh,tnpo1,rep3image03,ch2,122,12.9688,3408.9595,250802B_U2OS_gapdh_tnpo1_rep3image03_ch2,31
250802B,U2OS,gapdh,tnpo1,rep3image03,ch2,123,13.076,3415.4817,250802B_U2OS_gapdh_tnpo1_rep3image03_ch2,32
250802B,U2OS,gapdh,tnpo1,rep3image03,ch2,124,13.1831,3415.8342,250802B_U2OS_gapdh_tnpo1_rep3image03_ch2,33
250802B,U2OS,gapdh,tnpo1,rep3image03,ch2,125,13.2903,3405.248,250802B_U2OS_gapdh_tnpo1_rep3image03_ch2,34
250802B,U2OS,gapdh,tnpo1,rep3image03,ch2,126,13.3975,3389.8044,250802B_U2OS_gapdh_tnpo1_rep3image03_ch2,35
250802B,U2OS,gapdh,tnpo1,rep3image03,ch2,127,13.5047,3382.6904,250802B_U2OS_gapdh_tnpo1_rep3image03_ch2,36
250802B,U2OS,gapdh,tnpo1,rep3image03,ch2,128,13.6119,3373.7766,250802B_U2OS_gapdh_tnpo1_rep3image03_ch2,37
250802B,U2OS,gapdh,tnpo1,rep3image03,ch2,129,13.719,3364.854,250802B_U2OS_gapdh_tnpo1_rep3image03_ch2,38
250802B,U2OS,gapdh,tnpo1,rep3image03,ch2,130,13.8262,3351.9729,250802B_U2OS_gapdh_tnpo1_rep3image03_ch2,39
250802B,U2OS,gapdh,tnpo1,rep3image03,ch2,131,13.9334,3330.6526,250802B_U2OS_gapdh_tnpo1_rep3image03_ch2,40
250802B,U2OS,gapdh,tnpo1,rep3image03,ch2,132,14.0406,3313.3523,250802B_U2OS_gapdh_tnpo1_rep3image03_ch2,41
250802B,U2OS,gapdh,tnpo1,rep3image03,ch2,133,14.1478,3290.7908,250802B_U2OS_gapdh_tnpo1_rep3image03_ch2,42
250802B,U2OS,gapdh,tnpo1,rep3image03,ch2,134,14.2549,3262.1174,250802B_U2OS_gapdh_tnpo1_rep3image03_ch2,43
250802B,U2OS,gapdh,tnpo1,rep3image03,ch2,135,14.3621,3249.5183,250802B_U2OS_gapdh_tnpo1_rep3image03_ch2,44
250802B,U2OS,gapdh,tnpo1,rep3image03,ch2,136,14.4693,3249.2095,250802B_U2OS_gapdh_tnpo1_rep3image03_ch2,45
250802B,U2OS,gapdh,tnpo1,rep3image03,ch2,137,14.5765,3251.9224,250802B_U2OS_gapdh_tnpo1_rep3image03_ch2,46
250802B,U2OS,gapdh,tnpo1,rep3image03,ch2,138,14.6837,3261.8176,250802B_U2OS_gapdh_tnpo1_rep3image03_ch2,47
250802B,U2OS,gapdh,tnpo1,rep3image03,ch2,139,14.7908,3251.8103,250802B_U2OS_gapdh_tnpo1_rep3image03_ch2,48
250802B,U2OS,gapdh,tnpo1,rep3image03,ch2,140,14.898,3242.8652,250802B_U2OS_gapdh_tnpo1_rep3image03_ch2,49
250802B,U2OS,gapdh,tnpo1,rep3image03,ch2,141,15.0052,3227.6531,250802B_U2OS_gapdh_tnpo1_rep3image03_ch2,50
250802B,U2OS,gapdh,tnpo1,rep3image03,ch2,142,15.1124,3218.8228,250802B_U2OS_gapdh_tnpo1_rep3image03_ch2,51
250802B,U2OS,gapdh,tnpo1,rep3image03,ch2,143,15.2196,3225.2942,250802B_U2OS_gapdh_tnpo1_rep3image03_ch2,52
250802B,U2OS,gapdh,tnpo1,rep3image03,ch2,144,15.3267,3213.4194,250802B_U2OS_gapdh_tnpo1_rep3image03_ch2,53
250802B,U2OS,gapdh,tnpo1,rep3image03,ch2,145,15.4339,3193.1772,250802B_U2OS_gapdh_tnpo1_rep3image03_ch2,54
250802B,U2OS,gapdh,tnpo1,rep3image03,ch2,146,15.5411,3192.4822,250802B_U2OS_gapdh_tnpo1_rep3image03_ch2,55
250802B,U2OS,gapdh,tnpo1,rep3image03,ch2,147,15.6483,3175.5598,250802B_U2OS_gapdh_tnpo1_rep3image03_ch2,56
250802B,U2OS,gapdh,tnpo1,rep3image03,ch2,148,15.7555,3163.575,250802B_U2OS_gapdh_tnpo1_rep3image03_ch2,57
250802B,U2OS,gapdh,tnpo1,rep3image03,ch2,149,15.8626,3155.447,250802B_U2OS_gapdh_tnpo1_rep3image03_ch2,58
250802B,U2OS,gapdh,tnpo1,rep3image03,ch2,150,15.9698,3138.4597,250802B_U2OS_gapdh_tnpo1_rep3image03_ch2,59
250802B,U2OS,gapdh,tnpo1,rep3image03,ch2,151,16.077,3116.7827,250802B_U2OS_gapdh_tnpo1_rep3image03_ch2,60
250802B,U2OS,gapdh,tnpo1,rep3image03,ch2,152,16.1842,3106.8657,250802B_U2OS_gapdh_tnpo1_rep3image03_ch2,61
250802B,U2OS,gapdh,tnpo1,rep3image03,ch2,153,16.2914,3095.2864,250802B_U2OS_gapdh_tnpo1_rep3image03_ch2,62
250802B,U2OS,gapdh,tnpo1,rep3image03,ch2,154,16.3985,3073.7317,250802B_U2OS_gapdh_tnpo1_rep3image03_ch2,63
250802B,U2OS,gapdh,tnpo1,rep3image03,ch2,155,16.5057,3040.873,250802B_U2OS_gapdh_tnpo1_rep3image03_ch2,64
250802B,U2OS,gapdh,tnpo1,rep3image03,ch2,156,16.6129,2989.3503,250802B_U2OS_gapdh_tnpo1_rep3image03_ch2,65
250802B,U2OS,gapdh,tnpo1,rep3image03,ch2,157,16.7201,2936.5317,250802B_U2OS_gapdh_tnpo1_rep3image03_ch2,66
250802B,U2OS,gapdh,tnpo1,rep3image03,ch2,158,16.8273,2889.5884,250802B_U2OS_gapdh_tnpo1_rep3image03_ch2,67
250802B,U2OS,gapdh,tnpo1,rep3image03,ch2,159,16.9344,2848.7949,250802B_U2OS_gapdh_tnpo1_rep3image03_ch2,68
250802B,U2OS,gapdh,tnpo1,rep3image03,ch2,160,17.0416,2823.5354,250802B_U2OS_gapdh_tnpo1_rep3image03_ch2,69
250802B,U2OS,gapdh,tnpo1,rep3image03,ch2,161,17.1488,2815.1924,250802B_U2OS_gapdh_tnpo1_rep3image03_ch2,70
250802B,U2OS,gapdh,tnpo1,rep3image03,ch2,162,17.256,2816.5747,250802B_U2OS_gapdh_tnpo1_rep3image03_ch2,71
250802B,U2OS,gapdh,tnpo1,rep3image03,ch2,163,17.3632,2816.3521,250802B_U2OS_gapdh_tnpo1_rep3image03_ch2,72
250802B,U2OS,gapdh,tnpo1,rep3image03,ch2,164,17.4703,2822.7886,250802B_U2OS_gapdh_tnpo1_rep3image03_ch2,73
250802B,U2OS,gapdh,tnpo1,rep3image03,ch2,165,17.5775,2841.802,250802B_U2OS_gapdh_tnpo1_rep3image03_ch2,74
250802B,U2OS,gapdh,tnpo1,rep3image03,ch2,166,17.6847,2846.5627,250802B_U2OS_gapdh_tnpo1_rep3image03_ch2,75
250802B,U2OS,gapdh,tnpo1,rep3image03,ch2,167,17.7919,2842.7568,250802B_U2OS_gapdh_tnpo1_rep3image03_ch2,76
250802B,U2OS,gapdh,tnpo1,rep3image03,ch2,168,17.8991,2836.4958,250802B_U2OS_gapdh_tnpo1_rep3image03_ch2,77
250802B,U2OS,gapdh,tnpo1,rep3image03,ch2,169,18.0062,2792.2832,250802B_U2OS_gapdh_tnpo1_rep3image03_ch2,78
250802B,U2OS,gapdh,tnpo1,rep3image03,ch2,170,18.1134,2749.6882,250802B_U2OS_gapdh_tnpo1_rep3image03_ch2,79
250802B,U2OS,gapdh,tnpo1,rep3image03,ch2,171,18.2206,2705.2988,250802B_U2OS_gapdh_tnpo1_rep3image03_ch2,80
250802B,U2OS,gapdh,tnpo1,rep3image03,ch2,172,18.3278,2663.8928,250802B_U2OS_gapdh_tnpo1_rep3image03_ch2,81
250802B,U2OS,gapdh,tnpo1,rep3image03,ch2,173,18.435,2643.2898,250802B_U2OS_gapdh_tnpo1_rep3image03_ch2,82
250802B,U2OS,gapdh,tnpo1,rep3image03,ch2,174,18.5421,2628.4456,250802B_U2OS_gapdh_tnpo1_rep3image03_ch2,83
250802B,U2OS,gapdh,tnpo1,rep3image03,ch2,175,18.6493,2611.4729,250802B_U2OS_gapdh_tnpo1_rep3image03_ch2,84
250802B,U2OS,gapdh,tnpo1,rep3image03,ch2,176,18.7565,2606.312,250802B_U2OS_gapdh_tnpo1_rep3image03_ch2,85
250802B,U2OS,gapdh,tnpo1,rep3image03,ch2,177,18.8637,2596.7515,250802B_U2OS_gapdh_tnpo1_rep3image03_ch2,86
250802B,U2OS,gapdh,tnpo1,rep3image03,ch2,178,18.9709,2571.6196,250802B_U2OS_gapdh_tnpo1_rep3image03_ch2,87
250802B,U2OS,gapdh,tnpo1,rep3image03,ch2,179,19.078,2555.7476,250802B_U2OS_gapdh_tnpo1_rep3image03_ch2,88
250802B,U2OS,gapdh,tnpo1,rep3image03,ch2,180,19.1852,2561.9438,250802B_U2OS_gapdh_tnpo1_rep3image03_ch2,89
250802B,U2OS,gapdh,tnpo1,rep3image03,ch2,181,19.2924,2588.1924,250802B_U2OS_gapdh_tnpo1_rep3image03_ch2,90
250802B,U2OS,gapdh,tnpo1,rep3image05,ch1,1,0,3418.6904,250802B_U2OS_gapdh_tnpo1_rep3image05_ch1,-90
250802B,U2OS,gapdh,tnpo1,rep3image05,ch1,2,0.1072,3443.9353,250802B_U2OS_gapdh_tnpo1_rep3image05_ch1,-89
250802B,U2OS,gapdh,tnpo1,rep3image05,ch1,3,0.2144,3502.4529000000002,250802B_U2OS_gapdh_tnpo1_rep3image05_ch1,-88
250802B,U2OS,gapdh,tnpo1,rep3image05,ch1,4,0.3215,3567.4187,250802B_U2OS_gapdh_tnpo1_rep3image05_ch1,-87
250802B,U2OS,gapdh,tnpo1,rep3image05,ch1,5,0.4287,3580.7393,250802B_U2OS_gapdh_tnpo1_rep3image05_ch1,-86
250802B,U2OS,gapdh,tnpo1,rep3image05,ch1,6,0.5359,3591.9827,250802B_U2OS_gapdh_tnpo1_rep3image05_ch1,-85
250802B,U2OS,gapdh,tnpo1,rep3image05,ch1,7,0.6431,3604.4426,250802B_U2OS_gapdh_tnpo1_rep3image05_ch1,-84
250802B,U2OS,gapdh,tnpo1,rep3image05,ch1,8,0.7503,3603.6147,250802B_U2OS_gapdh_tnpo1_rep3image05_ch1,-83
250802B,U2OS,gapdh,tnpo1,rep3image05,ch1,9,0.8574,3578.8438,250802B_U2OS_gapdh_tnpo1_rep3image05_ch1,-82
250802B,U2OS,gapdh,tnpo1,rep3image05,ch1,10,0.9646,3534.1592,250802B_U2OS_gapdh_tnpo1_rep3image05_ch1,-81
250802B,U2OS,gapdh,tnpo1,rep3image05,ch1,11,1.0718,3471.7913,250802B_U2OS_gapdh_tnpo1_rep3image05_ch1,-80
250802B,U2OS,gapdh,tnpo1,rep3image05,ch1,12,1.179,3414.1562,250802B_U2OS_gapdh_tnpo1_rep3image05_ch1,-79
250802B,U2OS,gapdh,tnpo1,rep3image05,ch1,13,1.2862,3385.1963,250802B_U2OS_gapdh_tnpo1_rep3image05_ch1,-78
250802B,U2OS,gapdh,tnpo1,rep3image05,ch1,14,1.3933,3357.6484,250802B_U2OS_gapdh_tnpo1_rep3image05_ch1,-77
250802B,U2OS,gapdh,tnpo1,rep3image05,ch1,15,1.5005,3340.5635,250802B_U2OS_gapdh_tnpo1_rep3image05_ch1,-76
250802B,U2OS,gapdh,tnpo1,rep3image05,ch1,16,1.6077,3328.9395,250802B_U2OS_gapdh_tnpo1_rep3image05_ch1,-75
250802B,U2OS,gapdh,tnpo1,rep3image05,ch1,17,1.7149,3338.5972,250802B_U2OS_gapdh_tnpo1_rep3image05_ch1,-74
250802B,U2OS,gapdh,tnpo1,rep3image05,ch1,18,1.8221,3364.5586,250802B_U2OS_gapdh_tnpo1_rep3image05_ch1,-73
250802B,U2OS,gapdh,tnpo1,rep3image05,ch1,19,1.9292,3384.5347,250802B_U2OS_gapdh_tnpo1_rep3image05_ch1,-72
250802B,U2OS,gapdh,tnpo1,rep3image05,ch1,20,2.0364,3390.0508,250802B_U2OS_gapdh_tnpo1_rep3image05_ch1,-71
250802B,U2OS,gapdh,tnpo1,rep3image05,ch1,21,2.1436,3392.3877,250802B_U2OS_gapdh_tnpo1_rep3image05_ch1,-70
250802B,U2OS,gapdh,tnpo1,rep3image05,ch1,22,2.2508,3385.3215,250802B_U2OS_gapdh_tnpo1_rep3image05_ch1,-69
250802B,U2OS,gapdh,tnpo1,rep3image05,ch1,23,2.358,3392.2217,250802B_U2OS_gapdh_tnpo1_rep3image05_ch1,-68
250802B,U2OS,gapdh,tnpo1,rep3image05,ch1,24,2.4651,3411.146,250802B_U2OS_gapdh_tnpo1_rep3image05_ch1,-67
250802B,U2OS,gapdh,tnpo1,rep3image05,ch1,25,2.5723,3430.7166,250802B_U2OS_gapdh_tnpo1_rep3image05_ch1,-66
250802B,U2OS,gapdh,tnpo1,rep3image05,ch1,26,2.6795,3448.7031,250802B_U2OS_gapdh_tnpo1_rep3image05_ch1,-65
250802B,U2OS,gapdh,tnpo1,rep3image05,ch1,27,2.7867,3484.8137,250802B_U2OS_gapdh_tnpo1_rep3image05_ch1,-64
250802B,U2OS,gapdh,tnpo1,rep3image05,ch1,28,2.8939,3514.2837,250802B_U2OS_gapdh_tnpo1_rep3image05_ch1,-63
250802B,U2OS,gapdh,tnpo1,rep3image05,ch1,29,3.001,3524.1514,250802B_U2OS_gapdh_tnpo1_rep3image05_ch1,-62
250802B,U2OS,gapdh,tnpo1,rep3image05,ch1,30,3.1082,3507.3591,250802B_U2OS_gapdh_tnpo1_rep3image05_ch1,-61
250802B,U2OS,gapdh,tnpo1,rep3image05,ch1,31,3.2154,3477.4453,250802B_U2OS_gapdh_tnpo1_rep3image05_ch1,-60
250802B,U2OS,gapdh,tnpo1,rep3image05,ch1,32,3.3226,3452.9111,250802B_U2OS_gapdh_tnpo1_rep3image05_ch1,-59
250802B,U2OS,gapdh,tnpo1,rep3image05,ch1,33,3.4298,3431.8984,250802B_U2OS_gapdh_tnpo1_rep3image05_ch1,-58
250802B,U2OS,gapdh,tnpo1,rep3image05,ch1,34,3.5369,3417.3523,250802B_U2OS_gapdh_tnpo1_rep3image05_ch1,-57
250802B,U2OS,gapdh,tnpo1,rep3image05,ch1,35,3.6441,3422.6331,250802B_U2OS_gapdh_tnpo1_rep3image05_ch1,-56
250802B,U2OS,gapdh,tnpo1,rep3image05,ch1,36,3.7513,3453.3667,250802B_U2OS_gapdh_tnpo1_rep3image05_ch1,-55
250802B,U2OS,gapdh,tnpo1,rep3image05,ch1,37,3.8585,3497.9614,250802B_U2OS_gapdh_tnpo1_rep3image05_ch1,-54
250802B,U2OS,gapdh,tnpo1,rep3image05,ch1,38,3.9657,3543.0994,250802B_U2OS_gapdh_tnpo1_rep3image05_ch1,-53
250802B,U2OS,gapdh,tnpo1,rep3image05,ch1,39,4.0728,3577.5186,250802B_U2OS_gapdh_tnpo1_rep3image05_ch1,-52
250802B,U2OS,gapdh,tnpo1,rep3image05,ch1,40,4.18,3602.302,250802B_U2OS_gapdh_tnpo1_rep3image05_ch1,-51
250802B,U2OS,gapdh,tnpo1,rep3image05,ch1,41,4.2872,3601.8062,250802B_U2OS_gapdh_tnpo1_rep3image05_ch1,-50
250802B,U2OS,gapdh,tnpo1,rep3image05,ch1,42,4.3944,3594.6135,250802B_U2OS_gapdh_tnpo1_rep3image05_ch1,-49
250802B,U2OS,gapdh,tnpo1,rep3image05,ch1,43,4.5016,3599.1851,250802B_U2OS_gapdh_tnpo1_rep3image05_ch1,-48
250802B,U2OS,gapdh,tnpo1,rep3image05,ch1,44,4.6087,3604.8533,250802B_U2OS_gapdh_tnpo1_rep3image05_ch1,-47
250802B,U2OS,gapdh,tnpo1,rep3image05,ch1,45,4.7159,3609.3552,250802B_U2OS_gapdh_tnpo1_rep3image05_ch1,-46
250802B,U2OS,gapdh,tnpo1,rep3image05,ch1,46,4.8231,3625.4507,250802B_U2OS_gapdh_tnpo1_rep3image05_ch1,-45
250802B,U2OS,gapdh,tnpo1,rep3image05,ch1,47,4.9303,3649.8013,250802B_U2OS_gapdh_tnpo1_rep3image05_ch1,-44
250802B,U2OS,gapdh,tnpo1,rep3image05,ch1,48,5.0375,3673.6963,250802B_U2OS_gapdh_tnpo1_rep3image05_ch1,-43
250802B,U2OS,gapdh,tnpo1,rep3image05,ch1,49,5.1446,3695.9321,250802B_U2OS_gapdh_tnpo1_rep3image05_ch1,-42
250802B,U2OS,gapdh,tnpo1,rep3image05,ch1,50,5.2518,3740.1182,250802B_U2OS_gapdh_tnpo1_rep3image05_ch1,-41
250802B,U2OS,gapdh,tnpo1,rep3image05,ch1,51,5.359,3770.9756,250802B_U2OS_gapdh_tnpo1_rep3image05_ch1,-40
250802B,U2OS,gapdh,tnpo1,rep3image05,ch1,52,5.4662,3825.0515,250802B_U2OS_gapdh_tnpo1_rep3image05_ch1,-39
250802B,U2OS,gapdh,tnpo1,rep3image05,ch1,53,5.5734,3850.9497,250802B_U2OS_gapdh_tnpo1_rep3image05_ch1,-38
250802B,U2OS,gapdh,tnpo1,rep3image05,ch1,54,5.6805,3866.3521,250802B_U2OS_gapdh_tnpo1_rep3image05_ch1,-37
250802B,U2OS,gapdh,tnpo1,rep3image05,ch1,55,5.7877,3877.4211,250802B_U2OS_gapdh_tnpo1_rep3image05_ch1,-36
250802B,U2OS,gapdh,tnpo1,rep3image05,ch1,56,5.8949,3902.0513,250802B_U2OS_gapdh_tnpo1_rep3image05_ch1,-35
250802B,U2OS,gapdh,tnpo1,rep3image05,ch1,57,6.0021,3941.8708,250802B_U2OS_gapdh_tnpo1_rep3image05_ch1,-34
250802B,U2OS,gapdh,tnpo1,rep3image05,ch1,58,6.1093,3993.0776,250802B_U2OS_gapdh_tnpo1_rep3image05_ch1,-33
250802B,U2OS,gapdh,tnpo1,rep3image05,ch1,59,6.2164,4050.2319,250802B_U2OS_gapdh_tnpo1_rep3image05_ch1,-32
250802B,U2OS,gapdh,tnpo1,rep3image05,ch1,60,6.3236,4122.3784,250802B_U2OS_gapdh_tnpo1_rep3image05_ch1,-31
250802B,U2OS,gapdh,tnpo1,rep3image05,ch1,61,6.4308,4217.3438,250802B_U2OS_gapdh_tnpo1_rep3image05_ch1,-30
250802B,U2OS,gapdh,tnpo1,rep3image05,ch1,62,6.538,4312.9092,250802B_U2OS_gapdh_tnpo1_rep3image05_ch1,-29
250802B,U2OS,gapdh,tnpo1,rep3image05,ch1,63,6.6452,4388.2495,250802B_U2OS_gapdh_tnpo1_rep3image05_ch1,-28
250802B,U2OS,gapdh,tnpo1,rep3image05,ch1,64,6.7523,4438.9062,250802B_U2OS_gapdh_tnpo1_rep3image05_ch1,-27
250802B,U2OS,gapdh,tnpo1,rep3image05,ch1,65,6.8595,4482.7598,250802B_U2OS_gapdh_tnpo1_rep3image05_ch1,-26
250802B,U2OS,gapdh,tnpo1,rep3image05,ch1,66,6.9667,4552.2559,250802B_U2OS_gapdh_tnpo1_rep3image05_ch1,-25
250802B,U2OS,gapdh,tnpo1,rep3image05,ch1,67,7.0739,4638.563,250802B_U2OS_gapdh_tnpo1_rep3image05_ch1,-24
250802B,U2OS,gapdh,tnpo1,rep3image05,ch1,68,7.1811,4715.1436,250802B_U2OS_gapdh_tnpo1_rep3image05_ch1,-23
250802B,U2OS,gapdh,tnpo1,rep3image05,ch1,69,7.2882,4795.75,250802B_U2OS_gapdh_tnpo1_rep3image05_ch1,-22
250802B,U2OS,gapdh,tnpo1,rep3image05,ch1,70,7.3954,4859.3394,250802B_U2OS_gapdh_tnpo1_rep3image05_ch1,-21
250802B,U2OS,gapdh,tnpo1,rep3image05,ch1,71,7.5026,4935.2861,250802B_U2OS_gapdh_tnpo1_rep3image05_ch1,-20
250802B,U2OS,gapdh,tnpo1,rep3image05,ch1,72,7.6098,5029.6538,250802B_U2OS_gapdh_tnpo1_rep3image05_ch1,-19
250802B,U2OS,gapdh,tnpo1,rep3image05,ch1,73,7.717,5140.8838,250802B_U2OS_gapdh_tnpo1_rep3image05_ch1,-18
250802B,U2OS,gapdh,tnpo1,rep3image05,ch1,74,7.8241,5260.146,250802B_U2OS_gapdh_tnpo1_rep3image05_ch1,-17
250802B,U2OS,gapdh,tnpo1,rep3image05,ch1,75,7.9313,5417.4912,250802B_U2OS_gapdh_tnpo1_rep3image05_ch1,-16
250802B,U2OS,gapdh,tnpo1,rep3image05,ch1,76,8.0385,5592.5459,250802B_U2OS_gapdh_tnpo1_rep3image05_ch1,-15
250802B,U2OS,gapdh,tnpo1,rep3image05,ch1,77,8.1457,5803.4502,250802B_U2OS_gapdh_tnpo1_rep3image05_ch1,-14
250802B,U2OS,gapdh,tnpo1,rep3image05,ch1,78,8.2529,6026.0229,250802B_U2OS_gapdh_tnpo1_rep3image05_ch1,-13
250802B,U2OS,gapdh,tnpo1,rep3image05,ch1,79,8.36,6301.9873,250802B_U2OS_gapdh_tnpo1_rep3image05_ch1,-12
250802B,U2OS,gapdh,tnpo1,rep3image05,ch1,80,8.4672,6568.9551,250802B_U2OS_gapdh_tnpo1_rep3image05_ch1,-11
250802B,U2OS,gapdh,tnpo1,rep3image05,ch1,81,8.5744,6848.8735,250802B_U2OS_gapdh_tnpo1_rep3image05_ch1,-10
250802B,U2OS,gapdh,tnpo1,rep3image05,ch1,82,8.6816,7181.5703,250802B_U2OS_gapdh_tnpo1_rep3image05_ch1,-9
250802B,U2OS,gapdh,tnpo1,rep3image05,ch1,83,8.7888,7677.353,250802B_U2OS_gapdh_tnpo1_rep3image05_ch1,-8
250802B,U2OS,gapdh,tnpo1,rep3image05,ch1,84,8.8959,8358.4365,250802B_U2OS_gapdh_tnpo1_rep3image05_ch1,-7
250802B,U2OS,gapdh,tnpo1,rep3image05,ch1,85,9.0031,9122.5215,250802B_U2OS_gapdh_tnpo1_rep3image05_ch1,-6
250802B,U2OS,gapdh,tnpo1,rep3image05,ch1,86,9.1103,9838.5166,250802B_U2OS_gapdh_tnpo1_rep3image05_ch1,-5
250802B,U2OS,gapdh,tnpo1,rep3image05,ch1,87,9.2175,10475.9453,250802B_U2OS_gapdh_tnpo1_rep3image05_ch1,-4
250802B,U2OS,gapdh,tnpo1,rep3image05,ch1,88,9.3247,10844.3135,250802B_U2OS_gapdh_tnpo1_rep3image05_ch1,-3
250802B,U2OS,gapdh,tnpo1,rep3image05,ch1,89,9.4318,10931.6299,250802B_U2OS_gapdh_tnpo1_rep3image05_ch1,-2
250802B,U2OS,gapdh,tnpo1,rep3image05,ch1,90,9.539,10913.085,250802B_U2OS_gapdh_tnpo1_rep3image05_ch1,-1
250802B,U2OS,gapdh,tnpo1,rep3image05,ch1,91,9.6462,10962.4717,250802B_U2OS_gapdh_tnpo1_rep3image05_ch1,0
250802B,U2OS,gapdh,tnpo1,rep3image05,ch1,92,9.7534,11162.9307,250802B_U2OS_gapdh_tnpo1_rep3image05_ch1,1
250802B,U2OS,gapdh,tnpo1,rep3image05,ch1,93,9.8606,11501.335,250802B_U2OS_gapdh_tnpo1_rep3image05_ch1,2
250802B,U2OS,gapdh,tnpo1,rep3image05,ch1,94,9.9677,11912.3555,250802B_U2OS_gapdh_tnpo1_rep3image05_ch1,3
250802B,U2OS,gapdh,tnpo1,rep3image05,ch1,95,10.0749,12399.6309,250802B_U2OS_gapdh_tnpo1_rep3image05_ch1,4
250802B,U2OS,gapdh,tnpo1,rep3image05,ch1,96,10.1821,12948.3096,250802B_U2OS_gapdh_tnpo1_rep3image05_ch1,5
250802B,U2OS,gapdh,tnpo1,rep3image05,ch1,97,10.2893,13388.043,250802B_U2OS_gapdh_tnpo1_rep3image05_ch1,6
250802B,U2OS,gapdh,tnpo1,rep3image05,ch1,98,10.3965,13681.5928,250802B_U2OS_gapdh_tnpo1_rep3image05_ch1,7
250802B,U2OS,gapdh,tnpo1,rep3image05,ch1,99,10.5036,13967.3115,250802B_U2OS_gapdh_tnpo1_rep3image05_ch1,8
250802B,U2OS,gapdh,tnpo1,rep3image05,ch1,100,10.6108,14286.7021,250802B_U2OS_gapdh_tnpo1_rep3image05_ch1,9
250802B,U2OS,gapdh,tnpo1,rep3image05,ch1,101,10.718,14503.3076,250802B_U2OS_gapdh_tnpo1_rep3image05_ch1,10
250802B,U2OS,gapdh,tnpo1,rep3image05,ch1,102,10.8252,14673.7793,250802B_U2OS_gapdh_tnpo1_rep3image05_ch1,11
250802B,U2OS,gapdh,tnpo1,rep3image05,ch1,103,10.9324,14898.5273,250802B_U2OS_gapdh_tnpo1_rep3image05_ch1,12
250802B,U2OS,gapdh,tnpo1,rep3image05,ch1,104,11.0395,15046.7041,250802B_U2OS_gapdh_tnpo1_rep3image05_ch1,13
250802B,U2OS,gapdh,tnpo1,rep3image05,ch1,105,11.1467,15214.6367,250802B_U2OS_gapdh_tnpo1_rep3image05_ch1,14
250802B,U2OS,gapdh,tnpo1,rep3image05,ch1,106,11.2539,15506.5742,250802B_U2OS_gapdh_tnpo1_rep3image05_ch1,15
250802B,U2OS,gapdh,tnpo1,rep3image05,ch1,107,11.3611,15752.1885,250802B_U2OS_gapdh_tnpo1_rep3image05_ch1,16
250802B,U2OS,gapdh,tnpo1,rep3image05,ch1,108,11.4683,15909.0977,250802B_U2OS_gapdh_tnpo1_rep3image05_ch1,17
250802B,U2OS,gapdh,tnpo1,rep3image05,ch1,109,11.5754,15933.832,250802B_U2OS_gapdh_tnpo1_rep3image05_ch1,18
250802B,U2OS,gapdh,tnpo1,rep3image05,ch1,110,11.6826,15980.7041,250802B_U2OS_gapdh_tnpo1_rep3image05_ch1,19
250802B,U2OS,gapdh,tnpo1,rep3image05,ch1,111,11.7898,16035.7705,250802B_U2OS_gapdh_tnpo1_rep3image05_ch1,20
250802B,U2OS,gapdh,tnpo1,rep3image05,ch1,112,11.897,16151.4121,250802B_U2OS_gapdh_tnpo1_rep3image05_ch1,21
250802B,U2OS,gapdh,tnpo1,rep3image05,ch1,113,12.0042,16252.0312,250802B_U2OS_gapdh_tnpo1_rep3image05_ch1,22
250802B,U2OS,gapdh,tnpo1,rep3image05,ch1,114,12.1113,16201.7666,250802B_U2OS_gapdh_tnpo1_rep3image05_ch1,23
250802B,U2OS,gapdh,tnpo1,rep3image05,ch1,115,12.2185,15987.5146,250802B_U2OS_gapdh_tnpo1_rep3image05_ch1,24
250802B,U2OS,gapdh,tnpo1,rep3image05,ch1,116,12.3257,15646.6582,250802B_U2OS_gapdh_tnpo1_rep3image05_ch1,25
250802B,U2OS,gapdh,tnpo1,rep3image05,ch1,117,12.4329,15457.7227,250802B_U2OS_gapdh_tnpo1_rep3image05_ch1,26
250802B,U2OS,gapdh,tnpo1,rep3image05,ch1,118,12.5401,15434.6045,250802B_U2OS_gapdh_tnpo1_rep3image05_ch1,27
250802B,U2OS,gapdh,tnpo1,rep3image05,ch1,119,12.6472,15477.585,250802B_U2OS_gapdh_tnpo1_rep3image05_ch1,28
250802B,U2OS,gapdh,tnpo1,rep3image05,ch1,120,12.7544,15447.7959,250802B_U2OS_gapdh_tnpo1_rep3image05_ch1,29
250802B,U2OS,gapdh,tnpo1,rep3image05,ch1,121,12.8616,15328.7734,250802B_U2OS_gapdh_tnpo1_rep3image05_ch1,30
250802B,U2OS,gapdh,tnpo1,rep3image05,ch1,122,12.9688,15244.8838,250802B_U2OS_gapdh_tnpo1_rep3image05_ch1,31
250802B,U2OS,gapdh,tnpo1,rep3image05,ch1,123,13.076,15317.1367,250802B_U2OS_gapdh_tnpo1_rep3image05_ch1,32
250802B,U2OS,gapdh,tnpo1,rep3image05,ch1,124,13.1831,15497.9639,250802B_U2OS_gapdh_tnpo1_rep3image05_ch1,33
250802B,U2OS,gapdh,tnpo1,rep3image05,ch1,125,13.2903,15529.3291,250802B_U2OS_gapdh_tnpo1_rep3image05_ch1,34
250802B,U2OS,gapdh,tnpo1,rep3image05,ch1,126,13.3975,15342.0225,250802B_U2OS_gapdh_tnpo1_rep3image05_ch1,35
250802B,U2OS,gapdh,tnpo1,rep3image05,ch1,127,13.5047,15129.9922,250802B_U2OS_gapdh_tnpo1_rep3image05_ch1,36
250802B,U2OS,gapdh,tnpo1,rep3image05,ch1,128,13.6119,14934.8252,250802B_U2OS_gapdh_tnpo1_rep3image05_ch1,37
250802B,U2OS,gapdh,tnpo1,rep3image05,ch1,129,13.719,14870.2324,250802B_U2OS_gapdh_tnpo1_rep3image05_ch1,38
250802B,U2OS,gapdh,tnpo1,rep3image05,ch1,130,13.8262,15036.4346,250802B_U2OS_gapdh_tnpo1_rep3image05_ch1,39
250802B,U2OS,gapdh,tnpo1,rep3image05,ch1,131,13.9334,15317.4639,250802B_U2OS_gapdh_tnpo1_rep3image05_ch1,40
250802B,U2OS,gapdh,tnpo1,rep3image05,ch1,132,14.0406,15529.4395,250802B_U2OS_gapdh_tnpo1_rep3image05_ch1,41
250802B,U2OS,gapdh,tnpo1,rep3image05,ch1,133,14.1478,15650.1025,250802B_U2OS_gapdh_tnpo1_rep3image05_ch1,42
250802B,U2OS,gapdh,tnpo1,rep3image05,ch1,134,14.2549,15614.7422,250802B_U2OS_gapdh_tnpo1_rep3image05_ch1,43
250802B,U2OS,gapdh,tnpo1,rep3image05,ch1,135,14.3621,15476.7549,250802B_U2OS_gapdh_tnpo1_rep3image05_ch1,44
250802B,U2OS,gapdh,tnpo1,rep3image05,ch1,136,14.4693,15305.7666,250802B_U2OS_gapdh_tnpo1_rep3image05_ch1,45
250802B,U2OS,gapdh,tnpo1,rep3image05,ch1,137,14.5765,15241.2188,250802B_U2OS_gapdh_tnpo1_rep3image05_ch1,46
250802B,U2OS,gapdh,tnpo1,rep3image05,ch1,138,14.6837,15225.6572,250802B_U2OS_gapdh_tnpo1_rep3image05_ch1,47
250802B,U2OS,gapdh,tnpo1,rep3image05,ch1,139,14.7908,15184.9707,250802B_U2OS_gapdh_tnpo1_rep3image05_ch1,48
250802B,U2OS,gapdh,tnpo1,rep3image05,ch1,140,14.898,15274.9297,250802B_U2OS_gapdh_tnpo1_rep3image05_ch1,49
250802B,U2OS,gapdh,tnpo1,rep3image05,ch1,141,15.0052,15583.5742,250802B_U2OS_gapdh_tnpo1_rep3image05_ch1,50
250802B,U2OS,gapdh,tnpo1,rep3image05,ch1,142,15.1124,15935.6318,250802B_U2OS_gapdh_tnpo1_rep3image05_ch1,51
250802B,U2OS,gapdh,tnpo1,rep3image05,ch1,143,15.2196,16156.5771,250802B_U2OS_gapdh_tnpo1_rep3image05_ch1,52
250802B,U2OS,gapdh,tnpo1,rep3image05,ch1,144,15.3267,16251.0947,250802B_U2OS_gapdh_tnpo1_rep3image05_ch1,53
250802B,U2OS,gapdh,tnpo1,rep3image05,ch1,145,15.4339,16232.5586,250802B_U2OS_gapdh_tnpo1_rep3image05_ch1,54
250802B,U2OS,gapdh,tnpo1,rep3image05,ch1,146,15.5411,16159.0205,250802B_U2OS_gapdh_tnpo1_rep3image05_ch1,55
250802B,U2OS,gapdh,tnpo1,rep3image05,ch1,147,15.6483,16074.793,250802B_U2OS_gapdh_tnpo1_rep3image05_ch1,56
250802B,U2OS,gapdh,tnpo1,rep3image05,ch1,148,15.7555,16057.9062,250802B_U2OS_gapdh_tnpo1_rep3image05_ch1,57
250802B,U2OS,gapdh,tnpo1,rep3image05,ch1,149,15.8626,16014.0977,250802B_U2OS_gapdh_tnpo1_rep3image05_ch1,58
250802B,U2OS,gapdh,tnpo1,rep3image05,ch1,150,15.9698,15860.3252,250802B_U2OS_gapdh_tnpo1_rep3image05_ch1,59
250802B,U2OS,gapdh,tnpo1,rep3image05,ch1,151,16.077,15647.376,250802B_U2OS_gapdh_tnpo1_rep3image05_ch1,60
250802B,U2OS,gapdh,tnpo1,rep3image05,ch1,152,16.1842,15448.7539,250802B_U2OS_gapdh_tnpo1_rep3image05_ch1,61
250802B,U2OS,gapdh,tnpo1,rep3image05,ch1,153,16.2914,15155.877,250802B_U2OS_gapdh_tnpo1_rep3image05_ch1,62
250802B,U2OS,gapdh,tnpo1,rep3image05,ch1,154,16.3985,14801.2725,250802B_U2OS_gapdh_tnpo1_rep3image05_ch1,63
250802B,U2OS,gapdh,tnpo1,rep3image05,ch1,155,16.5057,14526.4512,250802B_U2OS_gapdh_tnpo1_rep3image05_ch1,64
250802B,U2OS,gapdh,tnpo1,rep3image05,ch1,156,16.6129,14261.3174,250802B_U2OS_gapdh_tnpo1_rep3image05_ch1,65
250802B,U2OS,gapdh,tnpo1,rep3image05,ch1,157,16.7201,13999.4492,250802B_U2OS_gapdh_tnpo1_rep3image05_ch1,66
250802B,U2OS,gapdh,tnpo1,rep3image05,ch1,158,16.8273,13693.666,250802B_U2OS_gapdh_tnpo1_rep3image05_ch1,67
250802B,U2OS,gapdh,tnpo1,rep3image05,ch1,159,16.9344,13420.0234,250802B_U2OS_gapdh_tnpo1_rep3image05_ch1,68
250802B,U2OS,gapdh,tnpo1,rep3image05,ch1,160,17.0416,13215.5312,250802B_U2OS_gapdh_tnpo1_rep3image05_ch1,69
250802B,U2OS,gapdh,tnpo1,rep3image05,ch1,161,17.1488,13166.1387,250802B_U2OS_gapdh_tnpo1_rep3image05_ch1,70
250802B,U2OS,gapdh,tnpo1,rep3image05,ch1,162,17.256,13383.9131,250802B_U2OS_gapdh_tnpo1_rep3image05_ch1,71
250802B,U2OS,gapdh,tnpo1,rep3image05,ch1,163,17.3632,13703.2734,250802B_U2OS_gapdh_tnpo1_rep3image05_ch1,72
250802B,U2OS,gapdh,tnpo1,rep3image05,ch1,164,17.4703,13923.2246,250802B_U2OS_gapdh_tnpo1_rep3image05_ch1,73
250802B,U2OS,gapdh,tnpo1,rep3image05,ch1,165,17.5775,14139.2656,250802B_U2OS_gapdh_tnpo1_rep3image05_ch1,74
250802B,U2OS,gapdh,tnpo1,rep3image05,ch1,166,17.6847,14262.1826,250802B_U2OS_gapdh_tnpo1_rep3image05_ch1,75
250802B,U2OS,gapdh,tnpo1,rep3image05,ch1,167,17.7919,14257.6562,250802B_U2OS_gapdh_tnpo1_rep3image05_ch1,76
250802B,U2OS,gapdh,tnpo1,rep3image05,ch1,168,17.8991,14098.0205,250802B_U2OS_gapdh_tnpo1_rep3image05_ch1,77
250802B,U2OS,gapdh,tnpo1,rep3image05,ch1,169,18.0062,13912.4658,250802B_U2OS_gapdh_tnpo1_rep3image05_ch1,78
250802B,U2OS,gapdh,tnpo1,rep3image05,ch1,170,18.1134,13747.2246,250802B_U2OS_gapdh_tnpo1_rep3image05_ch1,79
250802B,U2OS,gapdh,tnpo1,rep3image05,ch1,171,18.2206,13788.1006,250802B_U2OS_gapdh_tnpo1_rep3image05_ch1,80
250802B,U2OS,gapdh,tnpo1,rep3image05,ch1,172,18.3278,14084.4775,250802B_U2OS_gapdh_tnpo1_rep3image05_ch1,81
250802B,U2OS,gapdh,tnpo1,rep3image05,ch1,173,18.435,14497.3857,250802B_U2OS_gapdh_tnpo1_rep3image05_ch1,82
250802B,U2OS,gapdh,tnpo1,rep3image05,ch1,174,18.5421,14829.4082,250802B_U2OS_gapdh_tnpo1_rep3image05_ch1,83
250802B,U2OS,gapdh,tnpo1,rep3image05,ch1,175,18.6493,15036.7998,250802B_U2OS_gapdh_tnpo1_rep3image05_ch1,84
250802B,U2OS,gapdh,tnpo1,rep3image05,ch1,176,18.7565,15140.3867,250802B_U2OS_gapdh_tnpo1_rep3image05_ch1,85
250802B,U2OS,gapdh,tnpo1,rep3image05,ch1,177,18.8637,15083.5068,250802B_U2OS_gapdh_tnpo1_rep3image05_ch1,86
250802B,U2OS,gapdh,tnpo1,rep3image05,ch1,178,18.9709,14911.4336,250802B_U2OS_gapdh_tnpo1_rep3image05_ch1,87
250802B,U2OS,gapdh,tnpo1,rep3image05,ch1,179,19.078,14653.8291,250802B_U2OS_gapdh_tnpo1_rep3image05_ch1,88
250802B,U2OS,gapdh,tnpo1,rep3image05,ch1,180,19.1852,14403.9854,250802B_U2OS_gapdh_tnpo1_rep3image05_ch1,89
250802B,U2OS,gapdh,tnpo1,rep3image05,ch1,181,19.2924,14230.8184,250802B_U2OS_gapdh_tnpo1_rep3image05_ch1,90
250802B,U2OS,gapdh,tnpo1,rep3image05,ch2,1,0,2183.7971,250802B_U2OS_gapdh_tnpo1_rep3image05_ch2,-90
250802B,U2OS,gapdh,tnpo1,rep3image05,ch2,2,0.1072,2185.9497,250802B_U2OS_gapdh_tnpo1_rep3image05_ch2,-89
250802B,U2OS,gapdh,tnpo1,rep3image05,ch2,3,0.2144,2180.3357,250802B_U2OS_gapdh_tnpo1_rep3image05_ch2,-88
250802B,U2OS,gapdh,tnpo1,rep3image05,ch2,4,0.3215,2169.7156,250802B_U2OS_gapdh_tnpo1_rep3image05_ch2,-87
250802B,U2OS,gapdh,tnpo1,rep3image05,ch2,5,0.4287,2134.3384,250802B_U2OS_gapdh_tnpo1_rep3image05_ch2,-86
250802B,U2OS,gapdh,tnpo1,rep3image05,ch2,6,0.5359,2098.9402,250802B_U2OS_gapdh_tnpo1_rep3image05_ch2,-85
250802B,U2OS,gapdh,tnpo1,rep3image05,ch2,7,0.6431,2071.0945,250802B_U2OS_gapdh_tnpo1_rep3image05_ch2,-84
250802B,U2OS,gapdh,tnpo1,rep3image05,ch2,8,0.7503,2054.4792,250802B_U2OS_gapdh_tnpo1_rep3image05_ch2,-83
250802B,U2OS,gapdh,tnpo1,rep3image05,ch2,9,0.8574,2060.2783,250802B_U2OS_gapdh_tnpo1_rep3image05_ch2,-82
250802B,U2OS,gapdh,tnpo1,rep3image05,ch2,10,0.9646,2076.7673,250802B_U2OS_gapdh_tnpo1_rep3image05_ch2,-81
250802B,U2OS,gapdh,tnpo1,rep3image05,ch2,11,1.0718,2093.854,250802B_U2OS_gapdh_tnpo1_rep3image05_ch2,-80
250802B,U2OS,gapdh,tnpo1,rep3image05,ch2,12,1.179,2095.4377,250802B_U2OS_gapdh_tnpo1_rep3image05_ch2,-79
250802B,U2OS,gapdh,tnpo1,rep3image05,ch2,13,1.2862,2082.3062,250802B_U2OS_gapdh_tnpo1_rep3image05_ch2,-78
250802B,U2OS,gapdh,tnpo1,rep3image05,ch2,14,1.3933,2069.8948,250802B_U2OS_gapdh_tnpo1_rep3image05_ch2,-77
250802B,U2OS,gapdh,tnpo1,rep3image05,ch2,15,1.5005,2054.1196,250802B_U2OS_gapdh_tnpo1_rep3image05_ch2,-76
250802B,U2OS,gapdh,tnpo1,rep3image05,ch2,16,1.6077,2037.9781,250802B_U2OS_gapdh_tnpo1_rep3image05_ch2,-75
250802B,U2OS,gapdh,tnpo1,rep3image05,ch2,17,1.7149,2023.6351,250802B_U2OS_gapdh_tnpo1_rep3image05_ch2,-74
250802B,U2OS,gapdh,tnpo1,rep3image05,ch2,18,1.8221,2024.0918,250802B_U2OS_gapdh_tnpo1_rep3image05_ch2,-73
250802B,U2OS,gapdh,tnpo1,rep3image05,ch2,19,1.9292,2029.7207,250802B_U2OS_gapdh_tnpo1_rep3image05_ch2,-72
250802B,U2OS,gapdh,tnpo1,rep3image05,ch2,20,2.0364,2049.9802,250802B_U2OS_gapdh_tnpo1_rep3image05_ch2,-71
250802B,U2OS,gapdh,tnpo1,rep3image05,ch2,21,2.1436,2071.4492,250802B_U2OS_gapdh_tnpo1_rep3image05_ch2,-70
250802B,U2OS,gapdh,tnpo1,rep3image05,ch2,22,2.2508,2104.3677,250802B_U2OS_gapdh_tnpo1_rep3image05_ch2,-69
250802B,U2OS,gapdh,tnpo1,rep3image05,ch2,23,2.358,2137.8896,250802B_U2OS_gapdh_tnpo1_rep3image05_ch2,-68
250802B,U2OS,gapdh,tnpo1,rep3image05,ch2,24,2.4651,2166.8103,250802B_U2OS_gapdh_tnpo1_rep3image05_ch2,-67
250802B,U2OS,gapdh,tnpo1,rep3image05,ch2,25,2.5723,2187.4868,250802B_U2OS_gapdh_tnpo1_rep3image05_ch2,-66
250802B,U2OS,gapdh,tnpo1,rep3image05,ch2,26,2.6795,2222.9431,250802B_U2OS_gapdh_tnpo1_rep3image05_ch2,-65
250802B,U2OS,gapdh,tnpo1,rep3image05,ch2,27,2.7867,2293.7878,250802B_U2OS_gapdh_tnpo1_rep3image05_ch2,-64
250802B,U2OS,gapdh,tnpo1,rep3image05,ch2,28,2.8939,2391.4463,250802B_U2OS_gapdh_tnpo1_rep3image05_ch2,-63
250802B,U2OS,gapdh,tnpo1,rep3image05,ch2,29,3.001,2472.2664,250802B_U2OS_gapdh_tnpo1_rep3image05_ch2,-62
250802B,U2OS,gapdh,tnpo1,rep3image05,ch2,30,3.1082,2488.0383,250802B_U2OS_gapdh_tnpo1_rep3image05_ch2,-61
250802B,U2OS,gapdh,tnpo1,rep3image05,ch2,31,3.2154,2422.6045,250802B_U2OS_gapdh_tnpo1_rep3image05_ch2,-60
250802B,U2OS,gapdh,tnpo1,rep3image05,ch2,32,3.3226,2347.9324,250802B_U2OS_gapdh_tnpo1_rep3image05_ch2,-59
250802B,U2OS,gapdh,tnpo1,rep3image05,ch2,33,3.4298,2273.7344,250802B_U2OS_gapdh_tnpo1_rep3image05_ch2,-58
250802B,U2OS,gapdh,tnpo1,rep3image05,ch2,34,3.5369,2214.6567,250802B_U2OS_gapdh_tnpo1_rep3image05_ch2,-57
250802B,U2OS,gapdh,tnpo1,rep3image05,ch2,35,3.6441,2185.6775,250802B_U2OS_gapdh_tnpo1_rep3image05_ch2,-56
250802B,U2OS,gapdh,tnpo1,rep3image05,ch2,36,3.7513,2170.2532,250802B_U2OS_gapdh_tnpo1_rep3image05_ch2,-55
250802B,U2OS,gapdh,tnpo1,rep3image05,ch2,37,3.8585,2178.1523,250802B_U2OS_gapdh_tnpo1_rep3image05_ch2,-54
250802B,U2OS,gapdh,tnpo1,rep3image05,ch2,38,3.9657,2205.3811,250802B_U2OS_gapdh_tnpo1_rep3image05_ch2,-53
250802B,U2OS,gapdh,tnpo1,rep3image05,ch2,39,4.0728,2217.4294,250802B_U2OS_gapdh_tnpo1_rep3image05_ch2,-52
250802B,U2OS,gapdh,tnpo1,rep3image05,ch2,40,4.18,2203.5684,250802B_U2OS_gapdh_tnpo1_rep3image05_ch2,-51
250802B,U2OS,gapdh,tnpo1,rep3image05,ch2,41,4.2872,2184.4761,250802B_U2OS_gapdh_tnpo1_rep3image05_ch2,-50
250802B,U2OS,gapdh,tnpo1,rep3image05,ch2,42,4.3944,2158.4514,250802B_U2OS_gapdh_tnpo1_rep3image05_ch2,-49
250802B,U2OS,gapdh,tnpo1,rep3image05,ch2,43,4.5016,2139.7905,250802B_U2OS_gapdh_tnpo1_rep3image05_ch2,-48
250802B,U2OS,gapdh,tnpo1,rep3image05,ch2,44,4.6087,2132.2942,250802B_U2OS_gapdh_tnpo1_rep3image05_ch2,-47
250802B,U2OS,gapdh,tnpo1,rep3image05,ch2,45,4.7159,2135.0684,250802B_U2OS_gapdh_tnpo1_rep3image05_ch2,-46
250802B,U2OS,gapdh,tnpo1,rep3image05,ch2,46,4.8231,2134.5117,250802B_U2OS_gapdh_tnpo1_rep3image05_ch2,-45
250802B,U2OS,gapdh,tnpo1,rep3image05,ch2,47,4.9303,2127.1978,250802B_U2OS_gapdh_tnpo1_rep3image05_ch2,-44
250802B,U2OS,gapdh,tnpo1,rep3image05,ch2,48,5.0375,2112.1072,250802B_U2OS_gapdh_tnpo1_rep3image05_ch2,-43
250802B,U2OS,gapdh,tnpo1,rep3image05,ch2,49,5.1446,2098.6255,250802B_U2OS_gapdh_tnpo1_rep3image05_ch2,-42
250802B,U2OS,gapdh,tnpo1,rep3image05,ch2,50,5.2518,2093.6655,250802B_U2OS_gapdh_tnpo1_rep3image05_ch2,-41
250802B,U2OS,gapdh,tnpo1,rep3image05,ch2,51,5.359,2100.1663,250802B_U2OS_gapdh_tnpo1_rep3image05_ch2,-40
250802B,U2OS,gapdh,tnpo1,rep3image05,ch2,52,5.4662,2115.0671,250802B_U2OS_gapdh_tnpo1_rep3image05_ch2,-39
250802B,U2OS,gapdh,tnpo1,rep3image05,ch2,53,5.5734,2128.7119,250802B_U2OS_gapdh_tnpo1_rep3image05_ch2,-38
250802B,U2OS,gapdh,tnpo1,rep3image05,ch2,54,5.6805,2142.6208,250802B_U2OS_gapdh_tnpo1_rep3image05_ch2,-37
250802B,U2OS,gapdh,tnpo1,rep3image05,ch2,55,5.7877,2164.7749,250802B_U2OS_gapdh_tnpo1_rep3image05_ch2,-36
250802B,U2OS,gapdh,tnpo1,rep3image05,ch2,56,5.8949,2188.9626,250802B_U2OS_gapdh_tnpo1_rep3image05_ch2,-35
250802B,U2OS,gapdh,tnpo1,rep3image05,ch2,57,6.0021,2206.4568,250802B_U2OS_gapdh_tnpo1_rep3image05_ch2,-34
250802B,U2OS,gapdh,tnpo1,rep3image05,ch2,58,6.1093,2218.7632,250802B_U2OS_gapdh_tnpo1_rep3image05_ch2,-33
250802B,U2OS,gapdh,tnpo1,rep3image05,ch2,59,6.2164,2241.2585,250802B_U2OS_gapdh_tnpo1_rep3image05_ch2,-32
250802B,U2OS,gapdh,tnpo1,rep3image05,ch2,60,6.3236,2279.5225,250802B_U2OS_gapdh_tnpo1_rep3image05_ch2,-31
250802B,U2OS,gapdh,tnpo1,rep3image05,ch2,61,6.4308,2340.3335,250802B_U2OS_gapdh_tnpo1_rep3image05_ch2,-30
250802B,U2OS,gapdh,tnpo1,rep3image05,ch2,62,6.538,2439.385,250802B_U2OS_gapdh_tnpo1_rep3image05_ch2,-29
250802B,U2OS,gapdh,tnpo1,rep3image05,ch2,63,6.6452,2531.2473,250802B_U2OS_gapdh_tnpo1_rep3image05_ch2,-28
250802B,U2OS,gapdh,tnpo1,rep3image05,ch2,64,6.7523,2565.5645,250802B_U2OS_gapdh_tnpo1_rep3image05_ch2,-27
250802B,U2OS,gapdh,tnpo1,rep3image05,ch2,65,6.8595,2535.1006,250802B_U2OS_gapdh_tnpo1_rep3image05_ch2,-26
250802B,U2OS,gapdh,tnpo1,rep3image05,ch2,66,6.9667,2494.7168,250802B_U2OS_gapdh_tnpo1_rep3image05_ch2,-25
250802B,U2OS,gapdh,tnpo1,rep3image05,ch2,67,7.0739,2467.064,250802B_U2OS_gapdh_tnpo1_rep3image05_ch2,-24
250802B,U2OS,gapdh,tnpo1,rep3image05,ch2,68,7.1811,2438.8645,250802B_U2OS_gapdh_tnpo1_rep3image05_ch2,-23
250802B,U2OS,gapdh,tnpo1,rep3image05,ch2,69,7.2882,2408.4878,250802B_U2OS_gapdh_tnpo1_rep3image05_ch2,-22
250802B,U2OS,gapdh,tnpo1,rep3image05,ch2,70,7.3954,2362.7822,250802B_U2OS_gapdh_tnpo1_rep3image05_ch2,-21
250802B,U2OS,gapdh,tnpo1,rep3image05,ch2,71,7.5026,2328.7029000000002,250802B_U2OS_gapdh_tnpo1_rep3image05_ch2,-20
250802B,U2OS,gapdh,tnpo1,rep3image05,ch2,72,7.6098,2304.9187,250802B_U2OS_gapdh_tnpo1_rep3image05_ch2,-19
250802B,U2OS,gapdh,tnpo1,rep3image05,ch2,73,7.717,2286.5989,250802B_U2OS_gapdh_tnpo1_rep3image05_ch2,-18
250802B,U2OS,gapdh,tnpo1,rep3image05,ch2,74,7.8241,2280.5642,250802B_U2OS_gapdh_tnpo1_rep3image05_ch2,-17
250802B,U2OS,gapdh,tnpo1,rep3image05,ch2,75,7.9313,2286.5906,250802B_U2OS_gapdh_tnpo1_rep3image05_ch2,-16
250802B,U2OS,gapdh,tnpo1,rep3image05,ch2,76,8.0385,2289.6746,250802B_U2OS_gapdh_tnpo1_rep3image05_ch2,-15
250802B,U2OS,gapdh,tnpo1,rep3image05,ch2,77,8.1457,2293.6614,250802B_U2OS_gapdh_tnpo1_rep3image05_ch2,-14
250802B,U2OS,gapdh,tnpo1,rep3image05,ch2,78,8.2529,2303.3406,250802B_U2OS_gapdh_tnpo1_rep3image05_ch2,-13
250802B,U2OS,gapdh,tnpo1,rep3image05,ch2,79,8.36,2310.1157,250802B_U2OS_gapdh_tnpo1_rep3image05_ch2,-12
250802B,U2OS,gapdh,tnpo1,rep3image05,ch2,80,8.4672,2326.4595,250802B_U2OS_gapdh_tnpo1_rep3image05_ch2,-11
250802B,U2OS,gapdh,tnpo1,rep3image05,ch2,81,8.5744,2361.0088,250802B_U2OS_gapdh_tnpo1_rep3image05_ch2,-10
250802B,U2OS,gapdh,tnpo1,rep3image05,ch2,82,8.6816,2386.1055,250802B_U2OS_gapdh_tnpo1_rep3image05_ch2,-9
250802B,U2OS,gapdh,tnpo1,rep3image05,ch2,83,8.7888,2410.4841,250802B_U2OS_gapdh_tnpo1_rep3image05_ch2,-8
250802B,U2OS,gapdh,tnpo1,rep3image05,ch2,84,8.8959,2438.8816,250802B_U2OS_gapdh_tnpo1_rep3image05_ch2,-7
250802B,U2OS,gapdh,tnpo1,rep3image05,ch2,85,9.0031,2468.7971,250802B_U2OS_gapdh_tnpo1_rep3image05_ch2,-6
250802B,U2OS,gapdh,tnpo1,rep3image05,ch2,86,9.1103,2503.6995,250802B_U2OS_gapdh_tnpo1_rep3image05_ch2,-5
250802B,U2OS,gapdh,tnpo1,rep3image05,ch2,87,9.2175,2540.8625,250802B_U2OS_gapdh_tnpo1_rep3image05_ch2,-4
250802B,U2OS,gapdh,tnpo1,rep3image05,ch2,88,9.3247,2583.8726,250802B_U2OS_gapdh_tnpo1_rep3image05_ch2,-3
250802B,U2OS,gapdh,tnpo1,rep3image05,ch2,89,9.4318,2620.7747,250802B_U2OS_gapdh_tnpo1_rep3image05_ch2,-2
250802B,U2OS,gapdh,tnpo1,rep3image05,ch2,90,9.539,2660.3735,250802B_U2OS_gapdh_tnpo1_rep3image05_ch2,-1
250802B,U2OS,gapdh,tnpo1,rep3image05,ch2,91,9.6462,2718.0205,250802B_U2OS_gapdh_tnpo1_rep3image05_ch2,0
250802B,U2OS,gapdh,tnpo1,rep3image05,ch2,92,9.7534,2761.3674,250802B_U2OS_gapdh_tnpo1_rep3image05_ch2,1
250802B,U2OS,gapdh,tnpo1,rep3image05,ch2,93,9.8606,2789.4111,250802B_U2OS_gapdh_tnpo1_rep3image05_ch2,2
250802B,U2OS,gapdh,tnpo1,rep3image05,ch2,94,9.9677,2798.595,250802B_U2OS_gapdh_tnpo1_rep3image05_ch2,3
250802B,U2OS,gapdh,tnpo1,rep3image05,ch2,95,10.0749,2806.1257,250802B_U2OS_gapdh_tnpo1_rep3image05_ch2,4
250802B,U2OS,gapdh,tnpo1,rep3image05,ch2,96,10.1821,2818.364,250802B_U2OS_gapdh_tnpo1_rep3image05_ch2,5
250802B,U2OS,gapdh,tnpo1,rep3image05,ch2,97,10.2893,2825.4836,250802B_U2OS_gapdh_tnpo1_rep3image05_ch2,6
250802B,U2OS,gapdh,tnpo1,rep3image05,ch2,98,10.3965,2810.1873,250802B_U2OS_gapdh_tnpo1_rep3image05_ch2,7
250802B,U2OS,gapdh,tnpo1,rep3image05,ch2,99,10.5036,2783.5447,250802B_U2OS_gapdh_tnpo1_rep3image05_ch2,8
250802B,U2OS,gapdh,tnpo1,rep3image05,ch2,100,10.6108,2754.6472,250802B_U2OS_gapdh_tnpo1_rep3image05_ch2,9
250802B,U2OS,gapdh,tnpo1,rep3image05,ch2,101,10.718,2709.8062,250802B_U2OS_gapdh_tnpo1_rep3image05_ch2,10
250802B,U2OS,gapdh,tnpo1,rep3image05,ch2,102,10.8252,2669.0117,250802B_U2OS_gapdh_tnpo1_rep3image05_ch2,11
250802B,U2OS,gapdh,tnpo1,rep3image05,ch2,103,10.9324,2643.2009,250802B_U2OS_gapdh_tnpo1_rep3image05_ch2,12
250802B,U2OS,gapdh,tnpo1,rep3image05,ch2,104,11.0395,2633.5818,250802B_U2OS_gapdh_tnpo1_rep3image05_ch2,13
250802B,U2OS,gapdh,tnpo1,rep3image05,ch2,105,11.1467,2642.4133,250802B_U2OS_gapdh_tnpo1_rep3image05_ch2,14
250802B,U2OS,gapdh,tnpo1,rep3image05,ch2,106,11.2539,2671.5901,250802B_U2OS_gapdh_tnpo1_rep3image05_ch2,15
250802B,U2OS,gapdh,tnpo1,rep3image05,ch2,107,11.3611,2716.8621,250802B_U2OS_gapdh_tnpo1_rep3image05_ch2,16
250802B,U2OS,gapdh,tnpo1,rep3image05,ch2,108,11.4683,2774.6741,250802B_U2OS_gapdh_tnpo1_rep3image05_ch2,17
250802B,U2OS,gapdh,tnpo1,rep3image05,ch2,109,11.5754,2837.3865,250802B_U2OS_gapdh_tnpo1_rep3image05_ch2,18
250802B,U2OS,gapdh,tnpo1,rep3image05,ch2,110,11.6826,2867.9197,250802B_U2OS_gapdh_tnpo1_rep3image05_ch2,19
250802B,U2OS,gapdh,tnpo1,rep3image05,ch2,111,11.7898,2838.7805,250802B_U2OS_gapdh_tnpo1_rep3image05_ch2,20
250802B,U2OS,gapdh,tnpo1,rep3image05,ch2,112,11.897,2802.207,250802B_U2OS_gapdh_tnpo1_rep3image05_ch2,21
250802B,U2OS,gapdh,tnpo1,rep3image05,ch2,113,12.0042,2808.1318,250802B_U2OS_gapdh_tnpo1_rep3image05_ch2,22
250802B,U2OS,gapdh,tnpo1,rep3image05,ch2,114,12.1113,2851.4717,250802B_U2OS_gapdh_tnpo1_rep3image05_ch2,23
250802B,U2OS,gapdh,tnpo1,rep3image05,ch2,115,12.2185,2902.9497,250802B_U2OS_gapdh_tnpo1_rep3image05_ch2,24
250802B,U2OS,gapdh,tnpo1,rep3image05,ch2,116,12.3257,2963.3455,250802B_U2OS_gapdh_tnpo1_rep3image05_ch2,25
250802B,U2OS,gapdh,tnpo1,rep3image05,ch2,117,12.4329,3001.3865,250802B_U2OS_gapdh_tnpo1_rep3image05_ch2,26
250802B,U2OS,gapdh,tnpo1,rep3image05,ch2,118,12.5401,2962.9114,250802B_U2OS_gapdh_tnpo1_rep3image05_ch2,27
250802B,U2OS,gapdh,tnpo1,rep3image05,ch2,119,12.6472,2855.7061,250802B_U2OS_gapdh_tnpo1_rep3image05_ch2,28
250802B,U2OS,gapdh,tnpo1,rep3image05,ch2,120,12.7544,2748.0527,250802B_U2OS_gapdh_tnpo1_rep3image05_ch2,29
250802B,U2OS,gapdh,tnpo1,rep3image05,ch2,121,12.8616,2639.7178,250802B_U2OS_gapdh_tnpo1_rep3image05_ch2,30
250802B,U2OS,gapdh,tnpo1,rep3image05,ch2,122,12.9688,2552.8503,250802B_U2OS_gapdh_tnpo1_rep3image05_ch2,31
250802B,U2OS,gapdh,tnpo1,rep3image05,ch2,123,13.076,2498.3391,250802B_U2OS_gapdh_tnpo1_rep3image05_ch2,32
250802B,U2OS,gapdh,tnpo1,rep3image05,ch2,124,13.1831,2461.9963,250802B_U2OS_gapdh_tnpo1_rep3image05_ch2,33
250802B,U2OS,gapdh,tnpo1,rep3image05,ch2,125,13.2903,2444.5164,250802B_U2OS_gapdh_tnpo1_rep3image05_ch2,34
250802B,U2OS,gapdh,tnpo1,rep3image05,ch2,126,13.3975,2436.8662,250802B_U2OS_gapdh_tnpo1_rep3image05_ch2,35
250802B,U2OS,gapdh,tnpo1,rep3image05,ch2,127,13.5047,2432.6763,250802B_U2OS_gapdh_tnpo1_rep3image05_ch2,36
250802B,U2OS,gapdh,tnpo1,rep3image05,ch2,128,13.6119,2415.8418,250802B_U2OS_gapdh_tnpo1_rep3image05_ch2,37
250802B,U2OS,gapdh,tnpo1,rep3image05,ch2,129,13.719,2383.8906,250802B_U2OS_gapdh_tnpo1_rep3image05_ch2,38
250802B,U2OS,gapdh,tnpo1,rep3image05,ch2,130,13.8262,2367.2776,250802B_U2OS_gapdh_tnpo1_rep3image05_ch2,39
250802B,U2OS,gapdh,tnpo1,rep3image05,ch2,131,13.9334,2381.1748,250802B_U2OS_gapdh_tnpo1_rep3image05_ch2,40
250802B,U2OS,gapdh,tnpo1,rep3image05,ch2,132,14.0406,2438.5303,250802B_U2OS_gapdh_tnpo1_rep3image05_ch2,41
250802B,U2OS,gapdh,tnpo1,rep3image05,ch2,133,14.1478,2544.002,250802B_U2OS_gapdh_tnpo1_rep3image05_ch2,42
250802B,U2OS,gapdh,tnpo1,rep3image05,ch2,134,14.2549,2634.3345,250802B_U2OS_gapdh_tnpo1_rep3image05_ch2,43
250802B,U2OS,gapdh,tnpo1,rep3image05,ch2,135,14.3621,2665.8835,250802B_U2OS_gapdh_tnpo1_rep3image05_ch2,44
250802B,U2OS,gapdh,tnpo1,rep3image05,ch2,136,14.4693,2648.0762,250802B_U2OS_gapdh_tnpo1_rep3image05_ch2,45
250802B,U2OS,gapdh,tnpo1,rep3image05,ch2,137,14.5765,2597.3879,250802B_U2OS_gapdh_tnpo1_rep3image05_ch2,46
250802B,U2OS,gapdh,tnpo1,rep3image05,ch2,138,14.6837,2513.4368,250802B_U2OS_gapdh_tnpo1_rep3image05_ch2,47
250802B,U2OS,gapdh,tnpo1,rep3image05,ch2,139,14.7908,2431.7134,250802B_U2OS_gapdh_tnpo1_rep3image05_ch2,48
250802B,U2OS,gapdh,tnpo1,rep3image05,ch2,140,14.898,2362.1052,250802B_U2OS_gapdh_tnpo1_rep3image05_ch2,49
250802B,U2OS,gapdh,tnpo1,rep3image05,ch2,141,15.0052,2308.9338,250802B_U2OS_gapdh_tnpo1_rep3image05_ch2,50
250802B,U2OS,gapdh,tnpo1,rep3image05,ch2,142,15.1124,2272.6133,250802B_U2OS_gapdh_tnpo1_rep3image05_ch2,51
250802B,U2OS,gapdh,tnpo1,rep3image05,ch2,143,15.2196,2239.542,250802B_U2OS_gapdh_tnpo1_rep3image05_ch2,52
250802B,U2OS,gapdh,tnpo1,rep3image05,ch2,144,15.3267,2209.3545,250802B_U2OS_gapdh_tnpo1_rep3image05_ch2,53
250802B,U2OS,gapdh,tnpo1,rep3image05,ch2,145,15.4339,2179.8962,250802B_U2OS_gapdh_tnpo1_rep3image05_ch2,54
250802B,U2OS,gapdh,tnpo1,rep3image05,ch2,146,15.5411,2161.571,250802B_U2OS_gapdh_tnpo1_rep3image05_ch2,55
250802B,U2OS,gapdh,tnpo1,rep3image05,ch2,147,15.6483,2155.8162,250802B_U2OS_gapdh_tnpo1_rep3image05_ch2,56
250802B,U2OS,gapdh,tnpo1,rep3image05,ch2,148,15.7555,2169.7712,250802B_U2OS_gapdh_tnpo1_rep3image05_ch2,57
250802B,U2OS,gapdh,tnpo1,rep3image05,ch2,149,15.8626,2193.2292,250802B_U2OS_gapdh_tnpo1_rep3image05_ch2,58
250802B,U2OS,gapdh,tnpo1,rep3image05,ch2,150,15.9698,2204.2427,250802B_U2OS_gapdh_tnpo1_rep3image05_ch2,59
250802B,U2OS,gapdh,tnpo1,rep3image05,ch2,151,16.077,2189.5837,250802B_U2OS_gapdh_tnpo1_rep3image05_ch2,60
250802B,U2OS,gapdh,tnpo1,rep3image05,ch2,152,16.1842,2163.7258,250802B_U2OS_gapdh_tnpo1_rep3image05_ch2,61
250802B,U2OS,gapdh,tnpo1,rep3image05,ch2,153,16.2914,2137.1792,250802B_U2OS_gapdh_tnpo1_rep3image05_ch2,62
250802B,U2OS,gapdh,tnpo1,rep3image05,ch2,154,16.3985,2113.5791,250802B_U2OS_gapdh_tnpo1_rep3image05_ch2,63
250802B,U2OS,gapdh,tnpo1,rep3image05,ch2,155,16.5057,2100.0251,250802B_U2OS_gapdh_tnpo1_rep3image05_ch2,64
250802B,U2OS,gapdh,tnpo1,rep3image05,ch2,156,16.6129,2078.6418,250802B_U2OS_gapdh_tnpo1_rep3image05_ch2,65
250802B,U2OS,gapdh,tnpo1,rep3image05,ch2,157,16.7201,2053.8403,250802B_U2OS_gapdh_tnpo1_rep3image05_ch2,66
250802B,U2OS,gapdh,tnpo1,rep3image05,ch2,158,16.8273,2026.6196,250802B_U2OS_gapdh_tnpo1_rep3image05_ch2,67
250802B,U2OS,gapdh,tnpo1,rep3image05,ch2,159,16.9344,2005.6229,250802B_U2OS_gapdh_tnpo1_rep3image05_ch2,68
250802B,U2OS,gapdh,tnpo1,rep3image05,ch2,160,17.0416,1996.8364,250802B_U2OS_gapdh_tnpo1_rep3image05_ch2,69
250802B,U2OS,gapdh,tnpo1,rep3image05,ch2,161,17.1488,1997.9951,250802B_U2OS_gapdh_tnpo1_rep3image05_ch2,70
250802B,U2OS,gapdh,tnpo1,rep3image05,ch2,162,17.256,2014.0115,250802B_U2OS_gapdh_tnpo1_rep3image05_ch2,71
250802B,U2OS,gapdh,tnpo1,rep3image05,ch2,163,17.3632,2047.3949,250802B_U2OS_gapdh_tnpo1_rep3image05_ch2,72
250802B,U2OS,gapdh,tnpo1,rep3image05,ch2,164,17.4703,2076.0422,250802B_U2OS_gapdh_tnpo1_rep3image05_ch2,73
250802B,U2OS,gapdh,tnpo1,rep3image05,ch2,165,17.5775,2103.146,250802B_U2OS_gapdh_tnpo1_rep3image05_ch2,74
250802B,U2OS,gapdh,tnpo1,rep3image05,ch2,166,17.6847,2142.9763,250802B_U2OS_gapdh_tnpo1_rep3image05_ch2,75
250802B,U2OS,gapdh,tnpo1,rep3image05,ch2,167,17.7919,2187.1206,250802B_U2OS_gapdh_tnpo1_rep3image05_ch2,76
250802B,U2OS,gapdh,tnpo1,rep3image05,ch2,168,17.8991,2232.5312,250802B_U2OS_gapdh_tnpo1_rep3image05_ch2,77
250802B,U2OS,gapdh,tnpo1,rep3image05,ch2,169,18.0062,2288.9277,250802B_U2OS_gapdh_tnpo1_rep3image05_ch2,78
250802B,U2OS,gapdh,tnpo1,rep3image05,ch2,170,18.1134,2339.5676,250802B_U2OS_gapdh_tnpo1_rep3image05_ch2,79
250802B,U2OS,gapdh,tnpo1,rep3image05,ch2,171,18.2206,2390.5227,250802B_U2OS_gapdh_tnpo1_rep3image05_ch2,80
250802B,U2OS,gapdh,tnpo1,rep3image05,ch2,172,18.3278,2404.281,250802B_U2OS_gapdh_tnpo1_rep3image05_ch2,81
250802B,U2OS,gapdh,tnpo1,rep3image05,ch2,173,18.435,2372.2148,250802B_U2OS_gapdh_tnpo1_rep3image05_ch2,82
250802B,U2OS,gapdh,tnpo1,rep3image05,ch2,174,18.5421,2309.2954,250802B_U2OS_gapdh_tnpo1_rep3image05_ch2,83
250802B,U2OS,gapdh,tnpo1,rep3image05,ch2,175,18.6493,2237.6396,250802B_U2OS_gapdh_tnpo1_rep3image05_ch2,84
250802B,U2OS,gapdh,tnpo1,rep3image05,ch2,176,18.7565,2180.1792,250802B_U2OS_gapdh_tnpo1_rep3image05_ch2,85
250802B,U2OS,gapdh,tnpo1,rep3image05,ch2,177,18.8637,2143.4062,250802B_U2OS_gapdh_tnpo1_rep3image05_ch2,86
250802B,U2OS,gapdh,tnpo1,rep3image05,ch2,178,18.9709,2102.2356,250802B_U2OS_gapdh_tnpo1_rep3image05_ch2,87
250802B,U2OS,gapdh,tnpo1,rep3image05,ch2,179,19.078,2077.8887,250802B_U2OS_gapdh_tnpo1_rep3image05_ch2,88
250802B,U2OS,gapdh,tnpo1,rep3image05,ch2,180,19.1852,2064.2583,250802B_U2OS_gapdh_tnpo1_rep3image05_ch2,89
250802B,U2OS,gapdh,tnpo1,rep3image05,ch2,181,19.2924,2063.9138,250802B_U2OS_gapdh_tnpo1_rep3image05_ch2,90
250802B,U2OS,gapdh,tnpo1,rep3image09,ch1,1,0,3951.2688,250802B_U2OS_gapdh_tnpo1_rep3image09_ch1,-90
250802B,U2OS,gapdh,tnpo1,rep3image09,ch1,2,0.1072,3985.2322,250802B_U2OS_gapdh_tnpo1_rep3image09_ch1,-89
250802B,U2OS,gapdh,tnpo1,rep3image09,ch1,3,0.2144,4004.7861,250802B_U2OS_gapdh_tnpo1_rep3image09_ch1,-88
250802B,U2OS,gapdh,tnpo1,rep3image09,ch1,4,0.3215,4006.6394,250802B_U2OS_gapdh_tnpo1_rep3image09_ch1,-87
250802B,U2OS,gapdh,tnpo1,rep3image09,ch1,5,0.4287,4004.2563,250802B_U2OS_gapdh_tnpo1_rep3image09_ch1,-86
250802B,U2OS,gapdh,tnpo1,rep3image09,ch1,6,0.5359,4010.6589,250802B_U2OS_gapdh_tnpo1_rep3image09_ch1,-85
250802B,U2OS,gapdh,tnpo1,rep3image09,ch1,7,0.6431,4035.7136,250802B_U2OS_gapdh_tnpo1_rep3image09_ch1,-84
250802B,U2OS,gapdh,tnpo1,rep3image09,ch1,8,0.7503,4097.0767,250802B_U2OS_gapdh_tnpo1_rep3image09_ch1,-83
250802B,U2OS,gapdh,tnpo1,rep3image09,ch1,9,0.8574,4169.8877,250802B_U2OS_gapdh_tnpo1_rep3image09_ch1,-82
250802B,U2OS,gapdh,tnpo1,rep3image09,ch1,10,0.9646,4245.9824,250802B_U2OS_gapdh_tnpo1_rep3image09_ch1,-81
250802B,U2OS,gapdh,tnpo1,rep3image09,ch1,11,1.0718,4317.0459,250802B_U2OS_gapdh_tnpo1_rep3image09_ch1,-80
250802B,U2OS,gapdh,tnpo1,rep3image09,ch1,12,1.179,4379.2729,250802B_U2OS_gapdh_tnpo1_rep3image09_ch1,-79
250802B,U2OS,gapdh,tnpo1,rep3image09,ch1,13,1.2862,4423.0645,250802B_U2OS_gapdh_tnpo1_rep3image09_ch1,-78
250802B,U2OS,gapdh,tnpo1,rep3image09,ch1,14,1.3933,4451.3184,250802B_U2OS_gapdh_tnpo1_rep3image09_ch1,-77
250802B,U2OS,gapdh,tnpo1,rep3image09,ch1,15,1.5005,4437.0298,250802B_U2OS_gapdh_tnpo1_rep3image09_ch1,-76
250802B,U2OS,gapdh,tnpo1,rep3image09,ch1,16,1.6077,4382.0576,250802B_U2OS_gapdh_tnpo1_rep3image09_ch1,-75
250802B,U2OS,gapdh,tnpo1,rep3image09,ch1,17,1.7149,4320.6167,250802B_U2OS_gapdh_tnpo1_rep3image09_ch1,-74
250802B,U2OS,gapdh,tnpo1,rep3image09,ch1,18,1.8221,4259.3848,250802B_U2OS_gapdh_tnpo1_rep3image09_ch1,-73
250802B,U2OS,gapdh,tnpo1,rep3image09,ch1,19,1.9292,4220.7285,250802B_U2OS_gapdh_tnpo1_rep3image09_ch1,-72
250802B,U2OS,gapdh,tnpo1,rep3image09,ch1,20,2.0364,4190.4331,250802B_U2OS_gapdh_tnpo1_rep3image09_ch1,-71
250802B,U2OS,gapdh,tnpo1,rep3image09,ch1,21,2.1436,4173.7393,250802B_U2OS_gapdh_tnpo1_rep3image09_ch1,-70
250802B,U2OS,gapdh,tnpo1,rep3image09,ch1,22,2.2508,4195.3687,250802B_U2OS_gapdh_tnpo1_rep3image09_ch1,-69
250802B,U2OS,gapdh,tnpo1,rep3image09,ch1,23,2.358,4219.3862,250802B_U2OS_gapdh_tnpo1_rep3image09_ch1,-68
250802B,U2OS,gapdh,tnpo1,rep3image09,ch1,24,2.4651,4271.5103,250802B_U2OS_gapdh_tnpo1_rep3image09_ch1,-67
250802B,U2OS,gapdh,tnpo1,rep3image09,ch1,25,2.5723,4308.978,250802B_U2OS_gapdh_tnpo1_rep3image09_ch1,-66
250802B,U2OS,gapdh,tnpo1,rep3image09,ch1,26,2.6795,4304.2754,250802B_U2OS_gapdh_tnpo1_rep3image09_ch1,-65
250802B,U2OS,gapdh,tnpo1,rep3image09,ch1,27,2.7867,4288.355,250802B_U2OS_gapdh_tnpo1_rep3image09_ch1,-64
250802B,U2OS,gapdh,tnpo1,rep3image09,ch1,28,2.8939,4296.4907,250802B_U2OS_gapdh_tnpo1_rep3image09_ch1,-63
250802B,U2OS,gapdh,tnpo1,rep3image09,ch1,29,3.001,4329.396,250802B_U2OS_gapdh_tnpo1_rep3image09_ch1,-62
250802B,U2OS,gapdh,tnpo1,rep3image09,ch1,30,3.1082,4393.7905,250802B_U2OS_gapdh_tnpo1_rep3image09_ch1,-61
250802B,U2OS,gapdh,tnpo1,rep3image09,ch1,31,3.2154,4494.1416,250802B_U2OS_gapdh_tnpo1_rep3image09_ch1,-60
250802B,U2OS,gapdh,tnpo1,rep3image09,ch1,32,3.3226,4593.5059,250802B_U2OS_gapdh_tnpo1_rep3image09_ch1,-59
250802B,U2OS,gapdh,tnpo1,rep3image09,ch1,33,3.4298,4651.5322,250802B_U2OS_gapdh_tnpo1_rep3image09_ch1,-58
250802B,U2OS,gapdh,tnpo1,rep3image09,ch1,34,3.5369,4701.0308000000005,250802B_U2OS_gapdh_tnpo1_rep3image09_ch1,-57
250802B,U2OS,gapdh,tnpo1,rep3image09,ch1,35,3.6441,4741.3062,250802B_U2OS_gapdh_tnpo1_rep3image09_ch1,-56
250802B,U2OS,gapdh,tnpo1,rep3image09,ch1,36,3.7513,4751.1221,250802B_U2OS_gapdh_tnpo1_rep3image09_ch1,-55
250802B,U2OS,gapdh,tnpo1,rep3image09,ch1,37,3.8585,4726.1064,250802B_U2OS_gapdh_tnpo1_rep3image09_ch1,-54
250802B,U2OS,gapdh,tnpo1,rep3image09,ch1,38,3.9657,4705.3335,250802B_U2OS_gapdh_tnpo1_rep3image09_ch1,-53
250802B,U2OS,gapdh,tnpo1,rep3image09,ch1,39,4.0728,4724.2422,250802B_U2OS_gapdh_tnpo1_rep3image09_ch1,-52
250802B,U2OS,gapdh,tnpo1,rep3image09,ch1,40,4.18,4755.4453,250802B_U2OS_gapdh_tnpo1_rep3image09_ch1,-51
250802B,U2OS,gapdh,tnpo1,rep3image09,ch1,41,4.2872,4755.4014,250802B_U2OS_gapdh_tnpo1_rep3image09_ch1,-50
250802B,U2OS,gapdh,tnpo1,rep3image09,ch1,42,4.3944,4719.9849,250802B_U2OS_gapdh_tnpo1_rep3image09_ch1,-49
250802B,U2OS,gapdh,tnpo1,rep3image09,ch1,43,4.5016,4689.9922,250802B_U2OS_gapdh_tnpo1_rep3image09_ch1,-48
250802B,U2OS,gapdh,tnpo1,rep3image09,ch1,44,4.6087,4685.0425,250802B_U2OS_gapdh_tnpo1_rep3image09_ch1,-47
250802B,U2OS,gapdh,tnpo1,rep3image09,ch1,45,4.7159,4700.793,250802B_U2OS_gapdh_tnpo1_rep3image09_ch1,-46
250802B,U2OS,gapdh,tnpo1,rep3image09,ch1,46,4.8231,4723.8491,250802B_U2OS_gapdh_tnpo1_rep3image09_ch1,-45
250802B,U2OS,gapdh,tnpo1,rep3image09,ch1,47,4.9303,4786.4214,250802B_U2OS_gapdh_tnpo1_rep3image09_ch1,-44
250802B,U2OS,gapdh,tnpo1,rep3image09,ch1,48,5.0375,4875.8647,250802B_U2OS_gapdh_tnpo1_rep3image09_ch1,-43
250802B,U2OS,gapdh,tnpo1,rep3image09,ch1,49,5.1446,5016.2744,250802B_U2OS_gapdh_tnpo1_rep3image09_ch1,-42
250802B,U2OS,gapdh,tnpo1,rep3image09,ch1,50,5.2518,5143.1665,250802B_U2OS_gapdh_tnpo1_rep3image09_ch1,-41
250802B,U2OS,gapdh,tnpo1,rep3image09,ch1,51,5.359,5212.1147,250802B_U2OS_gapdh_tnpo1_rep3image09_ch1,-40
250802B,U2OS,gapdh,tnpo1,rep3image09,ch1,52,5.4662,5222.7944,250802B_U2OS_gapdh_tnpo1_rep3image09_ch1,-39
250802B,U2OS,gapdh,tnpo1,rep3image09,ch1,53,5.5734,5209.6938,250802B_U2OS_gapdh_tnpo1_rep3image09_ch1,-38
250802B,U2OS,gapdh,tnpo1,rep3image09,ch1,54,5.6805,5174.6064,250802B_U2OS_gapdh_tnpo1_rep3image09_ch1,-37
250802B,U2OS,gapdh,tnpo1,rep3image09,ch1,55,5.7877,5125.2241,250802B_U2OS_gapdh_tnpo1_rep3image09_ch1,-36
250802B,U2OS,gapdh,tnpo1,rep3image09,ch1,56,5.8949,5078.2476,250802B_U2OS_gapdh_tnpo1_rep3image09_ch1,-35
250802B,U2OS,gapdh,tnpo1,rep3image09,ch1,57,6.0021,5064.502,250802B_U2OS_gapdh_tnpo1_rep3image09_ch1,-34
250802B,U2OS,gapdh,tnpo1,rep3image09,ch1,58,6.1093,5091.689,250802B_U2OS_gapdh_tnpo1_rep3image09_ch1,-33
250802B,U2OS,gapdh,tnpo1,rep3image09,ch1,59,6.2164,5154.605,250802B_U2OS_gapdh_tnpo1_rep3image09_ch1,-32
250802B,U2OS,gapdh,tnpo1,rep3image09,ch1,60,6.3236,5249.6909,250802B_U2OS_gapdh_tnpo1_rep3image09_ch1,-31
250802B,U2OS,gapdh,tnpo1,rep3image09,ch1,61,6.4308,5378.8145,250802B_U2OS_gapdh_tnpo1_rep3image09_ch1,-30
250802B,U2OS,gapdh,tnpo1,rep3image09,ch1,62,6.538,5548.2656,250802B_U2OS_gapdh_tnpo1_rep3image09_ch1,-29
250802B,U2OS,gapdh,tnpo1,rep3image09,ch1,63,6.6452,5670.083,250802B_U2OS_gapdh_tnpo1_rep3image09_ch1,-28
250802B,U2OS,gapdh,tnpo1,rep3image09,ch1,64,6.7523,5743.8325,250802B_U2OS_gapdh_tnpo1_rep3image09_ch1,-27
250802B,U2OS,gapdh,tnpo1,rep3image09,ch1,65,6.8595,5798.3467,250802B_U2OS_gapdh_tnpo1_rep3image09_ch1,-26
250802B,U2OS,gapdh,tnpo1,rep3image09,ch1,66,6.9667,5922.8057,250802B_U2OS_gapdh_tnpo1_rep3image09_ch1,-25
250802B,U2OS,gapdh,tnpo1,rep3image09,ch1,67,7.0739,6096.0601,250802B_U2OS_gapdh_tnpo1_rep3image09_ch1,-24
250802B,U2OS,gapdh,tnpo1,rep3image09,ch1,68,7.1811,6239.3047,250802B_U2OS_gapdh_tnpo1_rep3image09_ch1,-23
250802B,U2OS,gapdh,tnpo1,rep3image09,ch1,69,7.2882,6367.2637,250802B_U2OS_gapdh_tnpo1_rep3image09_ch1,-22
250802B,U2OS,gapdh,tnpo1,rep3image09,ch1,70,7.3954,6496.7734,250802B_U2OS_gapdh_tnpo1_rep3image09_ch1,-21
250802B,U2OS,gapdh,tnpo1,rep3image09,ch1,71,7.5026,6621.1528,250802B_U2OS_gapdh_tnpo1_rep3image09_ch1,-20
250802B,U2OS,gapdh,tnpo1,rep3image09,ch1,72,7.6098,6871.5312,250802B_U2OS_gapdh_tnpo1_rep3image09_ch1,-19
250802B,U2OS,gapdh,tnpo1,rep3image09,ch1,73,7.717,7204.8457,250802B_U2OS_gapdh_tnpo1_rep3image09_ch1,-18
250802B,U2OS,gapdh,tnpo1,rep3image09,ch1,74,7.8241,7537.3911,250802B_U2OS_gapdh_tnpo1_rep3image09_ch1,-17
250802B,U2OS,gapdh,tnpo1,rep3image09,ch1,75,7.9313,7894.8325,250802B_U2OS_gapdh_tnpo1_rep3image09_ch1,-16
250802B,U2OS,gapdh,tnpo1,rep3image09,ch1,76,8.0385,8303.7637,250802B_U2OS_gapdh_tnpo1_rep3image09_ch1,-15
250802B,U2OS,gapdh,tnpo1,rep3image09,ch1,77,8.1457,8601.9023,250802B_U2OS_gapdh_tnpo1_rep3image09_ch1,-14
250802B,U2OS,gapdh,tnpo1,rep3image09,ch1,78,8.2529,8846.71,250802B_U2OS_gapdh_tnpo1_rep3image09_ch1,-13
250802B,U2OS,gapdh,tnpo1,rep3image09,ch1,79,8.36,9025.7227,250802B_U2OS_gapdh_tnpo1_rep3image09_ch1,-12
250802B,U2OS,gapdh,tnpo1,rep3image09,ch1,80,8.4672,9061.7549,250802B_U2OS_gapdh_tnpo1_rep3image09_ch1,-11
250802B,U2OS,gapdh,tnpo1,rep3image09,ch1,81,8.5744,8988.6494,250802B_U2OS_gapdh_tnpo1_rep3image09_ch1,-10
250802B,U2OS,gapdh,tnpo1,rep3image09,ch1,82,8.6816,8888.4541,250802B_U2OS_gapdh_tnpo1_rep3image09_ch1,-9
250802B,U2OS,gapdh,tnpo1,rep3image09,ch1,83,8.7888,8794.1113,250802B_U2OS_gapdh_tnpo1_rep3image09_ch1,-8
250802B,U2OS,gapdh,tnpo1,rep3image09,ch1,84,8.8959,8814.9629,250802B_U2OS_gapdh_tnpo1_rep3image09_ch1,-7
250802B,U2OS,gapdh,tnpo1,rep3image09,ch1,85,9.0031,8946.3135,250802B_U2OS_gapdh_tnpo1_rep3image09_ch1,-6
250802B,U2OS,gapdh,tnpo1,rep3image09,ch1,86,9.1103,9062.6475,250802B_U2OS_gapdh_tnpo1_rep3image09_ch1,-5
250802B,U2OS,gapdh,tnpo1,rep3image09,ch1,87,9.2175,9120.0869,250802B_U2OS_gapdh_tnpo1_rep3image09_ch1,-4
250802B,U2OS,gapdh,tnpo1,rep3image09,ch1,88,9.3247,9193.0557,250802B_U2OS_gapdh_tnpo1_rep3image09_ch1,-3
250802B,U2OS,gapdh,tnpo1,rep3image09,ch1,89,9.4318,9372.377,250802B_U2OS_gapdh_tnpo1_rep3image09_ch1,-2
250802B,U2OS,gapdh,tnpo1,rep3image09,ch1,90,9.539,9657.4785,250802B_U2OS_gapdh_tnpo1_rep3image09_ch1,-1
250802B,U2OS,gapdh,tnpo1,rep3image09,ch1,91,9.6462,9898.1738,250802B_U2OS_gapdh_tnpo1_rep3image09_ch1,0
250802B,U2OS,gapdh,tnpo1,rep3image09,ch1,92,9.7534,9991.5186,250802B_U2OS_gapdh_tnpo1_rep3image09_ch1,1
250802B,U2OS,gapdh,tnpo1,rep3image09,ch1,93,9.8606,9868.4775,250802B_U2OS_gapdh_tnpo1_rep3image09_ch1,2
250802B,U2OS,gapdh,tnpo1,rep3image09,ch1,94,9.9677,9585.873,250802B_U2OS_gapdh_tnpo1_rep3image09_ch1,3
250802B,U2OS,gapdh,tnpo1,rep3image09,ch1,95,10.0749,9277.8086,250802B_U2OS_gapdh_tnpo1_rep3image09_ch1,4
250802B,U2OS,gapdh,tnpo1,rep3image09,ch1,96,10.1821,9096.7334,250802B_U2OS_gapdh_tnpo1_rep3image09_ch1,5
250802B,U2OS,gapdh,tnpo1,rep3image09,ch1,97,10.2893,9055.8408,250802B_U2OS_gapdh_tnpo1_rep3image09_ch1,6
250802B,U2OS,gapdh,tnpo1,rep3image09,ch1,98,10.3965,9139.0713,250802B_U2OS_gapdh_tnpo1_rep3image09_ch1,7
250802B,U2OS,gapdh,tnpo1,rep3image09,ch1,99,10.5036,9301.2324,250802B_U2OS_gapdh_tnpo1_rep3image09_ch1,8
250802B,U2OS,gapdh,tnpo1,rep3image09,ch1,100,10.6108,9406.5,250802B_U2OS_gapdh_tnpo1_rep3image09_ch1,9
250802B,U2OS,gapdh,tnpo1,rep3image09,ch1,101,10.718,9399.4238,250802B_U2OS_gapdh_tnpo1_rep3image09_ch1,10
250802B,U2OS,gapdh,tnpo1,rep3image09,ch1,102,10.8252,9334.8262,250802B_U2OS_gapdh_tnpo1_rep3image09_ch1,11
250802B,U2OS,gapdh,tnpo1,rep3image09,ch1,103,10.9324,9348.0703,250802B_U2OS_gapdh_tnpo1_rep3image09_ch1,12
250802B,U2OS,gapdh,tnpo1,rep3image09,ch1,104,11.0395,9464.0303,250802B_U2OS_gapdh_tnpo1_rep3image09_ch1,13
250802B,U2OS,gapdh,tnpo1,rep3image09,ch1,105,11.1467,9623.7637,250802B_U2OS_gapdh_tnpo1_rep3image09_ch1,14
250802B,U2OS,gapdh,tnpo1,rep3image09,ch1,106,11.2539,9612.124,250802B_U2OS_gapdh_tnpo1_rep3image09_ch1,15
250802B,U2OS,gapdh,tnpo1,rep3image09,ch1,107,11.3611,9406.2539,250802B_U2OS_gapdh_tnpo1_rep3image09_ch1,16
250802B,U2OS,gapdh,tnpo1,rep3image09,ch1,108,11.4683,9130.7051,250802B_U2OS_gapdh_tnpo1_rep3image09_ch1,17
250802B,U2OS,gapdh,tnpo1,rep3image09,ch1,109,11.5754,8887.3311,250802B_U2OS_gapdh_tnpo1_rep3image09_ch1,18
250802B,U2OS,gapdh,tnpo1,rep3image09,ch1,110,11.6826,8754.5518,250802B_U2OS_gapdh_tnpo1_rep3image09_ch1,19
250802B,U2OS,gapdh,tnpo1,rep3image09,ch1,111,11.7898,8725.749,250802B_U2OS_gapdh_tnpo1_rep3image09_ch1,20
250802B,U2OS,gapdh,tnpo1,rep3image09,ch1,112,11.897,8773.6631,250802B_U2OS_gapdh_tnpo1_rep3image09_ch1,21
250802B,U2OS,gapdh,tnpo1,rep3image09,ch1,113,12.0042,8933.6113,250802B_U2OS_gapdh_tnpo1_rep3image09_ch1,22
250802B,U2OS,gapdh,tnpo1,rep3image09,ch1,114,12.1113,9152.2686,250802B_U2OS_gapdh_tnpo1_rep3image09_ch1,23
250802B,U2OS,gapdh,tnpo1,rep3image09,ch1,115,12.2185,9353.8604,250802B_U2OS_gapdh_tnpo1_rep3image09_ch1,24
250802B,U2OS,gapdh,tnpo1,rep3image09,ch1,116,12.3257,9508.0918,250802B_U2OS_gapdh_tnpo1_rep3image09_ch1,25
250802B,U2OS,gapdh,tnpo1,rep3image09,ch1,117,12.4329,9619.833,250802B_U2OS_gapdh_tnpo1_rep3image09_ch1,26
250802B,U2OS,gapdh,tnpo1,rep3image09,ch1,118,12.5401,9688.249,250802B_U2OS_gapdh_tnpo1_rep3image09_ch1,27
250802B,U2OS,gapdh,tnpo1,rep3image09,ch1,119,12.6472,9714.7051,250802B_U2OS_gapdh_tnpo1_rep3image09_ch1,28
250802B,U2OS,gapdh,tnpo1,rep3image09,ch1,120,12.7544,9683.3574,250802B_U2OS_gapdh_tnpo1_rep3image09_ch1,29
250802B,U2OS,gapdh,tnpo1,rep3image09,ch1,121,12.8616,9618.3848,250802B_U2OS_gapdh_tnpo1_rep3image09_ch1,30
250802B,U2OS,gapdh,tnpo1,rep3image09,ch1,122,12.9688,9622.001,250802B_U2OS_gapdh_tnpo1_rep3image09_ch1,31
250802B,U2OS,gapdh,tnpo1,rep3image09,ch1,123,13.076,9645.8643,250802B_U2OS_gapdh_tnpo1_rep3image09_ch1,32
250802B,U2OS,gapdh,tnpo1,rep3image09,ch1,124,13.1831,9539.1338,250802B_U2OS_gapdh_tnpo1_rep3image09_ch1,33
250802B,U2OS,gapdh,tnpo1,rep3image09,ch1,125,13.2903,9416.209,250802B_U2OS_gapdh_tnpo1_rep3image09_ch1,34
250802B,U2OS,gapdh,tnpo1,rep3image09,ch1,126,13.3975,9283.1133,250802B_U2OS_gapdh_tnpo1_rep3image09_ch1,35
250802B,U2OS,gapdh,tnpo1,rep3image09,ch1,127,13.5047,9104.3125,250802B_U2OS_gapdh_tnpo1_rep3image09_ch1,36
250802B,U2OS,gapdh,tnpo1,rep3image09,ch1,128,13.6119,8936.8984,250802B_U2OS_gapdh_tnpo1_rep3image09_ch1,37
250802B,U2OS,gapdh,tnpo1,rep3image09,ch1,129,13.719,8777.1836,250802B_U2OS_gapdh_tnpo1_rep3image09_ch1,38
250802B,U2OS,gapdh,tnpo1,rep3image09,ch1,130,13.8262,8698.8164,250802B_U2OS_gapdh_tnpo1_rep3image09_ch1,39
250802B,U2OS,gapdh,tnpo1,rep3image09,ch1,131,13.9334,8706.8965,250802B_U2OS_gapdh_tnpo1_rep3image09_ch1,40
250802B,U2OS,gapdh,tnpo1,rep3image09,ch1,132,14.0406,8794.1543,250802B_U2OS_gapdh_tnpo1_rep3image09_ch1,41
250802B,U2OS,gapdh,tnpo1,rep3image09,ch1,133,14.1478,9011.0762,250802B_U2OS_gapdh_tnpo1_rep3image09_ch1,42
250802B,U2OS,gapdh,tnpo1,rep3image09,ch1,134,14.2549,9176.4941,250802B_U2OS_gapdh_tnpo1_rep3image09_ch1,43
250802B,U2OS,gapdh,tnpo1,rep3image09,ch1,135,14.3621,9201.3467,250802B_U2OS_gapdh_tnpo1_rep3image09_ch1,44
250802B,U2OS,gapdh,tnpo1,rep3image09,ch1,136,14.4693,9091.1787,250802B_U2OS_gapdh_tnpo1_rep3image09_ch1,45
250802B,U2OS,gapdh,tnpo1,rep3image09,ch1,137,14.5765,8860.3721,250802B_U2OS_gapdh_tnpo1_rep3image09_ch1,46
250802B,U2OS,gapdh,tnpo1,rep3image09,ch1,138,14.6837,8626.5186,250802B_U2OS_gapdh_tnpo1_rep3image09_ch1,47
250802B,U2OS,gapdh,tnpo1,rep3image09,ch1,139,14.7908,8485.2725,250802B_U2OS_gapdh_tnpo1_rep3image09_ch1,48
250802B,U2OS,gapdh,tnpo1,rep3image09,ch1,140,14.898,8553.543,250802B_U2OS_gapdh_tnpo1_rep3image09_ch1,49
250802B,U2OS,gapdh,tnpo1,rep3image09,ch1,141,15.0052,8838.6523,250802B_U2OS_gapdh_tnpo1_rep3image09_ch1,50
250802B,U2OS,gapdh,tnpo1,rep3image09,ch1,142,15.1124,9185.25,250802B_U2OS_gapdh_tnpo1_rep3image09_ch1,51
250802B,U2OS,gapdh,tnpo1,rep3image09,ch1,143,15.2196,9363.2617,250802B_U2OS_gapdh_tnpo1_rep3image09_ch1,52
250802B,U2OS,gapdh,tnpo1,rep3image09,ch1,144,15.3267,9338.8037,250802B_U2OS_gapdh_tnpo1_rep3image09_ch1,53
250802B,U2OS,gapdh,tnpo1,rep3image09,ch1,145,15.4339,9232.2871,250802B_U2OS_gapdh_tnpo1_rep3image09_ch1,54
250802B,U2OS,gapdh,tnpo1,rep3image09,ch1,146,15.5411,9024.668,250802B_U2OS_gapdh_tnpo1_rep3image09_ch1,55
250802B,U2OS,gapdh,tnpo1,rep3image09,ch1,147,15.6483,8748.4336,250802B_U2OS_gapdh_tnpo1_rep3image09_ch1,56
250802B,U2OS,gapdh,tnpo1,rep3image09,ch1,148,15.7555,8470.2744,250802B_U2OS_gapdh_tnpo1_rep3image09_ch1,57
250802B,U2OS,gapdh,tnpo1,rep3image09,ch1,149,15.8626,8256.5859,250802B_U2OS_gapdh_tnpo1_rep3image09_ch1,58
250802B,U2OS,gapdh,tnpo1,rep3image09,ch1,150,15.9698,8225.3857,250802B_U2OS_gapdh_tnpo1_rep3image09_ch1,59
250802B,U2OS,gapdh,tnpo1,rep3image09,ch1,151,16.077,8395.3682,250802B_U2OS_gapdh_tnpo1_rep3image09_ch1,60
250802B,U2OS,gapdh,tnpo1,rep3image09,ch1,152,16.1842,8612.2568,250802B_U2OS_gapdh_tnpo1_rep3image09_ch1,61
250802B,U2OS,gapdh,tnpo1,rep3image09,ch1,153,16.2914,8692.1562,250802B_U2OS_gapdh_tnpo1_rep3image09_ch1,62
250802B,U2OS,gapdh,tnpo1,rep3image09,ch1,154,16.3985,8571.9131,250802B_U2OS_gapdh_tnpo1_rep3image09_ch1,63
250802B,U2OS,gapdh,tnpo1,rep3image09,ch1,155,16.5057,8360.1611,250802B_U2OS_gapdh_tnpo1_rep3image09_ch1,64
250802B,U2OS,gapdh,tnpo1,rep3image09,ch1,156,16.6129,8200.1807,250802B_U2OS_gapdh_tnpo1_rep3image09_ch1,65
250802B,U2OS,gapdh,tnpo1,rep3image09,ch1,157,16.7201,8138.6641,250802B_U2OS_gapdh_tnpo1_rep3image09_ch1,66
250802B,U2OS,gapdh,tnpo1,rep3image09,ch1,158,16.8273,8165.4985,250802B_U2OS_gapdh_tnpo1_rep3image09_ch1,67
250802B,U2OS,gapdh,tnpo1,rep3image09,ch1,159,16.9344,8219.4121,250802B_U2OS_gapdh_tnpo1_rep3image09_ch1,68
250802B,U2OS,gapdh,tnpo1,rep3image09,ch1,160,17.0416,8304.4414,250802B_U2OS_gapdh_tnpo1_rep3image09_ch1,69
250802B,U2OS,gapdh,tnpo1,rep3image09,ch1,161,17.1488,8393.8213,250802B_U2OS_gapdh_tnpo1_rep3image09_ch1,70
250802B,U2OS,gapdh,tnpo1,rep3image09,ch1,162,17.256,8472.2666,250802B_U2OS_gapdh_tnpo1_rep3image09_ch1,71
250802B,U2OS,gapdh,tnpo1,rep3image09,ch1,163,17.3632,8650.4453,250802B_U2OS_gapdh_tnpo1_rep3image09_ch1,72
250802B,U2OS,gapdh,tnpo1,rep3image09,ch1,164,17.4703,8824.1582,250802B_U2OS_gapdh_tnpo1_rep3image09_ch1,73
250802B,U2OS,gapdh,tnpo1,rep3image09,ch1,165,17.5775,8897.3652,250802B_U2OS_gapdh_tnpo1_rep3image09_ch1,74
250802B,U2OS,gapdh,tnpo1,rep3image09,ch1,166,17.6847,8948.4062,250802B_U2OS_gapdh_tnpo1_rep3image09_ch1,75
250802B,U2OS,gapdh,tnpo1,rep3image09,ch1,167,17.7919,9054.6914,250802B_U2OS_gapdh_tnpo1_rep3image09_ch1,76
250802B,U2OS,gapdh,tnpo1,rep3image09,ch1,168,17.8991,9151.1768,250802B_U2OS_gapdh_tnpo1_rep3image09_ch1,77
250802B,U2OS,gapdh,tnpo1,rep3image09,ch1,169,18.0062,9178.5596,250802B_U2OS_gapdh_tnpo1_rep3image09_ch1,78
250802B,U2OS,gapdh,tnpo1,rep3image09,ch1,170,18.1134,9161.2402,250802B_U2OS_gapdh_tnpo1_rep3image09_ch1,79
250802B,U2OS,gapdh,tnpo1,rep3image09,ch1,171,18.2206,9156.2266,250802B_U2OS_gapdh_tnpo1_rep3image09_ch1,80
250802B,U2OS,gapdh,tnpo1,rep3image09,ch1,172,18.3278,9025.8516,250802B_U2OS_gapdh_tnpo1_rep3image09_ch1,81
250802B,U2OS,gapdh,tnpo1,rep3image09,ch1,173,18.435,8824.7158,250802B_U2OS_gapdh_tnpo1_rep3image09_ch1,82
250802B,U2OS,gapdh,tnpo1,rep3image09,ch1,174,18.5421,8674.3232,250802B_U2OS_gapdh_tnpo1_rep3image09_ch1,83
250802B,U2OS,gapdh,tnpo1,rep3image09,ch1,175,18.6493,8687.168,250802B_U2OS_gapdh_tnpo1_rep3image09_ch1,84
250802B,U2OS,gapdh,tnpo1,rep3image09,ch1,176,18.7565,8838.5498,250802B_U2OS_gapdh_tnpo1_rep3image09_ch1,85
250802B,U2OS,gapdh,tnpo1,rep3image09,ch1,177,18.8637,9008.7412,250802B_U2OS_gapdh_tnpo1_rep3image09_ch1,86
250802B,U2OS,gapdh,tnpo1,rep3image09,ch1,178,18.9709,9165.8711,250802B_U2OS_gapdh_tnpo1_rep3image09_ch1,87
250802B,U2OS,gapdh,tnpo1,rep3image09,ch1,179,19.078,9249.8115,250802B_U2OS_gapdh_tnpo1_rep3image09_ch1,88
250802B,U2OS,gapdh,tnpo1,rep3image09,ch1,180,19.1852,9237.1445,250802B_U2OS_gapdh_tnpo1_rep3image09_ch1,89
250802B,U2OS,gapdh,tnpo1,rep3image09,ch1,181,19.2924,9152.1953,250802B_U2OS_gapdh_tnpo1_rep3image09_ch1,90
250802B,U2OS,gapdh,tnpo1,rep3image09,ch2,1,0,2201.7612,250802B_U2OS_gapdh_tnpo1_rep3image09_ch2,-90
250802B,U2OS,gapdh,tnpo1,rep3image09,ch2,2,0.1072,2182.9517,250802B_U2OS_gapdh_tnpo1_rep3image09_ch2,-89
250802B,U2OS,gapdh,tnpo1,rep3image09,ch2,3,0.2144,2167.866,250802B_U2OS_gapdh_tnpo1_rep3image09_ch2,-88
250802B,U2OS,gapdh,tnpo1,rep3image09,ch2,4,0.3215,2165.4067,250802B_U2OS_gapdh_tnpo1_rep3image09_ch2,-87
250802B,U2OS,gapdh,tnpo1,rep3image09,ch2,5,0.4287,2153.0894,250802B_U2OS_gapdh_tnpo1_rep3image09_ch2,-86
250802B,U2OS,gapdh,tnpo1,rep3image09,ch2,6,0.5359,2145.156,250802B_U2OS_gapdh_tnpo1_rep3image09_ch2,-85
250802B,U2OS,gapdh,tnpo1,rep3image09,ch2,7,0.6431,2145.5879,250802B_U2OS_gapdh_tnpo1_rep3image09_ch2,-84
250802B,U2OS,gapdh,tnpo1,rep3image09,ch2,8,0.7503,2155.9087,250802B_U2OS_gapdh_tnpo1_rep3image09_ch2,-83
250802B,U2OS,gapdh,tnpo1,rep3image09,ch2,9,0.8574,2152.7307,250802B_U2OS_gapdh_tnpo1_rep3image09_ch2,-82
250802B,U2OS,gapdh,tnpo1,rep3image09,ch2,10,0.9646,2133.53,250802B_U2OS_gapdh_tnpo1_rep3image09_ch2,-81
250802B,U2OS,gapdh,tnpo1,rep3image09,ch2,11,1.0718,2112.6443,250802B_U2OS_gapdh_tnpo1_rep3image09_ch2,-80
250802B,U2OS,gapdh,tnpo1,rep3image09,ch2,12,1.179,2098.2771,250802B_U2OS_gapdh_tnpo1_rep3image09_ch2,-79
250802B,U2OS,gapdh,tnpo1,rep3image09,ch2,13,1.2862,2098.9495,250802B_U2OS_gapdh_tnpo1_rep3image09_ch2,-78
250802B,U2OS,gapdh,tnpo1,rep3image09,ch2,14,1.3933,2084.4519,250802B_U2OS_gapdh_tnpo1_rep3image09_ch2,-77
250802B,U2OS,gapdh,tnpo1,rep3image09,ch2,15,1.5005,2060.1758,250802B_U2OS_gapdh_tnpo1_rep3image09_ch2,-76
250802B,U2OS,gapdh,tnpo1,rep3image09,ch2,16,1.6077,2051.2229,250802B_U2OS_gapdh_tnpo1_rep3image09_ch2,-75
250802B,U2OS,gapdh,tnpo1,rep3image09,ch2,17,1.7149,2058.6572,250802B_U2OS_gapdh_tnpo1_rep3image09_ch2,-74
250802B,U2OS,gapdh,tnpo1,rep3image09,ch2,18,1.8221,2073.4385,250802B_U2OS_gapdh_tnpo1_rep3image09_ch2,-73
250802B,U2OS,gapdh,tnpo1,rep3image09,ch2,19,1.9292,2091.4448,250802B_U2OS_gapdh_tnpo1_rep3image09_ch2,-72
250802B,U2OS,gapdh,tnpo1,rep3image09,ch2,20,2.0364,2098.2537,250802B_U2OS_gapdh_tnpo1_rep3image09_ch2,-71
250802B,U2OS,gapdh,tnpo1,rep3image09,ch2,21,2.1436,2103.9524,250802B_U2OS_gapdh_tnpo1_rep3image09_ch2,-70
250802B,U2OS,gapdh,tnpo1,rep3image09,ch2,22,2.2508,2103.5898,250802B_U2OS_gapdh_tnpo1_rep3image09_ch2,-69
250802B,U2OS,gapdh,tnpo1,rep3image09,ch2,23,2.358,2106.7852,250802B_U2OS_gapdh_tnpo1_rep3image09_ch2,-68
250802B,U2OS,gapdh,tnpo1,rep3image09,ch2,24,2.4651,2121.187,250802B_U2OS_gapdh_tnpo1_rep3image09_ch2,-67
250802B,U2OS,gapdh,tnpo1,rep3image09,ch2,25,2.5723,2129.6562,250802B_U2OS_gapdh_tnpo1_rep3image09_ch2,-66
250802B,U2OS,gapdh,tnpo1,rep3image09,ch2,26,2.6795,2101.9658,250802B_U2OS_gapdh_tnpo1_rep3image09_ch2,-65
250802B,U2OS,gapdh,tnpo1,rep3image09,ch2,27,2.7867,2067.7751,250802B_U2OS_gapdh_tnpo1_rep3image09_ch2,-64
250802B,U2OS,gapdh,tnpo1,rep3image09,ch2,28,2.8939,2051.6162,250802B_U2OS_gapdh_tnpo1_rep3image09_ch2,-63
250802B,U2OS,gapdh,tnpo1,rep3image09,ch2,29,3.001,2046.5286,250802B_U2OS_gapdh_tnpo1_rep3image09_ch2,-62
250802B,U2OS,gapdh,tnpo1,rep3image09,ch2,30,3.1082,2045.1849,250802B_U2OS_gapdh_tnpo1_rep3image09_ch2,-61
250802B,U2OS,gapdh,tnpo1,rep3image09,ch2,31,3.2154,2056.5439,250802B_U2OS_gapdh_tnpo1_rep3image09_ch2,-60
250802B,U2OS,gapdh,tnpo1,rep3image09,ch2,32,3.3226,2072.8301,250802B_U2OS_gapdh_tnpo1_rep3image09_ch2,-59
250802B,U2OS,gapdh,tnpo1,rep3image09,ch2,33,3.4298,2087.4976,250802B_U2OS_gapdh_tnpo1_rep3image09_ch2,-58
250802B,U2OS,gapdh,tnpo1,rep3image09,ch2,34,3.5369,2094.5381,250802B_U2OS_gapdh_tnpo1_rep3image09_ch2,-57
250802B,U2OS,gapdh,tnpo1,rep3image09,ch2,35,3.6441,2093.571,250802B_U2OS_gapdh_tnpo1_rep3image09_ch2,-56
250802B,U2OS,gapdh,tnpo1,rep3image09,ch2,36,3.7513,2083.9329,250802B_U2OS_gapdh_tnpo1_rep3image09_ch2,-55
250802B,U2OS,gapdh,tnpo1,rep3image09,ch2,37,3.8585,2081.3171,250802B_U2OS_gapdh_tnpo1_rep3image09_ch2,-54
250802B,U2OS,gapdh,tnpo1,rep3image09,ch2,38,3.9657,2080.7629,250802B_U2OS_gapdh_tnpo1_rep3image09_ch2,-53
250802B,U2OS,gapdh,tnpo1,rep3image09,ch2,39,4.0728,2079.1362,250802B_U2OS_gapdh_tnpo1_rep3image09_ch2,-52
250802B,U2OS,gapdh,tnpo1,rep3image09,ch2,40,4.18,2071.6379,250802B_U2OS_gapdh_tnpo1_rep3image09_ch2,-51
250802B,U2OS,gapdh,tnpo1,rep3image09,ch2,41,4.2872,2065.6016,250802B_U2OS_gapdh_tnpo1_rep3image09_ch2,-50
250802B,U2OS,gapdh,tnpo1,rep3image09,ch2,42,4.3944,2065.9346,250802B_U2OS_gapdh_tnpo1_rep3image09_ch2,-49
250802B,U2OS,gapdh,tnpo1,rep3image09,ch2,43,4.5016,2067.7197,250802B_U2OS_gapdh_tnpo1_rep3image09_ch2,-48
250802B,U2OS,gapdh,tnpo1,rep3image09,ch2,44,4.6087,2075.2781,250802B_U2OS_gapdh_tnpo1_rep3image09_ch2,-47
250802B,U2OS,gapdh,tnpo1,rep3image09,ch2,45,4.7159,2084.7554,250802B_U2OS_gapdh_tnpo1_rep3image09_ch2,-46
250802B,U2OS,gapdh,tnpo1,rep3image09,ch2,46,4.8231,2081.3684,250802B_U2OS_gapdh_tnpo1_rep3image09_ch2,-45
250802B,U2OS,gapdh,tnpo1,rep3image09,ch2,47,4.9303,2081.1128,250802B_U2OS_gapdh_tnpo1_rep3image09_ch2,-44
250802B,U2OS,gapdh,tnpo1,rep3image09,ch2,48,5.0375,2071.0076,250802B_U2OS_gapdh_tnpo1_rep3image09_ch2,-43
250802B,U2OS,gapdh,tnpo1,rep3image09,ch2,49,5.1446,2064.3704,250802B_U2OS_gapdh_tnpo1_rep3image09_ch2,-42
250802B,U2OS,gapdh,tnpo1,rep3image09,ch2,50,5.2518,2064.6226,250802B_U2OS_gapdh_tnpo1_rep3image09_ch2,-41
250802B,U2OS,gapdh,tnpo1,rep3image09,ch2,51,5.359,2063.8967,250802B_U2OS_gapdh_tnpo1_rep3image09_ch2,-40
250802B,U2OS,gapdh,tnpo1,rep3image09,ch2,52,5.4662,2067.3286,250802B_U2OS_gapdh_tnpo1_rep3image09_ch2,-39
250802B,U2OS,gapdh,tnpo1,rep3image09,ch2,53,5.5734,2080.6589,250802B_U2OS_gapdh_tnpo1_rep3image09_ch2,-38
250802B,U2OS,gapdh,tnpo1,rep3image09,ch2,54,5.6805,2089.1023,250802B_U2OS_gapdh_tnpo1_rep3image09_ch2,-37
250802B,U2OS,gapdh,tnpo1,rep3image09,ch2,55,5.7877,2113.3433,250802B_U2OS_gapdh_tnpo1_rep3image09_ch2,-36
250802B,U2OS,gapdh,tnpo1,rep3image09,ch2,56,5.8949,2142.9768,250802B_U2OS_gapdh_tnpo1_rep3image09_ch2,-35
250802B,U2OS,gapdh,tnpo1,rep3image09,ch2,57,6.0021,2158.9426,250802B_U2OS_gapdh_tnpo1_rep3image09_ch2,-34
250802B,U2OS,gapdh,tnpo1,rep3image09,ch2,58,6.1093,2158.5466,250802B_U2OS_gapdh_tnpo1_rep3image09_ch2,-33
250802B,U2OS,gapdh,tnpo1,rep3image09,ch2,59,6.2164,2158.6194,250802B_U2OS_gapdh_tnpo1_rep3image09_ch2,-32
250802B,U2OS,gapdh,tnpo1,rep3image09,ch2,60,6.3236,2160.7085,250802B_U2OS_gapdh_tnpo1_rep3image09_ch2,-31
250802B,U2OS,gapdh,tnpo1,rep3image09,ch2,61,6.4308,2164.6936,250802B_U2OS_gapdh_tnpo1_rep3image09_ch2,-30
250802B,U2OS,gapdh,tnpo1,rep3image09,ch2,62,6.538,2176.1523,250802B_U2OS_gapdh_tnpo1_rep3image09_ch2,-29
250802B,U2OS,gapdh,tnpo1,rep3image09,ch2,63,6.6452,2179.438,250802B_U2OS_gapdh_tnpo1_rep3image09_ch2,-28
250802B,U2OS,gapdh,tnpo1,rep3image09,ch2,64,6.7523,2180.9666,250802B_U2OS_gapdh_tnpo1_rep3image09_ch2,-27
250802B,U2OS,gapdh,tnpo1,rep3image09,ch2,65,6.8595,2176.7742,250802B_U2OS_gapdh_tnpo1_rep3image09_ch2,-26
250802B,U2OS,gapdh,tnpo1,rep3image09,ch2,66,6.9667,2174.3843,250802B_U2OS_gapdh_tnpo1_rep3image09_ch2,-25
250802B,U2OS,gapdh,tnpo1,rep3image09,ch2,67,7.0739,2188.1418,250802B_U2OS_gapdh_tnpo1_rep3image09_ch2,-24
250802B,U2OS,gapdh,tnpo1,rep3image09,ch2,68,7.1811,2209.6028,250802B_U2OS_gapdh_tnpo1_rep3image09_ch2,-23
250802B,U2OS,gapdh,tnpo1,rep3image09,ch2,69,7.2882,2238.0532,250802B_U2OS_gapdh_tnpo1_rep3image09_ch2,-22
250802B,U2OS,gapdh,tnpo1,rep3image09,ch2,70,7.3954,2278.7927,250802B_U2OS_gapdh_tnpo1_rep3image09_ch2,-21
250802B,U2OS,gapdh,tnpo1,rep3image09,ch2,71,7.5026,2305.8567,250802B_U2OS_gapdh_tnpo1_rep3image09_ch2,-20
250802B,U2OS,gapdh,tnpo1,rep3image09,ch2,72,7.6098,2319.6699,250802B_U2OS_gapdh_tnpo1_rep3image09_ch2,-19
250802B,U2OS,gapdh,tnpo1,rep3image09,ch2,73,7.717,2324.2058,250802B_U2OS_gapdh_tnpo1_rep3image09_ch2,-18
250802B,U2OS,gapdh,tnpo1,rep3image09,ch2,74,7.8241,2332.9207,250802B_U2OS_gapdh_tnpo1_rep3image09_ch2,-17
250802B,U2OS,gapdh,tnpo1,rep3image09,ch2,75,7.9313,2360.9568,250802B_U2OS_gapdh_tnpo1_rep3image09_ch2,-16
250802B,U2OS,gapdh,tnpo1,rep3image09,ch2,76,8.0385,2408.5874,250802B_U2OS_gapdh_tnpo1_rep3image09_ch2,-15
250802B,U2OS,gapdh,tnpo1,rep3image09,ch2,77,8.1457,2462.3567,250802B_U2OS_gapdh_tnpo1_rep3image09_ch2,-14
250802B,U2OS,gapdh,tnpo1,rep3image09,ch2,78,8.2529,2514.4653,250802B_U2OS_gapdh_tnpo1_rep3image09_ch2,-13
250802B,U2OS,gapdh,tnpo1,rep3image09,ch2,79,8.36,2573.416,250802B_U2OS_gapdh_tnpo1_rep3image09_ch2,-12
250802B,U2OS,gapdh,tnpo1,rep3image09,ch2,80,8.4672,2622.5112,250802B_U2OS_gapdh_tnpo1_rep3image09_ch2,-11
250802B,U2OS,gapdh,tnpo1,rep3image09,ch2,81,8.5744,2648.3606,250802B_U2OS_gapdh_tnpo1_rep3image09_ch2,-10
250802B,U2OS,gapdh,tnpo1,rep3image09,ch2,82,8.6816,2645.9028,250802B_U2OS_gapdh_tnpo1_rep3image09_ch2,-9
250802B,U2OS,gapdh,tnpo1,rep3image09,ch2,83,8.7888,2648.1033,250802B_U2OS_gapdh_tnpo1_rep3image09_ch2,-8
250802B,U2OS,gapdh,tnpo1,rep3image09,ch2,84,8.8959,2647.0347,250802B_U2OS_gapdh_tnpo1_rep3image09_ch2,-7
250802B,U2OS,gapdh,tnpo1,rep3image09,ch2,85,9.0031,2644.5798,250802B_U2OS_gapdh_tnpo1_rep3image09_ch2,-6
250802B,U2OS,gapdh,tnpo1,rep3image09,ch2,86,9.1103,2626.3911,250802B_U2OS_gapdh_tnpo1_rep3image09_ch2,-5
250802B,U2OS,gapdh,tnpo1,rep3image09,ch2,87,9.2175,2605.6248,250802B_U2OS_gapdh_tnpo1_rep3image09_ch2,-4
250802B,U2OS,gapdh,tnpo1,rep3image09,ch2,88,9.3247,2593.136,250802B_U2OS_gapdh_tnpo1_rep3image09_ch2,-3
250802B,U2OS,gapdh,tnpo1,rep3image09,ch2,89,9.4318,2582.3738,250802B_U2OS_gapdh_tnpo1_rep3image09_ch2,-2
250802B,U2OS,gapdh,tnpo1,rep3image09,ch2,90,9.539,2586.1465,250802B_U2OS_gapdh_tnpo1_rep3image09_ch2,-1
250802B,U2OS,gapdh,tnpo1,rep3image09,ch2,91,9.6462,2600.9978,250802B_U2OS_gapdh_tnpo1_rep3image09_ch2,0
250802B,U2OS,gapdh,tnpo1,rep3image09,ch2,92,9.7534,2624.7258,250802B_U2OS_gapdh_tnpo1_rep3image09_ch2,1
250802B,U2OS,gapdh,tnpo1,rep3image09,ch2,93,9.8606,2647.0339,250802B_U2OS_gapdh_tnpo1_rep3image09_ch2,2
250802B,U2OS,gapdh,tnpo1,rep3image09,ch2,94,9.9677,2691.1963,250802B_U2OS_gapdh_tnpo1_rep3image09_ch2,3
250802B,U2OS,gapdh,tnpo1,rep3image09,ch2,95,10.0749,2725.4285,250802B_U2OS_gapdh_tnpo1_rep3image09_ch2,4
250802B,U2OS,gapdh,tnpo1,rep3image09,ch2,96,10.1821,2752.6379,250802B_U2OS_gapdh_tnpo1_rep3image09_ch2,5
250802B,U2OS,gapdh,tnpo1,rep3image09,ch2,97,10.2893,2755.8906,250802B_U2OS_gapdh_tnpo1_rep3image09_ch2,6
250802B,U2OS,gapdh,tnpo1,rep3image09,ch2,98,10.3965,2751.5244,250802B_U2OS_gapdh_tnpo1_rep3image09_ch2,7
250802B,U2OS,gapdh,tnpo1,rep3image09,ch2,99,10.5036,2760.1404000000002,250802B_U2OS_gapdh_tnpo1_rep3image09_ch2,8
250802B,U2OS,gapdh,tnpo1,rep3image09,ch2,100,10.6108,2786.9407,250802B_U2OS_gapdh_tnpo1_rep3image09_ch2,9
250802B,U2OS,gapdh,tnpo1,rep3image09,ch2,101,10.718,2817.6951,250802B_U2OS_gapdh_tnpo1_rep3image09_ch2,10
250802B,U2OS,gapdh,tnpo1,rep3image09,ch2,102,10.8252,2816.3345,250802B_U2OS_gapdh_tnpo1_rep3image09_ch2,11
250802B,U2OS,gapdh,tnpo1,rep3image09,ch2,103,10.9324,2778.96,250802B_U2OS_gapdh_tnpo1_rep3image09_ch2,12
250802B,U2OS,gapdh,tnpo1,rep3image09,ch2,104,11.0395,2741.2927,250802B_U2OS_gapdh_tnpo1_rep3image09_ch2,13
250802B,U2OS,gapdh,tnpo1,rep3image09,ch2,105,11.1467,2710.0127,250802B_U2OS_gapdh_tnpo1_rep3image09_ch2,14
250802B,U2OS,gapdh,tnpo1,rep3image09,ch2,106,11.2539,2670.4038,250802B_U2OS_gapdh_tnpo1_rep3image09_ch2,15
250802B,U2OS,gapdh,tnpo1,rep3image09,ch2,107,11.3611,2629.3928,250802B_U2OS_gapdh_tnpo1_rep3image09_ch2,16
250802B,U2OS,gapdh,tnpo1,rep3image09,ch2,108,11.4683,2595.4185,250802B_U2OS_gapdh_tnpo1_rep3image09_ch2,17
250802B,U2OS,gapdh,tnpo1,rep3image09,ch2,109,11.5754,2564.9675,250802B_U2OS_gapdh_tnpo1_rep3image09_ch2,18
250802B,U2OS,gapdh,tnpo1,rep3image09,ch2,110,11.6826,2549.2144,250802B_U2OS_gapdh_tnpo1_rep3image09_ch2,19
250802B,U2OS,gapdh,tnpo1,rep3image09,ch2,111,11.7898,2538.9141,250802B_U2OS_gapdh_tnpo1_rep3image09_ch2,20
250802B,U2OS,gapdh,tnpo1,rep3image09,ch2,112,11.897,2519.8206,250802B_U2OS_gapdh_tnpo1_rep3image09_ch2,21
250802B,U2OS,gapdh,tnpo1,rep3image09,ch2,113,12.0042,2499.9172,250802B_U2OS_gapdh_tnpo1_rep3image09_ch2,22
250802B,U2OS,gapdh,tnpo1,rep3image09,ch2,114,12.1113,2486.7087,250802B_U2OS_gapdh_tnpo1_rep3image09_ch2,23
250802B,U2OS,gapdh,tnpo1,rep3image09,ch2,115,12.2185,2477.8547,250802B_U2OS_gapdh_tnpo1_rep3image09_ch2,24
250802B,U2OS,gapdh,tnpo1,rep3image09,ch2,116,12.3257,2474.7197,250802B_U2OS_gapdh_tnpo1_rep3image09_ch2,25
250802B,U2OS,gapdh,tnpo1,rep3image09,ch2,117,12.4329,2477.4814,250802B_U2OS_gapdh_tnpo1_rep3image09_ch2,26
250802B,U2OS,gapdh,tnpo1,rep3image09,ch2,118,12.5401,2484.3372,250802B_U2OS_gapdh_tnpo1_rep3image09_ch2,27
250802B,U2OS,gapdh,tnpo1,rep3image09,ch2,119,12.6472,2477.1482,250802B_U2OS_gapdh_tnpo1_rep3image09_ch2,28
250802B,U2OS,gapdh,tnpo1,rep3image09,ch2,120,12.7544,2473.9817,250802B_U2OS_gapdh_tnpo1_rep3image09_ch2,29
250802B,U2OS,gapdh,tnpo1,rep3image09,ch2,121,12.8616,2474.1238,250802B_U2OS_gapdh_tnpo1_rep3image09_ch2,30
250802B,U2OS,gapdh,tnpo1,rep3image09,ch2,122,12.9688,2485.5449,250802B_U2OS_gapdh_tnpo1_rep3image09_ch2,31
250802B,U2OS,gapdh,tnpo1,rep3image09,ch2,123,13.076,2507.3435,250802B_U2OS_gapdh_tnpo1_rep3image09_ch2,32
250802B,U2OS,gapdh,tnpo1,rep3image09,ch2,124,13.1831,2541.771,250802B_U2OS_gapdh_tnpo1_rep3image09_ch2,33
250802B,U2OS,gapdh,tnpo1,rep3image09,ch2,125,13.2903,2596.2988,250802B_U2OS_gapdh_tnpo1_rep3image09_ch2,34
250802B,U2OS,gapdh,tnpo1,rep3image09,ch2,126,13.3975,2651.896,250802B_U2OS_gapdh_tnpo1_rep3image09_ch2,35
250802B,U2OS,gapdh,tnpo1,rep3image09,ch2,127,13.5047,2704.1599,250802B_U2OS_gapdh_tnpo1_rep3image09_ch2,36
250802B,U2OS,gapdh,tnpo1,rep3image09,ch2,128,13.6119,2749.7817,250802B_U2OS_gapdh_tnpo1_rep3image09_ch2,37
250802B,U2OS,gapdh,tnpo1,rep3image09,ch2,129,13.719,2784.856,250802B_U2OS_gapdh_tnpo1_rep3image09_ch2,38
250802B,U2OS,gapdh,tnpo1,rep3image09,ch2,130,13.8262,2814.3369,250802B_U2OS_gapdh_tnpo1_rep3image09_ch2,39
250802B,U2OS,gapdh,tnpo1,rep3image09,ch2,131,13.9334,2815.0813,250802B_U2OS_gapdh_tnpo1_rep3image09_ch2,40
250802B,U2OS,gapdh,tnpo1,rep3image09,ch2,132,14.0406,2782.4705,250802B_U2OS_gapdh_tnpo1_rep3image09_ch2,41
250802B,U2OS,gapdh,tnpo1,rep3image09,ch2,133,14.1478,2745.3301,250802B_U2OS_gapdh_tnpo1_rep3image09_ch2,42
250802B,U2OS,gapdh,tnpo1,rep3image09,ch2,134,14.2549,2730.8142,250802B_U2OS_gapdh_tnpo1_rep3image09_ch2,43
250802B,U2OS,gapdh,tnpo1,rep3image09,ch2,135,14.3621,2734.3923,250802B_U2OS_gapdh_tnpo1_rep3image09_ch2,44
250802B,U2OS,gapdh,tnpo1,rep3image09,ch2,136,14.4693,2727.5259,250802B_U2OS_gapdh_tnpo1_rep3image09_ch2,45
250802B,U2OS,gapdh,tnpo1,rep3image09,ch2,137,14.5765,2692.5447,250802B_U2OS_gapdh_tnpo1_rep3image09_ch2,46
250802B,U2OS,gapdh,tnpo1,rep3image09,ch2,138,14.6837,2641.1018,250802B_U2OS_gapdh_tnpo1_rep3image09_ch2,47
250802B,U2OS,gapdh,tnpo1,rep3image09,ch2,139,14.7908,2554.4575,250802B_U2OS_gapdh_tnpo1_rep3image09_ch2,48
250802B,U2OS,gapdh,tnpo1,rep3image09,ch2,140,14.898,2464.0164,250802B_U2OS_gapdh_tnpo1_rep3image09_ch2,49
250802B,U2OS,gapdh,tnpo1,rep3image09,ch2,141,15.0052,2412.2832,250802B_U2OS_gapdh_tnpo1_rep3image09_ch2,50
250802B,U2OS,gapdh,tnpo1,rep3image09,ch2,142,15.1124,2403.7026,250802B_U2OS_gapdh_tnpo1_rep3image09_ch2,51
250802B,U2OS,gapdh,tnpo1,rep3image09,ch2,143,15.2196,2416.123,250802B_U2OS_gapdh_tnpo1_rep3image09_ch2,52
250802B,U2OS,gapdh,tnpo1,rep3image09,ch2,144,15.3267,2420.1975,250802B_U2OS_gapdh_tnpo1_rep3image09_ch2,53
250802B,U2OS,gapdh,tnpo1,rep3image09,ch2,145,15.4339,2415.7129,250802B_U2OS_gapdh_tnpo1_rep3image09_ch2,54
250802B,U2OS,gapdh,tnpo1,rep3image09,ch2,146,15.5411,2397.0776,250802B_U2OS_gapdh_tnpo1_rep3image09_ch2,55
250802B,U2OS,gapdh,tnpo1,rep3image09,ch2,147,15.6483,2374.3357,250802B_U2OS_gapdh_tnpo1_rep3image09_ch2,56
250802B,U2OS,gapdh,tnpo1,rep3image09,ch2,148,15.7555,2364.7898,250802B_U2OS_gapdh_tnpo1_rep3image09_ch2,57
250802B,U2OS,gapdh,tnpo1,rep3image09,ch2,149,15.8626,2356.1157,250802B_U2OS_gapdh_tnpo1_rep3image09_ch2,58
250802B,U2OS,gapdh,tnpo1,rep3image09,ch2,150,15.9698,2362.6516,250802B_U2OS_gapdh_tnpo1_rep3image09_ch2,59
250802B,U2OS,gapdh,tnpo1,rep3image09,ch2,151,16.077,2381.7219,250802B_U2OS_gapdh_tnpo1_rep3image09_ch2,60
250802B,U2OS,gapdh,tnpo1,rep3image09,ch2,152,16.1842,2402.8196,250802B_U2OS_gapdh_tnpo1_rep3image09_ch2,61
250802B,U2OS,gapdh,tnpo1,rep3image09,ch2,153,16.2914,2447.3135,250802B_U2OS_gapdh_tnpo1_rep3image09_ch2,62
250802B,U2OS,gapdh,tnpo1,rep3image09,ch2,154,16.3985,2496.1948,250802B_U2OS_gapdh_tnpo1_rep3image09_ch2,63
250802B,U2OS,gapdh,tnpo1,rep3image09,ch2,155,16.5057,2539.5542,250802B_U2OS_gapdh_tnpo1_rep3image09_ch2,64
250802B,U2OS,gapdh,tnpo1,rep3image09,ch2,156,16.6129,2559.1006,250802B_U2OS_gapdh_tnpo1_rep3image09_ch2,65
250802B,U2OS,gapdh,tnpo1,rep3image09,ch2,157,16.7201,2556.6404000000002,250802B_U2OS_gapdh_tnpo1_rep3image09_ch2,66
250802B,U2OS,gapdh,tnpo1,rep3image09,ch2,158,16.8273,2559.6536,250802B_U2OS_gapdh_tnpo1_rep3image09_ch2,67
250802B,U2OS,gapdh,tnpo1,rep3image09,ch2,159,16.9344,2576.5745,250802B_U2OS_gapdh_tnpo1_rep3image09_ch2,68
250802B,U2OS,gapdh,tnpo1,rep3image09,ch2,160,17.0416,2612.3066,250802B_U2OS_gapdh_tnpo1_rep3image09_ch2,69
250802B,U2OS,gapdh,tnpo1,rep3image09,ch2,161,17.1488,2653.6523,250802B_U2OS_gapdh_tnpo1_rep3image09_ch2,70
250802B,U2OS,gapdh,tnpo1,rep3image09,ch2,162,17.256,2680.7004,250802B_U2OS_gapdh_tnpo1_rep3image09_ch2,71
250802B,U2OS,gapdh,tnpo1,rep3image09,ch2,163,17.3632,2685.7605,250802B_U2OS_gapdh_tnpo1_rep3image09_ch2,72
250802B,U2OS,gapdh,tnpo1,rep3image09,ch2,164,17.4703,2676.137,250802B_U2OS_gapdh_tnpo1_rep3image09_ch2,73
250802B,U2OS,gapdh,tnpo1,rep3image09,ch2,165,17.5775,2662.8979,250802B_U2OS_gapdh_tnpo1_rep3image09_ch2,74
250802B,U2OS,gapdh,tnpo1,rep3image09,ch2,166,17.6847,2647.4087,250802B_U2OS_gapdh_tnpo1_rep3image09_ch2,75
250802B,U2OS,gapdh,tnpo1,rep3image09,ch2,167,17.7919,2619.0295,250802B_U2OS_gapdh_tnpo1_rep3image09_ch2,76
250802B,U2OS,gapdh,tnpo1,rep3image09,ch2,168,17.8991,2565.1372,250802B_U2OS_gapdh_tnpo1_rep3image09_ch2,77
250802B,U2OS,gapdh,tnpo1,rep3image09,ch2,169,18.0062,2519.7805,250802B_U2OS_gapdh_tnpo1_rep3image09_ch2,78
250802B,U2OS,gapdh,tnpo1,rep3image09,ch2,170,18.1134,2475.6389,250802B_U2OS_gapdh_tnpo1_rep3image09_ch2,79
250802B,U2OS,gapdh,tnpo1,rep3image09,ch2,171,18.2206,2441.7188,250802B_U2OS_gapdh_tnpo1_rep3image09_ch2,80
250802B,U2OS,gapdh,tnpo1,rep3image09,ch2,172,18.3278,2388.9421,250802B_U2OS_gapdh_tnpo1_rep3image09_ch2,81
250802B,U2OS,gapdh,tnpo1,rep3image09,ch2,173,18.435,2331.1772,250802B_U2OS_gapdh_tnpo1_rep3image09_ch2,82
250802B,U2OS,gapdh,tnpo1,rep3image09,ch2,174,18.5421,2258.168,250802B_U2OS_gapdh_tnpo1_rep3image09_ch2,83
250802B,U2OS,gapdh,tnpo1,rep3image09,ch2,175,18.6493,2189.5725,250802B_U2OS_gapdh_tnpo1_rep3image09_ch2,84
250802B,U2OS,gapdh,tnpo1,rep3image09,ch2,176,18.7565,2139.1604,250802B_U2OS_gapdh_tnpo1_rep3image09_ch2,85
250802B,U2OS,gapdh,tnpo1,rep3image09,ch2,177,18.8637,2099.8242,250802B_U2OS_gapdh_tnpo1_rep3image09_ch2,86
250802B,U2OS,gapdh,tnpo1,rep3image09,ch2,178,18.9709,2074.0176,250802B_U2OS_gapdh_tnpo1_rep3image09_ch2,87
250802B,U2OS,gapdh,tnpo1,rep3image09,ch2,179,19.078,2049.8269,250802B_U2OS_gapdh_tnpo1_rep3image09_ch2,88
250802B,U2OS,gapdh,tnpo1,rep3image09,ch2,180,19.1852,2031.2284,250802B_U2OS_gapdh_tnpo1_rep3image09_ch2,89
250802B,U2OS,gapdh,tnpo1,rep3image09,ch2,181,19.2924,2027.9771,250802B_U2OS_gapdh_tnpo1_rep3image09_ch2,90
250802B,U2OS,gapdh,tnpo1,rep3image11,ch1,1,0,4749.6895,250802B_U2OS_gapdh_tnpo1_rep3image11_ch1,-90
250802B,U2OS,gapdh,tnpo1,rep3image11,ch1,2,0.1072,4832.6689,250802B_U2OS_gapdh_tnpo1_rep3image11_ch1,-89
250802B,U2OS,gapdh,tnpo1,rep3image11,ch1,3,0.2144,4963.2705,250802B_U2OS_gapdh_tnpo1_rep3image11_ch1,-88
250802B,U2OS,gapdh,tnpo1,rep3image11,ch1,4,0.3215,5116.1489,250802B_U2OS_gapdh_tnpo1_rep3image11_ch1,-87
250802B,U2OS,gapdh,tnpo1,rep3image11,ch1,5,0.4287,5205.479,250802B_U2OS_gapdh_tnpo1_rep3image11_ch1,-86
250802B,U2OS,gapdh,tnpo1,rep3image11,ch1,6,0.5359,5173.8364,250802B_U2OS_gapdh_tnpo1_rep3image11_ch1,-85
250802B,U2OS,gapdh,tnpo1,rep3image11,ch1,7,0.6431,5063.7119,250802B_U2OS_gapdh_tnpo1_rep3image11_ch1,-84
250802B,U2OS,gapdh,tnpo1,rep3image11,ch1,8,0.7503,4944.8042,250802B_U2OS_gapdh_tnpo1_rep3image11_ch1,-83
250802B,U2OS,gapdh,tnpo1,rep3image11,ch1,9,0.8574,4856.1372,250802B_U2OS_gapdh_tnpo1_rep3image11_ch1,-82
250802B,U2OS,gapdh,tnpo1,rep3image11,ch1,10,0.9646,4818.2344,250802B_U2OS_gapdh_tnpo1_rep3image11_ch1,-81
250802B,U2OS,gapdh,tnpo1,rep3image11,ch1,11,1.0718,4828.4624,250802B_U2OS_gapdh_tnpo1_rep3image11_ch1,-80
250802B,U2OS,gapdh,tnpo1,rep3image11,ch1,12,1.179,4900.8555,250802B_U2OS_gapdh_tnpo1_rep3image11_ch1,-79
250802B,U2OS,gapdh,tnpo1,rep3image11,ch1,13,1.2862,5016.0903,250802B_U2OS_gapdh_tnpo1_rep3image11_ch1,-78
250802B,U2OS,gapdh,tnpo1,rep3image11,ch1,14,1.3933,5103.3394,250802B_U2OS_gapdh_tnpo1_rep3image11_ch1,-77
250802B,U2OS,gapdh,tnpo1,rep3image11,ch1,15,1.5005,5122.1123,250802B_U2OS_gapdh_tnpo1_rep3image11_ch1,-76
250802B,U2OS,gapdh,tnpo1,rep3image11,ch1,16,1.6077,5162.7397,250802B_U2OS_gapdh_tnpo1_rep3image11_ch1,-75
250802B,U2OS,gapdh,tnpo1,rep3image11,ch1,17,1.7149,5228.9106,250802B_U2OS_gapdh_tnpo1_rep3image11_ch1,-74
250802B,U2OS,gapdh,tnpo1,rep3image11,ch1,18,1.8221,5273.7817,250802B_U2OS_gapdh_tnpo1_rep3image11_ch1,-73
250802B,U2OS,gapdh,tnpo1,rep3image11,ch1,19,1.9292,5262.5693,250802B_U2OS_gapdh_tnpo1_rep3image11_ch1,-72
250802B,U2OS,gapdh,tnpo1,rep3image11,ch1,20,2.0364,5230.0176,250802B_U2OS_gapdh_tnpo1_rep3image11_ch1,-71
250802B,U2OS,gapdh,tnpo1,rep3image11,ch1,21,2.1436,5196.7095,250802B_U2OS_gapdh_tnpo1_rep3image11_ch1,-70
250802B,U2OS,gapdh,tnpo1,rep3image11,ch1,22,2.2508,5122.8047,250802B_U2OS_gapdh_tnpo1_rep3image11_ch1,-69
250802B,U2OS,gapdh,tnpo1,rep3image11,ch1,23,2.358,5005.4932,250802B_U2OS_gapdh_tnpo1_rep3image11_ch1,-68
250802B,U2OS,gapdh,tnpo1,rep3image11,ch1,24,2.4651,4923.6104,250802B_U2OS_gapdh_tnpo1_rep3image11_ch1,-67
250802B,U2OS,gapdh,tnpo1,rep3image11,ch1,25,2.5723,4879.2866,250802B_U2OS_gapdh_tnpo1_rep3image11_ch1,-66
250802B,U2OS,gapdh,tnpo1,rep3image11,ch1,26,2.6795,4875.5112,250802B_U2OS_gapdh_tnpo1_rep3image11_ch1,-65
250802B,U2OS,gapdh,tnpo1,rep3image11,ch1,27,2.7867,4858.2109,250802B_U2OS_gapdh_tnpo1_rep3image11_ch1,-64
250802B,U2OS,gapdh,tnpo1,rep3image11,ch1,28,2.8939,4859.5498,250802B_U2OS_gapdh_tnpo1_rep3image11_ch1,-63
250802B,U2OS,gapdh,tnpo1,rep3image11,ch1,29,3.001,4882.4062,250802B_U2OS_gapdh_tnpo1_rep3image11_ch1,-62
250802B,U2OS,gapdh,tnpo1,rep3image11,ch1,30,3.1082,4941.4321,250802B_U2OS_gapdh_tnpo1_rep3image11_ch1,-61
250802B,U2OS,gapdh,tnpo1,rep3image11,ch1,31,3.2154,5013.1108,250802B_U2OS_gapdh_tnpo1_rep3image11_ch1,-60
250802B,U2OS,gapdh,tnpo1,rep3image11,ch1,32,3.3226,5077.2847,250802B_U2OS_gapdh_tnpo1_rep3image11_ch1,-59
250802B,U2OS,gapdh,tnpo1,rep3image11,ch1,33,3.4298,5159.6411,250802B_U2OS_gapdh_tnpo1_rep3image11_ch1,-58
250802B,U2OS,gapdh,tnpo1,rep3image11,ch1,34,3.5369,5262.022,250802B_U2OS_gapdh_tnpo1_rep3image11_ch1,-57
250802B,U2OS,gapdh,tnpo1,rep3image11,ch1,35,3.6441,5331.0801,250802B_U2OS_gapdh_tnpo1_rep3image11_ch1,-56
250802B,U2OS,gapdh,tnpo1,rep3image11,ch1,36,3.7513,5354.9287,250802B_U2OS_gapdh_tnpo1_rep3image11_ch1,-55
250802B,U2OS,gapdh,tnpo1,rep3image11,ch1,37,3.8585,5360.8633,250802B_U2OS_gapdh_tnpo1_rep3image11_ch1,-54
250802B,U2OS,gapdh,tnpo1,rep3image11,ch1,38,3.9657,5389.4683000000005,250802B_U2OS_gapdh_tnpo1_rep3image11_ch1,-53
250802B,U2OS,gapdh,tnpo1,rep3image11,ch1,39,4.0728,5400.9785,250802B_U2OS_gapdh_tnpo1_rep3image11_ch1,-52
250802B,U2OS,gapdh,tnpo1,rep3image11,ch1,40,4.18,5358.5171,250802B_U2OS_gapdh_tnpo1_rep3image11_ch1,-51
250802B,U2OS,gapdh,tnpo1,rep3image11,ch1,41,4.2872,5281.2134,250802B_U2OS_gapdh_tnpo1_rep3image11_ch1,-50
250802B,U2OS,gapdh,tnpo1,rep3image11,ch1,42,4.3944,5230.7739,250802B_U2OS_gapdh_tnpo1_rep3image11_ch1,-49
250802B,U2OS,gapdh,tnpo1,rep3image11,ch1,43,4.5016,5194.6235,250802B_U2OS_gapdh_tnpo1_rep3image11_ch1,-48
250802B,U2OS,gapdh,tnpo1,rep3image11,ch1,44,4.6087,5167.9541,250802B_U2OS_gapdh_tnpo1_rep3image11_ch1,-47
250802B,U2OS,gapdh,tnpo1,rep3image11,ch1,45,4.7159,5174.0034,250802B_U2OS_gapdh_tnpo1_rep3image11_ch1,-46
250802B,U2OS,gapdh,tnpo1,rep3image11,ch1,46,4.8231,5181.8545,250802B_U2OS_gapdh_tnpo1_rep3image11_ch1,-45
250802B,U2OS,gapdh,tnpo1,rep3image11,ch1,47,4.9303,5172.6372,250802B_U2OS_gapdh_tnpo1_rep3image11_ch1,-44
250802B,U2OS,gapdh,tnpo1,rep3image11,ch1,48,5.0375,5170.9028,250802B_U2OS_gapdh_tnpo1_rep3image11_ch1,-43
250802B,U2OS,gapdh,tnpo1,rep3image11,ch1,49,5.1446,5193.127,250802B_U2OS_gapdh_tnpo1_rep3image11_ch1,-42
250802B,U2OS,gapdh,tnpo1,rep3image11,ch1,50,5.2518,5255.1357,250802B_U2OS_gapdh_tnpo1_rep3image11_ch1,-41
250802B,U2OS,gapdh,tnpo1,rep3image11,ch1,51,5.359,5353.5259,250802B_U2OS_gapdh_tnpo1_rep3image11_ch1,-40
250802B,U2OS,gapdh,tnpo1,rep3image11,ch1,52,5.4662,5459.6953,250802B_U2OS_gapdh_tnpo1_rep3image11_ch1,-39
250802B,U2OS,gapdh,tnpo1,rep3image11,ch1,53,5.5734,5561.0259,250802B_U2OS_gapdh_tnpo1_rep3image11_ch1,-38
250802B,U2OS,gapdh,tnpo1,rep3image11,ch1,54,5.6805,5641.9937,250802B_U2OS_gapdh_tnpo1_rep3image11_ch1,-37
250802B,U2OS,gapdh,tnpo1,rep3image11,ch1,55,5.7877,5721.9321,250802B_U2OS_gapdh_tnpo1_rep3image11_ch1,-36
250802B,U2OS,gapdh,tnpo1,rep3image11,ch1,56,5.8949,5811.9658,250802B_U2OS_gapdh_tnpo1_rep3image11_ch1,-35
250802B,U2OS,gapdh,tnpo1,rep3image11,ch1,57,6.0021,5888.6675,250802B_U2OS_gapdh_tnpo1_rep3image11_ch1,-34
250802B,U2OS,gapdh,tnpo1,rep3image11,ch1,58,6.1093,5957.5244,250802B_U2OS_gapdh_tnpo1_rep3image11_ch1,-33
250802B,U2OS,gapdh,tnpo1,rep3image11,ch1,59,6.2164,6064.5474,250802B_U2OS_gapdh_tnpo1_rep3image11_ch1,-32
250802B,U2OS,gapdh,tnpo1,rep3image11,ch1,60,6.3236,6279.9058000000005,250802B_U2OS_gapdh_tnpo1_rep3image11_ch1,-31
250802B,U2OS,gapdh,tnpo1,rep3image11,ch1,61,6.4308,6563.6064,250802B_U2OS_gapdh_tnpo1_rep3image11_ch1,-30
250802B,U2OS,gapdh,tnpo1,rep3image11,ch1,62,6.538,6819.1289,250802B_U2OS_gapdh_tnpo1_rep3image11_ch1,-29
250802B,U2OS,gapdh,tnpo1,rep3image11,ch1,63,6.6452,6918.6543,250802B_U2OS_gapdh_tnpo1_rep3image11_ch1,-28
250802B,U2OS,gapdh,tnpo1,rep3image11,ch1,64,6.7523,6934.7212,250802B_U2OS_gapdh_tnpo1_rep3image11_ch1,-27
250802B,U2OS,gapdh,tnpo1,rep3image11,ch1,65,6.8595,6951.4985,250802B_U2OS_gapdh_tnpo1_rep3image11_ch1,-26
250802B,U2OS,gapdh,tnpo1,rep3image11,ch1,66,6.9667,6941.0142,250802B_U2OS_gapdh_tnpo1_rep3image11_ch1,-25
250802B,U2OS,gapdh,tnpo1,rep3image11,ch1,67,7.0739,6879.8687,250802B_U2OS_gapdh_tnpo1_rep3image11_ch1,-24
250802B,U2OS,gapdh,tnpo1,rep3image11,ch1,68,7.1811,6787.5273,250802B_U2OS_gapdh_tnpo1_rep3image11_ch1,-23
250802B,U2OS,gapdh,tnpo1,rep3image11,ch1,69,7.2882,6748.8101,250802B_U2OS_gapdh_tnpo1_rep3image11_ch1,-22
250802B,U2OS,gapdh,tnpo1,rep3image11,ch1,70,7.3954,6878.9556,250802B_U2OS_gapdh_tnpo1_rep3image11_ch1,-21
250802B,U2OS,gapdh,tnpo1,rep3image11,ch1,71,7.5026,7053.9097,250802B_U2OS_gapdh_tnpo1_rep3image11_ch1,-20
250802B,U2OS,gapdh,tnpo1,rep3image11,ch1,72,7.6098,7124.1094,250802B_U2OS_gapdh_tnpo1_rep3image11_ch1,-19
250802B,U2OS,gapdh,tnpo1,rep3image11,ch1,73,7.717,7107.3398,250802B_U2OS_gapdh_tnpo1_rep3image11_ch1,-18
250802B,U2OS,gapdh,tnpo1,rep3image11,ch1,74,7.8241,7151.0352,250802B_U2OS_gapdh_tnpo1_rep3image11_ch1,-17
250802B,U2OS,gapdh,tnpo1,rep3image11,ch1,75,7.9313,7343.3179,250802B_U2OS_gapdh_tnpo1_rep3image11_ch1,-16
250802B,U2OS,gapdh,tnpo1,rep3image11,ch1,76,8.0385,7594.2959,250802B_U2OS_gapdh_tnpo1_rep3image11_ch1,-15
250802B,U2OS,gapdh,tnpo1,rep3image11,ch1,77,8.1457,7783.1216,250802B_U2OS_gapdh_tnpo1_rep3image11_ch1,-14
250802B,U2OS,gapdh,tnpo1,rep3image11,ch1,78,8.2529,7909.9531,250802B_U2OS_gapdh_tnpo1_rep3image11_ch1,-13
250802B,U2OS,gapdh,tnpo1,rep3image11,ch1,79,8.36,7973.2197,250802B_U2OS_gapdh_tnpo1_rep3image11_ch1,-12
250802B,U2OS,gapdh,tnpo1,rep3image11,ch1,80,8.4672,7995.3369,250802B_U2OS_gapdh_tnpo1_rep3image11_ch1,-11
250802B,U2OS,gapdh,tnpo1,rep3image11,ch1,81,8.5744,8100.0698,250802B_U2OS_gapdh_tnpo1_rep3image11_ch1,-10
250802B,U2OS,gapdh,tnpo1,rep3image11,ch1,82,8.6816,8292.6592,250802B_U2OS_gapdh_tnpo1_rep3image11_ch1,-9
250802B,U2OS,gapdh,tnpo1,rep3image11,ch1,83,8.7888,8568.1953,250802B_U2OS_gapdh_tnpo1_rep3image11_ch1,-8
250802B,U2OS,gapdh,tnpo1,rep3image11,ch1,84,8.8959,8805.9424,250802B_U2OS_gapdh_tnpo1_rep3image11_ch1,-7
250802B,U2OS,gapdh,tnpo1,rep3image11,ch1,85,9.0031,8945.4531,250802B_U2OS_gapdh_tnpo1_rep3image11_ch1,-6
250802B,U2OS,gapdh,tnpo1,rep3image11,ch1,86,9.1103,9033.4043,250802B_U2OS_gapdh_tnpo1_rep3image11_ch1,-5
250802B,U2OS,gapdh,tnpo1,rep3image11,ch1,87,9.2175,9285.0723,250802B_U2OS_gapdh_tnpo1_rep3image11_ch1,-4
250802B,U2OS,gapdh,tnpo1,rep3image11,ch1,88,9.3247,9732.3447,250802B_U2OS_gapdh_tnpo1_rep3image11_ch1,-3
250802B,U2OS,gapdh,tnpo1,rep3image11,ch1,89,9.4318,10205.9033,250802B_U2OS_gapdh_tnpo1_rep3image11_ch1,-2
250802B,U2OS,gapdh,tnpo1,rep3image11,ch1,90,9.539,10582.1602,250802B_U2OS_gapdh_tnpo1_rep3image11_ch1,-1
250802B,U2OS,gapdh,tnpo1,rep3image11,ch1,91,9.6462,10769.2549,250802B_U2OS_gapdh_tnpo1_rep3image11_ch1,0
250802B,U2OS,gapdh,tnpo1,rep3image11,ch1,92,9.7534,10714.2539,250802B_U2OS_gapdh_tnpo1_rep3image11_ch1,1
250802B,U2OS,gapdh,tnpo1,rep3image11,ch1,93,9.8606,10537.9629,250802B_U2OS_gapdh_tnpo1_rep3image11_ch1,2
250802B,U2OS,gapdh,tnpo1,rep3image11,ch1,94,9.9677,10348.0879,250802B_U2OS_gapdh_tnpo1_rep3image11_ch1,3
250802B,U2OS,gapdh,tnpo1,rep3image11,ch1,95,10.0749,10275.1406,250802B_U2OS_gapdh_tnpo1_rep3image11_ch1,4
250802B,U2OS,gapdh,tnpo1,rep3image11,ch1,96,10.1821,10354.8682,250802B_U2OS_gapdh_tnpo1_rep3image11_ch1,5
250802B,U2OS,gapdh,tnpo1,rep3image11,ch1,97,10.2893,10483.4268,250802B_U2OS_gapdh_tnpo1_rep3image11_ch1,6
250802B,U2OS,gapdh,tnpo1,rep3image11,ch1,98,10.3965,10503.0293,250802B_U2OS_gapdh_tnpo1_rep3image11_ch1,7
250802B,U2OS,gapdh,tnpo1,rep3image11,ch1,99,10.5036,10429.6738,250802B_U2OS_gapdh_tnpo1_rep3image11_ch1,8
250802B,U2OS,gapdh,tnpo1,rep3image11,ch1,100,10.6108,10374.041,250802B_U2OS_gapdh_tnpo1_rep3image11_ch1,9
250802B,U2OS,gapdh,tnpo1,rep3image11,ch1,101,10.718,10428.3301,250802B_U2OS_gapdh_tnpo1_rep3image11_ch1,10
250802B,U2OS,gapdh,tnpo1,rep3image11,ch1,102,10.8252,10607.877,250802B_U2OS_gapdh_tnpo1_rep3image11_ch1,11
250802B,U2OS,gapdh,tnpo1,rep3image11,ch1,103,10.9324,10829.7227,250802B_U2OS_gapdh_tnpo1_rep3image11_ch1,12
250802B,U2OS,gapdh,tnpo1,rep3image11,ch1,104,11.0395,11011.1865,250802B_U2OS_gapdh_tnpo1_rep3image11_ch1,13
250802B,U2OS,gapdh,tnpo1,rep3image11,ch1,105,11.1467,10979.1123,250802B_U2OS_gapdh_tnpo1_rep3image11_ch1,14
250802B,U2OS,gapdh,tnpo1,rep3image11,ch1,106,11.2539,10782.6807,250802B_U2OS_gapdh_tnpo1_rep3image11_ch1,15
250802B,U2OS,gapdh,tnpo1,rep3image11,ch1,107,11.3611,10555.0371,250802B_U2OS_gapdh_tnpo1_rep3image11_ch1,16
250802B,U2OS,gapdh,tnpo1,rep3image11,ch1,108,11.4683,10411.1299,250802B_U2OS_gapdh_tnpo1_rep3image11_ch1,17
250802B,U2OS,gapdh,tnpo1,rep3image11,ch1,109,11.5754,10280.1777,250802B_U2OS_gapdh_tnpo1_rep3image11_ch1,18
250802B,U2OS,gapdh,tnpo1,rep3image11,ch1,110,11.6826,10040.5586,250802B_U2OS_gapdh_tnpo1_rep3image11_ch1,19
250802B,U2OS,gapdh,tnpo1,rep3image11,ch1,111,11.7898,9714.8916,250802B_U2OS_gapdh_tnpo1_rep3image11_ch1,20
250802B,U2OS,gapdh,tnpo1,rep3image11,ch1,112,11.897,9413.5596,250802B_U2OS_gapdh_tnpo1_rep3image11_ch1,21
250802B,U2OS,gapdh,tnpo1,rep3image11,ch1,113,12.0042,9251.8447,250802B_U2OS_gapdh_tnpo1_rep3image11_ch1,22
250802B,U2OS,gapdh,tnpo1,rep3image11,ch1,114,12.1113,9191.5117,250802B_U2OS_gapdh_tnpo1_rep3image11_ch1,23
250802B,U2OS,gapdh,tnpo1,rep3image11,ch1,115,12.2185,9131.4746,250802B_U2OS_gapdh_tnpo1_rep3image11_ch1,24
250802B,U2OS,gapdh,tnpo1,rep3image11,ch1,116,12.3257,9067.6631,250802B_U2OS_gapdh_tnpo1_rep3image11_ch1,25
250802B,U2OS,gapdh,tnpo1,rep3image11,ch1,117,12.4329,9049.8184,250802B_U2OS_gapdh_tnpo1_rep3image11_ch1,26
250802B,U2OS,gapdh,tnpo1,rep3image11,ch1,118,12.5401,9071.6328,250802B_U2OS_gapdh_tnpo1_rep3image11_ch1,27
250802B,U2OS,gapdh,tnpo1,rep3image11,ch1,119,12.6472,9071.8574,250802B_U2OS_gapdh_tnpo1_rep3image11_ch1,28
250802B,U2OS,gapdh,tnpo1,rep3image11,ch1,120,12.7544,8994.8447,250802B_U2OS_gapdh_tnpo1_rep3image11_ch1,29
250802B,U2OS,gapdh,tnpo1,rep3image11,ch1,121,12.8616,8883.2119,250802B_U2OS_gapdh_tnpo1_rep3image11_ch1,30
250802B,U2OS,gapdh,tnpo1,rep3image11,ch1,122,12.9688,8796.3721,250802B_U2OS_gapdh_tnpo1_rep3image11_ch1,31
250802B,U2OS,gapdh,tnpo1,rep3image11,ch1,123,13.076,8790.7783,250802B_U2OS_gapdh_tnpo1_rep3image11_ch1,32
250802B,U2OS,gapdh,tnpo1,rep3image11,ch1,124,13.1831,8867.6299,250802B_U2OS_gapdh_tnpo1_rep3image11_ch1,33
250802B,U2OS,gapdh,tnpo1,rep3image11,ch1,125,13.2903,8895.0967,250802B_U2OS_gapdh_tnpo1_rep3image11_ch1,34
250802B,U2OS,gapdh,tnpo1,rep3image11,ch1,126,13.3975,8928.4785,250802B_U2OS_gapdh_tnpo1_rep3image11_ch1,35
250802B,U2OS,gapdh,tnpo1,rep3image11,ch1,127,13.5047,8989.4229,250802B_U2OS_gapdh_tnpo1_rep3image11_ch1,36
250802B,U2OS,gapdh,tnpo1,rep3image11,ch1,128,13.6119,9023.3115,250802B_U2OS_gapdh_tnpo1_rep3image11_ch1,37
250802B,U2OS,gapdh,tnpo1,rep3image11,ch1,129,13.719,8982.4316,250802B_U2OS_gapdh_tnpo1_rep3image11_ch1,38
250802B,U2OS,gapdh,tnpo1,rep3image11,ch1,130,13.8262,8876.1035,250802B_U2OS_gapdh_tnpo1_rep3image11_ch1,39
250802B,U2OS,gapdh,tnpo1,rep3image11,ch1,131,13.9334,8761.3877,250802B_U2OS_gapdh_tnpo1_rep3image11_ch1,40
250802B,U2OS,gapdh,tnpo1,rep3image11,ch1,132,14.0406,8609.3057,250802B_U2OS_gapdh_tnpo1_rep3image11_ch1,41
250802B,U2OS,gapdh,tnpo1,rep3image11,ch1,133,14.1478,8403.4775,250802B_U2OS_gapdh_tnpo1_rep3image11_ch1,42
250802B,U2OS,gapdh,tnpo1,rep3image11,ch1,134,14.2549,8112.6147,250802B_U2OS_gapdh_tnpo1_rep3image11_ch1,43
250802B,U2OS,gapdh,tnpo1,rep3image11,ch1,135,14.3621,7782.4893,250802B_U2OS_gapdh_tnpo1_rep3image11_ch1,44
250802B,U2OS,gapdh,tnpo1,rep3image11,ch1,136,14.4693,7562.9653,250802B_U2OS_gapdh_tnpo1_rep3image11_ch1,45
250802B,U2OS,gapdh,tnpo1,rep3image11,ch1,137,14.5765,7550.3374,250802B_U2OS_gapdh_tnpo1_rep3image11_ch1,46
250802B,U2OS,gapdh,tnpo1,rep3image11,ch1,138,14.6837,7607.0806,250802B_U2OS_gapdh_tnpo1_rep3image11_ch1,47
250802B,U2OS,gapdh,tnpo1,rep3image11,ch1,139,14.7908,7660.1196,250802B_U2OS_gapdh_tnpo1_rep3image11_ch1,48
250802B,U2OS,gapdh,tnpo1,rep3image11,ch1,140,14.898,7736.0254,250802B_U2OS_gapdh_tnpo1_rep3image11_ch1,49
250802B,U2OS,gapdh,tnpo1,rep3image11,ch1,141,15.0052,7820.3296,250802B_U2OS_gapdh_tnpo1_rep3image11_ch1,50
250802B,U2OS,gapdh,tnpo1,rep3image11,ch1,142,15.1124,7769.5332,250802B_U2OS_gapdh_tnpo1_rep3image11_ch1,51
250802B,U2OS,gapdh,tnpo1,rep3image11,ch1,143,15.2196,7434.2637,250802B_U2OS_gapdh_tnpo1_rep3image11_ch1,52
250802B,U2OS,gapdh,tnpo1,rep3image11,ch1,144,15.3267,6917.3921,250802B_U2OS_gapdh_tnpo1_rep3image11_ch1,53
250802B,U2OS,gapdh,tnpo1,rep3image11,ch1,145,15.4339,6423.064,250802B_U2OS_gapdh_tnpo1_rep3image11_ch1,54
250802B,U2OS,gapdh,tnpo1,rep3image11,ch1,146,15.5411,6067.1074,250802B_U2OS_gapdh_tnpo1_rep3image11_ch1,55
250802B,U2OS,gapdh,tnpo1,rep3image11,ch1,147,15.6483,5880.9321,250802B_U2OS_gapdh_tnpo1_rep3image11_ch1,56
250802B,U2OS,gapdh,tnpo1,rep3image11,ch1,148,15.7555,5849.4521,250802B_U2OS_gapdh_tnpo1_rep3image11_ch1,57
250802B,U2OS,gapdh,tnpo1,rep3image11,ch1,149,15.8626,5922.4385,250802B_U2OS_gapdh_tnpo1_rep3image11_ch1,58
250802B,U2OS,gapdh,tnpo1,rep3image11,ch1,150,15.9698,6062.5298,250802B_U2OS_gapdh_tnpo1_rep3image11_ch1,59
250802B,U2OS,gapdh,tnpo1,rep3image11,ch1,151,16.077,6134.873,250802B_U2OS_gapdh_tnpo1_rep3image11_ch1,60
250802B,U2OS,gapdh,tnpo1,rep3image11,ch1,152,16.1842,6063.4868,250802B_U2OS_gapdh_tnpo1_rep3image11_ch1,61
250802B,U2OS,gapdh,tnpo1,rep3image11,ch1,153,16.2914,5962.0151,250802B_U2OS_gapdh_tnpo1_rep3image11_ch1,62
250802B,U2OS,gapdh,tnpo1,rep3image11,ch1,154,16.3985,6022.5869,250802B_U2OS_gapdh_tnpo1_rep3image11_ch1,63
250802B,U2OS,gapdh,tnpo1,rep3image11,ch1,155,16.5057,6303.7769,250802B_U2OS_gapdh_tnpo1_rep3image11_ch1,64
250802B,U2OS,gapdh,tnpo1,rep3image11,ch1,156,16.6129,6647.0708,250802B_U2OS_gapdh_tnpo1_rep3image11_ch1,65
250802B,U2OS,gapdh,tnpo1,rep3image11,ch1,157,16.7201,6853.7891,250802B_U2OS_gapdh_tnpo1_rep3image11_ch1,66
250802B,U2OS,gapdh,tnpo1,rep3image11,ch1,158,16.8273,6933.9795,250802B_U2OS_gapdh_tnpo1_rep3image11_ch1,67
250802B,U2OS,gapdh,tnpo1,rep3image11,ch1,159,16.9344,6954.8579,250802B_U2OS_gapdh_tnpo1_rep3image11_ch1,68
250802B,U2OS,gapdh,tnpo1,rep3image11,ch1,160,17.0416,6950.0063,250802B_U2OS_gapdh_tnpo1_rep3image11_ch1,69
250802B,U2OS,gapdh,tnpo1,rep3image11,ch1,161,17.1488,6894.7134,250802B_U2OS_gapdh_tnpo1_rep3image11_ch1,70
250802B,U2OS,gapdh,tnpo1,rep3image11,ch1,162,17.256,6824.0479,250802B_U2OS_gapdh_tnpo1_rep3image11_ch1,71
250802B,U2OS,gapdh,tnpo1,rep3image11,ch1,163,17.3632,6771.1519,250802B_U2OS_gapdh_tnpo1_rep3image11_ch1,72
250802B,U2OS,gapdh,tnpo1,rep3image11,ch1,164,17.4703,6727.6357,250802B_U2OS_gapdh_tnpo1_rep3image11_ch1,73
250802B,U2OS,gapdh,tnpo1,rep3image11,ch1,165,17.5775,6709.6514,250802B_U2OS_gapdh_tnpo1_rep3image11_ch1,74
250802B,U2OS,gapdh,tnpo1,rep3image11,ch1,166,17.6847,6727.0566,250802B_U2OS_gapdh_tnpo1_rep3image11_ch1,75
250802B,U2OS,gapdh,tnpo1,rep3image11,ch1,167,17.7919,6642.7842,250802B_U2OS_gapdh_tnpo1_rep3image11_ch1,76
250802B,U2OS,gapdh,tnpo1,rep3image11,ch1,168,17.8991,6373.8218,250802B_U2OS_gapdh_tnpo1_rep3image11_ch1,77
250802B,U2OS,gapdh,tnpo1,rep3image11,ch1,169,18.0062,5984.8198,250802B_U2OS_gapdh_tnpo1_rep3image11_ch1,78
250802B,U2OS,gapdh,tnpo1,rep3image11,ch1,170,18.1134,5629.7847,250802B_U2OS_gapdh_tnpo1_rep3image11_ch1,79
250802B,U2OS,gapdh,tnpo1,rep3image11,ch1,171,18.2206,5434.2578,250802B_U2OS_gapdh_tnpo1_rep3image11_ch1,80
250802B,U2OS,gapdh,tnpo1,rep3image11,ch1,172,18.3278,5396.9409,250802B_U2OS_gapdh_tnpo1_rep3image11_ch1,81
250802B,U2OS,gapdh,tnpo1,rep3image11,ch1,173,18.435,5422.644,250802B_U2OS_gapdh_tnpo1_rep3image11_ch1,82
250802B,U2OS,gapdh,tnpo1,rep3image11,ch1,174,18.5421,5477.832,250802B_U2OS_gapdh_tnpo1_rep3image11_ch1,83
250802B,U2OS,gapdh,tnpo1,rep3image11,ch1,175,18.6493,5528.7656,250802B_U2OS_gapdh_tnpo1_rep3image11_ch1,84
250802B,U2OS,gapdh,tnpo1,rep3image11,ch1,176,18.7565,5526.3467,250802B_U2OS_gapdh_tnpo1_rep3image11_ch1,85
250802B,U2OS,gapdh,tnpo1,rep3image11,ch1,177,18.8637,5458.1318,250802B_U2OS_gapdh_tnpo1_rep3image11_ch1,86
250802B,U2OS,gapdh,tnpo1,rep3image11,ch1,178,18.9709,5399.52,250802B_U2OS_gapdh_tnpo1_rep3image11_ch1,87
250802B,U2OS,gapdh,tnpo1,rep3image11,ch1,179,19.078,5356.1782,250802B_U2OS_gapdh_tnpo1_rep3image11_ch1,88
250802B,U2OS,gapdh,tnpo1,rep3image11,ch1,180,19.1852,5360.2129,250802B_U2OS_gapdh_tnpo1_rep3image11_ch1,89
250802B,U2OS,gapdh,tnpo1,rep3image11,ch1,181,19.2924,5412.4731,250802B_U2OS_gapdh_tnpo1_rep3image11_ch1,90
250802B,U2OS,gapdh,tnpo1,rep3image11,ch2,1,0,2313.8459,250802B_U2OS_gapdh_tnpo1_rep3image11_ch2,-90
250802B,U2OS,gapdh,tnpo1,rep3image11,ch2,2,0.1072,2307.5596,250802B_U2OS_gapdh_tnpo1_rep3image11_ch2,-89
250802B,U2OS,gapdh,tnpo1,rep3image11,ch2,3,0.2144,2293.333,250802B_U2OS_gapdh_tnpo1_rep3image11_ch2,-88
250802B,U2OS,gapdh,tnpo1,rep3image11,ch2,4,0.3215,2280.0366,250802B_U2OS_gapdh_tnpo1_rep3image11_ch2,-87
250802B,U2OS,gapdh,tnpo1,rep3image11,ch2,5,0.4287,2272.9473,250802B_U2OS_gapdh_tnpo1_rep3image11_ch2,-86
250802B,U2OS,gapdh,tnpo1,rep3image11,ch2,6,0.5359,2263.7415,250802B_U2OS_gapdh_tnpo1_rep3image11_ch2,-85
250802B,U2OS,gapdh,tnpo1,rep3image11,ch2,7,0.6431,2254.6504,250802B_U2OS_gapdh_tnpo1_rep3image11_ch2,-84
250802B,U2OS,gapdh,tnpo1,rep3image11,ch2,8,0.7503,2252.8296,250802B_U2OS_gapdh_tnpo1_rep3image11_ch2,-83
250802B,U2OS,gapdh,tnpo1,rep3image11,ch2,9,0.8574,2243.9832,250802B_U2OS_gapdh_tnpo1_rep3image11_ch2,-82
250802B,U2OS,gapdh,tnpo1,rep3image11,ch2,10,0.9646,2251.8359,250802B_U2OS_gapdh_tnpo1_rep3image11_ch2,-81
250802B,U2OS,gapdh,tnpo1,rep3image11,ch2,11,1.0718,2250.6123,250802B_U2OS_gapdh_tnpo1_rep3image11_ch2,-80
250802B,U2OS,gapdh,tnpo1,rep3image11,ch2,12,1.179,2240.1836,250802B_U2OS_gapdh_tnpo1_rep3image11_ch2,-79
250802B,U2OS,gapdh,tnpo1,rep3image11,ch2,13,1.2862,2239.6401,250802B_U2OS_gapdh_tnpo1_rep3image11_ch2,-78
250802B,U2OS,gapdh,tnpo1,rep3image11,ch2,14,1.3933,2242.6375,250802B_U2OS_gapdh_tnpo1_rep3image11_ch2,-77
250802B,U2OS,gapdh,tnpo1,rep3image11,ch2,15,1.5005,2263.5801,250802B_U2OS_gapdh_tnpo1_rep3image11_ch2,-76
250802B,U2OS,gapdh,tnpo1,rep3image11,ch2,16,1.6077,2281.0056,250802B_U2OS_gapdh_tnpo1_rep3image11_ch2,-75
250802B,U2OS,gapdh,tnpo1,rep3image11,ch2,17,1.7149,2290.0393,250802B_U2OS_gapdh_tnpo1_rep3image11_ch2,-74
250802B,U2OS,gapdh,tnpo1,rep3image11,ch2,18,1.8221,2285.2722,250802B_U2OS_gapdh_tnpo1_rep3image11_ch2,-73
250802B,U2OS,gapdh,tnpo1,rep3image11,ch2,19,1.9292,2284.2329,250802B_U2OS_gapdh_tnpo1_rep3image11_ch2,-72
250802B,U2OS,gapdh,tnpo1,rep3image11,ch2,20,2.0364,2274.4731,250802B_U2OS_gapdh_tnpo1_rep3image11_ch2,-71
250802B,U2OS,gapdh,tnpo1,rep3image11,ch2,21,2.1436,2268.2759,250802B_U2OS_gapdh_tnpo1_rep3image11_ch2,-70
250802B,U2OS,gapdh,tnpo1,rep3image11,ch2,22,2.2508,2260.4719,250802B_U2OS_gapdh_tnpo1_rep3image11_ch2,-69
250802B,U2OS,gapdh,tnpo1,rep3image11,ch2,23,2.358,2268.4512,250802B_U2OS_gapdh_tnpo1_rep3image11_ch2,-68
250802B,U2OS,gapdh,tnpo1,rep3image11,ch2,24,2.4651,2278.1099,250802B_U2OS_gapdh_tnpo1_rep3image11_ch2,-67
250802B,U2OS,gapdh,tnpo1,rep3image11,ch2,25,2.5723,2301.4565,250802B_U2OS_gapdh_tnpo1_rep3image11_ch2,-66
250802B,U2OS,gapdh,tnpo1,rep3image11,ch2,26,2.6795,2310.9731,250802B_U2OS_gapdh_tnpo1_rep3image11_ch2,-65
250802B,U2OS,gapdh,tnpo1,rep3image11,ch2,27,2.7867,2309.7524,250802B_U2OS_gapdh_tnpo1_rep3image11_ch2,-64
250802B,U2OS,gapdh,tnpo1,rep3image11,ch2,28,2.8939,2309.5,250802B_U2OS_gapdh_tnpo1_rep3image11_ch2,-63
250802B,U2OS,gapdh,tnpo1,rep3image11,ch2,29,3.001,2307.7444,250802B_U2OS_gapdh_tnpo1_rep3image11_ch2,-62
250802B,U2OS,gapdh,tnpo1,rep3image11,ch2,30,3.1082,2308.9412,250802B_U2OS_gapdh_tnpo1_rep3image11_ch2,-61
250802B,U2OS,gapdh,tnpo1,rep3image11,ch2,31,3.2154,2314.2705,250802B_U2OS_gapdh_tnpo1_rep3image11_ch2,-60
250802B,U2OS,gapdh,tnpo1,rep3image11,ch2,32,3.3226,2308.9319,250802B_U2OS_gapdh_tnpo1_rep3image11_ch2,-59
250802B,U2OS,gapdh,tnpo1,rep3image11,ch2,33,3.4298,2296.1406,250802B_U2OS_gapdh_tnpo1_rep3image11_ch2,-58
250802B,U2OS,gapdh,tnpo1,rep3image11,ch2,34,3.5369,2290.2288,250802B_U2OS_gapdh_tnpo1_rep3image11_ch2,-57
250802B,U2OS,gapdh,tnpo1,rep3image11,ch2,35,3.6441,2303.1135,250802B_U2OS_gapdh_tnpo1_rep3image11_ch2,-56
250802B,U2OS,gapdh,tnpo1,rep3image11,ch2,36,3.7513,2320.3015,250802B_U2OS_gapdh_tnpo1_rep3image11_ch2,-55
250802B,U2OS,gapdh,tnpo1,rep3image11,ch2,37,3.8585,2333.8442,250802B_U2OS_gapdh_tnpo1_rep3image11_ch2,-54
250802B,U2OS,gapdh,tnpo1,rep3image11,ch2,38,3.9657,2348.9062,250802B_U2OS_gapdh_tnpo1_rep3image11_ch2,-53
250802B,U2OS,gapdh,tnpo1,rep3image11,ch2,39,4.0728,2389.7971,250802B_U2OS_gapdh_tnpo1_rep3image11_ch2,-52
250802B,U2OS,gapdh,tnpo1,rep3image11,ch2,40,4.18,2443.3235,250802B_U2OS_gapdh_tnpo1_rep3image11_ch2,-51
250802B,U2OS,gapdh,tnpo1,rep3image11,ch2,41,4.2872,2453.73,250802B_U2OS_gapdh_tnpo1_rep3image11_ch2,-50
250802B,U2OS,gapdh,tnpo1,rep3image11,ch2,42,4.3944,2411.4595,250802B_U2OS_gapdh_tnpo1_rep3image11_ch2,-49
250802B,U2OS,gapdh,tnpo1,rep3image11,ch2,43,4.5016,2340.8125,250802B_U2OS_gapdh_tnpo1_rep3image11_ch2,-48
250802B,U2OS,gapdh,tnpo1,rep3image11,ch2,44,4.6087,2286.3684,250802B_U2OS_gapdh_tnpo1_rep3image11_ch2,-47
250802B,U2OS,gapdh,tnpo1,rep3image11,ch2,45,4.7159,2255.531,250802B_U2OS_gapdh_tnpo1_rep3image11_ch2,-46
250802B,U2OS,gapdh,tnpo1,rep3image11,ch2,46,4.8231,2234.7632,250802B_U2OS_gapdh_tnpo1_rep3image11_ch2,-45
250802B,U2OS,gapdh,tnpo1,rep3image11,ch2,47,4.9303,2222.7146,250802B_U2OS_gapdh_tnpo1_rep3image11_ch2,-44
250802B,U2OS,gapdh,tnpo1,rep3image11,ch2,48,5.0375,2218.5142,250802B_U2OS_gapdh_tnpo1_rep3image11_ch2,-43
250802B,U2OS,gapdh,tnpo1,rep3image11,ch2,49,5.1446,2209.2908,250802B_U2OS_gapdh_tnpo1_rep3image11_ch2,-42
250802B,U2OS,gapdh,tnpo1,rep3image11,ch2,50,5.2518,2213.6362,250802B_U2OS_gapdh_tnpo1_rep3image11_ch2,-41
250802B,U2OS,gapdh,tnpo1,rep3image11,ch2,51,5.359,2228.8965,250802B_U2OS_gapdh_tnpo1_rep3image11_ch2,-40
250802B,U2OS,gapdh,tnpo1,rep3image11,ch2,52,5.4662,2242.5393,250802B_U2OS_gapdh_tnpo1_rep3image11_ch2,-39
250802B,U2OS,gapdh,tnpo1,rep3image11,ch2,53,5.5734,2253.7253,250802B_U2OS_gapdh_tnpo1_rep3image11_ch2,-38
250802B,U2OS,gapdh,tnpo1,rep3image11,ch2,54,5.6805,2274.3074,250802B_U2OS_gapdh_tnpo1_rep3image11_ch2,-37
250802B,U2OS,gapdh,tnpo1,rep3image11,ch2,55,5.7877,2301.5688,250802B_U2OS_gapdh_tnpo1_rep3image11_ch2,-36
250802B,U2OS,gapdh,tnpo1,rep3image11,ch2,56,5.8949,2317.2542,250802B_U2OS_gapdh_tnpo1_rep3image11_ch2,-35
250802B,U2OS,gapdh,tnpo1,rep3image11,ch2,57,6.0021,2322.5471,250802B_U2OS_gapdh_tnpo1_rep3image11_ch2,-34
250802B,U2OS,gapdh,tnpo1,rep3image11,ch2,58,6.1093,2313.3301,250802B_U2OS_gapdh_tnpo1_rep3image11_ch2,-33
250802B,U2OS,gapdh,tnpo1,rep3image11,ch2,59,6.2164,2298.2686,250802B_U2OS_gapdh_tnpo1_rep3image11_ch2,-32
250802B,U2OS,gapdh,tnpo1,rep3image11,ch2,60,6.3236,2285.3342,250802B_U2OS_gapdh_tnpo1_rep3image11_ch2,-31
250802B,U2OS,gapdh,tnpo1,rep3image11,ch2,61,6.4308,2277.3337,250802B_U2OS_gapdh_tnpo1_rep3image11_ch2,-30
250802B,U2OS,gapdh,tnpo1,rep3image11,ch2,62,6.538,2275.2314,250802B_U2OS_gapdh_tnpo1_rep3image11_ch2,-29
250802B,U2OS,gapdh,tnpo1,rep3image11,ch2,63,6.6452,2279.6841,250802B_U2OS_gapdh_tnpo1_rep3image11_ch2,-28
250802B,U2OS,gapdh,tnpo1,rep3image11,ch2,64,6.7523,2289.7026,250802B_U2OS_gapdh_tnpo1_rep3image11_ch2,-27
250802B,U2OS,gapdh,tnpo1,rep3image11,ch2,65,6.8595,2300.2671,250802B_U2OS_gapdh_tnpo1_rep3image11_ch2,-26
250802B,U2OS,gapdh,tnpo1,rep3image11,ch2,66,6.9667,2325.093,250802B_U2OS_gapdh_tnpo1_rep3image11_ch2,-25
250802B,U2OS,gapdh,tnpo1,rep3image11,ch2,67,7.0739,2342.114,250802B_U2OS_gapdh_tnpo1_rep3image11_ch2,-24
250802B,U2OS,gapdh,tnpo1,rep3image11,ch2,68,7.1811,2342.3535,250802B_U2OS_gapdh_tnpo1_rep3image11_ch2,-23
250802B,U2OS,gapdh,tnpo1,rep3image11,ch2,69,7.2882,2340.531,250802B_U2OS_gapdh_tnpo1_rep3image11_ch2,-22
250802B,U2OS,gapdh,tnpo1,rep3image11,ch2,70,7.3954,2345.603,250802B_U2OS_gapdh_tnpo1_rep3image11_ch2,-21
250802B,U2OS,gapdh,tnpo1,rep3image11,ch2,71,7.5026,2348.2136,250802B_U2OS_gapdh_tnpo1_rep3image11_ch2,-20
250802B,U2OS,gapdh,tnpo1,rep3image11,ch2,72,7.6098,2356.0942,250802B_U2OS_gapdh_tnpo1_rep3image11_ch2,-19
250802B,U2OS,gapdh,tnpo1,rep3image11,ch2,73,7.717,2363.9954,250802B_U2OS_gapdh_tnpo1_rep3image11_ch2,-18
250802B,U2OS,gapdh,tnpo1,rep3image11,ch2,74,7.8241,2379.4866,250802B_U2OS_gapdh_tnpo1_rep3image11_ch2,-17
250802B,U2OS,gapdh,tnpo1,rep3image11,ch2,75,7.9313,2403.2646,250802B_U2OS_gapdh_tnpo1_rep3image11_ch2,-16
250802B,U2OS,gapdh,tnpo1,rep3image11,ch2,76,8.0385,2424.5149,250802B_U2OS_gapdh_tnpo1_rep3image11_ch2,-15
250802B,U2OS,gapdh,tnpo1,rep3image11,ch2,77,8.1457,2427.217,250802B_U2OS_gapdh_tnpo1_rep3image11_ch2,-14
250802B,U2OS,gapdh,tnpo1,rep3image11,ch2,78,8.2529,2418.0364,250802B_U2OS_gapdh_tnpo1_rep3image11_ch2,-13
250802B,U2OS,gapdh,tnpo1,rep3image11,ch2,79,8.36,2418.0886,250802B_U2OS_gapdh_tnpo1_rep3image11_ch2,-12
250802B,U2OS,gapdh,tnpo1,rep3image11,ch2,80,8.4672,2418.9233,250802B_U2OS_gapdh_tnpo1_rep3image11_ch2,-11
250802B,U2OS,gapdh,tnpo1,rep3image11,ch2,81,8.5744,2433.3237,250802B_U2OS_gapdh_tnpo1_rep3image11_ch2,-10
250802B,U2OS,gapdh,tnpo1,rep3image11,ch2,82,8.6816,2452.873,250802B_U2OS_gapdh_tnpo1_rep3image11_ch2,-9
250802B,U2OS,gapdh,tnpo1,rep3image11,ch2,83,8.7888,2479.5569,250802B_U2OS_gapdh_tnpo1_rep3image11_ch2,-8
250802B,U2OS,gapdh,tnpo1,rep3image11,ch2,84,8.8959,2505.3994,250802B_U2OS_gapdh_tnpo1_rep3image11_ch2,-7
250802B,U2OS,gapdh,tnpo1,rep3image11,ch2,85,9.0031,2524.1614,250802B_U2OS_gapdh_tnpo1_rep3image11_ch2,-6
250802B,U2OS,gapdh,tnpo1,rep3image11,ch2,86,9.1103,2540.1284,250802B_U2OS_gapdh_tnpo1_rep3image11_ch2,-5
250802B,U2OS,gapdh,tnpo1,rep3image11,ch2,87,9.2175,2564.897,250802B_U2OS_gapdh_tnpo1_rep3image11_ch2,-4
250802B,U2OS,gapdh,tnpo1,rep3image11,ch2,88,9.3247,2580.4009,250802B_U2OS_gapdh_tnpo1_rep3image11_ch2,-3
250802B,U2OS,gapdh,tnpo1,rep3image11,ch2,89,9.4318,2579.7759,250802B_U2OS_gapdh_tnpo1_rep3image11_ch2,-2
250802B,U2OS,gapdh,tnpo1,rep3image11,ch2,90,9.539,2580.7571,250802B_U2OS_gapdh_tnpo1_rep3image11_ch2,-1
250802B,U2OS,gapdh,tnpo1,rep3image11,ch2,91,9.6462,2605.8354,250802B_U2OS_gapdh_tnpo1_rep3image11_ch2,0
250802B,U2OS,gapdh,tnpo1,rep3image11,ch2,92,9.7534,2645.7507,250802B_U2OS_gapdh_tnpo1_rep3image11_ch2,1
250802B,U2OS,gapdh,tnpo1,rep3image11,ch2,93,9.8606,2694.8254,250802B_U2OS_gapdh_tnpo1_rep3image11_ch2,2
250802B,U2OS,gapdh,tnpo1,rep3image11,ch2,94,9.9677,2743.6797,250802B_U2OS_gapdh_tnpo1_rep3image11_ch2,3
250802B,U2OS,gapdh,tnpo1,rep3image11,ch2,95,10.0749,2788.4106,250802B_U2OS_gapdh_tnpo1_rep3image11_ch2,4
250802B,U2OS,gapdh,tnpo1,rep3image11,ch2,96,10.1821,2826.4692,250802B_U2OS_gapdh_tnpo1_rep3image11_ch2,5
250802B,U2OS,gapdh,tnpo1,rep3image11,ch2,97,10.2893,2853.8962,250802B_U2OS_gapdh_tnpo1_rep3image11_ch2,6
250802B,U2OS,gapdh,tnpo1,rep3image11,ch2,98,10.3965,2857.8164,250802B_U2OS_gapdh_tnpo1_rep3image11_ch2,7
250802B,U2OS,gapdh,tnpo1,rep3image11,ch2,99,10.5036,2845.0134,250802B_U2OS_gapdh_tnpo1_rep3image11_ch2,8
250802B,U2OS,gapdh,tnpo1,rep3image11,ch2,100,10.6108,2836.9807,250802B_U2OS_gapdh_tnpo1_rep3image11_ch2,9
250802B,U2OS,gapdh,tnpo1,rep3image11,ch2,101,10.718,2823.6794,250802B_U2OS_gapdh_tnpo1_rep3image11_ch2,10
250802B,U2OS,gapdh,tnpo1,rep3image11,ch2,102,10.8252,2785.8882,250802B_U2OS_gapdh_tnpo1_rep3image11_ch2,11
250802B,U2OS,gapdh,tnpo1,rep3image11,ch2,103,10.9324,2743.989,250802B_U2OS_gapdh_tnpo1_rep3image11_ch2,12
250802B,U2OS,gapdh,tnpo1,rep3image11,ch2,104,11.0395,2702.7791,250802B_U2OS_gapdh_tnpo1_rep3image11_ch2,13
250802B,U2OS,gapdh,tnpo1,rep3image11,ch2,105,11.1467,2666.4712,250802B_U2OS_gapdh_tnpo1_rep3image11_ch2,14
250802B,U2OS,gapdh,tnpo1,rep3image11,ch2,106,11.2539,2639.4351,250802B_U2OS_gapdh_tnpo1_rep3image11_ch2,15
250802B,U2OS,gapdh,tnpo1,rep3image11,ch2,107,11.3611,2608.4629,250802B_U2OS_gapdh_tnpo1_rep3image11_ch2,16
250802B,U2OS,gapdh,tnpo1,rep3image11,ch2,108,11.4683,2577.2878,250802B_U2OS_gapdh_tnpo1_rep3image11_ch2,17
250802B,U2OS,gapdh,tnpo1,rep3image11,ch2,109,11.5754,2532.9094,250802B_U2OS_gapdh_tnpo1_rep3image11_ch2,18
250802B,U2OS,gapdh,tnpo1,rep3image11,ch2,110,11.6826,2476.9072,250802B_U2OS_gapdh_tnpo1_rep3image11_ch2,19
250802B,U2OS,gapdh,tnpo1,rep3image11,ch2,111,11.7898,2432.4158,250802B_U2OS_gapdh_tnpo1_rep3image11_ch2,20
250802B,U2OS,gapdh,tnpo1,rep3image11,ch2,112,11.897,2398.4187,250802B_U2OS_gapdh_tnpo1_rep3image11_ch2,21
250802B,U2OS,gapdh,tnpo1,rep3image11,ch2,113,12.0042,2381.1423,250802B_U2OS_gapdh_tnpo1_rep3image11_ch2,22
250802B,U2OS,gapdh,tnpo1,rep3image11,ch2,114,12.1113,2368.949,250802B_U2OS_gapdh_tnpo1_rep3image11_ch2,23
250802B,U2OS,gapdh,tnpo1,rep3image11,ch2,115,12.2185,2346.8843,250802B_U2OS_gapdh_tnpo1_rep3image11_ch2,24
250802B,U2OS,gapdh,tnpo1,rep3image11,ch2,116,12.3257,2334.9912,250802B_U2OS_gapdh_tnpo1_rep3image11_ch2,25
250802B,U2OS,gapdh,tnpo1,rep3image11,ch2,117,12.4329,2328.813,250802B_U2OS_gapdh_tnpo1_rep3image11_ch2,26
250802B,U2OS,gapdh,tnpo1,rep3image11,ch2,118,12.5401,2324.5823,250802B_U2OS_gapdh_tnpo1_rep3image11_ch2,27
250802B,U2OS,gapdh,tnpo1,rep3image11,ch2,119,12.6472,2321.1677,250802B_U2OS_gapdh_tnpo1_rep3image11_ch2,28
250802B,U2OS,gapdh,tnpo1,rep3image11,ch2,120,12.7544,2322.8831,250802B_U2OS_gapdh_tnpo1_rep3image11_ch2,29
250802B,U2OS,gapdh,tnpo1,rep3image11,ch2,121,12.8616,2324.3369,250802B_U2OS_gapdh_tnpo1_rep3image11_ch2,30
250802B,U2OS,gapdh,tnpo1,rep3image11,ch2,122,12.9688,2323.4241,250802B_U2OS_gapdh_tnpo1_rep3image11_ch2,31
250802B,U2OS,gapdh,tnpo1,rep3image11,ch2,123,13.076,2306.9871,250802B_U2OS_gapdh_tnpo1_rep3image11_ch2,32
250802B,U2OS,gapdh,tnpo1,rep3image11,ch2,124,13.1831,2301.4216,250802B_U2OS_gapdh_tnpo1_rep3image11_ch2,33
250802B,U2OS,gapdh,tnpo1,rep3image11,ch2,125,13.2903,2296.303,250802B_U2OS_gapdh_tnpo1_rep3image11_ch2,34
250802B,U2OS,gapdh,tnpo1,rep3image11,ch2,126,13.3975,2278.8525,250802B_U2OS_gapdh_tnpo1_rep3image11_ch2,35
250802B,U2OS,gapdh,tnpo1,rep3image11,ch2,127,13.5047,2269.4114,250802B_U2OS_gapdh_tnpo1_rep3image11_ch2,36
250802B,U2OS,gapdh,tnpo1,rep3image11,ch2,128,13.6119,2262.1453,250802B_U2OS_gapdh_tnpo1_rep3image11_ch2,37
250802B,U2OS,gapdh,tnpo1,rep3image11,ch2,129,13.719,2258.3792,250802B_U2OS_gapdh_tnpo1_rep3image11_ch2,38
250802B,U2OS,gapdh,tnpo1,rep3image11,ch2,130,13.8262,2249.3716,250802B_U2OS_gapdh_tnpo1_rep3image11_ch2,39
250802B,U2OS,gapdh,tnpo1,rep3image11,ch2,131,13.9334,2242.238,250802B_U2OS_gapdh_tnpo1_rep3image11_ch2,40
250802B,U2OS,gapdh,tnpo1,rep3image11,ch2,132,14.0406,2236.9458,250802B_U2OS_gapdh_tnpo1_rep3image11_ch2,41
250802B,U2OS,gapdh,tnpo1,rep3image11,ch2,133,14.1478,2232.553,250802B_U2OS_gapdh_tnpo1_rep3image11_ch2,42
250802B,U2OS,gapdh,tnpo1,rep3image11,ch2,134,14.2549,2230.3921,250802B_U2OS_gapdh_tnpo1_rep3image11_ch2,43
250802B,U2OS,gapdh,tnpo1,rep3image11,ch2,135,14.3621,2201.666,250802B_U2OS_gapdh_tnpo1_rep3image11_ch2,44
250802B,U2OS,gapdh,tnpo1,rep3image11,ch2,136,14.4693,2172.1753,250802B_U2OS_gapdh_tnpo1_rep3image11_ch2,45
250802B,U2OS,gapdh,tnpo1,rep3image11,ch2,137,14.5765,2156.7185,250802B_U2OS_gapdh_tnpo1_rep3image11_ch2,46
250802B,U2OS,gapdh,tnpo1,rep3image11,ch2,138,14.6837,2148.2566,250802B_U2OS_gapdh_tnpo1_rep3image11_ch2,47
250802B,U2OS,gapdh,tnpo1,rep3image11,ch2,139,14.7908,2148.0771,250802B_U2OS_gapdh_tnpo1_rep3image11_ch2,48
250802B,U2OS,gapdh,tnpo1,rep3image11,ch2,140,14.898,2153.8042,250802B_U2OS_gapdh_tnpo1_rep3image11_ch2,49
250802B,U2OS,gapdh,tnpo1,rep3image11,ch2,141,15.0052,2156.6484,250802B_U2OS_gapdh_tnpo1_rep3image11_ch2,50
250802B,U2OS,gapdh,tnpo1,rep3image11,ch2,142,15.1124,2143.6226,250802B_U2OS_gapdh_tnpo1_rep3image11_ch2,51
250802B,U2OS,gapdh,tnpo1,rep3image11,ch2,143,15.2196,2091.7468,250802B_U2OS_gapdh_tnpo1_rep3image11_ch2,52
250802B,U2OS,gapdh,tnpo1,rep3image11,ch2,144,15.3267,2031.213,250802B_U2OS_gapdh_tnpo1_rep3image11_ch2,53
250802B,U2OS,gapdh,tnpo1,rep3image11,ch2,145,15.4339,1975.6383,250802B_U2OS_gapdh_tnpo1_rep3image11_ch2,54
250802B,U2OS,gapdh,tnpo1,rep3image11,ch2,146,15.5411,1936.8396,250802B_U2OS_gapdh_tnpo1_rep3image11_ch2,55
250802B,U2OS,gapdh,tnpo1,rep3image11,ch2,147,15.6483,1933.2754,250802B_U2OS_gapdh_tnpo1_rep3image11_ch2,56
250802B,U2OS,gapdh,tnpo1,rep3image11,ch2,148,15.7555,1953.6373,250802B_U2OS_gapdh_tnpo1_rep3image11_ch2,57
250802B,U2OS,gapdh,tnpo1,rep3image11,ch2,149,15.8626,1973.3619,250802B_U2OS_gapdh_tnpo1_rep3image11_ch2,58
250802B,U2OS,gapdh,tnpo1,rep3image11,ch2,150,15.9698,1994.2567,250802B_U2OS_gapdh_tnpo1_rep3image11_ch2,59
250802B,U2OS,gapdh,tnpo1,rep3image11,ch2,151,16.077,2012.5212,250802B_U2OS_gapdh_tnpo1_rep3image11_ch2,60
250802B,U2OS,gapdh,tnpo1,rep3image11,ch2,152,16.1842,2044.962,250802B_U2OS_gapdh_tnpo1_rep3image11_ch2,61
250802B,U2OS,gapdh,tnpo1,rep3image11,ch2,153,16.2914,2100.9417,250802B_U2OS_gapdh_tnpo1_rep3image11_ch2,62
250802B,U2OS,gapdh,tnpo1,rep3image11,ch2,154,16.3985,2142.949,250802B_U2OS_gapdh_tnpo1_rep3image11_ch2,63
250802B,U2OS,gapdh,tnpo1,rep3image11,ch2,155,16.5057,2148.1392,250802B_U2OS_gapdh_tnpo1_rep3image11_ch2,64
250802B,U2OS,gapdh,tnpo1,rep3image11,ch2,156,16.6129,2136.4604,250802B_U2OS_gapdh_tnpo1_rep3image11_ch2,65
250802B,U2OS,gapdh,tnpo1,rep3image11,ch2,157,16.7201,2148.0327,250802B_U2OS_gapdh_tnpo1_rep3image11_ch2,66
250802B,U2OS,gapdh,tnpo1,rep3image11,ch2,158,16.8273,2194.6738,250802B_U2OS_gapdh_tnpo1_rep3image11_ch2,67
250802B,U2OS,gapdh,tnpo1,rep3image11,ch2,159,16.9344,2220.2551,250802B_U2OS_gapdh_tnpo1_rep3image11_ch2,68
250802B,U2OS,gapdh,tnpo1,rep3image11,ch2,160,17.0416,2189.5979,250802B_U2OS_gapdh_tnpo1_rep3image11_ch2,69
250802B,U2OS,gapdh,tnpo1,rep3image11,ch2,161,17.1488,2125.2051,250802B_U2OS_gapdh_tnpo1_rep3image11_ch2,70
250802B,U2OS,gapdh,tnpo1,rep3image11,ch2,162,17.256,2078.0786,250802B_U2OS_gapdh_tnpo1_rep3image11_ch2,71
250802B,U2OS,gapdh,tnpo1,rep3image11,ch2,163,17.3632,2072.1177,250802B_U2OS_gapdh_tnpo1_rep3image11_ch2,72
250802B,U2OS,gapdh,tnpo1,rep3image11,ch2,164,17.4703,2073.022,250802B_U2OS_gapdh_tnpo1_rep3image11_ch2,73
250802B,U2OS,gapdh,tnpo1,rep3image11,ch2,165,17.5775,2071.5237,250802B_U2OS_gapdh_tnpo1_rep3image11_ch2,74
250802B,U2OS,gapdh,tnpo1,rep3image11,ch2,166,17.6847,2059.1648,250802B_U2OS_gapdh_tnpo1_rep3image11_ch2,75
250802B,U2OS,gapdh,tnpo1,rep3image11,ch2,167,17.7919,2048.6658,250802B_U2OS_gapdh_tnpo1_rep3image11_ch2,76
250802B,U2OS,gapdh,tnpo1,rep3image11,ch2,168,17.8991,2020.6658,250802B_U2OS_gapdh_tnpo1_rep3image11_ch2,77
250802B,U2OS,gapdh,tnpo1,rep3image11,ch2,169,18.0062,1975.0629,250802B_U2OS_gapdh_tnpo1_rep3image11_ch2,78
250802B,U2OS,gapdh,tnpo1,rep3image11,ch2,170,18.1134,1920.0151,250802B_U2OS_gapdh_tnpo1_rep3image11_ch2,79
250802B,U2OS,gapdh,tnpo1,rep3image11,ch2,171,18.2206,1871.3057,250802B_U2OS_gapdh_tnpo1_rep3image11_ch2,80
250802B,U2OS,gapdh,tnpo1,rep3image11,ch2,172,18.3278,1857.65,250802B_U2OS_gapdh_tnpo1_rep3image11_ch2,81
250802B,U2OS,gapdh,tnpo1,rep3image11,ch2,173,18.435,1870.4968,250802B_U2OS_gapdh_tnpo1_rep3image11_ch2,82
250802B,U2OS,gapdh,tnpo1,rep3image11,ch2,174,18.5421,1883.0531,250802B_U2OS_gapdh_tnpo1_rep3image11_ch2,83
250802B,U2OS,gapdh,tnpo1,rep3image11,ch2,175,18.6493,1851.905,250802B_U2OS_gapdh_tnpo1_rep3image11_ch2,84
250802B,U2OS,gapdh,tnpo1,rep3image11,ch2,176,18.7565,1800.0486,250802B_U2OS_gapdh_tnpo1_rep3image11_ch2,85
250802B,U2OS,gapdh,tnpo1,rep3image11,ch2,177,18.8637,1749.355,250802B_U2OS_gapdh_tnpo1_rep3image11_ch2,86
250802B,U2OS,gapdh,tnpo1,rep3image11,ch2,178,18.9709,1716.9604,250802B_U2OS_gapdh_tnpo1_rep3image11_ch2,87
250802B,U2OS,gapdh,tnpo1,rep3image11,ch2,179,19.078,1690.373,250802B_U2OS_gapdh_tnpo1_rep3image11_ch2,88
250802B,U2OS,gapdh,tnpo1,rep3image11,ch2,180,19.1852,1666.8059,250802B_U2OS_gapdh_tnpo1_rep3image11_ch2,89
250802B,U2OS,gapdh,tnpo1,rep3image11,ch2,181,19.2924,1648.8804,250802B_U2OS_gapdh_tnpo1_rep3image11_ch2,90
250802B,U2OS,gapdh,tnpo1,rep3image12,ch1,1,0,5510.8481,250802B_U2OS_gapdh_tnpo1_rep3image12_ch1,-90
250802B,U2OS,gapdh,tnpo1,rep3image12,ch1,2,0.1072,5626.4136,250802B_U2OS_gapdh_tnpo1_rep3image12_ch1,-89
250802B,U2OS,gapdh,tnpo1,rep3image12,ch1,3,0.2144,5600.8936,250802B_U2OS_gapdh_tnpo1_rep3image12_ch1,-88
250802B,U2OS,gapdh,tnpo1,rep3image12,ch1,4,0.3215,5487.4375,250802B_U2OS_gapdh_tnpo1_rep3image12_ch1,-87
250802B,U2OS,gapdh,tnpo1,rep3image12,ch1,5,0.4287,5421.2119,250802B_U2OS_gapdh_tnpo1_rep3image12_ch1,-86
250802B,U2OS,gapdh,tnpo1,rep3image12,ch1,6,0.5359,5506.0259,250802B_U2OS_gapdh_tnpo1_rep3image12_ch1,-85
250802B,U2OS,gapdh,tnpo1,rep3image12,ch1,7,0.6431,5708.7637,250802B_U2OS_gapdh_tnpo1_rep3image12_ch1,-84
250802B,U2OS,gapdh,tnpo1,rep3image12,ch1,8,0.7503,5955.3457,250802B_U2OS_gapdh_tnpo1_rep3image12_ch1,-83
250802B,U2OS,gapdh,tnpo1,rep3image12,ch1,9,0.8574,6106.3193,250802B_U2OS_gapdh_tnpo1_rep3image12_ch1,-82
250802B,U2OS,gapdh,tnpo1,rep3image12,ch1,10,0.9646,6028.479,250802B_U2OS_gapdh_tnpo1_rep3image12_ch1,-81
250802B,U2OS,gapdh,tnpo1,rep3image12,ch1,11,1.0718,5807.502,250802B_U2OS_gapdh_tnpo1_rep3image12_ch1,-80
250802B,U2OS,gapdh,tnpo1,rep3image12,ch1,12,1.179,5598.4399,250802B_U2OS_gapdh_tnpo1_rep3image12_ch1,-79
250802B,U2OS,gapdh,tnpo1,rep3image12,ch1,13,1.2862,5411.5654,250802B_U2OS_gapdh_tnpo1_rep3image12_ch1,-78
250802B,U2OS,gapdh,tnpo1,rep3image12,ch1,14,1.3933,5308.4722,250802B_U2OS_gapdh_tnpo1_rep3image12_ch1,-77
250802B,U2OS,gapdh,tnpo1,rep3image12,ch1,15,1.5005,5336.626,250802B_U2OS_gapdh_tnpo1_rep3image12_ch1,-76
250802B,U2OS,gapdh,tnpo1,rep3image12,ch1,16,1.6077,5482.0435,250802B_U2OS_gapdh_tnpo1_rep3image12_ch1,-75
250802B,U2OS,gapdh,tnpo1,rep3image12,ch1,17,1.7149,5701.5654,250802B_U2OS_gapdh_tnpo1_rep3image12_ch1,-74
250802B,U2OS,gapdh,tnpo1,rep3image12,ch1,18,1.8221,5913.2725,250802B_U2OS_gapdh_tnpo1_rep3image12_ch1,-73
250802B,U2OS,gapdh,tnpo1,rep3image12,ch1,19,1.9292,6036.4209,250802B_U2OS_gapdh_tnpo1_rep3image12_ch1,-72
250802B,U2OS,gapdh,tnpo1,rep3image12,ch1,20,2.0364,6048.5308000000005,250802B_U2OS_gapdh_tnpo1_rep3image12_ch1,-71
250802B,U2OS,gapdh,tnpo1,rep3image12,ch1,21,2.1436,5937.0605,250802B_U2OS_gapdh_tnpo1_rep3image12_ch1,-70
250802B,U2OS,gapdh,tnpo1,rep3image12,ch1,22,2.2508,5840.5762,250802B_U2OS_gapdh_tnpo1_rep3image12_ch1,-69
250802B,U2OS,gapdh,tnpo1,rep3image12,ch1,23,2.358,5852.9746,250802B_U2OS_gapdh_tnpo1_rep3image12_ch1,-68
250802B,U2OS,gapdh,tnpo1,rep3image12,ch1,24,2.4651,5897.5771,250802B_U2OS_gapdh_tnpo1_rep3image12_ch1,-67
250802B,U2OS,gapdh,tnpo1,rep3image12,ch1,25,2.5723,5856.9805,250802B_U2OS_gapdh_tnpo1_rep3image12_ch1,-66
250802B,U2OS,gapdh,tnpo1,rep3image12,ch1,26,2.6795,5702.7524,250802B_U2OS_gapdh_tnpo1_rep3image12_ch1,-65
250802B,U2OS,gapdh,tnpo1,rep3image12,ch1,27,2.7867,5613.0918,250802B_U2OS_gapdh_tnpo1_rep3image12_ch1,-64
250802B,U2OS,gapdh,tnpo1,rep3image12,ch1,28,2.8939,5643.2827,250802B_U2OS_gapdh_tnpo1_rep3image12_ch1,-63
250802B,U2OS,gapdh,tnpo1,rep3image12,ch1,29,3.001,5723.1201,250802B_U2OS_gapdh_tnpo1_rep3image12_ch1,-62
250802B,U2OS,gapdh,tnpo1,rep3image12,ch1,30,3.1082,5737.5674,250802B_U2OS_gapdh_tnpo1_rep3image12_ch1,-61
250802B,U2OS,gapdh,tnpo1,rep3image12,ch1,31,3.2154,5693.6396,250802B_U2OS_gapdh_tnpo1_rep3image12_ch1,-60
250802B,U2OS,gapdh,tnpo1,rep3image12,ch1,32,3.3226,5766.5957,250802B_U2OS_gapdh_tnpo1_rep3image12_ch1,-59
250802B,U2OS,gapdh,tnpo1,rep3image12,ch1,33,3.4298,5968.3481,250802B_U2OS_gapdh_tnpo1_rep3image12_ch1,-58
250802B,U2OS,gapdh,tnpo1,rep3image12,ch1,34,3.5369,6183.334,250802B_U2OS_gapdh_tnpo1_rep3image12_ch1,-57
250802B,U2OS,gapdh,tnpo1,rep3image12,ch1,35,3.6441,6232.3867,250802B_U2OS_gapdh_tnpo1_rep3image12_ch1,-56
250802B,U2OS,gapdh,tnpo1,rep3image12,ch1,36,3.7513,6100.4458,250802B_U2OS_gapdh_tnpo1_rep3image12_ch1,-55
250802B,U2OS,gapdh,tnpo1,rep3image12,ch1,37,3.8585,5938.9287,250802B_U2OS_gapdh_tnpo1_rep3image12_ch1,-54
250802B,U2OS,gapdh,tnpo1,rep3image12,ch1,38,3.9657,5807.7119,250802B_U2OS_gapdh_tnpo1_rep3image12_ch1,-53
250802B,U2OS,gapdh,tnpo1,rep3image12,ch1,39,4.0728,5710.0762,250802B_U2OS_gapdh_tnpo1_rep3image12_ch1,-52
250802B,U2OS,gapdh,tnpo1,rep3image12,ch1,40,4.18,5676.8589,250802B_U2OS_gapdh_tnpo1_rep3image12_ch1,-51
250802B,U2OS,gapdh,tnpo1,rep3image12,ch1,41,4.2872,5750.3896,250802B_U2OS_gapdh_tnpo1_rep3image12_ch1,-50
250802B,U2OS,gapdh,tnpo1,rep3image12,ch1,42,4.3944,5888.7554,250802B_U2OS_gapdh_tnpo1_rep3image12_ch1,-49
250802B,U2OS,gapdh,tnpo1,rep3image12,ch1,43,4.5016,6052.3066,250802B_U2OS_gapdh_tnpo1_rep3image12_ch1,-48
250802B,U2OS,gapdh,tnpo1,rep3image12,ch1,44,4.6087,6224.5176,250802B_U2OS_gapdh_tnpo1_rep3image12_ch1,-47
250802B,U2OS,gapdh,tnpo1,rep3image12,ch1,45,4.7159,6380.3472,250802B_U2OS_gapdh_tnpo1_rep3image12_ch1,-46
250802B,U2OS,gapdh,tnpo1,rep3image12,ch1,46,4.8231,6436.3438,250802B_U2OS_gapdh_tnpo1_rep3image12_ch1,-45
250802B,U2OS,gapdh,tnpo1,rep3image12,ch1,47,4.9303,6418.3423,250802B_U2OS_gapdh_tnpo1_rep3image12_ch1,-44
250802B,U2OS,gapdh,tnpo1,rep3image12,ch1,48,5.0375,6401.9053,250802B_U2OS_gapdh_tnpo1_rep3image12_ch1,-43
250802B,U2OS,gapdh,tnpo1,rep3image12,ch1,49,5.1446,6460.9692,250802B_U2OS_gapdh_tnpo1_rep3image12_ch1,-42
250802B,U2OS,gapdh,tnpo1,rep3image12,ch1,50,5.2518,6605.6035,250802B_U2OS_gapdh_tnpo1_rep3image12_ch1,-41
250802B,U2OS,gapdh,tnpo1,rep3image12,ch1,51,5.359,6797.9839,250802B_U2OS_gapdh_tnpo1_rep3image12_ch1,-40
250802B,U2OS,gapdh,tnpo1,rep3image12,ch1,52,5.4662,7010.7734,250802B_U2OS_gapdh_tnpo1_rep3image12_ch1,-39
250802B,U2OS,gapdh,tnpo1,rep3image12,ch1,53,5.5734,7183.3438,250802B_U2OS_gapdh_tnpo1_rep3image12_ch1,-38
250802B,U2OS,gapdh,tnpo1,rep3image12,ch1,54,5.6805,7239.9644,250802B_U2OS_gapdh_tnpo1_rep3image12_ch1,-37
250802B,U2OS,gapdh,tnpo1,rep3image12,ch1,55,5.7877,7211.3892,250802B_U2OS_gapdh_tnpo1_rep3image12_ch1,-36
250802B,U2OS,gapdh,tnpo1,rep3image12,ch1,56,5.8949,7197.7119,250802B_U2OS_gapdh_tnpo1_rep3image12_ch1,-35
250802B,U2OS,gapdh,tnpo1,rep3image12,ch1,57,6.0021,7190.5542,250802B_U2OS_gapdh_tnpo1_rep3image12_ch1,-34
250802B,U2OS,gapdh,tnpo1,rep3image12,ch1,58,6.1093,7103.5854,250802B_U2OS_gapdh_tnpo1_rep3image12_ch1,-33
250802B,U2OS,gapdh,tnpo1,rep3image12,ch1,59,6.2164,6934.7515,250802B_U2OS_gapdh_tnpo1_rep3image12_ch1,-32
250802B,U2OS,gapdh,tnpo1,rep3image12,ch1,60,6.3236,6784.7788,250802B_U2OS_gapdh_tnpo1_rep3image12_ch1,-31
250802B,U2OS,gapdh,tnpo1,rep3image12,ch1,61,6.4308,6764.3774,250802B_U2OS_gapdh_tnpo1_rep3image12_ch1,-30
250802B,U2OS,gapdh,tnpo1,rep3image12,ch1,62,6.538,6837.9766,250802B_U2OS_gapdh_tnpo1_rep3image12_ch1,-29
250802B,U2OS,gapdh,tnpo1,rep3image12,ch1,63,6.6452,6938.6235,250802B_U2OS_gapdh_tnpo1_rep3image12_ch1,-28
250802B,U2OS,gapdh,tnpo1,rep3image12,ch1,64,6.7523,7078.9019,250802B_U2OS_gapdh_tnpo1_rep3image12_ch1,-27
250802B,U2OS,gapdh,tnpo1,rep3image12,ch1,65,6.8595,7287.854,250802B_U2OS_gapdh_tnpo1_rep3image12_ch1,-26
250802B,U2OS,gapdh,tnpo1,rep3image12,ch1,66,6.9667,7437.6318,250802B_U2OS_gapdh_tnpo1_rep3image12_ch1,-25
250802B,U2OS,gapdh,tnpo1,rep3image12,ch1,67,7.0739,7505.1958,250802B_U2OS_gapdh_tnpo1_rep3image12_ch1,-24
250802B,U2OS,gapdh,tnpo1,rep3image12,ch1,68,7.1811,7533.1704,250802B_U2OS_gapdh_tnpo1_rep3image12_ch1,-23
250802B,U2OS,gapdh,tnpo1,rep3image12,ch1,69,7.2882,7610.314,250802B_U2OS_gapdh_tnpo1_rep3image12_ch1,-22
250802B,U2OS,gapdh,tnpo1,rep3image12,ch1,70,7.3954,7763.0166,250802B_U2OS_gapdh_tnpo1_rep3image12_ch1,-21
250802B,U2OS,gapdh,tnpo1,rep3image12,ch1,71,7.5026,8043.4155,250802B_U2OS_gapdh_tnpo1_rep3image12_ch1,-20
250802B,U2OS,gapdh,tnpo1,rep3image12,ch1,72,7.6098,8394.4873,250802B_U2OS_gapdh_tnpo1_rep3image12_ch1,-19
250802B,U2OS,gapdh,tnpo1,rep3image12,ch1,73,7.717,8603.333,250802B_U2OS_gapdh_tnpo1_rep3image12_ch1,-18
250802B,U2OS,gapdh,tnpo1,rep3image12,ch1,74,7.8241,8642.6875,250802B_U2OS_gapdh_tnpo1_rep3image12_ch1,-17
250802B,U2OS,gapdh,tnpo1,rep3image12,ch1,75,7.9313,8652.6338,250802B_U2OS_gapdh_tnpo1_rep3image12_ch1,-16
250802B,U2OS,gapdh,tnpo1,rep3image12,ch1,76,8.0385,8680.21,250802B_U2OS_gapdh_tnpo1_rep3image12_ch1,-15
250802B,U2OS,gapdh,tnpo1,rep3image12,ch1,77,8.1457,8748.915,250802B_U2OS_gapdh_tnpo1_rep3image12_ch1,-14
250802B,U2OS,gapdh,tnpo1,rep3image12,ch1,78,8.2529,8802.75,250802B_U2OS_gapdh_tnpo1_rep3image12_ch1,-13
250802B,U2OS,gapdh,tnpo1,rep3image12,ch1,79,8.36,8892.9922,250802B_U2OS_gapdh_tnpo1_rep3image12_ch1,-12
250802B,U2OS,gapdh,tnpo1,rep3image12,ch1,80,8.4672,9082.8018,250802B_U2OS_gapdh_tnpo1_rep3image12_ch1,-11
250802B,U2OS,gapdh,tnpo1,rep3image12,ch1,81,8.5744,9351.6396,250802B_U2OS_gapdh_tnpo1_rep3image12_ch1,-10
250802B,U2OS,gapdh,tnpo1,rep3image12,ch1,82,8.6816,9675.9912,250802B_U2OS_gapdh_tnpo1_rep3image12_ch1,-9
250802B,U2OS,gapdh,tnpo1,rep3image12,ch1,83,8.7888,9899.8379,250802B_U2OS_gapdh_tnpo1_rep3image12_ch1,-8
250802B,U2OS,gapdh,tnpo1,rep3image12,ch1,84,8.8959,10023.7402,250802B_U2OS_gapdh_tnpo1_rep3image12_ch1,-7
250802B,U2OS,gapdh,tnpo1,rep3image12,ch1,85,9.0031,10214.6299,250802B_U2OS_gapdh_tnpo1_rep3image12_ch1,-6
250802B,U2OS,gapdh,tnpo1,rep3image12,ch1,86,9.1103,10508.4531,250802B_U2OS_gapdh_tnpo1_rep3image12_ch1,-5
250802B,U2OS,gapdh,tnpo1,rep3image12,ch1,87,9.2175,10765.2363,250802B_U2OS_gapdh_tnpo1_rep3image12_ch1,-4
250802B,U2OS,gapdh,tnpo1,rep3image12,ch1,88,9.3247,10837.8281,250802B_U2OS_gapdh_tnpo1_rep3image12_ch1,-3
250802B,U2OS,gapdh,tnpo1,rep3image12,ch1,89,9.4318,10821.3037,250802B_U2OS_gapdh_tnpo1_rep3image12_ch1,-2
250802B,U2OS,gapdh,tnpo1,rep3image12,ch1,90,9.539,10845.5566,250802B_U2OS_gapdh_tnpo1_rep3image12_ch1,-1
250802B,U2OS,gapdh,tnpo1,rep3image12,ch1,91,9.6462,10905.2041,250802B_U2OS_gapdh_tnpo1_rep3image12_ch1,0
250802B,U2OS,gapdh,tnpo1,rep3image12,ch1,92,9.7534,11065.8047,250802B_U2OS_gapdh_tnpo1_rep3image12_ch1,1
250802B,U2OS,gapdh,tnpo1,rep3image12,ch1,93,9.8606,11336.1094,250802B_U2OS_gapdh_tnpo1_rep3image12_ch1,2
250802B,U2OS,gapdh,tnpo1,rep3image12,ch1,94,9.9677,11740.6094,250802B_U2OS_gapdh_tnpo1_rep3image12_ch1,3
250802B,U2OS,gapdh,tnpo1,rep3image12,ch1,95,10.0749,12211.6182,250802B_U2OS_gapdh_tnpo1_rep3image12_ch1,4
250802B,U2OS,gapdh,tnpo1,rep3image12,ch1,96,10.1821,12597.1533,250802B_U2OS_gapdh_tnpo1_rep3image12_ch1,5
250802B,U2OS,gapdh,tnpo1,rep3image12,ch1,97,10.2893,12794.1758,250802B_U2OS_gapdh_tnpo1_rep3image12_ch1,6
250802B,U2OS,gapdh,tnpo1,rep3image12,ch1,98,10.3965,12940.4941,250802B_U2OS_gapdh_tnpo1_rep3image12_ch1,7
250802B,U2OS,gapdh,tnpo1,rep3image12,ch1,99,10.5036,13218.6182,250802B_U2OS_gapdh_tnpo1_rep3image12_ch1,8
250802B,U2OS,gapdh,tnpo1,rep3image12,ch1,100,10.6108,13602.5752,250802B_U2OS_gapdh_tnpo1_rep3image12_ch1,9
250802B,U2OS,gapdh,tnpo1,rep3image12,ch1,101,10.718,13843.3262,250802B_U2OS_gapdh_tnpo1_rep3image12_ch1,10
250802B,U2OS,gapdh,tnpo1,rep3image12,ch1,102,10.8252,13790.6592,250802B_U2OS_gapdh_tnpo1_rep3image12_ch1,11
250802B,U2OS,gapdh,tnpo1,rep3image12,ch1,103,10.9324,13541.9053,250802B_U2OS_gapdh_tnpo1_rep3image12_ch1,12
250802B,U2OS,gapdh,tnpo1,rep3image12,ch1,104,11.0395,13425.1123,250802B_U2OS_gapdh_tnpo1_rep3image12_ch1,13
250802B,U2OS,gapdh,tnpo1,rep3image12,ch1,105,11.1467,13473.7354,250802B_U2OS_gapdh_tnpo1_rep3image12_ch1,14
250802B,U2OS,gapdh,tnpo1,rep3image12,ch1,106,11.2539,13620.7549,250802B_U2OS_gapdh_tnpo1_rep3image12_ch1,15
250802B,U2OS,gapdh,tnpo1,rep3image12,ch1,107,11.3611,13677.0977,250802B_U2OS_gapdh_tnpo1_rep3image12_ch1,16
250802B,U2OS,gapdh,tnpo1,rep3image12,ch1,108,11.4683,13671.8135,250802B_U2OS_gapdh_tnpo1_rep3image12_ch1,17
250802B,U2OS,gapdh,tnpo1,rep3image12,ch1,109,11.5754,13644.792,250802B_U2OS_gapdh_tnpo1_rep3image12_ch1,18
250802B,U2OS,gapdh,tnpo1,rep3image12,ch1,110,11.6826,13529.5361,250802B_U2OS_gapdh_tnpo1_rep3image12_ch1,19
250802B,U2OS,gapdh,tnpo1,rep3image12,ch1,111,11.7898,13258.8145,250802B_U2OS_gapdh_tnpo1_rep3image12_ch1,20
250802B,U2OS,gapdh,tnpo1,rep3image12,ch1,112,11.897,12838.6133,250802B_U2OS_gapdh_tnpo1_rep3image12_ch1,21
250802B,U2OS,gapdh,tnpo1,rep3image12,ch1,113,12.0042,12454.2686,250802B_U2OS_gapdh_tnpo1_rep3image12_ch1,22
250802B,U2OS,gapdh,tnpo1,rep3image12,ch1,114,12.1113,12358.376,250802B_U2OS_gapdh_tnpo1_rep3image12_ch1,23
250802B,U2OS,gapdh,tnpo1,rep3image12,ch1,115,12.2185,12631.3672,250802B_U2OS_gapdh_tnpo1_rep3image12_ch1,24
250802B,U2OS,gapdh,tnpo1,rep3image12,ch1,116,12.3257,13134.1279,250802B_U2OS_gapdh_tnpo1_rep3image12_ch1,25
250802B,U2OS,gapdh,tnpo1,rep3image12,ch1,117,12.4329,13589.958,250802B_U2OS_gapdh_tnpo1_rep3image12_ch1,26
250802B,U2OS,gapdh,tnpo1,rep3image12,ch1,118,12.5401,13773.1514,250802B_U2OS_gapdh_tnpo1_rep3image12_ch1,27
250802B,U2OS,gapdh,tnpo1,rep3image12,ch1,119,12.6472,13665.6211,250802B_U2OS_gapdh_tnpo1_rep3image12_ch1,28
250802B,U2OS,gapdh,tnpo1,rep3image12,ch1,120,12.7544,13414.1807,250802B_U2OS_gapdh_tnpo1_rep3image12_ch1,29
250802B,U2OS,gapdh,tnpo1,rep3image12,ch1,121,12.8616,13134.3555,250802B_U2OS_gapdh_tnpo1_rep3image12_ch1,30
250802B,U2OS,gapdh,tnpo1,rep3image12,ch1,122,12.9688,12961.1182,250802B_U2OS_gapdh_tnpo1_rep3image12_ch1,31
250802B,U2OS,gapdh,tnpo1,rep3image12,ch1,123,13.076,12941.6143,250802B_U2OS_gapdh_tnpo1_rep3image12_ch1,32
250802B,U2OS,gapdh,tnpo1,rep3image12,ch1,124,13.1831,13009.4316,250802B_U2OS_gapdh_tnpo1_rep3image12_ch1,33
250802B,U2OS,gapdh,tnpo1,rep3image12,ch1,125,13.2903,13143.2793,250802B_U2OS_gapdh_tnpo1_rep3image12_ch1,34
250802B,U2OS,gapdh,tnpo1,rep3image12,ch1,126,13.3975,13184.0908,250802B_U2OS_gapdh_tnpo1_rep3image12_ch1,35
250802B,U2OS,gapdh,tnpo1,rep3image12,ch1,127,13.5047,13015.1768,250802B_U2OS_gapdh_tnpo1_rep3image12_ch1,36
250802B,U2OS,gapdh,tnpo1,rep3image12,ch1,128,13.6119,12802.2793,250802B_U2OS_gapdh_tnpo1_rep3image12_ch1,37
250802B,U2OS,gapdh,tnpo1,rep3image12,ch1,129,13.719,12778.3457,250802B_U2OS_gapdh_tnpo1_rep3image12_ch1,38
250802B,U2OS,gapdh,tnpo1,rep3image12,ch1,130,13.8262,13053.1914,250802B_U2OS_gapdh_tnpo1_rep3image12_ch1,39
250802B,U2OS,gapdh,tnpo1,rep3image12,ch1,131,13.9334,13408.7734,250802B_U2OS_gapdh_tnpo1_rep3image12_ch1,40
250802B,U2OS,gapdh,tnpo1,rep3image12,ch1,132,14.0406,13582.2324,250802B_U2OS_gapdh_tnpo1_rep3image12_ch1,41
250802B,U2OS,gapdh,tnpo1,rep3image12,ch1,133,14.1478,13461.1768,250802B_U2OS_gapdh_tnpo1_rep3image12_ch1,42
250802B,U2OS,gapdh,tnpo1,rep3image12,ch1,134,14.2549,13207.0049,250802B_U2OS_gapdh_tnpo1_rep3image12_ch1,43
250802B,U2OS,gapdh,tnpo1,rep3image12,ch1,135,14.3621,13001.8379,250802B_U2OS_gapdh_tnpo1_rep3image12_ch1,44
250802B,U2OS,gapdh,tnpo1,rep3image12,ch1,136,14.4693,12939.8408,250802B_U2OS_gapdh_tnpo1_rep3image12_ch1,45
250802B,U2OS,gapdh,tnpo1,rep3image12,ch1,137,14.5765,12883.3545,250802B_U2OS_gapdh_tnpo1_rep3image12_ch1,46
250802B,U2OS,gapdh,tnpo1,rep3image12,ch1,138,14.6837,12915.3721,250802B_U2OS_gapdh_tnpo1_rep3image12_ch1,47
250802B,U2OS,gapdh,tnpo1,rep3image12,ch1,139,14.7908,13075.708,250802B_U2OS_gapdh_tnpo1_rep3image12_ch1,48
250802B,U2OS,gapdh,tnpo1,rep3image12,ch1,140,14.898,13326.0684,250802B_U2OS_gapdh_tnpo1_rep3image12_ch1,49
250802B,U2OS,gapdh,tnpo1,rep3image12,ch1,141,15.0052,13499.7666,250802B_U2OS_gapdh_tnpo1_rep3image12_ch1,50
250802B,U2OS,gapdh,tnpo1,rep3image12,ch1,142,15.1124,13417.0186,250802B_U2OS_gapdh_tnpo1_rep3image12_ch1,51
250802B,U2OS,gapdh,tnpo1,rep3image12,ch1,143,15.2196,13091.0977,250802B_U2OS_gapdh_tnpo1_rep3image12_ch1,52
250802B,U2OS,gapdh,tnpo1,rep3image12,ch1,144,15.3267,12609.5713,250802B_U2OS_gapdh_tnpo1_rep3image12_ch1,53
250802B,U2OS,gapdh,tnpo1,rep3image12,ch1,145,15.4339,12235.4502,250802B_U2OS_gapdh_tnpo1_rep3image12_ch1,54
250802B,U2OS,gapdh,tnpo1,rep3image12,ch1,146,15.5411,11938.3281,250802B_U2OS_gapdh_tnpo1_rep3image12_ch1,55
250802B,U2OS,gapdh,tnpo1,rep3image12,ch1,147,15.6483,11679.1514,250802B_U2OS_gapdh_tnpo1_rep3image12_ch1,56
250802B,U2OS,gapdh,tnpo1,rep3image12,ch1,148,15.7555,11397.1025,250802B_U2OS_gapdh_tnpo1_rep3image12_ch1,57
250802B,U2OS,gapdh,tnpo1,rep3image12,ch1,149,15.8626,11125.6904,250802B_U2OS_gapdh_tnpo1_rep3image12_ch1,58
250802B,U2OS,gapdh,tnpo1,rep3image12,ch1,150,15.9698,10986.4248,250802B_U2OS_gapdh_tnpo1_rep3image12_ch1,59
250802B,U2OS,gapdh,tnpo1,rep3image12,ch1,151,16.077,11037.2549,250802B_U2OS_gapdh_tnpo1_rep3image12_ch1,60
250802B,U2OS,gapdh,tnpo1,rep3image12,ch1,152,16.1842,11253.3369,250802B_U2OS_gapdh_tnpo1_rep3image12_ch1,61
250802B,U2OS,gapdh,tnpo1,rep3image12,ch1,153,16.2914,11524.8066,250802B_U2OS_gapdh_tnpo1_rep3image12_ch1,62
250802B,U2OS,gapdh,tnpo1,rep3image12,ch1,154,16.3985,11725.3652,250802B_U2OS_gapdh_tnpo1_rep3image12_ch1,63
250802B,U2OS,gapdh,tnpo1,rep3image12,ch1,155,16.5057,11796.2539,250802B_U2OS_gapdh_tnpo1_rep3image12_ch1,64
250802B,U2OS,gapdh,tnpo1,rep3image12,ch1,156,16.6129,11759.8643,250802B_U2OS_gapdh_tnpo1_rep3image12_ch1,65
250802B,U2OS,gapdh,tnpo1,rep3image12,ch1,157,16.7201,11684.7041,250802B_U2OS_gapdh_tnpo1_rep3image12_ch1,66
250802B,U2OS,gapdh,tnpo1,rep3image12,ch1,158,16.8273,11605.8525,250802B_U2OS_gapdh_tnpo1_rep3image12_ch1,67
250802B,U2OS,gapdh,tnpo1,rep3image12,ch1,159,16.9344,11528.709,250802B_U2OS_gapdh_tnpo1_rep3image12_ch1,68
250802B,U2OS,gapdh,tnpo1,rep3image12,ch1,160,17.0416,11542.8643,250802B_U2OS_gapdh_tnpo1_rep3image12_ch1,69
250802B,U2OS,gapdh,tnpo1,rep3image12,ch1,161,17.1488,11708.249,250802B_U2OS_gapdh_tnpo1_rep3image12_ch1,70
250802B,U2OS,gapdh,tnpo1,rep3image12,ch1,162,17.256,11838.5615,250802B_U2OS_gapdh_tnpo1_rep3image12_ch1,71
250802B,U2OS,gapdh,tnpo1,rep3image12,ch1,163,17.3632,11795.417,250802B_U2OS_gapdh_tnpo1_rep3image12_ch1,72
250802B,U2OS,gapdh,tnpo1,rep3image12,ch1,164,17.4703,11632.1191,250802B_U2OS_gapdh_tnpo1_rep3image12_ch1,73
250802B,U2OS,gapdh,tnpo1,rep3image12,ch1,165,17.5775,11553.9277,250802B_U2OS_gapdh_tnpo1_rep3image12_ch1,74
250802B,U2OS,gapdh,tnpo1,rep3image12,ch1,166,17.6847,11604.5156,250802B_U2OS_gapdh_tnpo1_rep3image12_ch1,75
250802B,U2OS,gapdh,tnpo1,rep3image12,ch1,167,17.7919,11723.5283,250802B_U2OS_gapdh_tnpo1_rep3image12_ch1,76
250802B,U2OS,gapdh,tnpo1,rep3image12,ch1,168,17.8991,11800.5801,250802B_U2OS_gapdh_tnpo1_rep3image12_ch1,77
250802B,U2OS,gapdh,tnpo1,rep3image12,ch1,169,18.0062,11686.1973,250802B_U2OS_gapdh_tnpo1_rep3image12_ch1,78
250802B,U2OS,gapdh,tnpo1,rep3image12,ch1,170,18.1134,11472.8252,250802B_U2OS_gapdh_tnpo1_rep3image12_ch1,79
250802B,U2OS,gapdh,tnpo1,rep3image12,ch1,171,18.2206,11207.9785,250802B_U2OS_gapdh_tnpo1_rep3image12_ch1,80
250802B,U2OS,gapdh,tnpo1,rep3image12,ch1,172,18.3278,11065.6279,250802B_U2OS_gapdh_tnpo1_rep3image12_ch1,81
250802B,U2OS,gapdh,tnpo1,rep3image12,ch1,173,18.435,11061.3652,250802B_U2OS_gapdh_tnpo1_rep3image12_ch1,82
250802B,U2OS,gapdh,tnpo1,rep3image12,ch1,174,18.5421,11226.6963,250802B_U2OS_gapdh_tnpo1_rep3image12_ch1,83
250802B,U2OS,gapdh,tnpo1,rep3image12,ch1,175,18.6493,11406.7676,250802B_U2OS_gapdh_tnpo1_rep3image12_ch1,84
250802B,U2OS,gapdh,tnpo1,rep3image12,ch1,176,18.7565,11406.0547,250802B_U2OS_gapdh_tnpo1_rep3image12_ch1,85
250802B,U2OS,gapdh,tnpo1,rep3image12,ch1,177,18.8637,11157.458,250802B_U2OS_gapdh_tnpo1_rep3image12_ch1,86
250802B,U2OS,gapdh,tnpo1,rep3image12,ch1,178,18.9709,10769.4189,250802B_U2OS_gapdh_tnpo1_rep3image12_ch1,87
250802B,U2OS,gapdh,tnpo1,rep3image12,ch1,179,19.078,10472.5195,250802B_U2OS_gapdh_tnpo1_rep3image12_ch1,88
250802B,U2OS,gapdh,tnpo1,rep3image12,ch1,180,19.1852,10279.5908,250802B_U2OS_gapdh_tnpo1_rep3image12_ch1,89
250802B,U2OS,gapdh,tnpo1,rep3image12,ch1,181,19.2924,10267.6514,250802B_U2OS_gapdh_tnpo1_rep3image12_ch1,90
250802B,U2OS,gapdh,tnpo1,rep3image12,ch2,1,0,2178.5449,250802B_U2OS_gapdh_tnpo1_rep3image12_ch2,-90
250802B,U2OS,gapdh,tnpo1,rep3image12,ch2,2,0.1072,2156.623,250802B_U2OS_gapdh_tnpo1_rep3image12_ch2,-89
250802B,U2OS,gapdh,tnpo1,rep3image12,ch2,3,0.2144,2141.1206,250802B_U2OS_gapdh_tnpo1_rep3image12_ch2,-88
250802B,U2OS,gapdh,tnpo1,rep3image12,ch2,4,0.3215,2114.0679,250802B_U2OS_gapdh_tnpo1_rep3image12_ch2,-87
250802B,U2OS,gapdh,tnpo1,rep3image12,ch2,5,0.4287,2089.1162,250802B_U2OS_gapdh_tnpo1_rep3image12_ch2,-86
250802B,U2OS,gapdh,tnpo1,rep3image12,ch2,6,0.5359,2076.6123,250802B_U2OS_gapdh_tnpo1_rep3image12_ch2,-85
250802B,U2OS,gapdh,tnpo1,rep3image12,ch2,7,0.6431,2065.4114,250802B_U2OS_gapdh_tnpo1_rep3image12_ch2,-84
250802B,U2OS,gapdh,tnpo1,rep3image12,ch2,8,0.7503,2055.0925,250802B_U2OS_gapdh_tnpo1_rep3image12_ch2,-83
250802B,U2OS,gapdh,tnpo1,rep3image12,ch2,9,0.8574,2068.8311,250802B_U2OS_gapdh_tnpo1_rep3image12_ch2,-82
250802B,U2OS,gapdh,tnpo1,rep3image12,ch2,10,0.9646,2083.6758,250802B_U2OS_gapdh_tnpo1_rep3image12_ch2,-81
250802B,U2OS,gapdh,tnpo1,rep3image12,ch2,11,1.0718,2094.5645,250802B_U2OS_gapdh_tnpo1_rep3image12_ch2,-80
250802B,U2OS,gapdh,tnpo1,rep3image12,ch2,12,1.179,2102.0486,250802B_U2OS_gapdh_tnpo1_rep3image12_ch2,-79
250802B,U2OS,gapdh,tnpo1,rep3image12,ch2,13,1.2862,2102.2104,250802B_U2OS_gapdh_tnpo1_rep3image12_ch2,-78
250802B,U2OS,gapdh,tnpo1,rep3image12,ch2,14,1.3933,2112.5396,250802B_U2OS_gapdh_tnpo1_rep3image12_ch2,-77
250802B,U2OS,gapdh,tnpo1,rep3image12,ch2,15,1.5005,2124.9026,250802B_U2OS_gapdh_tnpo1_rep3image12_ch2,-76
250802B,U2OS,gapdh,tnpo1,rep3image12,ch2,16,1.6077,2126.0925,250802B_U2OS_gapdh_tnpo1_rep3image12_ch2,-75
250802B,U2OS,gapdh,tnpo1,rep3image12,ch2,17,1.7149,2115.6855,250802B_U2OS_gapdh_tnpo1_rep3image12_ch2,-74
250802B,U2OS,gapdh,tnpo1,rep3image12,ch2,18,1.8221,2114.9912,250802B_U2OS_gapdh_tnpo1_rep3image12_ch2,-73
250802B,U2OS,gapdh,tnpo1,rep3image12,ch2,19,1.9292,2108.4192,250802B_U2OS_gapdh_tnpo1_rep3image12_ch2,-72
250802B,U2OS,gapdh,tnpo1,rep3image12,ch2,20,2.0364,2090.7681,250802B_U2OS_gapdh_tnpo1_rep3image12_ch2,-71
250802B,U2OS,gapdh,tnpo1,rep3image12,ch2,21,2.1436,2084.0139,250802B_U2OS_gapdh_tnpo1_rep3image12_ch2,-70
250802B,U2OS,gapdh,tnpo1,rep3image12,ch2,22,2.2508,2076.6182,250802B_U2OS_gapdh_tnpo1_rep3image12_ch2,-69
250802B,U2OS,gapdh,tnpo1,rep3image12,ch2,23,2.358,2074.4976,250802B_U2OS_gapdh_tnpo1_rep3image12_ch2,-68
250802B,U2OS,gapdh,tnpo1,rep3image12,ch2,24,2.4651,2081.7,250802B_U2OS_gapdh_tnpo1_rep3image12_ch2,-67
250802B,U2OS,gapdh,tnpo1,rep3image12,ch2,25,2.5723,2085.0776,250802B_U2OS_gapdh_tnpo1_rep3image12_ch2,-66
250802B,U2OS,gapdh,tnpo1,rep3image12,ch2,26,2.6795,2091.5647,250802B_U2OS_gapdh_tnpo1_rep3image12_ch2,-65
250802B,U2OS,gapdh,tnpo1,rep3image12,ch2,27,2.7867,2101.8369,250802B_U2OS_gapdh_tnpo1_rep3image12_ch2,-64
250802B,U2OS,gapdh,tnpo1,rep3image12,ch2,28,2.8939,2116.5427,250802B_U2OS_gapdh_tnpo1_rep3image12_ch2,-63
250802B,U2OS,gapdh,tnpo1,rep3image12,ch2,29,3.001,2125.8228,250802B_U2OS_gapdh_tnpo1_rep3image12_ch2,-62
250802B,U2OS,gapdh,tnpo1,rep3image12,ch2,30,3.1082,2136.8164,250802B_U2OS_gapdh_tnpo1_rep3image12_ch2,-61
250802B,U2OS,gapdh,tnpo1,rep3image12,ch2,31,3.2154,2136.2615,250802B_U2OS_gapdh_tnpo1_rep3image12_ch2,-60
250802B,U2OS,gapdh,tnpo1,rep3image12,ch2,32,3.3226,2141.4502,250802B_U2OS_gapdh_tnpo1_rep3image12_ch2,-59
250802B,U2OS,gapdh,tnpo1,rep3image12,ch2,33,3.4298,2137.7346,250802B_U2OS_gapdh_tnpo1_rep3image12_ch2,-58
250802B,U2OS,gapdh,tnpo1,rep3image12,ch2,34,3.5369,2130.4417,250802B_U2OS_gapdh_tnpo1_rep3image12_ch2,-57
250802B,U2OS,gapdh,tnpo1,rep3image12,ch2,35,3.6441,2110.0671,250802B_U2OS_gapdh_tnpo1_rep3image12_ch2,-56
250802B,U2OS,gapdh,tnpo1,rep3image12,ch2,36,3.7513,2092.5002,250802B_U2OS_gapdh_tnpo1_rep3image12_ch2,-55
250802B,U2OS,gapdh,tnpo1,rep3image12,ch2,37,3.8585,2079.2983,250802B_U2OS_gapdh_tnpo1_rep3image12_ch2,-54
250802B,U2OS,gapdh,tnpo1,rep3image12,ch2,38,3.9657,2073.4746,250802B_U2OS_gapdh_tnpo1_rep3image12_ch2,-53
250802B,U2OS,gapdh,tnpo1,rep3image12,ch2,39,4.0728,2078.9785,250802B_U2OS_gapdh_tnpo1_rep3image12_ch2,-52
250802B,U2OS,gapdh,tnpo1,rep3image12,ch2,40,4.18,2080.8877,250802B_U2OS_gapdh_tnpo1_rep3image12_ch2,-51
250802B,U2OS,gapdh,tnpo1,rep3image12,ch2,41,4.2872,2087.3889,250802B_U2OS_gapdh_tnpo1_rep3image12_ch2,-50
250802B,U2OS,gapdh,tnpo1,rep3image12,ch2,42,4.3944,2089.3225,250802B_U2OS_gapdh_tnpo1_rep3image12_ch2,-49
250802B,U2OS,gapdh,tnpo1,rep3image12,ch2,43,4.5016,2094.9983,250802B_U2OS_gapdh_tnpo1_rep3image12_ch2,-48
250802B,U2OS,gapdh,tnpo1,rep3image12,ch2,44,4.6087,2102.376,250802B_U2OS_gapdh_tnpo1_rep3image12_ch2,-47
250802B,U2OS,gapdh,tnpo1,rep3image12,ch2,45,4.7159,2122.9946,250802B_U2OS_gapdh_tnpo1_rep3image12_ch2,-46
250802B,U2OS,gapdh,tnpo1,rep3image12,ch2,46,4.8231,2133.0837,250802B_U2OS_gapdh_tnpo1_rep3image12_ch2,-45
250802B,U2OS,gapdh,tnpo1,rep3image12,ch2,47,4.9303,2141.396,250802B_U2OS_gapdh_tnpo1_rep3image12_ch2,-44
250802B,U2OS,gapdh,tnpo1,rep3image12,ch2,48,5.0375,2163.4851,250802B_U2OS_gapdh_tnpo1_rep3image12_ch2,-43
250802B,U2OS,gapdh,tnpo1,rep3image12,ch2,49,5.1446,2219.2615,250802B_U2OS_gapdh_tnpo1_rep3image12_ch2,-42
250802B,U2OS,gapdh,tnpo1,rep3image12,ch2,50,5.2518,2324.3987,250802B_U2OS_gapdh_tnpo1_rep3image12_ch2,-41
250802B,U2OS,gapdh,tnpo1,rep3image12,ch2,51,5.359,2421.6443,250802B_U2OS_gapdh_tnpo1_rep3image12_ch2,-40
250802B,U2OS,gapdh,tnpo1,rep3image12,ch2,52,5.4662,2447.439,250802B_U2OS_gapdh_tnpo1_rep3image12_ch2,-39
250802B,U2OS,gapdh,tnpo1,rep3image12,ch2,53,5.5734,2384.9968,250802B_U2OS_gapdh_tnpo1_rep3image12_ch2,-38
250802B,U2OS,gapdh,tnpo1,rep3image12,ch2,54,5.6805,2313.189,250802B_U2OS_gapdh_tnpo1_rep3image12_ch2,-37
250802B,U2OS,gapdh,tnpo1,rep3image12,ch2,55,5.7877,2296.5444,250802B_U2OS_gapdh_tnpo1_rep3image12_ch2,-36
250802B,U2OS,gapdh,tnpo1,rep3image12,ch2,56,5.8949,2309.5837,250802B_U2OS_gapdh_tnpo1_rep3image12_ch2,-35
250802B,U2OS,gapdh,tnpo1,rep3image12,ch2,57,6.0021,2335.0796,250802B_U2OS_gapdh_tnpo1_rep3image12_ch2,-34
250802B,U2OS,gapdh,tnpo1,rep3image12,ch2,58,6.1093,2348.2859,250802B_U2OS_gapdh_tnpo1_rep3image12_ch2,-33
250802B,U2OS,gapdh,tnpo1,rep3image12,ch2,59,6.2164,2338.0125,250802B_U2OS_gapdh_tnpo1_rep3image12_ch2,-32
250802B,U2OS,gapdh,tnpo1,rep3image12,ch2,60,6.3236,2302.8301,250802B_U2OS_gapdh_tnpo1_rep3image12_ch2,-31
250802B,U2OS,gapdh,tnpo1,rep3image12,ch2,61,6.4308,2270.4587,250802B_U2OS_gapdh_tnpo1_rep3image12_ch2,-30
250802B,U2OS,gapdh,tnpo1,rep3image12,ch2,62,6.538,2243.7815,250802B_U2OS_gapdh_tnpo1_rep3image12_ch2,-29
250802B,U2OS,gapdh,tnpo1,rep3image12,ch2,63,6.6452,2226.4824,250802B_U2OS_gapdh_tnpo1_rep3image12_ch2,-28
250802B,U2OS,gapdh,tnpo1,rep3image12,ch2,64,6.7523,2229.3733,250802B_U2OS_gapdh_tnpo1_rep3image12_ch2,-27
250802B,U2OS,gapdh,tnpo1,rep3image12,ch2,65,6.8595,2237.7815,250802B_U2OS_gapdh_tnpo1_rep3image12_ch2,-26
250802B,U2OS,gapdh,tnpo1,rep3image12,ch2,66,6.9667,2242.7886,250802B_U2OS_gapdh_tnpo1_rep3image12_ch2,-25
250802B,U2OS,gapdh,tnpo1,rep3image12,ch2,67,7.0739,2260.5015,250802B_U2OS_gapdh_tnpo1_rep3image12_ch2,-24
250802B,U2OS,gapdh,tnpo1,rep3image12,ch2,68,7.1811,2276.3357,250802B_U2OS_gapdh_tnpo1_rep3image12_ch2,-23
250802B,U2OS,gapdh,tnpo1,rep3image12,ch2,69,7.2882,2277.8201,250802B_U2OS_gapdh_tnpo1_rep3image12_ch2,-22
250802B,U2OS,gapdh,tnpo1,rep3image12,ch2,70,7.3954,2263.7432,250802B_U2OS_gapdh_tnpo1_rep3image12_ch2,-21
250802B,U2OS,gapdh,tnpo1,rep3image12,ch2,71,7.5026,2257.3789,250802B_U2OS_gapdh_tnpo1_rep3image12_ch2,-20
250802B,U2OS,gapdh,tnpo1,rep3image12,ch2,72,7.6098,2274.7544,250802B_U2OS_gapdh_tnpo1_rep3image12_ch2,-19
250802B,U2OS,gapdh,tnpo1,rep3image12,ch2,73,7.717,2297.2793,250802B_U2OS_gapdh_tnpo1_rep3image12_ch2,-18
250802B,U2OS,gapdh,tnpo1,rep3image12,ch2,74,7.8241,2297.7878,250802B_U2OS_gapdh_tnpo1_rep3image12_ch2,-17
250802B,U2OS,gapdh,tnpo1,rep3image12,ch2,75,7.9313,2291.9253,250802B_U2OS_gapdh_tnpo1_rep3image12_ch2,-16
250802B,U2OS,gapdh,tnpo1,rep3image12,ch2,76,8.0385,2293.7734,250802B_U2OS_gapdh_tnpo1_rep3image12_ch2,-15
250802B,U2OS,gapdh,tnpo1,rep3image12,ch2,77,8.1457,2310.9285,250802B_U2OS_gapdh_tnpo1_rep3image12_ch2,-14
250802B,U2OS,gapdh,tnpo1,rep3image12,ch2,78,8.2529,2332.7917,250802B_U2OS_gapdh_tnpo1_rep3image12_ch2,-13
250802B,U2OS,gapdh,tnpo1,rep3image12,ch2,79,8.36,2363.114,250802B_U2OS_gapdh_tnpo1_rep3image12_ch2,-12
250802B,U2OS,gapdh,tnpo1,rep3image12,ch2,80,8.4672,2399.4111,250802B_U2OS_gapdh_tnpo1_rep3image12_ch2,-11
250802B,U2OS,gapdh,tnpo1,rep3image12,ch2,81,8.5744,2414.2002,250802B_U2OS_gapdh_tnpo1_rep3image12_ch2,-10
250802B,U2OS,gapdh,tnpo1,rep3image12,ch2,82,8.6816,2416.1296,250802B_U2OS_gapdh_tnpo1_rep3image12_ch2,-9
250802B,U2OS,gapdh,tnpo1,rep3image12,ch2,83,8.7888,2415.9753,250802B_U2OS_gapdh_tnpo1_rep3image12_ch2,-8
250802B,U2OS,gapdh,tnpo1,rep3image12,ch2,84,8.8959,2417.4194,250802B_U2OS_gapdh_tnpo1_rep3image12_ch2,-7
250802B,U2OS,gapdh,tnpo1,rep3image12,ch2,85,9.0031,2432.45,250802B_U2OS_gapdh_tnpo1_rep3image12_ch2,-6
250802B,U2OS,gapdh,tnpo1,rep3image12,ch2,86,9.1103,2447.012,250802B_U2OS_gapdh_tnpo1_rep3image12_ch2,-5
250802B,U2OS,gapdh,tnpo1,rep3image12,ch2,87,9.2175,2473.543,250802B_U2OS_gapdh_tnpo1_rep3image12_ch2,-4
250802B,U2OS,gapdh,tnpo1,rep3image12,ch2,88,9.3247,2508.3337,250802B_U2OS_gapdh_tnpo1_rep3image12_ch2,-3
250802B,U2OS,gapdh,tnpo1,rep3image12,ch2,89,9.4318,2538.2356,250802B_U2OS_gapdh_tnpo1_rep3image12_ch2,-2
250802B,U2OS,gapdh,tnpo1,rep3image12,ch2,90,9.539,2569.7498,250802B_U2OS_gapdh_tnpo1_rep3image12_ch2,-1
250802B,U2OS,gapdh,tnpo1,rep3image12,ch2,91,9.6462,2587.8301,250802B_U2OS_gapdh_tnpo1_rep3image12_ch2,0
250802B,U2OS,gapdh,tnpo1,rep3image12,ch2,92,9.7534,2591.0503,250802B_U2OS_gapdh_tnpo1_rep3image12_ch2,1
250802B,U2OS,gapdh,tnpo1,rep3image12,ch2,93,9.8606,2600.1147,250802B_U2OS_gapdh_tnpo1_rep3image12_ch2,2
250802B,U2OS,gapdh,tnpo1,rep3image12,ch2,94,9.9677,2608.519,250802B_U2OS_gapdh_tnpo1_rep3image12_ch2,3
250802B,U2OS,gapdh,tnpo1,rep3image12,ch2,95,10.0749,2618.0903,250802B_U2OS_gapdh_tnpo1_rep3image12_ch2,4
250802B,U2OS,gapdh,tnpo1,rep3image12,ch2,96,10.1821,2637.0508,250802B_U2OS_gapdh_tnpo1_rep3image12_ch2,5
250802B,U2OS,gapdh,tnpo1,rep3image12,ch2,97,10.2893,2677.3091,250802B_U2OS_gapdh_tnpo1_rep3image12_ch2,6
250802B,U2OS,gapdh,tnpo1,rep3image12,ch2,98,10.3965,2738.8506,250802B_U2OS_gapdh_tnpo1_rep3image12_ch2,7
250802B,U2OS,gapdh,tnpo1,rep3image12,ch2,99,10.5036,2814.1956,250802B_U2OS_gapdh_tnpo1_rep3image12_ch2,8
250802B,U2OS,gapdh,tnpo1,rep3image12,ch2,100,10.6108,2899.3455,250802B_U2OS_gapdh_tnpo1_rep3image12_ch2,9
250802B,U2OS,gapdh,tnpo1,rep3image12,ch2,101,10.718,3003.9658,250802B_U2OS_gapdh_tnpo1_rep3image12_ch2,10
250802B,U2OS,gapdh,tnpo1,rep3image12,ch2,102,10.8252,3056.7595,250802B_U2OS_gapdh_tnpo1_rep3image12_ch2,11
250802B,U2OS,gapdh,tnpo1,rep3image12,ch2,103,10.9324,2998.7708,250802B_U2OS_gapdh_tnpo1_rep3image12_ch2,12
250802B,U2OS,gapdh,tnpo1,rep3image12,ch2,104,11.0395,2904.9902,250802B_U2OS_gapdh_tnpo1_rep3image12_ch2,13
250802B,U2OS,gapdh,tnpo1,rep3image12,ch2,105,11.1467,2844.7749,250802B_U2OS_gapdh_tnpo1_rep3image12_ch2,14
250802B,U2OS,gapdh,tnpo1,rep3image12,ch2,106,11.2539,2806.4832,250802B_U2OS_gapdh_tnpo1_rep3image12_ch2,15
250802B,U2OS,gapdh,tnpo1,rep3image12,ch2,107,11.3611,2782.9324,250802B_U2OS_gapdh_tnpo1_rep3image12_ch2,16
250802B,U2OS,gapdh,tnpo1,rep3image12,ch2,108,11.4683,2780.8772,250802B_U2OS_gapdh_tnpo1_rep3image12_ch2,17
250802B,U2OS,gapdh,tnpo1,rep3image12,ch2,109,11.5754,2784.8972,250802B_U2OS_gapdh_tnpo1_rep3image12_ch2,18
250802B,U2OS,gapdh,tnpo1,rep3image12,ch2,110,11.6826,2794.0693,250802B_U2OS_gapdh_tnpo1_rep3image12_ch2,19
250802B,U2OS,gapdh,tnpo1,rep3image12,ch2,111,11.7898,2800.5823,250802B_U2OS_gapdh_tnpo1_rep3image12_ch2,20
250802B,U2OS,gapdh,tnpo1,rep3image12,ch2,112,11.897,2820.9556,250802B_U2OS_gapdh_tnpo1_rep3image12_ch2,21
250802B,U2OS,gapdh,tnpo1,rep3image12,ch2,113,12.0042,2857.4277,250802B_U2OS_gapdh_tnpo1_rep3image12_ch2,22
250802B,U2OS,gapdh,tnpo1,rep3image12,ch2,114,12.1113,2916.1292,250802B_U2OS_gapdh_tnpo1_rep3image12_ch2,23
250802B,U2OS,gapdh,tnpo1,rep3image12,ch2,115,12.2185,3012.439,250802B_U2OS_gapdh_tnpo1_rep3image12_ch2,24
250802B,U2OS,gapdh,tnpo1,rep3image12,ch2,116,12.3257,3096.0232,250802B_U2OS_gapdh_tnpo1_rep3image12_ch2,25
250802B,U2OS,gapdh,tnpo1,rep3image12,ch2,117,12.4329,3103.4092,250802B_U2OS_gapdh_tnpo1_rep3image12_ch2,26
250802B,U2OS,gapdh,tnpo1,rep3image12,ch2,118,12.5401,2979.8955,250802B_U2OS_gapdh_tnpo1_rep3image12_ch2,27
250802B,U2OS,gapdh,tnpo1,rep3image12,ch2,119,12.6472,2824.9131,250802B_U2OS_gapdh_tnpo1_rep3image12_ch2,28
250802B,U2OS,gapdh,tnpo1,rep3image12,ch2,120,12.7544,2728.2627,250802B_U2OS_gapdh_tnpo1_rep3image12_ch2,29
250802B,U2OS,gapdh,tnpo1,rep3image12,ch2,121,12.8616,2659.8997,250802B_U2OS_gapdh_tnpo1_rep3image12_ch2,30
250802B,U2OS,gapdh,tnpo1,rep3image12,ch2,122,12.9688,2621.844,250802B_U2OS_gapdh_tnpo1_rep3image12_ch2,31
250802B,U2OS,gapdh,tnpo1,rep3image12,ch2,123,13.076,2592.8054,250802B_U2OS_gapdh_tnpo1_rep3image12_ch2,32
250802B,U2OS,gapdh,tnpo1,rep3image12,ch2,124,13.1831,2571.1091,250802B_U2OS_gapdh_tnpo1_rep3image12_ch2,33
250802B,U2OS,gapdh,tnpo1,rep3image12,ch2,125,13.2903,2553.7827,250802B_U2OS_gapdh_tnpo1_rep3image12_ch2,34
250802B,U2OS,gapdh,tnpo1,rep3image12,ch2,126,13.3975,2514.2812,250802B_U2OS_gapdh_tnpo1_rep3image12_ch2,35
250802B,U2OS,gapdh,tnpo1,rep3image12,ch2,127,13.5047,2476.0371,250802B_U2OS_gapdh_tnpo1_rep3image12_ch2,36
250802B,U2OS,gapdh,tnpo1,rep3image12,ch2,128,13.6119,2454.0894,250802B_U2OS_gapdh_tnpo1_rep3image12_ch2,37
250802B,U2OS,gapdh,tnpo1,rep3image12,ch2,129,13.719,2431.8892,250802B_U2OS_gapdh_tnpo1_rep3image12_ch2,38
250802B,U2OS,gapdh,tnpo1,rep3image12,ch2,130,13.8262,2415.9734,250802B_U2OS_gapdh_tnpo1_rep3image12_ch2,39
250802B,U2OS,gapdh,tnpo1,rep3image12,ch2,131,13.9334,2400.6582,250802B_U2OS_gapdh_tnpo1_rep3image12_ch2,40
250802B,U2OS,gapdh,tnpo1,rep3image12,ch2,132,14.0406,2382.6311,250802B_U2OS_gapdh_tnpo1_rep3image12_ch2,41
250802B,U2OS,gapdh,tnpo1,rep3image12,ch2,133,14.1478,2391.4971,250802B_U2OS_gapdh_tnpo1_rep3image12_ch2,42
250802B,U2OS,gapdh,tnpo1,rep3image12,ch2,134,14.2549,2423.2791,250802B_U2OS_gapdh_tnpo1_rep3image12_ch2,43
250802B,U2OS,gapdh,tnpo1,rep3image12,ch2,135,14.3621,2456.3049,250802B_U2OS_gapdh_tnpo1_rep3image12_ch2,44
250802B,U2OS,gapdh,tnpo1,rep3image12,ch2,136,14.4693,2461.6985,250802B_U2OS_gapdh_tnpo1_rep3image12_ch2,45
250802B,U2OS,gapdh,tnpo1,rep3image12,ch2,137,14.5765,2453.0718,250802B_U2OS_gapdh_tnpo1_rep3image12_ch2,46
250802B,U2OS,gapdh,tnpo1,rep3image12,ch2,138,14.6837,2449.053,250802B_U2OS_gapdh_tnpo1_rep3image12_ch2,47
250802B,U2OS,gapdh,tnpo1,rep3image12,ch2,139,14.7908,2466.3928,250802B_U2OS_gapdh_tnpo1_rep3image12_ch2,48
250802B,U2OS,gapdh,tnpo1,rep3image12,ch2,140,14.898,2474.8354,250802B_U2OS_gapdh_tnpo1_rep3image12_ch2,49
250802B,U2OS,gapdh,tnpo1,rep3image12,ch2,141,15.0052,2481.3057,250802B_U2OS_gapdh_tnpo1_rep3image12_ch2,50
250802B,U2OS,gapdh,tnpo1,rep3image12,ch2,142,15.1124,2497.6099,250802B_U2OS_gapdh_tnpo1_rep3image12_ch2,51
250802B,U2OS,gapdh,tnpo1,rep3image12,ch2,143,15.2196,2540.1301,250802B_U2OS_gapdh_tnpo1_rep3image12_ch2,52
250802B,U2OS,gapdh,tnpo1,rep3image12,ch2,144,15.3267,2530.5659,250802B_U2OS_gapdh_tnpo1_rep3image12_ch2,53
250802B,U2OS,gapdh,tnpo1,rep3image12,ch2,145,15.4339,2456.7546,250802B_U2OS_gapdh_tnpo1_rep3image12_ch2,54
250802B,U2OS,gapdh,tnpo1,rep3image12,ch2,146,15.5411,2358.7288,250802B_U2OS_gapdh_tnpo1_rep3image12_ch2,55
250802B,U2OS,gapdh,tnpo1,rep3image12,ch2,147,15.6483,2300.6248,250802B_U2OS_gapdh_tnpo1_rep3image12_ch2,56
250802B,U2OS,gapdh,tnpo1,rep3image12,ch2,148,15.7555,2267.9883,250802B_U2OS_gapdh_tnpo1_rep3image12_ch2,57
250802B,U2OS,gapdh,tnpo1,rep3image12,ch2,149,15.8626,2224.1514,250802B_U2OS_gapdh_tnpo1_rep3image12_ch2,58
250802B,U2OS,gapdh,tnpo1,rep3image12,ch2,150,15.9698,2180.5374,250802B_U2OS_gapdh_tnpo1_rep3image12_ch2,59
250802B,U2OS,gapdh,tnpo1,rep3image12,ch2,151,16.077,2132.2266,250802B_U2OS_gapdh_tnpo1_rep3image12_ch2,60
250802B,U2OS,gapdh,tnpo1,rep3image12,ch2,152,16.1842,2101.1943,250802B_U2OS_gapdh_tnpo1_rep3image12_ch2,61
250802B,U2OS,gapdh,tnpo1,rep3image12,ch2,153,16.2914,2078.1196,250802B_U2OS_gapdh_tnpo1_rep3image12_ch2,62
250802B,U2OS,gapdh,tnpo1,rep3image12,ch2,154,16.3985,2068.845,250802B_U2OS_gapdh_tnpo1_rep3image12_ch2,63
250802B,U2OS,gapdh,tnpo1,rep3image12,ch2,155,16.5057,2060.6377,250802B_U2OS_gapdh_tnpo1_rep3image12_ch2,64
250802B,U2OS,gapdh,tnpo1,rep3image12,ch2,156,16.6129,2046.447,250802B_U2OS_gapdh_tnpo1_rep3image12_ch2,65
250802B,U2OS,gapdh,tnpo1,rep3image12,ch2,157,16.7201,2045.9465,250802B_U2OS_gapdh_tnpo1_rep3image12_ch2,66
250802B,U2OS,gapdh,tnpo1,rep3image12,ch2,158,16.8273,2046.6298,250802B_U2OS_gapdh_tnpo1_rep3image12_ch2,67
250802B,U2OS,gapdh,tnpo1,rep3image12,ch2,159,16.9344,2045.0713,250802B_U2OS_gapdh_tnpo1_rep3image12_ch2,68
250802B,U2OS,gapdh,tnpo1,rep3image12,ch2,160,17.0416,2045.0184,250802B_U2OS_gapdh_tnpo1_rep3image12_ch2,69
250802B,U2OS,gapdh,tnpo1,rep3image12,ch2,161,17.1488,2044.946,250802B_U2OS_gapdh_tnpo1_rep3image12_ch2,70
250802B,U2OS,gapdh,tnpo1,rep3image12,ch2,162,17.256,2050.4387,250802B_U2OS_gapdh_tnpo1_rep3image12_ch2,71
250802B,U2OS,gapdh,tnpo1,rep3image12,ch2,163,17.3632,2065.6821,250802B_U2OS_gapdh_tnpo1_rep3image12_ch2,72
250802B,U2OS,gapdh,tnpo1,rep3image12,ch2,164,17.4703,2092.5393,250802B_U2OS_gapdh_tnpo1_rep3image12_ch2,73
250802B,U2OS,gapdh,tnpo1,rep3image12,ch2,165,17.5775,2132.4753,250802B_U2OS_gapdh_tnpo1_rep3image12_ch2,74
250802B,U2OS,gapdh,tnpo1,rep3image12,ch2,166,17.6847,2195.1765,250802B_U2OS_gapdh_tnpo1_rep3image12_ch2,75
250802B,U2OS,gapdh,tnpo1,rep3image12,ch2,167,17.7919,2257.2427,250802B_U2OS_gapdh_tnpo1_rep3image12_ch2,76
250802B,U2OS,gapdh,tnpo1,rep3image12,ch2,168,17.8991,2293.9624,250802B_U2OS_gapdh_tnpo1_rep3image12_ch2,77
250802B,U2OS,gapdh,tnpo1,rep3image12,ch2,169,18.0062,2310.8904000000002,250802B_U2OS_gapdh_tnpo1_rep3image12_ch2,78
250802B,U2OS,gapdh,tnpo1,rep3image12,ch2,170,18.1134,2331.4182,250802B_U2OS_gapdh_tnpo1_rep3image12_ch2,79
250802B,U2OS,gapdh,tnpo1,rep3image12,ch2,171,18.2206,2320.3486,250802B_U2OS_gapdh_tnpo1_rep3image12_ch2,80
250802B,U2OS,gapdh,tnpo1,rep3image12,ch2,172,18.3278,2279.9854,250802B_U2OS_gapdh_tnpo1_rep3image12_ch2,81
250802B,U2OS,gapdh,tnpo1,rep3image12,ch2,173,18.435,2240.717,250802B_U2OS_gapdh_tnpo1_rep3image12_ch2,82
250802B,U2OS,gapdh,tnpo1,rep3image12,ch2,174,18.5421,2226.7866,250802B_U2OS_gapdh_tnpo1_rep3image12_ch2,83
250802B,U2OS,gapdh,tnpo1,rep3image12,ch2,175,18.6493,2216.3818,250802B_U2OS_gapdh_tnpo1_rep3image12_ch2,84
250802B,U2OS,gapdh,tnpo1,rep3image12,ch2,176,18.7565,2207.0134,250802B_U2OS_gapdh_tnpo1_rep3image12_ch2,85
250802B,U2OS,gapdh,tnpo1,rep3image12,ch2,177,18.8637,2205.2119,250802B_U2OS_gapdh_tnpo1_rep3image12_ch2,86
250802B,U2OS,gapdh,tnpo1,rep3image12,ch2,178,18.9709,2210.1333,250802B_U2OS_gapdh_tnpo1_rep3image12_ch2,87
250802B,U2OS,gapdh,tnpo1,rep3image12,ch2,179,19.078,2208.2212,250802B_U2OS_gapdh_tnpo1_rep3image12_ch2,88
250802B,U2OS,gapdh,tnpo1,rep3image12,ch2,180,19.1852,2179.6938,250802B_U2OS_gapdh_tnpo1_rep3image12_ch2,89
250802B,U2OS,gapdh,tnpo1,rep3image12,ch2,181,19.2924,2142.416,250802B_U2OS_gapdh_tnpo1_rep3image12_ch2,90
250802B,U2OS,gapdh,tnpo1,rep3image13,ch1,1,0,7108.5688,250802B_U2OS_gapdh_tnpo1_rep3image13_ch1,-90
250802B,U2OS,gapdh,tnpo1,rep3image13,ch1,2,0.1072,7140.4092,250802B_U2OS_gapdh_tnpo1_rep3image13_ch1,-89
250802B,U2OS,gapdh,tnpo1,rep3image13,ch1,3,0.2144,7165.0479,250802B_U2OS_gapdh_tnpo1_rep3image13_ch1,-88
250802B,U2OS,gapdh,tnpo1,rep3image13,ch1,4,0.3215,7203.5981,250802B_U2OS_gapdh_tnpo1_rep3image13_ch1,-87
250802B,U2OS,gapdh,tnpo1,rep3image13,ch1,5,0.4287,7231.7949,250802B_U2OS_gapdh_tnpo1_rep3image13_ch1,-86
250802B,U2OS,gapdh,tnpo1,rep3image13,ch1,6,0.5359,7224.0493,250802B_U2OS_gapdh_tnpo1_rep3image13_ch1,-85
250802B,U2OS,gapdh,tnpo1,rep3image13,ch1,7,0.6431,7180.5352,250802B_U2OS_gapdh_tnpo1_rep3image13_ch1,-84
250802B,U2OS,gapdh,tnpo1,rep3image13,ch1,8,0.7503,7247.834,250802B_U2OS_gapdh_tnpo1_rep3image13_ch1,-83
250802B,U2OS,gapdh,tnpo1,rep3image13,ch1,9,0.8574,7481.3252,250802B_U2OS_gapdh_tnpo1_rep3image13_ch1,-82
250802B,U2OS,gapdh,tnpo1,rep3image13,ch1,10,0.9646,7864.3882,250802B_U2OS_gapdh_tnpo1_rep3image13_ch1,-81
250802B,U2OS,gapdh,tnpo1,rep3image13,ch1,11,1.0718,8161.6641,250802B_U2OS_gapdh_tnpo1_rep3image13_ch1,-80
250802B,U2OS,gapdh,tnpo1,rep3image13,ch1,12,1.179,8167.4155,250802B_U2OS_gapdh_tnpo1_rep3image13_ch1,-79
250802B,U2OS,gapdh,tnpo1,rep3image13,ch1,13,1.2862,7904.8774,250802B_U2OS_gapdh_tnpo1_rep3image13_ch1,-78
250802B,U2OS,gapdh,tnpo1,rep3image13,ch1,14,1.3933,7576.8848,250802B_U2OS_gapdh_tnpo1_rep3image13_ch1,-77
250802B,U2OS,gapdh,tnpo1,rep3image13,ch1,15,1.5005,7449.519,250802B_U2OS_gapdh_tnpo1_rep3image13_ch1,-76
250802B,U2OS,gapdh,tnpo1,rep3image13,ch1,16,1.6077,7528.1235,250802B_U2OS_gapdh_tnpo1_rep3image13_ch1,-75
250802B,U2OS,gapdh,tnpo1,rep3image13,ch1,17,1.7149,7666.4023,250802B_U2OS_gapdh_tnpo1_rep3image13_ch1,-74
250802B,U2OS,gapdh,tnpo1,rep3image13,ch1,18,1.8221,7749.2446,250802B_U2OS_gapdh_tnpo1_rep3image13_ch1,-73
250802B,U2OS,gapdh,tnpo1,rep3image13,ch1,19,1.9292,7687.8506,250802B_U2OS_gapdh_tnpo1_rep3image13_ch1,-72
250802B,U2OS,gapdh,tnpo1,rep3image13,ch1,20,2.0364,7545.6641,250802B_U2OS_gapdh_tnpo1_rep3image13_ch1,-71
250802B,U2OS,gapdh,tnpo1,rep3image13,ch1,21,2.1436,7425.8042,250802B_U2OS_gapdh_tnpo1_rep3image13_ch1,-70
250802B,U2OS,gapdh,tnpo1,rep3image13,ch1,22,2.2508,7382.0903,250802B_U2OS_gapdh_tnpo1_rep3image13_ch1,-69
250802B,U2OS,gapdh,tnpo1,rep3image13,ch1,23,2.358,7387.5811,250802B_U2OS_gapdh_tnpo1_rep3image13_ch1,-68
250802B,U2OS,gapdh,tnpo1,rep3image13,ch1,24,2.4651,7369.6826,250802B_U2OS_gapdh_tnpo1_rep3image13_ch1,-67
250802B,U2OS,gapdh,tnpo1,rep3image13,ch1,25,2.5723,7357.7793,250802B_U2OS_gapdh_tnpo1_rep3image13_ch1,-66
250802B,U2OS,gapdh,tnpo1,rep3image13,ch1,26,2.6795,7381.6021,250802B_U2OS_gapdh_tnpo1_rep3image13_ch1,-65
250802B,U2OS,gapdh,tnpo1,rep3image13,ch1,27,2.7867,7438.3564,250802B_U2OS_gapdh_tnpo1_rep3image13_ch1,-64
250802B,U2OS,gapdh,tnpo1,rep3image13,ch1,28,2.8939,7512.0825,250802B_U2OS_gapdh_tnpo1_rep3image13_ch1,-63
250802B,U2OS,gapdh,tnpo1,rep3image13,ch1,29,3.001,7547.3418,250802B_U2OS_gapdh_tnpo1_rep3image13_ch1,-62
250802B,U2OS,gapdh,tnpo1,rep3image13,ch1,30,3.1082,7600.2871,250802B_U2OS_gapdh_tnpo1_rep3image13_ch1,-61
250802B,U2OS,gapdh,tnpo1,rep3image13,ch1,31,3.2154,7686.8149,250802B_U2OS_gapdh_tnpo1_rep3image13_ch1,-60
250802B,U2OS,gapdh,tnpo1,rep3image13,ch1,32,3.3226,7882.123,250802B_U2OS_gapdh_tnpo1_rep3image13_ch1,-59
250802B,U2OS,gapdh,tnpo1,rep3image13,ch1,33,3.4298,8248.7441,250802B_U2OS_gapdh_tnpo1_rep3image13_ch1,-58
250802B,U2OS,gapdh,tnpo1,rep3image13,ch1,34,3.5369,8696.2168,250802B_U2OS_gapdh_tnpo1_rep3image13_ch1,-57
250802B,U2OS,gapdh,tnpo1,rep3image13,ch1,35,3.6441,9053.1494,250802B_U2OS_gapdh_tnpo1_rep3image13_ch1,-56
250802B,U2OS,gapdh,tnpo1,rep3image13,ch1,36,3.7513,9179.502,250802B_U2OS_gapdh_tnpo1_rep3image13_ch1,-55
250802B,U2OS,gapdh,tnpo1,rep3image13,ch1,37,3.8585,9101.3164,250802B_U2OS_gapdh_tnpo1_rep3image13_ch1,-54
250802B,U2OS,gapdh,tnpo1,rep3image13,ch1,38,3.9657,8924.3711,250802B_U2OS_gapdh_tnpo1_rep3image13_ch1,-53
250802B,U2OS,gapdh,tnpo1,rep3image13,ch1,39,4.0728,8633.0049,250802B_U2OS_gapdh_tnpo1_rep3image13_ch1,-52
250802B,U2OS,gapdh,tnpo1,rep3image13,ch1,40,4.18,8255.8564,250802B_U2OS_gapdh_tnpo1_rep3image13_ch1,-51
250802B,U2OS,gapdh,tnpo1,rep3image13,ch1,41,4.2872,7930.4097,250802B_U2OS_gapdh_tnpo1_rep3image13_ch1,-50
250802B,U2OS,gapdh,tnpo1,rep3image13,ch1,42,4.3944,7762.5425,250802B_U2OS_gapdh_tnpo1_rep3image13_ch1,-49
250802B,U2OS,gapdh,tnpo1,rep3image13,ch1,43,4.5016,7827.7891,250802B_U2OS_gapdh_tnpo1_rep3image13_ch1,-48
250802B,U2OS,gapdh,tnpo1,rep3image13,ch1,44,4.6087,8014.0439,250802B_U2OS_gapdh_tnpo1_rep3image13_ch1,-47
250802B,U2OS,gapdh,tnpo1,rep3image13,ch1,45,4.7159,8209.0635,250802B_U2OS_gapdh_tnpo1_rep3image13_ch1,-46
250802B,U2OS,gapdh,tnpo1,rep3image13,ch1,46,4.8231,8331.2734,250802B_U2OS_gapdh_tnpo1_rep3image13_ch1,-45
250802B,U2OS,gapdh,tnpo1,rep3image13,ch1,47,4.9303,8298.3311,250802B_U2OS_gapdh_tnpo1_rep3image13_ch1,-44
250802B,U2OS,gapdh,tnpo1,rep3image13,ch1,48,5.0375,8207.0791,250802B_U2OS_gapdh_tnpo1_rep3image13_ch1,-43
250802B,U2OS,gapdh,tnpo1,rep3image13,ch1,49,5.1446,8227.0566,250802B_U2OS_gapdh_tnpo1_rep3image13_ch1,-42
250802B,U2OS,gapdh,tnpo1,rep3image13,ch1,50,5.2518,8345.9434,250802B_U2OS_gapdh_tnpo1_rep3image13_ch1,-41
250802B,U2OS,gapdh,tnpo1,rep3image13,ch1,51,5.359,8468.4746,250802B_U2OS_gapdh_tnpo1_rep3image13_ch1,-40
250802B,U2OS,gapdh,tnpo1,rep3image13,ch1,52,5.4662,8592.834,250802B_U2OS_gapdh_tnpo1_rep3image13_ch1,-39
250802B,U2OS,gapdh,tnpo1,rep3image13,ch1,53,5.5734,8682.6201,250802B_U2OS_gapdh_tnpo1_rep3image13_ch1,-38
250802B,U2OS,gapdh,tnpo1,rep3image13,ch1,54,5.6805,8662.2061,250802B_U2OS_gapdh_tnpo1_rep3image13_ch1,-37
250802B,U2OS,gapdh,tnpo1,rep3image13,ch1,55,5.7877,8516.7812,250802B_U2OS_gapdh_tnpo1_rep3image13_ch1,-36
250802B,U2OS,gapdh,tnpo1,rep3image13,ch1,56,5.8949,8404.4336,250802B_U2OS_gapdh_tnpo1_rep3image13_ch1,-35
250802B,U2OS,gapdh,tnpo1,rep3image13,ch1,57,6.0021,8425.1318,250802B_U2OS_gapdh_tnpo1_rep3image13_ch1,-34
250802B,U2OS,gapdh,tnpo1,rep3image13,ch1,58,6.1093,8498.6123,250802B_U2OS_gapdh_tnpo1_rep3image13_ch1,-33
250802B,U2OS,gapdh,tnpo1,rep3image13,ch1,59,6.2164,8469.6875,250802B_U2OS_gapdh_tnpo1_rep3image13_ch1,-32
250802B,U2OS,gapdh,tnpo1,rep3image13,ch1,60,6.3236,8313.8633,250802B_U2OS_gapdh_tnpo1_rep3image13_ch1,-31
250802B,U2OS,gapdh,tnpo1,rep3image13,ch1,61,6.4308,8123.7021,250802B_U2OS_gapdh_tnpo1_rep3image13_ch1,-30
250802B,U2OS,gapdh,tnpo1,rep3image13,ch1,62,6.538,8024.6177,250802B_U2OS_gapdh_tnpo1_rep3image13_ch1,-29
250802B,U2OS,gapdh,tnpo1,rep3image13,ch1,63,6.6452,8045.0581,250802B_U2OS_gapdh_tnpo1_rep3image13_ch1,-28
250802B,U2OS,gapdh,tnpo1,rep3image13,ch1,64,6.7523,8108.8989,250802B_U2OS_gapdh_tnpo1_rep3image13_ch1,-27
250802B,U2OS,gapdh,tnpo1,rep3image13,ch1,65,6.8595,8179.3467,250802B_U2OS_gapdh_tnpo1_rep3image13_ch1,-26
250802B,U2OS,gapdh,tnpo1,rep3image13,ch1,66,6.9667,8280.4814,250802B_U2OS_gapdh_tnpo1_rep3image13_ch1,-25
250802B,U2OS,gapdh,tnpo1,rep3image13,ch1,67,7.0739,8448.3721,250802B_U2OS_gapdh_tnpo1_rep3image13_ch1,-24
250802B,U2OS,gapdh,tnpo1,rep3image13,ch1,68,7.1811,8685.2656,250802B_U2OS_gapdh_tnpo1_rep3image13_ch1,-23
250802B,U2OS,gapdh,tnpo1,rep3image13,ch1,69,7.2882,8926.6719,250802B_U2OS_gapdh_tnpo1_rep3image13_ch1,-22
250802B,U2OS,gapdh,tnpo1,rep3image13,ch1,70,7.3954,9120.8213,250802B_U2OS_gapdh_tnpo1_rep3image13_ch1,-21
250802B,U2OS,gapdh,tnpo1,rep3image13,ch1,71,7.5026,9390.8672,250802B_U2OS_gapdh_tnpo1_rep3image13_ch1,-20
250802B,U2OS,gapdh,tnpo1,rep3image13,ch1,72,7.6098,9776.0312,250802B_U2OS_gapdh_tnpo1_rep3image13_ch1,-19
250802B,U2OS,gapdh,tnpo1,rep3image13,ch1,73,7.717,10203.0645,250802B_U2OS_gapdh_tnpo1_rep3image13_ch1,-18
250802B,U2OS,gapdh,tnpo1,rep3image13,ch1,74,7.8241,10520.8271,250802B_U2OS_gapdh_tnpo1_rep3image13_ch1,-17
250802B,U2OS,gapdh,tnpo1,rep3image13,ch1,75,7.9313,10608.3203,250802B_U2OS_gapdh_tnpo1_rep3image13_ch1,-16
250802B,U2OS,gapdh,tnpo1,rep3image13,ch1,76,8.0385,10495.6436,250802B_U2OS_gapdh_tnpo1_rep3image13_ch1,-15
250802B,U2OS,gapdh,tnpo1,rep3image13,ch1,77,8.1457,10354.6387,250802B_U2OS_gapdh_tnpo1_rep3image13_ch1,-14
250802B,U2OS,gapdh,tnpo1,rep3image13,ch1,78,8.2529,10281.8145,250802B_U2OS_gapdh_tnpo1_rep3image13_ch1,-13
250802B,U2OS,gapdh,tnpo1,rep3image13,ch1,79,8.36,10304.0566,250802B_U2OS_gapdh_tnpo1_rep3image13_ch1,-12
250802B,U2OS,gapdh,tnpo1,rep3image13,ch1,80,8.4672,10465.959,250802B_U2OS_gapdh_tnpo1_rep3image13_ch1,-11
250802B,U2OS,gapdh,tnpo1,rep3image13,ch1,81,8.5744,10775.2178,250802B_U2OS_gapdh_tnpo1_rep3image13_ch1,-10
250802B,U2OS,gapdh,tnpo1,rep3image13,ch1,82,8.6816,11000.6084,250802B_U2OS_gapdh_tnpo1_rep3image13_ch1,-9
250802B,U2OS,gapdh,tnpo1,rep3image13,ch1,83,8.7888,11011.001,250802B_U2OS_gapdh_tnpo1_rep3image13_ch1,-8
250802B,U2OS,gapdh,tnpo1,rep3image13,ch1,84,8.8959,10937.7314,250802B_U2OS_gapdh_tnpo1_rep3image13_ch1,-7
250802B,U2OS,gapdh,tnpo1,rep3image13,ch1,85,9.0031,10970.0039,250802B_U2OS_gapdh_tnpo1_rep3image13_ch1,-6
250802B,U2OS,gapdh,tnpo1,rep3image13,ch1,86,9.1103,11013.5361,250802B_U2OS_gapdh_tnpo1_rep3image13_ch1,-5
250802B,U2OS,gapdh,tnpo1,rep3image13,ch1,87,9.2175,11041.1377,250802B_U2OS_gapdh_tnpo1_rep3image13_ch1,-4
250802B,U2OS,gapdh,tnpo1,rep3image13,ch1,88,9.3247,11110.127,250802B_U2OS_gapdh_tnpo1_rep3image13_ch1,-3
250802B,U2OS,gapdh,tnpo1,rep3image13,ch1,89,9.4318,11320.0586,250802B_U2OS_gapdh_tnpo1_rep3image13_ch1,-2
250802B,U2OS,gapdh,tnpo1,rep3image13,ch1,90,9.539,11761.6201,250802B_U2OS_gapdh_tnpo1_rep3image13_ch1,-1
250802B,U2OS,gapdh,tnpo1,rep3image13,ch1,91,9.6462,12355.2568,250802B_U2OS_gapdh_tnpo1_rep3image13_ch1,0
250802B,U2OS,gapdh,tnpo1,rep3image13,ch1,92,9.7534,12876.5273,250802B_U2OS_gapdh_tnpo1_rep3image13_ch1,1
250802B,U2OS,gapdh,tnpo1,rep3image13,ch1,93,9.8606,13136.5303,250802B_U2OS_gapdh_tnpo1_rep3image13_ch1,2
250802B,U2OS,gapdh,tnpo1,rep3image13,ch1,94,9.9677,13068.8428,250802B_U2OS_gapdh_tnpo1_rep3image13_ch1,3
250802B,U2OS,gapdh,tnpo1,rep3image13,ch1,95,10.0749,13011.3545,250802B_U2OS_gapdh_tnpo1_rep3image13_ch1,4
250802B,U2OS,gapdh,tnpo1,rep3image13,ch1,96,10.1821,13198.0088,250802B_U2OS_gapdh_tnpo1_rep3image13_ch1,5
250802B,U2OS,gapdh,tnpo1,rep3image13,ch1,97,10.2893,13650.5615,250802B_U2OS_gapdh_tnpo1_rep3image13_ch1,6
250802B,U2OS,gapdh,tnpo1,rep3image13,ch1,98,10.3965,14096.9258,250802B_U2OS_gapdh_tnpo1_rep3image13_ch1,7
250802B,U2OS,gapdh,tnpo1,rep3image13,ch1,99,10.5036,14389.543,250802B_U2OS_gapdh_tnpo1_rep3image13_ch1,8
250802B,U2OS,gapdh,tnpo1,rep3image13,ch1,100,10.6108,14664.2148,250802B_U2OS_gapdh_tnpo1_rep3image13_ch1,9
250802B,U2OS,gapdh,tnpo1,rep3image13,ch1,101,10.718,14935.7549,250802B_U2OS_gapdh_tnpo1_rep3image13_ch1,10
250802B,U2OS,gapdh,tnpo1,rep3image13,ch1,102,10.8252,15150.9639,250802B_U2OS_gapdh_tnpo1_rep3image13_ch1,11
250802B,U2OS,gapdh,tnpo1,rep3image13,ch1,103,10.9324,15351.5371,250802B_U2OS_gapdh_tnpo1_rep3image13_ch1,12
250802B,U2OS,gapdh,tnpo1,rep3image13,ch1,104,11.0395,15678.8818,250802B_U2OS_gapdh_tnpo1_rep3image13_ch1,13
250802B,U2OS,gapdh,tnpo1,rep3image13,ch1,105,11.1467,16158.6699,250802B_U2OS_gapdh_tnpo1_rep3image13_ch1,14
250802B,U2OS,gapdh,tnpo1,rep3image13,ch1,106,11.2539,16622.9512,250802B_U2OS_gapdh_tnpo1_rep3image13_ch1,15
250802B,U2OS,gapdh,tnpo1,rep3image13,ch1,107,11.3611,16797.4863,250802B_U2OS_gapdh_tnpo1_rep3image13_ch1,16
250802B,U2OS,gapdh,tnpo1,rep3image13,ch1,108,11.4683,16830.293,250802B_U2OS_gapdh_tnpo1_rep3image13_ch1,17
250802B,U2OS,gapdh,tnpo1,rep3image13,ch1,109,11.5754,16820.0469,250802B_U2OS_gapdh_tnpo1_rep3image13_ch1,18
250802B,U2OS,gapdh,tnpo1,rep3image13,ch1,110,11.6826,16990.1641,250802B_U2OS_gapdh_tnpo1_rep3image13_ch1,19
250802B,U2OS,gapdh,tnpo1,rep3image13,ch1,111,11.7898,17176.9023,250802B_U2OS_gapdh_tnpo1_rep3image13_ch1,20
250802B,U2OS,gapdh,tnpo1,rep3image13,ch1,112,11.897,17312.7832,250802B_U2OS_gapdh_tnpo1_rep3image13_ch1,21
250802B,U2OS,gapdh,tnpo1,rep3image13,ch1,113,12.0042,17279.7031,250802B_U2OS_gapdh_tnpo1_rep3image13_ch1,22
250802B,U2OS,gapdh,tnpo1,rep3image13,ch1,114,12.1113,17226.9121,250802B_U2OS_gapdh_tnpo1_rep3image13_ch1,23
250802B,U2OS,gapdh,tnpo1,rep3image13,ch1,115,12.2185,17313.9961,250802B_U2OS_gapdh_tnpo1_rep3image13_ch1,24
250802B,U2OS,gapdh,tnpo1,rep3image13,ch1,116,12.3257,17587.1797,250802B_U2OS_gapdh_tnpo1_rep3image13_ch1,25
250802B,U2OS,gapdh,tnpo1,rep3image13,ch1,117,12.4329,17811.5801,250802B_U2OS_gapdh_tnpo1_rep3image13_ch1,26
250802B,U2OS,gapdh,tnpo1,rep3image13,ch1,118,12.5401,17844.1758,250802B_U2OS_gapdh_tnpo1_rep3image13_ch1,27
250802B,U2OS,gapdh,tnpo1,rep3image13,ch1,119,12.6472,17847.5566,250802B_U2OS_gapdh_tnpo1_rep3image13_ch1,28
250802B,U2OS,gapdh,tnpo1,rep3image13,ch1,120,12.7544,17973.8184,250802B_U2OS_gapdh_tnpo1_rep3image13_ch1,29
250802B,U2OS,gapdh,tnpo1,rep3image13,ch1,121,12.8616,18159.6211,250802B_U2OS_gapdh_tnpo1_rep3image13_ch1,30
250802B,U2OS,gapdh,tnpo1,rep3image13,ch1,122,12.9688,18299.6055,250802B_U2OS_gapdh_tnpo1_rep3image13_ch1,31
250802B,U2OS,gapdh,tnpo1,rep3image13,ch1,123,13.076,18398.6895,250802B_U2OS_gapdh_tnpo1_rep3image13_ch1,32
250802B,U2OS,gapdh,tnpo1,rep3image13,ch1,124,13.1831,18543.7363,250802B_U2OS_gapdh_tnpo1_rep3image13_ch1,33
250802B,U2OS,gapdh,tnpo1,rep3image13,ch1,125,13.2903,18540.3184,250802B_U2OS_gapdh_tnpo1_rep3image13_ch1,34
250802B,U2OS,gapdh,tnpo1,rep3image13,ch1,126,13.3975,18404.0312,250802B_U2OS_gapdh_tnpo1_rep3image13_ch1,35
250802B,U2OS,gapdh,tnpo1,rep3image13,ch1,127,13.5047,18045.5566,250802B_U2OS_gapdh_tnpo1_rep3image13_ch1,36
250802B,U2OS,gapdh,tnpo1,rep3image13,ch1,128,13.6119,17609.2129,250802B_U2OS_gapdh_tnpo1_rep3image13_ch1,37
250802B,U2OS,gapdh,tnpo1,rep3image13,ch1,129,13.719,17185.752,250802B_U2OS_gapdh_tnpo1_rep3image13_ch1,38
250802B,U2OS,gapdh,tnpo1,rep3image13,ch1,130,13.8262,16922.5488,250802B_U2OS_gapdh_tnpo1_rep3image13_ch1,39
250802B,U2OS,gapdh,tnpo1,rep3image13,ch1,131,13.9334,16877.9727,250802B_U2OS_gapdh_tnpo1_rep3image13_ch1,40
250802B,U2OS,gapdh,tnpo1,rep3image13,ch1,132,14.0406,17015.8945,250802B_U2OS_gapdh_tnpo1_rep3image13_ch1,41
250802B,U2OS,gapdh,tnpo1,rep3image13,ch1,133,14.1478,17249.6035,250802B_U2OS_gapdh_tnpo1_rep3image13_ch1,42
250802B,U2OS,gapdh,tnpo1,rep3image13,ch1,134,14.2549,17661.3652,250802B_U2OS_gapdh_tnpo1_rep3image13_ch1,43
250802B,U2OS,gapdh,tnpo1,rep3image13,ch1,135,14.3621,18082.7617,250802B_U2OS_gapdh_tnpo1_rep3image13_ch1,44
250802B,U2OS,gapdh,tnpo1,rep3image13,ch1,136,14.4693,18257.3535,250802B_U2OS_gapdh_tnpo1_rep3image13_ch1,45
250802B,U2OS,gapdh,tnpo1,rep3image13,ch1,137,14.5765,18245.334,250802B_U2OS_gapdh_tnpo1_rep3image13_ch1,46
250802B,U2OS,gapdh,tnpo1,rep3image13,ch1,138,14.6837,18240.3066,250802B_U2OS_gapdh_tnpo1_rep3image13_ch1,47
250802B,U2OS,gapdh,tnpo1,rep3image13,ch1,139,14.7908,18271.3066,250802B_U2OS_gapdh_tnpo1_rep3image13_ch1,48
250802B,U2OS,gapdh,tnpo1,rep3image13,ch1,140,14.898,18196.9316,250802B_U2OS_gapdh_tnpo1_rep3image13_ch1,49
250802B,U2OS,gapdh,tnpo1,rep3image13,ch1,141,15.0052,17947.0742,250802B_U2OS_gapdh_tnpo1_rep3image13_ch1,50
250802B,U2OS,gapdh,tnpo1,rep3image13,ch1,142,15.1124,17733.3574,250802B_U2OS_gapdh_tnpo1_rep3image13_ch1,51
250802B,U2OS,gapdh,tnpo1,rep3image13,ch1,143,15.2196,17545.9648,250802B_U2OS_gapdh_tnpo1_rep3image13_ch1,52
250802B,U2OS,gapdh,tnpo1,rep3image13,ch1,144,15.3267,17253.5234,250802B_U2OS_gapdh_tnpo1_rep3image13_ch1,53
250802B,U2OS,gapdh,tnpo1,rep3image13,ch1,145,15.4339,16866.0488,250802B_U2OS_gapdh_tnpo1_rep3image13_ch1,54
250802B,U2OS,gapdh,tnpo1,rep3image13,ch1,146,15.5411,16362.1279,250802B_U2OS_gapdh_tnpo1_rep3image13_ch1,55
250802B,U2OS,gapdh,tnpo1,rep3image13,ch1,147,15.6483,15722.1436,250802B_U2OS_gapdh_tnpo1_rep3image13_ch1,56
250802B,U2OS,gapdh,tnpo1,rep3image13,ch1,148,15.7555,14971.8877,250802B_U2OS_gapdh_tnpo1_rep3image13_ch1,57
250802B,U2OS,gapdh,tnpo1,rep3image13,ch1,149,15.8626,14275.6084,250802B_U2OS_gapdh_tnpo1_rep3image13_ch1,58
250802B,U2OS,gapdh,tnpo1,rep3image13,ch1,150,15.9698,13885.373,250802B_U2OS_gapdh_tnpo1_rep3image13_ch1,59
250802B,U2OS,gapdh,tnpo1,rep3image13,ch1,151,16.077,13781.7109,250802B_U2OS_gapdh_tnpo1_rep3image13_ch1,60
250802B,U2OS,gapdh,tnpo1,rep3image13,ch1,152,16.1842,13864.2861,250802B_U2OS_gapdh_tnpo1_rep3image13_ch1,61
250802B,U2OS,gapdh,tnpo1,rep3image13,ch1,153,16.2914,13858.751,250802B_U2OS_gapdh_tnpo1_rep3image13_ch1,62
250802B,U2OS,gapdh,tnpo1,rep3image13,ch1,154,16.3985,13640.499,250802B_U2OS_gapdh_tnpo1_rep3image13_ch1,63
250802B,U2OS,gapdh,tnpo1,rep3image13,ch1,155,16.5057,13266.0635,250802B_U2OS_gapdh_tnpo1_rep3image13_ch1,64
250802B,U2OS,gapdh,tnpo1,rep3image13,ch1,156,16.6129,12983.3545,250802B_U2OS_gapdh_tnpo1_rep3image13_ch1,65
250802B,U2OS,gapdh,tnpo1,rep3image13,ch1,157,16.7201,12903.3496,250802B_U2OS_gapdh_tnpo1_rep3image13_ch1,66
250802B,U2OS,gapdh,tnpo1,rep3image13,ch1,158,16.8273,13052.0938,250802B_U2OS_gapdh_tnpo1_rep3image13_ch1,67
250802B,U2OS,gapdh,tnpo1,rep3image13,ch1,159,16.9344,13296.1045,250802B_U2OS_gapdh_tnpo1_rep3image13_ch1,68
250802B,U2OS,gapdh,tnpo1,rep3image13,ch1,160,17.0416,13453.6895,250802B_U2OS_gapdh_tnpo1_rep3image13_ch1,69
250802B,U2OS,gapdh,tnpo1,rep3image13,ch1,161,17.1488,13383.8945,250802B_U2OS_gapdh_tnpo1_rep3image13_ch1,70
250802B,U2OS,gapdh,tnpo1,rep3image13,ch1,162,17.256,13175.7471,250802B_U2OS_gapdh_tnpo1_rep3image13_ch1,71
250802B,U2OS,gapdh,tnpo1,rep3image13,ch1,163,17.3632,12887.3281,250802B_U2OS_gapdh_tnpo1_rep3image13_ch1,72
250802B,U2OS,gapdh,tnpo1,rep3image13,ch1,164,17.4703,12569.082,250802B_U2OS_gapdh_tnpo1_rep3image13_ch1,73
250802B,U2OS,gapdh,tnpo1,rep3image13,ch1,165,17.5775,12408.4121,250802B_U2OS_gapdh_tnpo1_rep3image13_ch1,74
250802B,U2OS,gapdh,tnpo1,rep3image13,ch1,166,17.6847,12584.6797,250802B_U2OS_gapdh_tnpo1_rep3image13_ch1,75
250802B,U2OS,gapdh,tnpo1,rep3image13,ch1,167,17.7919,13068.7646,250802B_U2OS_gapdh_tnpo1_rep3image13_ch1,76
250802B,U2OS,gapdh,tnpo1,rep3image13,ch1,168,17.8991,13626.1396,250802B_U2OS_gapdh_tnpo1_rep3image13_ch1,77
250802B,U2OS,gapdh,tnpo1,rep3image13,ch1,169,18.0062,13873.1406,250802B_U2OS_gapdh_tnpo1_rep3image13_ch1,78
250802B,U2OS,gapdh,tnpo1,rep3image13,ch1,170,18.1134,13624.4795,250802B_U2OS_gapdh_tnpo1_rep3image13_ch1,79
250802B,U2OS,gapdh,tnpo1,rep3image13,ch1,171,18.2206,13086.0459,250802B_U2OS_gapdh_tnpo1_rep3image13_ch1,80
250802B,U2OS,gapdh,tnpo1,rep3image13,ch1,172,18.3278,12640.7188,250802B_U2OS_gapdh_tnpo1_rep3image13_ch1,81
250802B,U2OS,gapdh,tnpo1,rep3image13,ch1,173,18.435,12484.7021,250802B_U2OS_gapdh_tnpo1_rep3image13_ch1,82
250802B,U2OS,gapdh,tnpo1,rep3image13,ch1,174,18.5421,12413.2998,250802B_U2OS_gapdh_tnpo1_rep3image13_ch1,83
250802B,U2OS,gapdh,tnpo1,rep3image13,ch1,175,18.6493,12011.5977,250802B_U2OS_gapdh_tnpo1_rep3image13_ch1,84
250802B,U2OS,gapdh,tnpo1,rep3image13,ch1,176,18.7565,11315.1816,250802B_U2OS_gapdh_tnpo1_rep3image13_ch1,85
250802B,U2OS,gapdh,tnpo1,rep3image13,ch1,177,18.8637,10588.4326,250802B_U2OS_gapdh_tnpo1_rep3image13_ch1,86
250802B,U2OS,gapdh,tnpo1,rep3image13,ch1,178,18.9709,10151.5742,250802B_U2OS_gapdh_tnpo1_rep3image13_ch1,87
250802B,U2OS,gapdh,tnpo1,rep3image13,ch1,179,19.078,9894.2412,250802B_U2OS_gapdh_tnpo1_rep3image13_ch1,88
250802B,U2OS,gapdh,tnpo1,rep3image13,ch1,180,19.1852,9637.6055,250802B_U2OS_gapdh_tnpo1_rep3image13_ch1,89
250802B,U2OS,gapdh,tnpo1,rep3image13,ch1,181,19.2924,9408.3115,250802B_U2OS_gapdh_tnpo1_rep3image13_ch1,90
250802B,U2OS,gapdh,tnpo1,rep3image13,ch2,1,0,2537.3735,250802B_U2OS_gapdh_tnpo1_rep3image13_ch2,-90
250802B,U2OS,gapdh,tnpo1,rep3image13,ch2,2,0.1072,2526.0493,250802B_U2OS_gapdh_tnpo1_rep3image13_ch2,-89
250802B,U2OS,gapdh,tnpo1,rep3image13,ch2,3,0.2144,2530.7957,250802B_U2OS_gapdh_tnpo1_rep3image13_ch2,-88
250802B,U2OS,gapdh,tnpo1,rep3image13,ch2,4,0.3215,2530.4102,250802B_U2OS_gapdh_tnpo1_rep3image13_ch2,-87
250802B,U2OS,gapdh,tnpo1,rep3image13,ch2,5,0.4287,2526.6008,250802B_U2OS_gapdh_tnpo1_rep3image13_ch2,-86
250802B,U2OS,gapdh,tnpo1,rep3image13,ch2,6,0.5359,2527.0605,250802B_U2OS_gapdh_tnpo1_rep3image13_ch2,-85
250802B,U2OS,gapdh,tnpo1,rep3image13,ch2,7,0.6431,2523.7026,250802B_U2OS_gapdh_tnpo1_rep3image13_ch2,-84
250802B,U2OS,gapdh,tnpo1,rep3image13,ch2,8,0.7503,2543.3562,250802B_U2OS_gapdh_tnpo1_rep3image13_ch2,-83
250802B,U2OS,gapdh,tnpo1,rep3image13,ch2,9,0.8574,2596.3328,250802B_U2OS_gapdh_tnpo1_rep3image13_ch2,-82
250802B,U2OS,gapdh,tnpo1,rep3image13,ch2,10,0.9646,2676.1582,250802B_U2OS_gapdh_tnpo1_rep3image13_ch2,-81
250802B,U2OS,gapdh,tnpo1,rep3image13,ch2,11,1.0718,2744.9204,250802B_U2OS_gapdh_tnpo1_rep3image13_ch2,-80
250802B,U2OS,gapdh,tnpo1,rep3image13,ch2,12,1.179,2782.0398,250802B_U2OS_gapdh_tnpo1_rep3image13_ch2,-79
250802B,U2OS,gapdh,tnpo1,rep3image13,ch2,13,1.2862,2784.2095,250802B_U2OS_gapdh_tnpo1_rep3image13_ch2,-78
250802B,U2OS,gapdh,tnpo1,rep3image13,ch2,14,1.3933,2766.2195,250802B_U2OS_gapdh_tnpo1_rep3image13_ch2,-77
250802B,U2OS,gapdh,tnpo1,rep3image13,ch2,15,1.5005,2751.1196,250802B_U2OS_gapdh_tnpo1_rep3image13_ch2,-76
250802B,U2OS,gapdh,tnpo1,rep3image13,ch2,16,1.6077,2733.929,250802B_U2OS_gapdh_tnpo1_rep3image13_ch2,-75
250802B,U2OS,gapdh,tnpo1,rep3image13,ch2,17,1.7149,2714.5298,250802B_U2OS_gapdh_tnpo1_rep3image13_ch2,-74
250802B,U2OS,gapdh,tnpo1,rep3image13,ch2,18,1.8221,2689.6877,250802B_U2OS_gapdh_tnpo1_rep3image13_ch2,-73
250802B,U2OS,gapdh,tnpo1,rep3image13,ch2,19,1.9292,2665.7502,250802B_U2OS_gapdh_tnpo1_rep3image13_ch2,-72
250802B,U2OS,gapdh,tnpo1,rep3image13,ch2,20,2.0364,2644.3647,250802B_U2OS_gapdh_tnpo1_rep3image13_ch2,-71
250802B,U2OS,gapdh,tnpo1,rep3image13,ch2,21,2.1436,2626.0562,250802B_U2OS_gapdh_tnpo1_rep3image13_ch2,-70
250802B,U2OS,gapdh,tnpo1,rep3image13,ch2,22,2.2508,2616.1804,250802B_U2OS_gapdh_tnpo1_rep3image13_ch2,-69
250802B,U2OS,gapdh,tnpo1,rep3image13,ch2,23,2.358,2609.5273,250802B_U2OS_gapdh_tnpo1_rep3image13_ch2,-68
250802B,U2OS,gapdh,tnpo1,rep3image13,ch2,24,2.4651,2600.9873,250802B_U2OS_gapdh_tnpo1_rep3image13_ch2,-67
250802B,U2OS,gapdh,tnpo1,rep3image13,ch2,25,2.5723,2575.6741,250802B_U2OS_gapdh_tnpo1_rep3image13_ch2,-66
250802B,U2OS,gapdh,tnpo1,rep3image13,ch2,26,2.6795,2547.1436,250802B_U2OS_gapdh_tnpo1_rep3image13_ch2,-65
250802B,U2OS,gapdh,tnpo1,rep3image13,ch2,27,2.7867,2531.709,250802B_U2OS_gapdh_tnpo1_rep3image13_ch2,-64
250802B,U2OS,gapdh,tnpo1,rep3image13,ch2,28,2.8939,2518.2451,250802B_U2OS_gapdh_tnpo1_rep3image13_ch2,-63
250802B,U2OS,gapdh,tnpo1,rep3image13,ch2,29,3.001,2522.2964,250802B_U2OS_gapdh_tnpo1_rep3image13_ch2,-62
250802B,U2OS,gapdh,tnpo1,rep3image13,ch2,30,3.1082,2532.5015,250802B_U2OS_gapdh_tnpo1_rep3image13_ch2,-61
250802B,U2OS,gapdh,tnpo1,rep3image13,ch2,31,3.2154,2537.9558,250802B_U2OS_gapdh_tnpo1_rep3image13_ch2,-60
250802B,U2OS,gapdh,tnpo1,rep3image13,ch2,32,3.3226,2534.8125,250802B_U2OS_gapdh_tnpo1_rep3image13_ch2,-59
250802B,U2OS,gapdh,tnpo1,rep3image13,ch2,33,3.4298,2521.5022,250802B_U2OS_gapdh_tnpo1_rep3image13_ch2,-58
250802B,U2OS,gapdh,tnpo1,rep3image13,ch2,34,3.5369,2514.7056,250802B_U2OS_gapdh_tnpo1_rep3image13_ch2,-57
250802B,U2OS,gapdh,tnpo1,rep3image13,ch2,35,3.6441,2526.2253,250802B_U2OS_gapdh_tnpo1_rep3image13_ch2,-56
250802B,U2OS,gapdh,tnpo1,rep3image13,ch2,36,3.7513,2546.8088,250802B_U2OS_gapdh_tnpo1_rep3image13_ch2,-55
250802B,U2OS,gapdh,tnpo1,rep3image13,ch2,37,3.8585,2575.5012,250802B_U2OS_gapdh_tnpo1_rep3image13_ch2,-54
250802B,U2OS,gapdh,tnpo1,rep3image13,ch2,38,3.9657,2608.5745,250802B_U2OS_gapdh_tnpo1_rep3image13_ch2,-53
250802B,U2OS,gapdh,tnpo1,rep3image13,ch2,39,4.0728,2625.0571,250802B_U2OS_gapdh_tnpo1_rep3image13_ch2,-52
250802B,U2OS,gapdh,tnpo1,rep3image13,ch2,40,4.18,2623.6619,250802B_U2OS_gapdh_tnpo1_rep3image13_ch2,-51
250802B,U2OS,gapdh,tnpo1,rep3image13,ch2,41,4.2872,2623.9348,250802B_U2OS_gapdh_tnpo1_rep3image13_ch2,-50
250802B,U2OS,gapdh,tnpo1,rep3image13,ch2,42,4.3944,2632.5869,250802B_U2OS_gapdh_tnpo1_rep3image13_ch2,-49
250802B,U2OS,gapdh,tnpo1,rep3image13,ch2,43,4.5016,2649.4177,250802B_U2OS_gapdh_tnpo1_rep3image13_ch2,-48
250802B,U2OS,gapdh,tnpo1,rep3image13,ch2,44,4.6087,2678.092,250802B_U2OS_gapdh_tnpo1_rep3image13_ch2,-47
250802B,U2OS,gapdh,tnpo1,rep3image13,ch2,45,4.7159,2682.562,250802B_U2OS_gapdh_tnpo1_rep3image13_ch2,-46
250802B,U2OS,gapdh,tnpo1,rep3image13,ch2,46,4.8231,2646.8379,250802B_U2OS_gapdh_tnpo1_rep3image13_ch2,-45
250802B,U2OS,gapdh,tnpo1,rep3image13,ch2,47,4.9303,2589.2615,250802B_U2OS_gapdh_tnpo1_rep3image13_ch2,-44
250802B,U2OS,gapdh,tnpo1,rep3image13,ch2,48,5.0375,2542.8306,250802B_U2OS_gapdh_tnpo1_rep3image13_ch2,-43
250802B,U2OS,gapdh,tnpo1,rep3image13,ch2,49,5.1446,2519.197,250802B_U2OS_gapdh_tnpo1_rep3image13_ch2,-42
250802B,U2OS,gapdh,tnpo1,rep3image13,ch2,50,5.2518,2510.3418,250802B_U2OS_gapdh_tnpo1_rep3image13_ch2,-41
250802B,U2OS,gapdh,tnpo1,rep3image13,ch2,51,5.359,2507.6113,250802B_U2OS_gapdh_tnpo1_rep3image13_ch2,-40
250802B,U2OS,gapdh,tnpo1,rep3image13,ch2,52,5.4662,2504.4119,250802B_U2OS_gapdh_tnpo1_rep3image13_ch2,-39
250802B,U2OS,gapdh,tnpo1,rep3image13,ch2,53,5.5734,2494.907,250802B_U2OS_gapdh_tnpo1_rep3image13_ch2,-38
250802B,U2OS,gapdh,tnpo1,rep3image13,ch2,54,5.6805,2495.8049,250802B_U2OS_gapdh_tnpo1_rep3image13_ch2,-37
250802B,U2OS,gapdh,tnpo1,rep3image13,ch2,55,5.7877,2504.3169,250802B_U2OS_gapdh_tnpo1_rep3image13_ch2,-36
250802B,U2OS,gapdh,tnpo1,rep3image13,ch2,56,5.8949,2515.5054,250802B_U2OS_gapdh_tnpo1_rep3image13_ch2,-35
250802B,U2OS,gapdh,tnpo1,rep3image13,ch2,57,6.0021,2519.9602,250802B_U2OS_gapdh_tnpo1_rep3image13_ch2,-34
250802B,U2OS,gapdh,tnpo1,rep3image13,ch2,58,6.1093,2508.8569,250802B_U2OS_gapdh_tnpo1_rep3image13_ch2,-33
250802B,U2OS,gapdh,tnpo1,rep3image13,ch2,59,6.2164,2489.7363,250802B_U2OS_gapdh_tnpo1_rep3image13_ch2,-32
250802B,U2OS,gapdh,tnpo1,rep3image13,ch2,60,6.3236,2476.8845,250802B_U2OS_gapdh_tnpo1_rep3image13_ch2,-31
250802B,U2OS,gapdh,tnpo1,rep3image13,ch2,61,6.4308,2483.2527,250802B_U2OS_gapdh_tnpo1_rep3image13_ch2,-30
250802B,U2OS,gapdh,tnpo1,rep3image13,ch2,62,6.538,2504.325,250802B_U2OS_gapdh_tnpo1_rep3image13_ch2,-29
250802B,U2OS,gapdh,tnpo1,rep3image13,ch2,63,6.6452,2526.5347,250802B_U2OS_gapdh_tnpo1_rep3image13_ch2,-28
250802B,U2OS,gapdh,tnpo1,rep3image13,ch2,64,6.7523,2538.1079,250802B_U2OS_gapdh_tnpo1_rep3image13_ch2,-27
250802B,U2OS,gapdh,tnpo1,rep3image13,ch2,65,6.8595,2534.3477,250802B_U2OS_gapdh_tnpo1_rep3image13_ch2,-26
250802B,U2OS,gapdh,tnpo1,rep3image13,ch2,66,6.9667,2540.1064,250802B_U2OS_gapdh_tnpo1_rep3image13_ch2,-25
250802B,U2OS,gapdh,tnpo1,rep3image13,ch2,67,7.0739,2555.2739,250802B_U2OS_gapdh_tnpo1_rep3image13_ch2,-24
250802B,U2OS,gapdh,tnpo1,rep3image13,ch2,68,7.1811,2565.5088,250802B_U2OS_gapdh_tnpo1_rep3image13_ch2,-23
250802B,U2OS,gapdh,tnpo1,rep3image13,ch2,69,7.2882,2552.5864,250802B_U2OS_gapdh_tnpo1_rep3image13_ch2,-22
250802B,U2OS,gapdh,tnpo1,rep3image13,ch2,70,7.3954,2512.949,250802B_U2OS_gapdh_tnpo1_rep3image13_ch2,-21
250802B,U2OS,gapdh,tnpo1,rep3image13,ch2,71,7.5026,2483.5918,250802B_U2OS_gapdh_tnpo1_rep3image13_ch2,-20
250802B,U2OS,gapdh,tnpo1,rep3image13,ch2,72,7.6098,2464.8296,250802B_U2OS_gapdh_tnpo1_rep3image13_ch2,-19
250802B,U2OS,gapdh,tnpo1,rep3image13,ch2,73,7.717,2464.7751,250802B_U2OS_gapdh_tnpo1_rep3image13_ch2,-18
250802B,U2OS,gapdh,tnpo1,rep3image13,ch2,74,7.8241,2489.762,250802B_U2OS_gapdh_tnpo1_rep3image13_ch2,-17
250802B,U2OS,gapdh,tnpo1,rep3image13,ch2,75,7.9313,2518.5754,250802B_U2OS_gapdh_tnpo1_rep3image13_ch2,-16
250802B,U2OS,gapdh,tnpo1,rep3image13,ch2,76,8.0385,2543.5244,250802B_U2OS_gapdh_tnpo1_rep3image13_ch2,-15
250802B,U2OS,gapdh,tnpo1,rep3image13,ch2,77,8.1457,2584.4841,250802B_U2OS_gapdh_tnpo1_rep3image13_ch2,-14
250802B,U2OS,gapdh,tnpo1,rep3image13,ch2,78,8.2529,2650.8269,250802B_U2OS_gapdh_tnpo1_rep3image13_ch2,-13
250802B,U2OS,gapdh,tnpo1,rep3image13,ch2,79,8.36,2752.3835,250802B_U2OS_gapdh_tnpo1_rep3image13_ch2,-12
250802B,U2OS,gapdh,tnpo1,rep3image13,ch2,80,8.4672,2831.4226,250802B_U2OS_gapdh_tnpo1_rep3image13_ch2,-11
250802B,U2OS,gapdh,tnpo1,rep3image13,ch2,81,8.5744,2835.1167,250802B_U2OS_gapdh_tnpo1_rep3image13_ch2,-10
250802B,U2OS,gapdh,tnpo1,rep3image13,ch2,82,8.6816,2790.5984,250802B_U2OS_gapdh_tnpo1_rep3image13_ch2,-9
250802B,U2OS,gapdh,tnpo1,rep3image13,ch2,83,8.7888,2753.9355,250802B_U2OS_gapdh_tnpo1_rep3image13_ch2,-8
250802B,U2OS,gapdh,tnpo1,rep3image13,ch2,84,8.8959,2740.45,250802B_U2OS_gapdh_tnpo1_rep3image13_ch2,-7
250802B,U2OS,gapdh,tnpo1,rep3image13,ch2,85,9.0031,2735.2017,250802B_U2OS_gapdh_tnpo1_rep3image13_ch2,-6
250802B,U2OS,gapdh,tnpo1,rep3image13,ch2,86,9.1103,2715.2112,250802B_U2OS_gapdh_tnpo1_rep3image13_ch2,-5
250802B,U2OS,gapdh,tnpo1,rep3image13,ch2,87,9.2175,2699.0347,250802B_U2OS_gapdh_tnpo1_rep3image13_ch2,-4
250802B,U2OS,gapdh,tnpo1,rep3image13,ch2,88,9.3247,2713.9478,250802B_U2OS_gapdh_tnpo1_rep3image13_ch2,-3
250802B,U2OS,gapdh,tnpo1,rep3image13,ch2,89,9.4318,2740.0574,250802B_U2OS_gapdh_tnpo1_rep3image13_ch2,-2
250802B,U2OS,gapdh,tnpo1,rep3image13,ch2,90,9.539,2766.2737,250802B_U2OS_gapdh_tnpo1_rep3image13_ch2,-1
250802B,U2OS,gapdh,tnpo1,rep3image13,ch2,91,9.6462,2781.5247,250802B_U2OS_gapdh_tnpo1_rep3image13_ch2,0
250802B,U2OS,gapdh,tnpo1,rep3image13,ch2,92,9.7534,2791.5774,250802B_U2OS_gapdh_tnpo1_rep3image13_ch2,1
250802B,U2OS,gapdh,tnpo1,rep3image13,ch2,93,9.8606,2805.603,250802B_U2OS_gapdh_tnpo1_rep3image13_ch2,2
250802B,U2OS,gapdh,tnpo1,rep3image13,ch2,94,9.9677,2817.9507,250802B_U2OS_gapdh_tnpo1_rep3image13_ch2,3
250802B,U2OS,gapdh,tnpo1,rep3image13,ch2,95,10.0749,2828.8569,250802B_U2OS_gapdh_tnpo1_rep3image13_ch2,4
250802B,U2OS,gapdh,tnpo1,rep3image13,ch2,96,10.1821,2831.9817,250802B_U2OS_gapdh_tnpo1_rep3image13_ch2,5
250802B,U2OS,gapdh,tnpo1,rep3image13,ch2,97,10.2893,2826.6631,250802B_U2OS_gapdh_tnpo1_rep3image13_ch2,6
250802B,U2OS,gapdh,tnpo1,rep3image13,ch2,98,10.3965,2824.1814,250802B_U2OS_gapdh_tnpo1_rep3image13_ch2,7
250802B,U2OS,gapdh,tnpo1,rep3image13,ch2,99,10.5036,2826.9807,250802B_U2OS_gapdh_tnpo1_rep3image13_ch2,8
250802B,U2OS,gapdh,tnpo1,rep3image13,ch2,100,10.6108,2832.9775,250802B_U2OS_gapdh_tnpo1_rep3image13_ch2,9
250802B,U2OS,gapdh,tnpo1,rep3image13,ch2,101,10.718,2829.4141,250802B_U2OS_gapdh_tnpo1_rep3image13_ch2,10
250802B,U2OS,gapdh,tnpo1,rep3image13,ch2,102,10.8252,2820.353,250802B_U2OS_gapdh_tnpo1_rep3image13_ch2,11
250802B,U2OS,gapdh,tnpo1,rep3image13,ch2,103,10.9324,2824.803,250802B_U2OS_gapdh_tnpo1_rep3image13_ch2,12
250802B,U2OS,gapdh,tnpo1,rep3image13,ch2,104,11.0395,2825.4927,250802B_U2OS_gapdh_tnpo1_rep3image13_ch2,13
250802B,U2OS,gapdh,tnpo1,rep3image13,ch2,105,11.1467,2842.0649,250802B_U2OS_gapdh_tnpo1_rep3image13_ch2,14
250802B,U2OS,gapdh,tnpo1,rep3image13,ch2,106,11.2539,2873.8215,250802B_U2OS_gapdh_tnpo1_rep3image13_ch2,15
250802B,U2OS,gapdh,tnpo1,rep3image13,ch2,107,11.3611,2887.074,250802B_U2OS_gapdh_tnpo1_rep3image13_ch2,16
250802B,U2OS,gapdh,tnpo1,rep3image13,ch2,108,11.4683,2880.3469,250802B_U2OS_gapdh_tnpo1_rep3image13_ch2,17
250802B,U2OS,gapdh,tnpo1,rep3image13,ch2,109,11.5754,2864.9604,250802B_U2OS_gapdh_tnpo1_rep3image13_ch2,18
250802B,U2OS,gapdh,tnpo1,rep3image13,ch2,110,11.6826,2868.0254,250802B_U2OS_gapdh_tnpo1_rep3image13_ch2,19
250802B,U2OS,gapdh,tnpo1,rep3image13,ch2,111,11.7898,2867.8086,250802B_U2OS_gapdh_tnpo1_rep3image13_ch2,20
250802B,U2OS,gapdh,tnpo1,rep3image13,ch2,112,11.897,2869.646,250802B_U2OS_gapdh_tnpo1_rep3image13_ch2,21
250802B,U2OS,gapdh,tnpo1,rep3image13,ch2,113,12.0042,2857.3022,250802B_U2OS_gapdh_tnpo1_rep3image13_ch2,22
250802B,U2OS,gapdh,tnpo1,rep3image13,ch2,114,12.1113,2849.2515,250802B_U2OS_gapdh_tnpo1_rep3image13_ch2,23
250802B,U2OS,gapdh,tnpo1,rep3image13,ch2,115,12.2185,2839.2822,250802B_U2OS_gapdh_tnpo1_rep3image13_ch2,24
250802B,U2OS,gapdh,tnpo1,rep3image13,ch2,116,12.3257,2836.8892,250802B_U2OS_gapdh_tnpo1_rep3image13_ch2,25
250802B,U2OS,gapdh,tnpo1,rep3image13,ch2,117,12.4329,2839.0327,250802B_U2OS_gapdh_tnpo1_rep3image13_ch2,26
250802B,U2OS,gapdh,tnpo1,rep3image13,ch2,118,12.5401,2830.9543,250802B_U2OS_gapdh_tnpo1_rep3image13_ch2,27
250802B,U2OS,gapdh,tnpo1,rep3image13,ch2,119,12.6472,2815.6555,250802B_U2OS_gapdh_tnpo1_rep3image13_ch2,28
250802B,U2OS,gapdh,tnpo1,rep3image13,ch2,120,12.7544,2810.3306,250802B_U2OS_gapdh_tnpo1_rep3image13_ch2,29
250802B,U2OS,gapdh,tnpo1,rep3image13,ch2,121,12.8616,2799.2815,250802B_U2OS_gapdh_tnpo1_rep3image13_ch2,30
250802B,U2OS,gapdh,tnpo1,rep3image13,ch2,122,12.9688,2785.7676,250802B_U2OS_gapdh_tnpo1_rep3image13_ch2,31
250802B,U2OS,gapdh,tnpo1,rep3image13,ch2,123,13.076,2757.8284,250802B_U2OS_gapdh_tnpo1_rep3image13_ch2,32
250802B,U2OS,gapdh,tnpo1,rep3image13,ch2,124,13.1831,2726.7039,250802B_U2OS_gapdh_tnpo1_rep3image13_ch2,33
250802B,U2OS,gapdh,tnpo1,rep3image13,ch2,125,13.2903,2699.1924,250802B_U2OS_gapdh_tnpo1_rep3image13_ch2,34
250802B,U2OS,gapdh,tnpo1,rep3image13,ch2,126,13.3975,2695.5815,250802B_U2OS_gapdh_tnpo1_rep3image13_ch2,35
250802B,U2OS,gapdh,tnpo1,rep3image13,ch2,127,13.5047,2689.0205,250802B_U2OS_gapdh_tnpo1_rep3image13_ch2,36
250802B,U2OS,gapdh,tnpo1,rep3image13,ch2,128,13.6119,2681.9539,250802B_U2OS_gapdh_tnpo1_rep3image13_ch2,37
250802B,U2OS,gapdh,tnpo1,rep3image13,ch2,129,13.719,2674.1584,250802B_U2OS_gapdh_tnpo1_rep3image13_ch2,38
250802B,U2OS,gapdh,tnpo1,rep3image13,ch2,130,13.8262,2660.9116,250802B_U2OS_gapdh_tnpo1_rep3image13_ch2,39
250802B,U2OS,gapdh,tnpo1,rep3image13,ch2,131,13.9334,2638.717,250802B_U2OS_gapdh_tnpo1_rep3image13_ch2,40
250802B,U2OS,gapdh,tnpo1,rep3image13,ch2,132,14.0406,2601.0813,250802B_U2OS_gapdh_tnpo1_rep3image13_ch2,41
250802B,U2OS,gapdh,tnpo1,rep3image13,ch2,133,14.1478,2561.9478,250802B_U2OS_gapdh_tnpo1_rep3image13_ch2,42
250802B,U2OS,gapdh,tnpo1,rep3image13,ch2,134,14.2549,2534.2957,250802B_U2OS_gapdh_tnpo1_rep3image13_ch2,43
250802B,U2OS,gapdh,tnpo1,rep3image13,ch2,135,14.3621,2527.8967,250802B_U2OS_gapdh_tnpo1_rep3image13_ch2,44
250802B,U2OS,gapdh,tnpo1,rep3image13,ch2,136,14.4693,2525.4194,250802B_U2OS_gapdh_tnpo1_rep3image13_ch2,45
250802B,U2OS,gapdh,tnpo1,rep3image13,ch2,137,14.5765,2553.2427,250802B_U2OS_gapdh_tnpo1_rep3image13_ch2,46
250802B,U2OS,gapdh,tnpo1,rep3image13,ch2,138,14.6837,2578.9983,250802B_U2OS_gapdh_tnpo1_rep3image13_ch2,47
250802B,U2OS,gapdh,tnpo1,rep3image13,ch2,139,14.7908,2585.7051,250802B_U2OS_gapdh_tnpo1_rep3image13_ch2,48
250802B,U2OS,gapdh,tnpo1,rep3image13,ch2,140,14.898,2568.7178,250802B_U2OS_gapdh_tnpo1_rep3image13_ch2,49
250802B,U2OS,gapdh,tnpo1,rep3image13,ch2,141,15.0052,2563.3711,250802B_U2OS_gapdh_tnpo1_rep3image13_ch2,50
250802B,U2OS,gapdh,tnpo1,rep3image13,ch2,142,15.1124,2572.1497,250802B_U2OS_gapdh_tnpo1_rep3image13_ch2,51
250802B,U2OS,gapdh,tnpo1,rep3image13,ch2,143,15.2196,2586.6023,250802B_U2OS_gapdh_tnpo1_rep3image13_ch2,52
250802B,U2OS,gapdh,tnpo1,rep3image13,ch2,144,15.3267,2583.5239,250802B_U2OS_gapdh_tnpo1_rep3image13_ch2,53
250802B,U2OS,gapdh,tnpo1,rep3image13,ch2,145,15.4339,2561.345,250802B_U2OS_gapdh_tnpo1_rep3image13_ch2,54
250802B,U2OS,gapdh,tnpo1,rep3image13,ch2,146,15.5411,2521.9456,250802B_U2OS_gapdh_tnpo1_rep3image13_ch2,55
250802B,U2OS,gapdh,tnpo1,rep3image13,ch2,147,15.6483,2489.3337,250802B_U2OS_gapdh_tnpo1_rep3image13_ch2,56
250802B,U2OS,gapdh,tnpo1,rep3image13,ch2,148,15.7555,2479.1409,250802B_U2OS_gapdh_tnpo1_rep3image13_ch2,57
250802B,U2OS,gapdh,tnpo1,rep3image13,ch2,149,15.8626,2462.459,250802B_U2OS_gapdh_tnpo1_rep3image13_ch2,58
250802B,U2OS,gapdh,tnpo1,rep3image13,ch2,150,15.9698,2448.9658,250802B_U2OS_gapdh_tnpo1_rep3image13_ch2,59
250802B,U2OS,gapdh,tnpo1,rep3image13,ch2,151,16.077,2416.1821,250802B_U2OS_gapdh_tnpo1_rep3image13_ch2,60
250802B,U2OS,gapdh,tnpo1,rep3image13,ch2,152,16.1842,2372.4126,250802B_U2OS_gapdh_tnpo1_rep3image13_ch2,61
250802B,U2OS,gapdh,tnpo1,rep3image13,ch2,153,16.2914,2335.7222,250802B_U2OS_gapdh_tnpo1_rep3image13_ch2,62
250802B,U2OS,gapdh,tnpo1,rep3image13,ch2,154,16.3985,2317.7883,250802B_U2OS_gapdh_tnpo1_rep3image13_ch2,63
250802B,U2OS,gapdh,tnpo1,rep3image13,ch2,155,16.5057,2319.2048,250802B_U2OS_gapdh_tnpo1_rep3image13_ch2,64
250802B,U2OS,gapdh,tnpo1,rep3image13,ch2,156,16.6129,2315.2671,250802B_U2OS_gapdh_tnpo1_rep3image13_ch2,65
250802B,U2OS,gapdh,tnpo1,rep3image13,ch2,157,16.7201,2287.2993,250802B_U2OS_gapdh_tnpo1_rep3image13_ch2,66
250802B,U2OS,gapdh,tnpo1,rep3image13,ch2,158,16.8273,2247.843,250802B_U2OS_gapdh_tnpo1_rep3image13_ch2,67
250802B,U2OS,gapdh,tnpo1,rep3image13,ch2,159,16.9344,2230.6409,250802B_U2OS_gapdh_tnpo1_rep3image13_ch2,68
250802B,U2OS,gapdh,tnpo1,rep3image13,ch2,160,17.0416,2234.5095,250802B_U2OS_gapdh_tnpo1_rep3image13_ch2,69
250802B,U2OS,gapdh,tnpo1,rep3image13,ch2,161,17.1488,2238.8567,250802B_U2OS_gapdh_tnpo1_rep3image13_ch2,70
250802B,U2OS,gapdh,tnpo1,rep3image13,ch2,162,17.256,2242.6265,250802B_U2OS_gapdh_tnpo1_rep3image13_ch2,71
250802B,U2OS,gapdh,tnpo1,rep3image13,ch2,163,17.3632,2245.6965,250802B_U2OS_gapdh_tnpo1_rep3image13_ch2,72
250802B,U2OS,gapdh,tnpo1,rep3image13,ch2,164,17.4703,2236.1182,250802B_U2OS_gapdh_tnpo1_rep3image13_ch2,73
250802B,U2OS,gapdh,tnpo1,rep3image13,ch2,165,17.5775,2223.5073,250802B_U2OS_gapdh_tnpo1_rep3image13_ch2,74
250802B,U2OS,gapdh,tnpo1,rep3image13,ch2,166,17.6847,2213.989,250802B_U2OS_gapdh_tnpo1_rep3image13_ch2,75
250802B,U2OS,gapdh,tnpo1,rep3image13,ch2,167,17.7919,2210.4229,250802B_U2OS_gapdh_tnpo1_rep3image13_ch2,76
250802B,U2OS,gapdh,tnpo1,rep3image13,ch2,168,17.8991,2201.8728,250802B_U2OS_gapdh_tnpo1_rep3image13_ch2,77
250802B,U2OS,gapdh,tnpo1,rep3image13,ch2,169,18.0062,2181.9968,250802B_U2OS_gapdh_tnpo1_rep3image13_ch2,78
250802B,U2OS,gapdh,tnpo1,rep3image13,ch2,170,18.1134,2159.7893,250802B_U2OS_gapdh_tnpo1_rep3image13_ch2,79
250802B,U2OS,gapdh,tnpo1,rep3image13,ch2,171,18.2206,2132.8521,250802B_U2OS_gapdh_tnpo1_rep3image13_ch2,80
250802B,U2OS,gapdh,tnpo1,rep3image13,ch2,172,18.3278,2102.2351,250802B_U2OS_gapdh_tnpo1_rep3image13_ch2,81
250802B,U2OS,gapdh,tnpo1,rep3image13,ch2,173,18.435,2067.9719,250802B_U2OS_gapdh_tnpo1_rep3image13_ch2,82
250802B,U2OS,gapdh,tnpo1,rep3image13,ch2,174,18.5421,2028.2059,250802B_U2OS_gapdh_tnpo1_rep3image13_ch2,83
250802B,U2OS,gapdh,tnpo1,rep3image13,ch2,175,18.6493,1987.9602,250802B_U2OS_gapdh_tnpo1_rep3image13_ch2,84
250802B,U2OS,gapdh,tnpo1,rep3image13,ch2,176,18.7565,1960.8466,250802B_U2OS_gapdh_tnpo1_rep3image13_ch2,85
250802B,U2OS,gapdh,tnpo1,rep3image13,ch2,177,18.8637,1947.4758,250802B_U2OS_gapdh_tnpo1_rep3image13_ch2,86
250802B,U2OS,gapdh,tnpo1,rep3image13,ch2,178,18.9709,1940.0594,250802B_U2OS_gapdh_tnpo1_rep3image13_ch2,87
250802B,U2OS,gapdh,tnpo1,rep3image13,ch2,179,19.078,1932.2983,250802B_U2OS_gapdh_tnpo1_rep3image13_ch2,88
250802B,U2OS,gapdh,tnpo1,rep3image13,ch2,180,19.1852,1912.5057,250802B_U2OS_gapdh_tnpo1_rep3image13_ch2,89
250802B,U2OS,gapdh,tnpo1,rep3image13,ch2,181,19.2924,1889.3304,250802B_U2OS_gapdh_tnpo1_rep3image13_ch2,90
