"date","embryoID","channel","aligned_row","normalized_intensity"
"231206","image01","ch1",-90,0.899593722638187
"231206","image01","ch1",-89,0.898831188751462
"231206","image01","ch1",-88,0.904618567503266
"231206","image01","ch1",-87,0.905877149650902
"231206","image01","ch1",-86,0.898410916163027
"231206","image01","ch1",-85,0.890386437177485
"231206","image01","ch1",-84,0.890602068384598
"231206","image01","ch1",-83,0.898567079940218
"231206","image01","ch1",-82,0.904626898120675
"231206","image01","ch1",-81,0.907968040489269
"231206","image01","ch1",-80,0.908370428136373
"231206","image01","ch1",-79,0.910315109579368
"231206","image01","ch1",-78,0.905390443918555
"231206","image01","ch1",-77,0.887766740396193
"231206","image01","ch1",-76,0.870157533089436
"231206","image01","ch1",-75,0.863085733156337
"231206","image01","ch1",-74,0.863924654568796
"231206","image01","ch1",-73,0.865669283529889
"231206","image01","ch1",-72,0.871640618316397
"231206","image01","ch1",-71,0.87538478371817
"231206","image01","ch1",-70,0.877672526575252
"231206","image01","ch1",-69,0.880743112140597
"231206","image01","ch1",-68,0.888428436159763
"231206","image01","ch1",-67,0.892673709378217
"231206","image01","ch1",-66,0.90020919994811
"231206","image01","ch1",-65,0.904495561465988
"231206","image01","ch1",-64,0.908803737905724
"231206","image01","ch1",-63,0.910957555498191
"231206","image01","ch1",-62,0.909541844727844
"231206","image01","ch1",-61,0.902326706403114
"231206","image01","ch1",-60,0.893170157697026
"231206","image01","ch1",-59,0.88466888029532
"231206","image01","ch1",-58,0.883841725291632
"231206","image01","ch1",-57,0.887545320115966
"231206","image01","ch1",-56,0.892603322720957
"231206","image01","ch1",-55,0.900293141508273
"231206","image01","ch1",-54,0.903196667601906
"231206","image01","ch1",-53,0.898606497409597
"231206","image01","ch1",-52,0.886893296340405
"231206","image01","ch1",-51,0.875710901503629
"231206","image01","ch1",-50,0.86955996425366
"231206","image01","ch1",-49,0.865024154869867
"231206","image01","ch1",-48,0.86322935394178
"231206","image01","ch1",-47,0.865835613484257
"231206","image01","ch1",-46,0.869658143168435
"231206","image01","ch1",-45,0.871294921226745
"231206","image01","ch1",-44,0.866882000216141
"231206","image01","ch1",-43,0.863166215392322
"231206","image01","ch1",-42,0.860430360623656
"231206","image01","ch1",-41,0.864527800682328
"231206","image01","ch1",-40,0.874155405797099
"231206","image01","ch1",-39,0.88404735505129
"231206","image01","ch1",-38,0.891808242947574
"231206","image01","ch1",-37,0.901104505991393
"231206","image01","ch1",-36,0.90491279832096
"231206","image01","ch1",-35,0.902307738952177
"231206","image01","ch1",-34,0.895901894222623
"231206","image01","ch1",-33,0.886997287861111
"231206","image01","ch1",-32,0.880524892323555
"231206","image01","ch1",-31,0.877444258245121
"231206","image01","ch1",-30,0.879563929719338
"231206","image01","ch1",-29,0.885333658857988
"231206","image01","ch1",-28,0.88930505714592
"231206","image01","ch1",-27,0.893312295914964
"231206","image01","ch1",-26,0.892959256586239
"231206","image01","ch1",-25,0.885371805555219
"231206","image01","ch1",-24,0.875403233447121
"231206","image01","ch1",-23,0.866863691684096
"231206","image01","ch1",-22,0.864200317993451
"231206","image01","ch1",-21,0.86428047076999
"231206","image01","ch1",-20,0.866182275419428
"231206","image01","ch1",-19,0.868282649983263
"231206","image01","ch1",-18,0.871269882308883
"231206","image01","ch1",-17,0.873171239834789
"231206","image01","ch1",-16,0.877468379383099
"231206","image01","ch1",-15,0.880346843026053
"231206","image01","ch1",-14,0.883799554482601
"231206","image01","ch1",-13,0.88678699860358
"231206","image01","ch1",-12,0.891535403461024
"231206","image01","ch1",-11,0.90175848299081
"231206","image01","ch1",-10,0.912887223003596
"231206","image01","ch1",-9,0.922471621865365
"231206","image01","ch1",-8,0.928282839361337
"231206","image01","ch1",-7,0.938256941681557
"231206","image01","ch1",-6,0.961045675063078
"231206","image01","ch1",-5,0.988301007812011
"231206","image01","ch1",-4,1.01177981753505
"231206","image01","ch1",-3,1.02528005370254
"231206","image01","ch1",-2,1.03382505507924
"231206","image01","ch1",-1,1.04584380625136
"231206","image01","ch1",0,1.06523275348298
"231206","image01","ch1",1,1.08661636586205
"231206","image01","ch1",2,1.1072373266903
"231206","image01","ch1",3,1.1273187035452
"231206","image01","ch1",4,1.14826947681126
"231206","image01","ch1",5,1.17321482819054
"231206","image01","ch1",6,1.1853492902265
"231206","image01","ch1",7,1.17823588427199
"231206","image01","ch1",8,1.15898093290344
"231206","image01","ch1",9,1.14207498031603
"231206","image01","ch1",10,1.14532453295876
"231206","image01","ch1",11,1.16740871731597
"231206","image01","ch1",12,1.19186310352293
"231206","image01","ch1",13,1.20524209861445
"231206","image01","ch1",14,1.20480488239739
"231206","image01","ch1",15,1.2015614247544
"231206","image01","ch1",16,1.20215181608083
"231206","image01","ch1",17,1.20252549369054
"231206","image01","ch1",18,1.20006073697992
"231206","image01","ch1",19,1.19197686116291
"231206","image01","ch1",20,1.18895618870357
"231206","image01","ch1",21,1.20070445367089
"231206","image01","ch1",22,1.21348559753284
"231206","image01","ch1",23,1.21667528268775
"231206","image01","ch1",24,1.21274203109705
"231206","image01","ch1",25,1.2052617485171
"231206","image01","ch1",26,1.2025842080703
"231206","image01","ch1",27,1.21312869882203
"231206","image01","ch1",28,1.23817161726283
"231206","image01","ch1",29,1.26534432628938
"231206","image01","ch1",30,1.28154243525803
"231206","image01","ch1",31,1.28174500575141
"231206","image01","ch1",32,1.27263568741012
"231206","image01","ch1",33,1.25931898368662
"231206","image01","ch1",34,1.24351187248138
"231206","image01","ch1",35,1.21501650144504
"231206","image01","ch1",36,1.18267678580265
"231206","image01","ch1",37,1.16035037815451
"231206","image01","ch1",38,1.14718440212734
"231206","image01","ch1",39,1.13592267816264
"231206","image01","ch1",40,1.12154167923311
"231206","image01","ch1",41,1.11377516699343
"231206","image01","ch1",42,1.1153670679687
"231206","image01","ch1",43,1.10925578351628
"231206","image01","ch1",44,1.08875947602253
"231206","image01","ch1",45,1.07937416479715
"231206","image01","ch1",46,1.09753728756314
"231206","image01","ch1",47,1.12667971695055
"231206","image01","ch1",48,1.14263021361305
"231206","image01","ch1",49,1.14014651298432
"231206","image01","ch1",50,1.12349577380312
"231206","image01","ch1",51,1.10054932347845
"231206","image01","ch1",52,1.07055625333545
"231206","image01","ch1",53,1.04720280293144
"231206","image01","ch1",54,1.03005406226547
"231206","image01","ch1",55,1.03034408070883
"231206","image01","ch1",56,1.04301640882247
"231206","image01","ch1",57,1.05879603369681
"231206","image01","ch1",58,1.062411686382
"231206","image01","ch1",59,1.05016163114629
"231206","image01","ch1",60,1.03130010142136
"231206","image01","ch1",61,1.00825794312776
"231206","image01","ch1",62,0.991149420046967
"231206","image01","ch1",63,0.979727602324547
"231206","image01","ch1",64,0.973692493602506
"231206","image01","ch1",65,0.978370558868326
"231206","image01","ch1",66,0.992070847517718
"231206","image01","ch1",67,1.0106478654786
"231206","image01","ch1",68,1.02134336632048
"231206","image01","ch1",69,1.02467116558153
"231206","image01","ch1",70,1.02607221540655
"231206","image01","ch1",71,1.01844115806463
"231206","image01","ch1",72,1.01256979068703
"231206","image01","ch1",73,1.01188724484712
"231206","image01","ch1",74,1.01133996564243
"231206","image01","ch1",75,1.00587385691567
"231206","image01","ch1",76,1.00195187754457
"231206","image01","ch1",77,1.00222570540946
"231206","image01","ch1",78,1.00463838399486
"231206","image01","ch1",79,1.00682171174052
"231206","image01","ch1",80,1.00492254276664
"231206","image01","ch1",81,1.00675186633806
"231206","image01","ch1",82,1.01486781738538
"231206","image01","ch1",83,1.03455483128395
"231206","image01","ch1",84,1.0526847492444
"231206","image01","ch1",85,1.04196399768929
"231206","image01","ch1",86,1.01109312991926
"231206","image01","ch1",87,0.968228008640159
"231206","image01","ch1",88,0.933193644192619
"231206","image01","ch1",89,0.910882697605598
"231206","image01","ch1",90,0.906187147456348
"231206","image01","ch1",91,NA
"231206","image01","ch2",-90,1.29773561603203
"231206","image01","ch2",-89,1.25812908372784
"231206","image01","ch2",-88,1.23134225255852
"231206","image01","ch2",-87,1.2182923275018
"231206","image01","ch2",-86,1.21742575312124
"231206","image01","ch2",-85,1.21744367639506
"231206","image01","ch2",-84,1.21532754227069
"231206","image01","ch2",-83,1.21028558747616
"231206","image01","ch2",-82,1.20336011931927
"231206","image01","ch2",-81,1.19712173827312
"231206","image01","ch2",-80,1.19105372377756
"231206","image01","ch2",-79,1.19503667822702
"231206","image01","ch2",-78,1.19814272855113
"231206","image01","ch2",-77,1.19531746911308
"231206","image01","ch2",-76,1.18435268894635
"231206","image01","ch2",-75,1.16992279907199
"231206","image01","ch2",-74,1.1568080532759
"231206","image01","ch2",-73,1.15207255464708
"231206","image01","ch2",-72,1.15125580484662
"231206","image01","ch2",-71,1.15240749715212
"231206","image01","ch2",-70,1.15361696815331
"231206","image01","ch2",-69,1.14727439879833
"231206","image01","ch2",-68,1.14306866547924
"231206","image01","ch2",-67,1.13863412937363
"231206","image01","ch2",-66,1.1359366660595
"231206","image01","ch2",-65,1.13236747409791
"231206","image01","ch2",-64,1.13219700149244
"231206","image01","ch2",-63,1.12994851088454
"231206","image01","ch2",-62,1.12300149237713
"231206","image01","ch2",-61,1.11775769394521
"231206","image01","ch2",-60,1.1149267287549
"231206","image01","ch2",-59,1.1146230512269
"231206","image01","ch2",-58,1.11674238820847
"231206","image01","ch2",-57,1.11458919851092
"231206","image01","ch2",-56,1.10973201251896
"231206","image01","ch2",-55,1.10496346719121
"231206","image01","ch2",-54,1.10072097525257
"231206","image01","ch2",-53,1.10048016705425
"231206","image01","ch2",-52,1.1008519742337
"231206","image01","ch2",-51,1.10273186051935
"231206","image01","ch2",-50,1.09987771173345
"231206","image01","ch2",-49,1.09590252050082
"231206","image01","ch2",-48,1.08824584640534
"231206","image01","ch2",-47,1.08099807748446
"231206","image01","ch2",-46,1.08235337393826
"231206","image01","ch2",-45,1.09258518765548
"231206","image01","ch2",-44,1.10528587401006
"231206","image01","ch2",-43,1.1150116574985
"231206","image01","ch2",-42,1.12451775891963
"231206","image01","ch2",-41,1.13087400935344
"231206","image01","ch2",-40,1.13593656000463
"231206","image01","ch2",-39,1.14135594288698
"231206","image01","ch2",-38,1.14583489477408
"231206","image01","ch2",-37,1.14148208455485
"231206","image01","ch2",-36,1.13268438727426
"231206","image01","ch2",-35,1.12951682512287
"231206","image01","ch2",-34,1.13074733741119
"231206","image01","ch2",-33,1.12639639375776
"231206","image01","ch2",-32,1.12509255512913
"231206","image01","ch2",-31,1.13126808805657
"231206","image01","ch2",-30,1.14028389779232
"231206","image01","ch2",-29,1.13491569699247
"231206","image01","ch2",-28,1.11560053779534
"231206","image01","ch2",-27,1.08768057392359
"231206","image01","ch2",-26,1.05715520236888
"231206","image01","ch2",-25,1.03060979451616
"231206","image01","ch2",-24,1.01912231229436
"231206","image01","ch2",-23,1.01799121584552
"231206","image01","ch2",-22,1.01496131292139
"231206","image01","ch2",-21,1.01140940790436
"231206","image01","ch2",-20,1.01110097911797
"231206","image01","ch2",-19,1.01087766997396
"231206","image01","ch2",-18,1.0056100516172
"231206","image01","ch2",-17,0.995085335547247
"231206","image01","ch2",-16,0.988680618035736
"231206","image01","ch2",-15,0.991153648024185
"231206","image01","ch2",-14,0.994383146222357
"231206","image01","ch2",-13,0.998883330295357
"231206","image01","ch2",-12,1.00169781455815
"231206","image01","ch2",-11,1.00114030529322
"231206","image01","ch2",-10,0.99778901367703
"231206","image01","ch2",-9,0.99284638987807
"231206","image01","ch2",-8,0.987623696366201
"231206","image01","ch2",-7,0.983708256449931
"231206","image01","ch2",-6,0.986727087245149
"231206","image01","ch2",-5,0.991411955276821
"231206","image01","ch2",-4,0.99801219555519
"231206","image01","ch2",-3,1.00425080992206
"231206","image01","ch2",-2,1.00623963577493
"231206","image01","ch2",-1,1.01218430845129
"231206","image01","ch2",0,1.01220284684337
"231206","image01","ch2",1,1.01234597850217
"231206","image01","ch2",2,1.01424501829817
"231206","image01","ch2",3,1.01156817205167
"231206","image01","ch2",4,1.00349194487217
"231206","image01","ch2",5,0.992604139333452
"231206","image01","ch2",6,0.988360183837545
"231206","image01","ch2",7,0.98859600745676
"231206","image01","ch2",8,0.992488348621337
"231206","image01","ch2",9,0.999417952918341
"231206","image01","ch2",10,1.00371037549195
"231206","image01","ch2",11,1.01309156548175
"231206","image01","ch2",12,1.02896271989129
"231206","image01","ch2",13,1.05455715489422
"231206","image01","ch2",14,1.08101464325588
"231206","image01","ch2",15,1.09189479163265
"231206","image01","ch2",16,1.08251493793427
"231206","image01","ch2",17,1.05448974641591
"231206","image01","ch2",18,1.02691214889042
"231206","image01","ch2",19,0.99841342235687
"231206","image01","ch2",20,0.97808217261694
"231206","image01","ch2",21,0.965746866516415
"231206","image01","ch2",22,0.958589922990165
"231206","image01","ch2",23,0.957858314043054
"231206","image01","ch2",24,0.963096852153192
"231206","image01","ch2",25,0.968449717418175
"231206","image01","ch2",26,0.970350729834848
"231206","image01","ch2",27,0.964503839752888
"231206","image01","ch2",28,0.958542177085609
"231206","image01","ch2",29,0.962139982652378
"231206","image01","ch2",30,0.971644217507721
"231206","image01","ch2",31,0.98144650898271
"231206","image01","ch2",32,0.986378887880781
"231206","image01","ch2",33,0.9825160723933
"231206","image01","ch2",34,0.964873568256805
"231206","image01","ch2",35,0.945859095840215
"231206","image01","ch2",36,0.922480635020617
"231206","image01","ch2",37,0.901989157576104
"231206","image01","ch2",38,0.884328730165797
"231206","image01","ch2",39,0.873465974788462
"231206","image01","ch2",40,0.867935170654833
"231206","image01","ch2",41,0.864025966765191
"231206","image01","ch2",42,0.864726968275486
"231206","image01","ch2",43,0.874869865585819
"231206","image01","ch2",44,0.887448228248009
"231206","image01","ch2",45,0.891980313627296
"231206","image01","ch2",46,0.883470767441058
"231206","image01","ch2",47,0.869057146384463
"231206","image01","ch2",48,0.853773578402295
"231206","image01","ch2",49,0.841134891727419
"231206","image01","ch2",50,0.834863039762838
"231206","image01","ch2",51,0.835992927186115
"231206","image01","ch2",52,0.843704325596902
"231206","image01","ch2",53,0.84936506816292
"231206","image01","ch2",54,0.848017428871064
"231206","image01","ch2",55,0.84680757607232
"231206","image01","ch2",56,0.851091514255961
"231206","image01","ch2",57,0.866369927971222
"231206","image01","ch2",58,0.888372687379137
"231206","image01","ch2",59,0.911850903413807
"231206","image01","ch2",60,0.926244543732023
"231206","image01","ch2",61,0.912951837856311
"231206","image01","ch2",62,0.884295174403466
"231206","image01","ch2",63,0.850051158357843
"231206","image01","ch2",64,0.825739881282996
"231206","image01","ch2",65,0.808909163578829
"231206","image01","ch2",66,0.797809439189631
"231206","image01","ch2",67,0.796969293683829
"231206","image01","ch2",68,0.799316542590973
"231206","image01","ch2",69,0.803800563901081
"231206","image01","ch2",70,0.807698589606937
"231206","image01","ch2",71,0.805993184801022
"231206","image01","ch2",72,0.802280118796511
"231206","image01","ch2",73,0.796784630936133
"231206","image01","ch2",74,0.797084108691098
"231206","image01","ch2",75,0.796546792274299
"231206","image01","ch2",76,0.793002226254592
"231206","image01","ch2",77,0.785486477876512
"231206","image01","ch2",78,0.77618703498407
"231206","image01","ch2",79,0.771601731268695
"231206","image01","ch2",80,0.766421396073752
"231206","image01","ch2",81,0.763187082984272
"231206","image01","ch2",82,0.759955824275181
"231206","image01","ch2",83,0.764673505685062
"231206","image01","ch2",84,0.770401974894016
"231206","image01","ch2",85,0.774083351701989
"231206","image01","ch2",86,0.778636393524502
"231206","image01","ch2",87,0.77944663155566
"231206","image01","ch2",88,0.7776055825651
"231206","image01","ch2",89,0.774852716184466
"231206","image01","ch2",90,0.771797423723353
"231206","image01","ch2",91,NA
"231206","image02","ch1",-90,0.922834831042943
"231206","image02","ch1",-89,0.915261309540604
"231206","image02","ch1",-88,0.908529540985938
"231206","image02","ch1",-87,0.903269334359835
"231206","image02","ch1",-86,0.898047406098642
"231206","image02","ch1",-85,0.896600735097896
"231206","image02","ch1",-84,0.892988610466427
"231206","image02","ch1",-83,0.890869227887879
"231206","image02","ch1",-82,0.890504056282888
"231206","image02","ch1",-81,0.887011990415634
"231206","image02","ch1",-80,0.884957289995837
"231206","image02","ch1",-79,0.888243120824706
"231206","image02","ch1",-78,0.890818903684049
"231206","image02","ch1",-77,0.893481290987192
"231206","image02","ch1",-76,0.897543136453229
"231206","image02","ch1",-75,0.901436168906531
"231206","image02","ch1",-74,0.900216741800675
"231206","image02","ch1",-73,0.899419518494508
"231206","image02","ch1",-72,0.901078732899519
"231206","image02","ch1",-71,0.900598355119453
"231206","image02","ch1",-70,0.901157059397143
"231206","image02","ch1",-69,0.899354779246472
"231206","image02","ch1",-68,0.899588559864379
"231206","image02","ch1",-67,0.897600682451483
"231206","image02","ch1",-66,0.893896244447816
"231206","image02","ch1",-65,0.893562700306151
"231206","image02","ch1",-64,0.895335807832706
"231206","image02","ch1",-63,0.898016606429934
"231206","image02","ch1",-62,0.903431382292418
"231206","image02","ch1",-61,0.906044644266695
"231206","image02","ch1",-60,0.907864136836486
"231206","image02","ch1",-59,0.907933985575438
"231206","image02","ch1",-58,0.903204937647504
"231206","image02","ch1",-57,0.899453572252403
"231206","image02","ch1",-56,0.897673528377844
"231206","image02","ch1",-55,0.896470257539355
"231206","image02","ch1",-54,0.896991967961025
"231206","image02","ch1",-53,0.895532109335678
"231206","image02","ch1",-52,0.896408943648358
"231206","image02","ch1",-51,0.896938161310871
"231206","image02","ch1",-50,0.900552226977995
"231206","image02","ch1",-49,0.90209320947588
"231206","image02","ch1",-48,0.905651727269689
"231206","image02","ch1",-47,0.903566141547258
"231206","image02","ch1",-46,0.901944263533971
"231206","image02","ch1",-45,0.903707608792965
"231206","image02","ch1",-44,0.905916678636649
"231206","image02","ch1",-43,0.911917333276
"231206","image02","ch1",-42,0.91637994551559
"231206","image02","ch1",-41,0.920192139542773
"231206","image02","ch1",-40,0.923474288112825
"231206","image02","ch1",-39,0.926659013819762
"231206","image02","ch1",-38,0.931552364706997
"231206","image02","ch1",-37,0.932469190063106
"231206","image02","ch1",-36,0.936307473893069
"231206","image02","ch1",-35,0.939811699777811
"231206","image02","ch1",-34,0.944232579750811
"231206","image02","ch1",-33,0.946253683126984
"231206","image02","ch1",-32,0.946475503539896
"231206","image02","ch1",-31,0.947092695789026
"231206","image02","ch1",-30,0.949346009827796
"231206","image02","ch1",-29,0.94560731825374
"231206","image02","ch1",-28,0.947416677475624
"231206","image02","ch1",-27,0.947664758959168
"231206","image02","ch1",-26,0.949599058079046
"231206","image02","ch1",-25,0.953816500388576
"231206","image02","ch1",-24,0.956699309417174
"231206","image02","ch1",-23,0.962349978201072
"231206","image02","ch1",-22,0.968326170082236
"231206","image02","ch1",-21,0.968409234990429
"231206","image02","ch1",-20,0.970018924441586
"231206","image02","ch1",-19,0.972623137764352
"231206","image02","ch1",-18,0.979071058399059
"231206","image02","ch1",-17,0.983098650294707
"231206","image02","ch1",-16,0.986409800221022
"231206","image02","ch1",-15,0.988031449877173
"231206","image02","ch1",-14,0.989470128378162
"231206","image02","ch1",-13,0.98963297556072
"231206","image02","ch1",-12,0.990423176884958
"231206","image02","ch1",-11,0.992542702186716
"231206","image02","ch1",-10,0.997300380390567
"231206","image02","ch1",-9,0.99933509956097
"231206","image02","ch1",-8,1.0061051179359
"231206","image02","ch1",-7,1.00647891002278
"231206","image02","ch1",-6,1.00758607105168
"231206","image02","ch1",-5,1.00842317122271
"231206","image02","ch1",-4,1.0128415963565
"231206","image02","ch1",-3,1.01951245064515
"231206","image02","ch1",-2,1.02537657626186
"231206","image02","ch1",-1,1.03237044171929
"231206","image02","ch1",0,1.0337308222673
"231206","image02","ch1",1,1.03875653465944
"231206","image02","ch1",2,1.04635945714303
"231206","image02","ch1",3,1.05424762623404
"231206","image02","ch1",4,1.06444522812997
"231206","image02","ch1",5,1.07036615758424
"231206","image02","ch1",6,1.07940621715815
"231206","image02","ch1",7,1.08291438220348
"231206","image02","ch1",8,1.0920433583372
"231206","image02","ch1",9,1.10078278574166
"231206","image02","ch1",10,1.10945065172865
"231206","image02","ch1",11,1.11079008050943
"231206","image02","ch1",12,1.10914471025579
"231206","image02","ch1",13,1.11482666396731
"231206","image02","ch1",14,1.12364344735157
"231206","image02","ch1",15,1.12789728407963
"231206","image02","ch1",16,1.13314812806316
"231206","image02","ch1",17,1.14003906154157
"231206","image02","ch1",18,1.13827480285403
"231206","image02","ch1",19,1.13420781935244
"231206","image02","ch1",20,1.12978257204921
"231206","image02","ch1",21,1.13092193143429
"231206","image02","ch1",22,1.13807536144044
"231206","image02","ch1",23,1.15065444281768
"231206","image02","ch1",24,1.16146615414141
"231206","image02","ch1",25,1.16895075908394
"231206","image02","ch1",26,1.1662470391392
"231206","image02","ch1",27,1.16842508095704
"231206","image02","ch1",28,1.17858374796129
"231206","image02","ch1",29,1.18935195725062
"231206","image02","ch1",30,1.20015975795839
"231206","image02","ch1",31,1.20615941353527
"231206","image02","ch1",32,1.20862669821041
"231206","image02","ch1",33,1.20438958864255
"231206","image02","ch1",34,1.19114059306242
"231206","image02","ch1",35,1.16986410199373
"231206","image02","ch1",36,1.15010041986128
"231206","image02","ch1",37,1.1382562202921
"231206","image02","ch1",38,1.13473558123821
"231206","image02","ch1",39,1.12913064097078
"231206","image02","ch1",40,1.11924991314559
"231206","image02","ch1",41,1.10276195703875
"231206","image02","ch1",42,1.08388855374535
"231206","image02","ch1",43,1.06059895180025
"231206","image02","ch1",44,1.04055938570295
"231206","image02","ch1",45,1.02931325347277
"231206","image02","ch1",46,1.02298693301294
"231206","image02","ch1",47,1.0166264731613
"231206","image02","ch1",48,1.01174728041649
"231206","image02","ch1",49,1.00717796830514
"231206","image02","ch1",50,0.996979595703872
"231206","image02","ch1",51,0.98302988625215
"231206","image02","ch1",52,0.969647330292148
"231206","image02","ch1",53,0.954729272405522
"231206","image02","ch1",54,0.945095940992471
"231206","image02","ch1",55,0.937520193008057
"231206","image02","ch1",56,0.935686399572629
"231206","image02","ch1",57,0.941503626342544
"231206","image02","ch1",58,0.954419591584562
"231206","image02","ch1",59,0.966445477800016
"231206","image02","ch1",60,0.989459595405267
"231206","image02","ch1",61,1.01206352650511
"231206","image02","ch1",62,1.03766401703188
"231206","image02","ch1",63,1.06157475038671
"231206","image02","ch1",64,1.08412167783649
"231206","image02","ch1",65,1.09035011871893
"231206","image02","ch1",66,1.08538332246785
"231206","image02","ch1",67,1.06962913492803
"231206","image02","ch1",68,1.05408443651578
"231206","image02","ch1",69,1.0378423354104
"231206","image02","ch1",70,1.02180458539703
"231206","image02","ch1",71,1.00838121059898
"231206","image02","ch1",72,0.997010195560087
"231206","image02","ch1",73,0.986765637728082
"231206","image02","ch1",74,0.98168494835546
"231206","image02","ch1",75,0.980582754094261
"231206","image02","ch1",76,0.975426250152511
"231206","image02","ch1",77,0.964342251488835
"231206","image02","ch1",78,0.956790880628681
"231206","image02","ch1",79,0.957753234688766
"231206","image02","ch1",80,0.96518948500777
"231206","image02","ch1",81,0.981128613283055
"231206","image02","ch1",82,1.0013435291161
"231206","image02","ch1",83,1.02005756767326
"231206","image02","ch1",84,1.0385726215311
"231206","image02","ch1",85,1.0564808163002
"231206","image02","ch1",86,1.0750471648797
"231206","image02","ch1",87,1.08772926386989
"231206","image02","ch1",88,1.08572925498414
"231206","image02","ch1",89,1.07605564708124
"231206","image02","ch1",90,1.05817893705225
"231206","image02","ch1",91,NA
"231206","image02","ch2",-90,1.09765322571622
"231206","image02","ch2",-89,1.09988477804885
"231206","image02","ch2",-88,1.10704162872579
"231206","image02","ch2",-87,1.10813245810194
"231206","image02","ch2",-86,1.10658163996446
"231206","image02","ch2",-85,1.10396565144892
"231206","image02","ch2",-84,1.09974910731595
"231206","image02","ch2",-83,1.09633154340738
"231206","image02","ch2",-82,1.09313893964258
"231206","image02","ch2",-81,1.0919347423737
"231206","image02","ch2",-80,1.09010268990954
"231206","image02","ch2",-79,1.089814099353
"231206","image02","ch2",-78,1.08674487341708
"231206","image02","ch2",-77,1.08374177549983
"231206","image02","ch2",-76,1.08476255483555
"231206","image02","ch2",-75,1.08257357887846
"231206","image02","ch2",-74,1.0854515038126
"231206","image02","ch2",-73,1.09372821853425
"231206","image02","ch2",-72,1.09877748008381
"231206","image02","ch2",-71,1.1053287588931
"231206","image02","ch2",-70,1.10929329849343
"231206","image02","ch2",-69,1.11175437690562
"231206","image02","ch2",-68,1.11966905584728
"231206","image02","ch2",-67,1.12699207536664
"231206","image02","ch2",-66,1.12960234670617
"231206","image02","ch2",-65,1.13569506117
"231206","image02","ch2",-64,1.13572364705001
"231206","image02","ch2",-63,1.13512388992109
"231206","image02","ch2",-62,1.13096155164113
"231206","image02","ch2",-61,1.123954089017
"231206","image02","ch2",-60,1.11387884438536
"231206","image02","ch2",-59,1.10405720431514
"231206","image02","ch2",-58,1.09604790903753
"231206","image02","ch2",-57,1.08767353402274
"231206","image02","ch2",-56,1.08200783211737
"231206","image02","ch2",-55,1.07616999053047
"231206","image02","ch2",-54,1.07212474703954
"231206","image02","ch2",-53,1.06713113527141
"231206","image02","ch2",-52,1.06586225391226
"231206","image02","ch2",-51,1.06225596465799
"231206","image02","ch2",-50,1.06208454694066
"231206","image02","ch2",-49,1.06172069649388
"231206","image02","ch2",-48,1.06353399740125
"231206","image02","ch2",-47,1.06190590958128
"231206","image02","ch2",-46,1.05949694917968
"231206","image02","ch2",-45,1.05927475981745
"231206","image02","ch2",-44,1.05568486110188
"231206","image02","ch2",-43,1.05089751645838
"231206","image02","ch2",-42,1.04944199759596
"231206","image02","ch2",-41,1.04777094314953
"231206","image02","ch2",-40,1.05056882761963
"231206","image02","ch2",-39,1.05601460361812
"231206","image02","ch2",-38,1.06285542909871
"231206","image02","ch2",-37,1.06570982190227
"231206","image02","ch2",-36,1.06788839767229
"231206","image02","ch2",-35,1.06831398581488
"231206","image02","ch2",-34,1.06881590703774
"231206","image02","ch2",-33,1.06691971683461
"231206","image02","ch2",-32,1.06735303194545
"231206","image02","ch2",-31,1.06686160847238
"231206","image02","ch2",-30,1.07076934705107
"231206","image02","ch2",-29,1.07090140796295
"231206","image02","ch2",-28,1.07290097563522
"231206","image02","ch2",-27,1.07350321085748
"231206","image02","ch2",-26,1.07600097285631
"231206","image02","ch2",-25,1.07674334718453
"231206","image02","ch2",-24,1.07815191886108
"231206","image02","ch2",-23,1.08136567422582
"231206","image02","ch2",-22,1.08451921387336
"231206","image02","ch2",-21,1.08816677216259
"231206","image02","ch2",-20,1.08779509718483
"231206","image02","ch2",-19,1.08254938332132
"231206","image02","ch2",-18,1.07762685575856
"231206","image02","ch2",-17,1.07426427820485
"231206","image02","ch2",-16,1.07231596999114
"231206","image02","ch2",-15,1.07302035339214
"231206","image02","ch2",-14,1.07205216036812
"231206","image02","ch2",-13,1.0681348801544
"231206","image02","ch2",-12,1.05905754615446
"231206","image02","ch2",-11,1.05701778263727
"231206","image02","ch2",-10,1.05742393628396
"231206","image02","ch2",-9,1.05589475756008
"231206","image02","ch2",-8,1.05344320127038
"231206","image02","ch2",-7,1.04752151427296
"231206","image02","ch2",-6,1.04017020156178
"231206","image02","ch2",-5,1.03299448225278
"231206","image02","ch2",-4,1.02977290235706
"231206","image02","ch2",-3,1.02642367138487
"231206","image02","ch2",-2,1.02171492327698
"231206","image02","ch2",-1,1.01728688265702
"231206","image02","ch2",0,1.01585001778866
"231206","image02","ch2",1,1.01768770937863
"231206","image02","ch2",2,1.02046510567536
"231206","image02","ch2",3,1.02531083185674
"231206","image02","ch2",4,1.03414207362549
"231206","image02","ch2",5,1.04035416584624
"231206","image02","ch2",6,1.04848303400623
"231206","image02","ch2",7,1.05708342284229
"231206","image02","ch2",8,1.06443645265753
"231206","image02","ch2",9,1.07003038741841
"231206","image02","ch2",10,1.07577250045424
"231206","image02","ch2",11,1.07320404450096
"231206","image02","ch2",12,1.06586998088051
"231206","image02","ch2",13,1.05613542530345
"231206","image02","ch2",14,1.04982994603716
"231206","image02","ch2",15,1.04455669997113
"231206","image02","ch2",16,1.04535560214535
"231206","image02","ch2",17,1.05046230863057
"231206","image02","ch2",18,1.05744565374775
"231206","image02","ch2",19,1.06131768436711
"231206","image02","ch2",20,1.06257179472887
"231206","image02","ch2",21,1.05922065152716
"231206","image02","ch2",22,1.05257227828857
"231206","image02","ch2",23,1.04614047479894
"231206","image02","ch2",24,1.0389859070899
"231206","image02","ch2",25,1.02886921781038
"231206","image02","ch2",26,1.01580828045259
"231206","image02","ch2",27,1.0045667514291
"231206","image02","ch2",28,0.993568563367797
"231206","image02","ch2",29,0.985071825176525
"231206","image02","ch2",30,0.97959184368476
"231206","image02","ch2",31,0.977003192246286
"231206","image02","ch2",32,0.97737990146094
"231206","image02","ch2",33,0.979743612268183
"231206","image02","ch2",34,0.982861229318385
"231206","image02","ch2",35,0.98236884973056
"231206","image02","ch2",36,0.972629825780452
"231206","image02","ch2",37,0.958813362638383
"231206","image02","ch2",38,0.941828862027038
"231206","image02","ch2",39,0.926788396381812
"231206","image02","ch2",40,0.91443537419587
"231206","image02","ch2",41,0.907850260631676
"231206","image02","ch2",42,0.905833170693028
"231206","image02","ch2",43,0.900767733242767
"231206","image02","ch2",44,0.896423323395318
"231206","image02","ch2",45,0.893847628287443
"231206","image02","ch2",46,0.892478901229997
"231206","image02","ch2",47,0.894651291522909
"231206","image02","ch2",48,0.896016779497706
"231206","image02","ch2",49,0.897927252884564
"231206","image02","ch2",50,0.897073013129654
"231206","image02","ch2",51,0.892261004627902
"231206","image02","ch2",52,0.887612199061578
"231206","image02","ch2",53,0.879758496826429
"231206","image02","ch2",54,0.877025296446583
"231206","image02","ch2",55,0.870424280157332
"231206","image02","ch2",56,0.86437578112293
"231206","image02","ch2",57,0.858066594472877
"231206","image02","ch2",58,0.851456524362244
"231206","image02","ch2",59,0.847270185650602
"231206","image02","ch2",60,0.848481056210247
"231206","image02","ch2",61,0.853260108021666
"231206","image02","ch2",62,0.8578814789482
"231206","image02","ch2",63,0.858405117634848
"231206","image02","ch2",64,0.859000113702517
"231206","image02","ch2",65,0.859566250714531
"231206","image02","ch2",66,0.863811556340432
"231206","image02","ch2",67,0.867192612275282
"231206","image02","ch2",68,0.867368966666769
"231206","image02","ch2",69,0.864439528610979
"231206","image02","ch2",70,0.854216105704393
"231206","image02","ch2",71,0.845820481526917
"231206","image02","ch2",72,0.832610917105627
"231206","image02","ch2",73,0.822797296691849
"231206","image02","ch2",74,0.817348925524736
"231206","image02","ch2",75,0.816688094126587
"231206","image02","ch2",76,0.816382059353842
"231206","image02","ch2",77,0.814703590139895
"231206","image02","ch2",78,0.811867402541829
"231206","image02","ch2",79,0.803862204898902
"231206","image02","ch2",80,0.795924988966523
"231206","image02","ch2",81,0.791384614618775
"231206","image02","ch2",82,0.787516779196824
"231206","image02","ch2",83,0.779279733481354
"231206","image02","ch2",84,0.769389740962212
"231206","image02","ch2",85,0.757395574011259
"231206","image02","ch2",86,0.748785331339431
"231206","image02","ch2",87,0.744759015018205
"231206","image02","ch2",88,0.744295494486034
"231206","image02","ch2",89,0.746964518101818
"231206","image02","ch2",90,0.748832200475119
"231206","image02","ch2",91,NA
"231206","image07","ch1",-90,0.64157382015623
"231206","image07","ch1",-89,0.657209681256806
"231206","image07","ch1",-88,0.681674368673789
"231206","image07","ch1",-87,0.694084646998255
"231206","image07","ch1",-86,0.685811687493184
"231206","image07","ch1",-85,0.667538309618583
"231206","image07","ch1",-84,0.653629997282488
"231206","image07","ch1",-83,0.64234354413348
"231206","image07","ch1",-82,0.632691368477474
"231206","image07","ch1",-81,0.625966652145595
"231206","image07","ch1",-80,0.624279258723694
"231206","image07","ch1",-79,0.630560483270114
"231206","image07","ch1",-78,0.640525436081478
"231206","image07","ch1",-77,0.642213174120125
"231206","image07","ch1",-76,0.631818124626386
"231206","image07","ch1",-75,0.620391637211798
"231206","image07","ch1",-74,0.615585267455003
"231206","image07","ch1",-73,0.617547290456811
"231206","image07","ch1",-72,0.617339231842233
"231206","image07","ch1",-71,0.612796164262737
"231206","image07","ch1",-70,0.608852280321219
"231206","image07","ch1",-69,0.61084331106304
"231206","image07","ch1",-68,0.613511019260685
"231206","image07","ch1",-67,0.618167915249727
"231206","image07","ch1",-66,0.627673928455408
"231206","image07","ch1",-65,0.643771860679054
"231206","image07","ch1",-64,0.655895927304279
"231206","image07","ch1",-63,0.649891984388377
"231206","image07","ch1",-62,0.636266302734032
"231206","image07","ch1",-61,0.62497041008285
"231206","image07","ch1",-60,0.619164591829238
"231206","image07","ch1",-59,0.618378625914915
"231206","image07","ch1",-58,0.625612041513936
"231206","image07","ch1",-57,0.634218155512391
"231206","image07","ch1",-56,0.639995969909554
"231206","image07","ch1",-55,0.64257064656911
"231206","image07","ch1",-54,0.642112875663695
"231206","image07","ch1",-53,0.640727426444659
"231206","image07","ch1",-52,0.641840208900907
"231206","image07","ch1",-51,0.641974159931752
"231206","image07","ch1",-50,0.642530835843275
"231206","image07","ch1",-49,0.647237056977009
"231206","image07","ch1",-48,0.655288847447816
"231206","image07","ch1",-47,0.665881647020425
"231206","image07","ch1",-46,0.676553918211335
"231206","image07","ch1",-45,0.683007211397379
"231206","image07","ch1",-44,0.68018532466423
"231206","image07","ch1",-43,0.675161816390766
"231206","image07","ch1",-42,0.676510676301377
"231206","image07","ch1",-41,0.683417649941893
"231206","image07","ch1",-40,0.686988119164089
"231206","image07","ch1",-39,0.680740037758635
"231206","image07","ch1",-38,0.669700060499717
"231206","image07","ch1",-37,0.659790351251074
"231206","image07","ch1",-36,0.655798550598522
"231206","image07","ch1",-35,0.653524649441562
"231206","image07","ch1",-34,0.64906541363137
"231206","image07","ch1",-33,0.640150912595234
"231206","image07","ch1",-32,0.63032380648228
"231206","image07","ch1",-31,0.627299629719215
"231206","image07","ch1",-30,0.628032344854609
"231206","image07","ch1",-29,0.628214077746458
"231206","image07","ch1",-28,0.625188282783021
"231206","image07","ch1",-27,0.623998470992368
"231206","image07","ch1",-26,0.62287245824974
"231206","image07","ch1",-25,0.626070097102749
"231206","image07","ch1",-24,0.630974278082068
"231206","image07","ch1",-23,0.64310902782642
"231206","image07","ch1",-22,0.655261412958165
"231206","image07","ch1",-21,0.66891775051957
"231206","image07","ch1",-20,0.678373794297077
"231206","image07","ch1",-19,0.679794349474198
"231206","image07","ch1",-18,0.675046369780848
"231206","image07","ch1",-17,0.670045456379254
"231206","image07","ch1",-16,0.670395676893235
"231206","image07","ch1",-15,0.679985956384987
"231206","image07","ch1",-14,0.69612173651735
"231206","image07","ch1",-13,0.714172986424133
"231206","image07","ch1",-12,0.722155284178938
"231206","image07","ch1",-11,0.718092507460041
"231206","image07","ch1",-10,0.712357800122805
"231206","image07","ch1",-9,0.716477408638122
"231206","image07","ch1",-8,0.724544497095785
"231206","image07","ch1",-7,0.736045811294271
"231206","image07","ch1",-6,0.751596582025252
"231206","image07","ch1",-5,0.77454230370912
"231206","image07","ch1",-4,0.801374837804696
"231206","image07","ch1",-3,0.830511134847443
"231206","image07","ch1",-2,0.858810627514159
"231206","image07","ch1",-1,0.879234938300738
"231206","image07","ch1",0,0.903969220896469
"231206","image07","ch1",1,0.93872982805103
"231206","image07","ch1",2,0.990757846831876
"231206","image07","ch1",3,1.0612787493712
"231206","image07","ch1",4,1.13118639891931
"231206","image07","ch1",5,1.18273910130737
"231206","image07","ch1",6,1.21692517241296
"231206","image07","ch1",7,1.24792524671823
"231206","image07","ch1",8,1.28117274662435
"231206","image07","ch1",9,1.30503634751959
"231206","image07","ch1",10,1.3168030915292
"231206","image07","ch1",11,1.32147807240574
"231206","image07","ch1",12,1.31949833909985
"231206","image07","ch1",13,1.3168433367718
"231206","image07","ch1",14,1.33040983424585
"231206","image07","ch1",15,1.36351788423653
"231206","image07","ch1",16,1.39491061186555
"231206","image07","ch1",17,1.4124218023813
"231206","image07","ch1",18,1.41475929281957
"231206","image07","ch1",19,1.41132526186213
"231206","image07","ch1",20,1.40770614174539
"231206","image07","ch1",21,1.42017582900021
"231206","image07","ch1",22,1.4361501936454
"231206","image07","ch1",23,1.43733261865102
"231206","image07","ch1",24,1.42121017368839
"231206","image07","ch1",25,1.40728166381431
"231206","image07","ch1",26,1.40245012205172
"231206","image07","ch1",27,1.39765092931324
"231206","image07","ch1",28,1.38021625869844
"231206","image07","ch1",29,1.36096368979836
"231206","image07","ch1",30,1.34608249442156
"231206","image07","ch1",31,1.34237031280007
"231206","image07","ch1",32,1.35498455928817
"231206","image07","ch1",33,1.37161956921883
"231206","image07","ch1",34,1.38424039339178
"231206","image07","ch1",35,1.40163628713098
"231206","image07","ch1",36,1.44062514697588
"231206","image07","ch1",37,1.4913715510616
"231206","image07","ch1",38,1.53395128743339
"231206","image07","ch1",39,1.54791228118161
"231206","image07","ch1",40,1.54261573156194
"231206","image07","ch1",41,1.52687663527093
"231206","image07","ch1",42,1.5005975706528
"231206","image07","ch1",43,1.47872116476517
"231206","image07","ch1",44,1.46079529542059
"231206","image07","ch1",45,1.45174661860356
"231206","image07","ch1",46,1.44843317354055
"231206","image07","ch1",47,1.4359754879385
"231206","image07","ch1",48,1.40838361331807
"231206","image07","ch1",49,1.3791304012984
"231206","image07","ch1",50,1.34488601504604
"231206","image07","ch1",51,1.29439026720138
"231206","image07","ch1",52,1.2386107055733
"231206","image07","ch1",53,1.20223141857933
"231206","image07","ch1",54,1.18715654859127
"231206","image07","ch1",55,1.18113483543794
"231206","image07","ch1",56,1.18660228499697
"231206","image07","ch1",57,1.20031305702091
"231206","image07","ch1",58,1.22221572869792
"231206","image07","ch1",59,1.25045602220101
"231206","image07","ch1",60,1.28769649145995
"231206","image07","ch1",61,1.32350915360678
"231206","image07","ch1",62,1.33476641921573
"231206","image07","ch1",63,1.32508928132065
"231206","image07","ch1",64,1.31746402149806
"231206","image07","ch1",65,1.33190641487381
"231206","image07","ch1",66,1.37023800068402
"231206","image07","ch1",67,1.41055723100193
"231206","image07","ch1",68,1.42866349972139
"231206","image07","ch1",69,1.43123921023118
"231206","image07","ch1",70,1.43047438580506
"231206","image07","ch1",71,1.42705674661805
"231206","image07","ch1",72,1.40651011186997
"231206","image07","ch1",73,1.38288970551408
"231206","image07","ch1",74,1.36821510038486
"231206","image07","ch1",75,1.36830318742181
"231206","image07","ch1",76,1.37817931901272
"231206","image07","ch1",77,1.37751999226089
"231206","image07","ch1",78,1.36701409604163
"231206","image07","ch1",79,1.349797298127
"231206","image07","ch1",80,1.33251613179754
"231206","image07","ch1",81,1.31391148732999
"231206","image07","ch1",82,1.28132755446
"231206","image07","ch1",83,1.24603842508374
"231206","image07","ch1",84,1.23183470127961
"231206","image07","ch1",85,1.2363554436873
"231206","image07","ch1",86,1.24399681059693
"231206","image07","ch1",87,1.24717900162972
"231206","image07","ch1",88,1.23962296482307
"231206","image07","ch1",89,1.20900668868952
"231206","image07","ch1",90,1.15873429744629
"231206","image07","ch1",91,NA
"231206","image07","ch2",-90,1.13047758597154
"231206","image07","ch2",-89,1.12716965377454
"231206","image07","ch2",-88,1.1309212977742
"231206","image07","ch2",-87,1.13457965714006
"231206","image07","ch2",-86,1.13034326910775
"231206","image07","ch2",-85,1.1159751724948
"231206","image07","ch2",-84,1.10074149638311
"231206","image07","ch2",-83,1.09042842209373
"231206","image07","ch2",-82,1.08634124340235
"231206","image07","ch2",-81,1.08007313664306
"231206","image07","ch2",-80,1.07978795722433
"231206","image07","ch2",-79,1.07813684359756
"231206","image07","ch2",-78,1.07552815317703
"231206","image07","ch2",-77,1.08000856643968
"231206","image07","ch2",-76,1.08114768510432
"231206","image07","ch2",-75,1.07909169665346
"231206","image07","ch2",-74,1.07634318768969
"231206","image07","ch2",-73,1.07489308862683
"231206","image07","ch2",-72,1.07371181300464
"231206","image07","ch2",-71,1.07225474876139
"231206","image07","ch2",-70,1.06696207892767
"231206","image07","ch2",-69,1.06382711085995
"231206","image07","ch2",-68,1.06002093789943
"231206","image07","ch2",-67,1.05730809499554
"231206","image07","ch2",-66,1.05986523766084
"231206","image07","ch2",-65,1.06715886559999
"231206","image07","ch2",-64,1.07152083014326
"231206","image07","ch2",-63,1.07112985857808
"231206","image07","ch2",-62,1.0758631593823
"231206","image07","ch2",-61,1.08036024029451
"231206","image07","ch2",-60,1.08873065259912
"231206","image07","ch2",-59,1.09921098607431
"231206","image07","ch2",-58,1.09938718887696
"231206","image07","ch2",-57,1.08142902960856
"231206","image07","ch2",-56,1.0635289631968
"231206","image07","ch2",-55,1.05593144199823
"231206","image07","ch2",-54,1.05397971443822
"231206","image07","ch2",-53,1.05403172292522
"231206","image07","ch2",-52,1.0588047957225
"231206","image07","ch2",-51,1.06542887198289
"231206","image07","ch2",-50,1.06966797020212
"231206","image07","ch2",-49,1.06943009709608
"231206","image07","ch2",-48,1.07667846491366
"231206","image07","ch2",-47,1.08311587704988
"231206","image07","ch2",-46,1.07687544129905
"231206","image07","ch2",-45,1.06662814324624
"231206","image07","ch2",-44,1.06001345778353
"231206","image07","ch2",-43,1.05703358016234
"231206","image07","ch2",-42,1.05224728165289
"231206","image07","ch2",-41,1.04398041203958
"231206","image07","ch2",-40,1.03631401144042
"231206","image07","ch2",-39,1.03218210111391
"231206","image07","ch2",-38,1.03119304549907
"231206","image07","ch2",-37,1.02958949565276
"231206","image07","ch2",-36,1.02201671846078
"231206","image07","ch2",-35,1.0148337881064
"231206","image07","ch2",-34,1.0098911389135
"231206","image07","ch2",-33,1.00888349141638
"231206","image07","ch2",-32,1.02205456622112
"231206","image07","ch2",-31,1.04373149492185
"231206","image07","ch2",-30,1.05607290020456
"231206","image07","ch2",-29,1.05674588026977
"231206","image07","ch2",-28,1.04161944625454
"231206","image07","ch2",-27,1.02337247591693
"231206","image07","ch2",-26,1.00679328685565
"231206","image07","ch2",-25,1.00683173085712
"231206","image07","ch2",-24,1.02587999505971
"231206","image07","ch2",-23,1.05646460352021
"231206","image07","ch2",-22,1.09643278701283
"231206","image07","ch2",-21,1.13448887942915
"231206","image07","ch2",-20,1.16096851682113
"231206","image07","ch2",-19,1.16865443076612
"231206","image07","ch2",-18,1.15277323679533
"231206","image07","ch2",-17,1.11675409376675
"231206","image07","ch2",-16,1.09431121203849
"231206","image07","ch2",-15,1.09359324287039
"231206","image07","ch2",-14,1.09766798180381
"231206","image07","ch2",-13,1.1021171601622
"231206","image07","ch2",-12,1.10106895471781
"231206","image07","ch2",-11,1.09491875464051
"231206","image07","ch2",-10,1.09053859119206
"231206","image07","ch2",-9,1.08599028774705
"231206","image07","ch2",-8,1.07714784218645
"231206","image07","ch2",-7,1.07464826389135
"231206","image07","ch2",-6,1.08531314754491
"231206","image07","ch2",-5,1.0887855067824
"231206","image07","ch2",-4,1.07958324325527
"231206","image07","ch2",-3,1.0718618529635
"231206","image07","ch2",-2,1.06372077667611
"231206","image07","ch2",-1,1.04751040340194
"231206","image07","ch2",0,1.03605616425679
"231206","image07","ch2",1,1.03600097130015
"231206","image07","ch2",2,1.04043414600477
"231206","image07","ch2",3,1.04950863776951
"231206","image07","ch2",4,1.06046240024695
"231206","image07","ch2",5,1.07415387159328
"231206","image07","ch2",6,1.09062064210108
"231206","image07","ch2",7,1.10768740734033
"231206","image07","ch2",8,1.12735611463468
"231206","image07","ch2",9,1.1503643820074
"231206","image07","ch2",10,1.16391504559226
"231206","image07","ch2",11,1.1705748556672
"231206","image07","ch2",12,1.15328418833549
"231206","image07","ch2",13,1.1135915901999
"231206","image07","ch2",14,1.08245990340759
"231206","image07","ch2",15,1.06436511006558
"231206","image07","ch2",16,1.05496467767081
"231206","image07","ch2",17,1.0432736901472
"231206","image07","ch2",18,1.02548212606881
"231206","image07","ch2",19,1.01180851485429
"231206","image07","ch2",20,1.00486975879054
"231206","image07","ch2",21,1.00666518987084
"231206","image07","ch2",22,1.00755063503971
"231206","image07","ch2",23,1.00442432601919
"231206","image07","ch2",24,1.00956679729376
"231206","image07","ch2",25,1.01750924398173
"231206","image07","ch2",26,1.01478356834276
"231206","image07","ch2",27,0.995956902573747
"231206","image07","ch2",28,0.969651543751702
"231206","image07","ch2",29,0.950406113450631
"231206","image07","ch2",30,0.937371008723697
"231206","image07","ch2",31,0.932630309109186
"231206","image07","ch2",32,0.931728060781412
"231206","image07","ch2",33,0.926468658492146
"231206","image07","ch2",34,0.914297303887776
"231206","image07","ch2",35,0.899671427845861
"231206","image07","ch2",36,0.889408112588345
"231206","image07","ch2",37,0.887616394464128
"231206","image07","ch2",38,0.891790448197257
"231206","image07","ch2",39,0.889765681099729
"231206","image07","ch2",40,0.886433533382584
"231206","image07","ch2",41,0.887393603548311
"231206","image07","ch2",42,0.889759393466073
"231206","image07","ch2",43,0.894584068222322
"231206","image07","ch2",44,0.897287113800497
"231206","image07","ch2",45,0.886533498627154
"231206","image07","ch2",46,0.873618563588284
"231206","image07","ch2",47,0.866693222949792
"231206","image07","ch2",48,0.870436207902247
"231206","image07","ch2",49,0.874992519949608
"231206","image07","ch2",50,0.873929083254724
"231206","image07","ch2",51,0.862863498464939
"231206","image07","ch2",52,0.845325960206628
"231206","image07","ch2",53,0.830902413169278
"231206","image07","ch2",54,0.82809112272549
"231206","image07","ch2",55,0.829792876194874
"231206","image07","ch2",56,0.831623038320561
"231206","image07","ch2",57,0.837791627016117
"231206","image07","ch2",58,0.852690771205248
"231206","image07","ch2",59,0.863193802495901
"231206","image07","ch2",60,0.854399855730252
"231206","image07","ch2",61,0.847210515783813
"231206","image07","ch2",62,0.84842711869252
"231206","image07","ch2",63,0.864219188166417
"231206","image07","ch2",64,0.885817318182422
"231206","image07","ch2",65,0.894397011121054
"231206","image07","ch2",66,0.883250974432528
"231206","image07","ch2",67,0.863074974350362
"231206","image07","ch2",68,0.850519315240636
"231206","image07","ch2",69,0.843683708891089
"231206","image07","ch2",70,0.845242784570031
"231206","image07","ch2",71,0.855417571571782
"231206","image07","ch2",72,0.863578296714342
"231206","image07","ch2",73,0.869691570494847
"231206","image07","ch2",74,0.875163031359724
"231206","image07","ch2",75,0.877261176768131
"231206","image07","ch2",76,0.880177405649488
"231206","image07","ch2",77,0.883465350217956
"231206","image07","ch2",78,0.876584483746833
"231206","image07","ch2",79,0.856294344142502
"231206","image07","ch2",80,0.83914579901292
"231206","image07","ch2",81,0.835895688653865
"231206","image07","ch2",82,0.837853432828844
"231206","image07","ch2",83,0.835255528952258
"231206","image07","ch2",84,0.822742609490272
"231206","image07","ch2",85,0.811629786142458
"231206","image07","ch2",86,0.817023031012804
"231206","image07","ch2",87,0.824146337254919
"231206","image07","ch2",88,0.814808171404657
"231206","image07","ch2",89,0.794903515236993
"231206","image07","ch2",90,0.774863742700396
"231206","image07","ch2",91,NA
"231206","image09","ch1",-90,0.714993794061814
"231206","image09","ch1",-89,0.708067409791557
"231206","image09","ch1",-88,0.705733879146856
"231206","image09","ch1",-87,0.707806059427963
"231206","image09","ch1",-86,0.713718494798427
"231206","image09","ch1",-85,0.721427617750712
"231206","image09","ch1",-84,0.728204715525402
"231206","image09","ch1",-83,0.7305798020093
"231206","image09","ch1",-82,0.729934730479836
"231206","image09","ch1",-81,0.727156530859364
"231206","image09","ch1",-80,0.72008116556799
"231206","image09","ch1",-79,0.716008670698829
"231206","image09","ch1",-78,0.712138750646125
"231206","image09","ch1",-77,0.710625407588365
"231206","image09","ch1",-76,0.70780186198273
"231206","image09","ch1",-75,0.705488096666393
"231206","image09","ch1",-74,0.702280433909487
"231206","image09","ch1",-73,0.700566337568108
"231206","image09","ch1",-72,0.700540870049993
"231206","image09","ch1",-71,0.703616330252848
"231206","image09","ch1",-70,0.70152608172366
"231206","image09","ch1",-69,0.701275060922057
"231206","image09","ch1",-68,0.701415873330078
"231206","image09","ch1",-67,0.703879954704021
"231206","image09","ch1",-66,0.706735767462772
"231206","image09","ch1",-65,0.712538435680526
"231206","image09","ch1",-64,0.719501160096578
"231206","image09","ch1",-63,0.725461543641973
"231206","image09","ch1",-62,0.73256708302078
"231206","image09","ch1",-61,0.734545731550553
"231206","image09","ch1",-60,0.734306805274433
"231206","image09","ch1",-59,0.732217823898523
"231206","image09","ch1",-58,0.730017366975753
"231206","image09","ch1",-57,0.727264748012081
"231206","image09","ch1",-56,0.72351504912663
"231206","image09","ch1",-55,0.720570727974183
"231206","image09","ch1",-54,0.721163269211952
"231206","image09","ch1",-53,0.721712614099583
"231206","image09","ch1",-52,0.726525646921066
"231206","image09","ch1",-51,0.731411439231218
"231206","image09","ch1",-50,0.736760613655729
"231206","image09","ch1",-49,0.743976350114251
"231206","image09","ch1",-48,0.751435380002153
"231206","image09","ch1",-47,0.756905873039167
"231206","image09","ch1",-46,0.761454285789045
"231206","image09","ch1",-45,0.765050421536615
"231206","image09","ch1",-44,0.768342044512059
"231206","image09","ch1",-43,0.772803182079912
"231206","image09","ch1",-42,0.781650978018929
"231206","image09","ch1",-41,0.790829851693435
"231206","image09","ch1",-40,0.803148323891629
"231206","image09","ch1",-39,0.812935103037401
"231206","image09","ch1",-38,0.822433446418262
"231206","image09","ch1",-37,0.829399372659115
"231206","image09","ch1",-36,0.836809074080123
"231206","image09","ch1",-35,0.852256871809356
"231206","image09","ch1",-34,0.868647895446053
"231206","image09","ch1",-33,0.887760323083081
"231206","image09","ch1",-32,0.902661808041455
"231206","image09","ch1",-31,0.915997317825557
"231206","image09","ch1",-30,0.920817478384229
"231206","image09","ch1",-29,0.922568967061178
"231206","image09","ch1",-28,0.926555340762907
"231206","image09","ch1",-27,0.933155500947283
"231206","image09","ch1",-26,0.941763872799964
"231206","image09","ch1",-25,0.952986257412662
"231206","image09","ch1",-24,0.964785275963944
"231206","image09","ch1",-23,0.976293822253974
"231206","image09","ch1",-22,0.988705599926131
"231206","image09","ch1",-21,1.00743370676225
"231206","image09","ch1",-20,1.02734755227829
"231206","image09","ch1",-19,1.05131250945192
"231206","image09","ch1",-18,1.08173278666471
"231206","image09","ch1",-17,1.11728750107685
"231206","image09","ch1",-16,1.15724722495495
"231206","image09","ch1",-15,1.20105000976181
"231206","image09","ch1",-14,1.23814899934833
"231206","image09","ch1",-13,1.26071276784318
"231206","image09","ch1",-12,1.26876594553819
"231206","image09","ch1",-11,1.27392458310238
"231206","image09","ch1",-10,1.28131318415854
"231206","image09","ch1",-9,1.28322913122879
"231206","image09","ch1",-8,1.28695055675672
"231206","image09","ch1",-7,1.28859990382837
"231206","image09","ch1",-6,1.29093196367016
"231206","image09","ch1",-5,1.28797488047398
"231206","image09","ch1",-4,1.28357374035107
"231206","image09","ch1",-3,1.28374467027718
"231206","image09","ch1",-2,1.28273029145038
"231206","image09","ch1",-1,1.28424992501906
"231206","image09","ch1",0,1.2849691928985
"231206","image09","ch1",1,1.29198379140187
"231206","image09","ch1",2,1.29510980196942
"231206","image09","ch1",3,1.28951043265571
"231206","image09","ch1",4,1.27673934914602
"231206","image09","ch1",5,1.25715077735091
"231206","image09","ch1",6,1.22954560559782
"231206","image09","ch1",7,1.21065353817861
"231206","image09","ch1",8,1.20156135136496
"231206","image09","ch1",9,1.20050012180848
"231206","image09","ch1",10,1.21232487941073
"231206","image09","ch1",11,1.22237256767922
"231206","image09","ch1",12,1.22773902969488
"231206","image09","ch1",13,1.23636993877372
"231206","image09","ch1",14,1.24073738619608
"231206","image09","ch1",15,1.23627536614648
"231206","image09","ch1",16,1.22141531257475
"231206","image09","ch1",17,1.19787516853757
"231206","image09","ch1",18,1.17298443144179
"231206","image09","ch1",19,1.15677102422752
"231206","image09","ch1",20,1.14182997467081
"231206","image09","ch1",21,1.13833969147743
"231206","image09","ch1",22,1.13926501884484
"231206","image09","ch1",23,1.13566755937465
"231206","image09","ch1",24,1.12616302730769
"231206","image09","ch1",25,1.11444753904794
"231206","image09","ch1",26,1.10145758875108
"231206","image09","ch1",27,1.08714466254874
"231206","image09","ch1",28,1.07546231260999
"231206","image09","ch1",29,1.06351370208869
"231206","image09","ch1",30,1.0522929693008
"231206","image09","ch1",31,1.04389441314045
"231206","image09","ch1",32,1.03645023836196
"231206","image09","ch1",33,1.03139943327895
"231206","image09","ch1",34,1.02791744315122
"231206","image09","ch1",35,1.02992896978301
"231206","image09","ch1",36,1.03009005664348
"231206","image09","ch1",37,1.03050317123985
"231206","image09","ch1",38,1.02875337964319
"231206","image09","ch1",39,1.03154296101542
"231206","image09","ch1",40,1.03369734786544
"231206","image09","ch1",41,1.03984252082593
"231206","image09","ch1",42,1.04735652480113
"231206","image09","ch1",43,1.05844808715174
"231206","image09","ch1",44,1.07324328962892
"231206","image09","ch1",45,1.08366994723849
"231206","image09","ch1",46,1.08725978116128
"231206","image09","ch1",47,1.07922925383112
"231206","image09","ch1",48,1.07840646405441
"231206","image09","ch1",49,1.08699505926486
"231206","image09","ch1",50,1.10865050513673
"231206","image09","ch1",51,1.13500474769929
"231206","image09","ch1",52,1.15150885345219
"231206","image09","ch1",53,1.15263096293535
"231206","image09","ch1",54,1.14604693632754
"231206","image09","ch1",55,1.1496794122209
"231206","image09","ch1",56,1.15604677824591
"231206","image09","ch1",57,1.16276858514498
"231206","image09","ch1",58,1.16413829864145
"231206","image09","ch1",59,1.16814930263502
"231206","image09","ch1",60,1.16986970080118
"231206","image09","ch1",61,1.17412123764021
"231206","image09","ch1",62,1.18295433686397
"231206","image09","ch1",63,1.19223458280072
"231206","image09","ch1",64,1.19903041634174
"231206","image09","ch1",65,1.20740511155331
"231206","image09","ch1",66,1.2152075965489
"231206","image09","ch1",67,1.20407271339559
"231206","image09","ch1",68,1.17864126389388
"231206","image09","ch1",69,1.15672284977522
"231206","image09","ch1",70,1.14225104291678
"231206","image09","ch1",71,1.12762146416136
"231206","image09","ch1",72,1.1168507404952
"231206","image09","ch1",73,1.1130366204422
"231206","image09","ch1",74,1.1040466318032
"231206","image09","ch1",75,1.09994225445245
"231206","image09","ch1",76,1.1024932942201
"231206","image09","ch1",77,1.10387957122013
"231206","image09","ch1",78,1.0965824541051
"231206","image09","ch1",79,1.07465156078942
"231206","image09","ch1",80,1.05445751600478
"231206","image09","ch1",81,1.03905629747238
"231206","image09","ch1",82,1.02428208222137
"231206","image09","ch1",83,1.00995037499724
"231206","image09","ch1",84,0.997743333090429
"231206","image09","ch1",85,0.985855591181948
"231206","image09","ch1",86,0.974809759488032
"231206","image09","ch1",87,0.9634786599124
"231206","image09","ch1",88,0.945366084094947
"231206","image09","ch1",89,0.927740649515817
"231206","image09","ch1",90,0.922142762318887
"231206","image09","ch1",91,NA
"231206","image09","ch2",-90,0.93667946713025
"231206","image09","ch2",-89,0.931197221031848
"231206","image09","ch2",-88,0.927234655504382
"231206","image09","ch2",-87,0.927670183039635
"231206","image09","ch2",-86,0.930932454688145
"231206","image09","ch2",-85,0.935855522308183
"231206","image09","ch2",-84,0.939799094430595
"231206","image09","ch2",-83,0.940750623826146
"231206","image09","ch2",-82,0.938595281507437
"231206","image09","ch2",-81,0.936823805523612
"231206","image09","ch2",-80,0.93408720471371
"231206","image09","ch2",-79,0.934773048961383
"231206","image09","ch2",-78,0.940403911635087
"231206","image09","ch2",-77,0.94912438973214
"231206","image09","ch2",-76,0.95572598337302
"231206","image09","ch2",-75,0.961360693539207
"231206","image09","ch2",-74,0.963788935054199
"231206","image09","ch2",-73,0.965978409512376
"231206","image09","ch2",-72,0.966449547887568
"231206","image09","ch2",-71,0.969518626601974
"231206","image09","ch2",-70,0.970748101438612
"231206","image09","ch2",-69,0.973085345449493
"231206","image09","ch2",-68,0.971159094031131
"231206","image09","ch2",-67,0.968453682316074
"231206","image09","ch2",-66,0.965358805303193
"231206","image09","ch2",-65,0.964441766954991
"231206","image09","ch2",-64,0.965812134669336
"231206","image09","ch2",-63,0.969660510065431
"231206","image09","ch2",-62,0.978368656087698
"231206","image09","ch2",-61,0.987187690288831
"231206","image09","ch2",-60,0.993800567993486
"231206","image09","ch2",-59,0.992407696755012
"231206","image09","ch2",-58,0.984113845277768
"231206","image09","ch2",-57,0.971073501679706
"231206","image09","ch2",-56,0.957483792144742
"231206","image09","ch2",-55,0.949241522908134
"231206","image09","ch2",-54,0.949220074573174
"231206","image09","ch2",-53,0.95328141154945
"231206","image09","ch2",-52,0.964914305070918
"231206","image09","ch2",-51,0.977611231252268
"231206","image09","ch2",-50,0.98801114699618
"231206","image09","ch2",-49,0.995129510560223
"231206","image09","ch2",-48,0.997974558975403
"231206","image09","ch2",-47,0.996444922299852
"231206","image09","ch2",-46,0.995791315158037
"231206","image09","ch2",-45,0.998793945667383
"231206","image09","ch2",-44,1.00184123149526
"231206","image09","ch2",-43,1.00918608028844
"231206","image09","ch2",-42,1.01693316432184
"231206","image09","ch2",-41,1.02256801805118
"231206","image09","ch2",-40,1.03285633497862
"231206","image09","ch2",-39,1.04228194503286
"231206","image09","ch2",-38,1.05377954463956
"231206","image09","ch2",-37,1.06637594790164
"231206","image09","ch2",-36,1.08526326696479
"231206","image09","ch2",-35,1.11556581627597
"231206","image09","ch2",-34,1.14654090153061
"231206","image09","ch2",-33,1.17446477450516
"231206","image09","ch2",-32,1.19226323883938
"231206","image09","ch2",-31,1.19526937228964
"231206","image09","ch2",-30,1.18678919019697
"231206","image09","ch2",-29,1.1766078493525
"231206","image09","ch2",-28,1.17195921705447
"231206","image09","ch2",-27,1.17061863869424
"231206","image09","ch2",-26,1.17290808335355
"231206","image09","ch2",-25,1.17847963291086
"231206","image09","ch2",-24,1.18516471570299
"231206","image09","ch2",-23,1.19011567764352
"231206","image09","ch2",-22,1.18797625647841
"231206","image09","ch2",-21,1.1855394657777
"231206","image09","ch2",-20,1.18307897997869
"231206","image09","ch2",-19,1.18300257566901
"231206","image09","ch2",-18,1.18817939833897
"231206","image09","ch2",-17,1.20009107714597
"231206","image09","ch2",-16,1.2196539398006
"231206","image09","ch2",-15,1.24575032562743
"231206","image09","ch2",-14,1.27840673638439
"231206","image09","ch2",-13,1.30679845295977
"231206","image09","ch2",-12,1.33144056558788
"231206","image09","ch2",-11,1.34280813286935
"231206","image09","ch2",-10,1.33773533605958
"231206","image09","ch2",-9,1.31288152520703
"231206","image09","ch2",-8,1.2831507735753
"231206","image09","ch2",-7,1.25409171086442
"231206","image09","ch2",-6,1.23319093294603
"231206","image09","ch2",-5,1.22018767171021
"231206","image09","ch2",-4,1.21546860015149
"231206","image09","ch2",-3,1.21605687170268
"231206","image09","ch2",-2,1.2189019129397
"231206","image09","ch2",-1,1.22224522598771
"231206","image09","ch2",0,1.22182687578363
"231206","image09","ch2",1,1.21565828296652
"231206","image09","ch2",2,1.20089188676603
"231206","image09","ch2",3,1.17783906848144
"231206","image09","ch2",4,1.15691635411337
"231206","image09","ch2",5,1.13757177923187
"231206","image09","ch2",6,1.1179204457846
"231206","image09","ch2",7,1.09957233556534
"231206","image09","ch2",8,1.08175269566615
"231206","image09","ch2",9,1.06985784963876
"231206","image09","ch2",10,1.06245859758901
"231206","image09","ch2",11,1.05559988234229
"231206","image09","ch2",12,1.04878651869539
"231206","image09","ch2",13,1.04161747733857
"231206","image09","ch2",14,1.03941334508254
"231206","image09","ch2",15,1.04260692176265
"231206","image09","ch2",16,1.05174267063417
"231206","image09","ch2",17,1.06363598053582
"231206","image09","ch2",18,1.0732650913585
"231206","image09","ch2",19,1.07934590966427
"231206","image09","ch2",20,1.08356665916491
"231206","image09","ch2",21,1.0897278871923
"231206","image09","ch2",22,1.0913739535844
"231206","image09","ch2",23,1.08463545812145
"231206","image09","ch2",24,1.06662206539186
"231206","image09","ch2",25,1.04026351171438
"231206","image09","ch2",26,1.01529410381157
"231206","image09","ch2",27,0.995654556899118
"231206","image09","ch2",28,0.981224636836928
"231206","image09","ch2",29,0.972780769043646
"231206","image09","ch2",30,0.970461183300503
"231206","image09","ch2",31,0.97090091723612
"231206","image09","ch2",32,0.966026431386834
"231206","image09","ch2",33,0.9545856756103
"231206","image09","ch2",34,0.939432828938188
"231206","image09","ch2",35,0.923380250455889
"231206","image09","ch2",36,0.908839291473521
"231206","image09","ch2",37,0.899248885276708
"231206","image09","ch2",38,0.892621701503923
"231206","image09","ch2",39,0.887986111918288
"231206","image09","ch2",40,0.885207734231054
"231206","image09","ch2",41,0.887167076956031
"231206","image09","ch2",42,0.887769159282472
"231206","image09","ch2",43,0.888512629779494
"231206","image09","ch2",44,0.89456450575375
"231206","image09","ch2",45,0.903245661903377
"231206","image09","ch2",46,0.914541024097378
"231206","image09","ch2",47,0.930488729696893
"231206","image09","ch2",48,0.946504433983514
"231206","image09","ch2",49,0.95760450004323
"231206","image09","ch2",50,0.969420494009192
"231206","image09","ch2",51,0.972952929975932
"231206","image09","ch2",52,0.967764816064044
"231206","image09","ch2",53,0.955329641400198
"231206","image09","ch2",54,0.941668781966935
"231206","image09","ch2",55,0.929714486438167
"231206","image09","ch2",56,0.916141810671228
"231206","image09","ch2",57,0.904445124863018
"231206","image09","ch2",58,0.892120637389626
"231206","image09","ch2",59,0.881911811379636
"231206","image09","ch2",60,0.87574700862975
"231206","image09","ch2",61,0.872415259593665
"231206","image09","ch2",62,0.867369452656534
"231206","image09","ch2",63,0.8593865517891
"231206","image09","ch2",64,0.849068301944396
"231206","image09","ch2",65,0.837247613463353
"231206","image09","ch2",66,0.824254380113731
"231206","image09","ch2",67,0.814124556906473
"231206","image09","ch2",68,0.811438842055918
"231206","image09","ch2",69,0.817572247544388
"231206","image09","ch2",70,0.828798139528972
"231206","image09","ch2",71,0.836073733457458
"231206","image09","ch2",72,0.832453953668834
"231206","image09","ch2",73,0.822949692541582
"231206","image09","ch2",74,0.810767928376088
"231206","image09","ch2",75,0.800560990221551
"231206","image09","ch2",76,0.793812122320843
"231206","image09","ch2",77,0.791296472380549
"231206","image09","ch2",78,0.788617770589986
"231206","image09","ch2",79,0.783321288032554
"231206","image09","ch2",80,0.775819618029921
"231206","image09","ch2",81,0.764090271604554
"231206","image09","ch2",82,0.753149259161315
"231206","image09","ch2",83,0.743640447082134
"231206","image09","ch2",84,0.735688039028257
"231206","image09","ch2",85,0.729146598348207
"231206","image09","ch2",86,0.721852563732803
"231206","image09","ch2",87,0.713542518331975
"231206","image09","ch2",88,0.707574267893957
"231206","image09","ch2",89,0.706780679500453
"231206","image09","ch2",90,0.710669288469991
"231206","image09","ch2",91,NA
"231206","image10","ch1",-90,0.616115611656613
"231206","image10","ch1",-89,0.614245219087062
"231206","image10","ch1",-88,0.614895264984904
"231206","image10","ch1",-87,0.619760338683139
"231206","image10","ch1",-86,0.63043196455405
"231206","image10","ch1",-85,0.643059961271112
"231206","image10","ch1",-84,0.653359385112173
"231206","image10","ch1",-83,0.660266611784998
"231206","image10","ch1",-82,0.663134232494779
"231206","image10","ch1",-81,0.661820410327928
"231206","image10","ch1",-80,0.650450104712729
"231206","image10","ch1",-79,0.634939372980481
"231206","image10","ch1",-78,0.622410823380308
"231206","image10","ch1",-77,0.618354196115864
"231206","image10","ch1",-76,0.619497489252233
"231206","image10","ch1",-75,0.618950192298631
"231206","image10","ch1",-74,0.619589068648499
"231206","image10","ch1",-73,0.619277105897868
"231206","image10","ch1",-72,0.616514195613922
"231206","image10","ch1",-71,0.616535739220112
"231206","image10","ch1",-70,0.621004408385033
"231206","image10","ch1",-69,0.629780534721972
"231206","image10","ch1",-68,0.638558775100186
"231206","image10","ch1",-67,0.64381004273032
"231206","image10","ch1",-66,0.643190051089368
"231206","image10","ch1",-65,0.64290246519612
"231206","image10","ch1",-64,0.642083797263792
"231206","image10","ch1",-63,0.643996481555964
"231206","image10","ch1",-62,0.64826206109592
"231206","image10","ch1",-61,0.649715399089805
"231206","image10","ch1",-60,0.646826114905514
"231206","image10","ch1",-59,0.640936886283591
"231206","image10","ch1",-58,0.63481146258622
"231206","image10","ch1",-57,0.629916803207254
"231206","image10","ch1",-56,0.62397648888689
"231206","image10","ch1",-55,0.616332911126025
"231206","image10","ch1",-54,0.61216561271112
"231206","image10","ch1",-53,0.609424038988084
"231206","image10","ch1",-52,0.609319165105449
"231206","image10","ch1",-51,0.614616407684755
"231206","image10","ch1",-50,0.62109113856291
"231206","image10","ch1",-49,0.628979051547844
"231206","image10","ch1",-48,0.636994286482561
"231206","image10","ch1",-47,0.642730225317802
"231206","image10","ch1",-46,0.643628703756823
"231206","image10","ch1",-45,0.64265818445765
"231206","image10","ch1",-44,0.639509298184206
"231206","image10","ch1",-43,0.634872377486878
"231206","image10","ch1",-42,0.628777389445595
"231206","image10","ch1",-41,0.623979354829443
"231206","image10","ch1",-40,0.619269020234847
"231206","image10","ch1",-39,0.616347229941672
"231206","image10","ch1",-38,0.612167792135115
"231206","image10","ch1",-37,0.606367266069785
"231206","image10","ch1",-36,0.601363254091874
"231206","image10","ch1",-35,0.60091529528396
"231206","image10","ch1",-34,0.601506605705139
"231206","image10","ch1",-33,0.605042633959919
"231206","image10","ch1",-32,0.613045097470026
"231206","image10","ch1",-31,0.621267105256259
"231206","image10","ch1",-30,0.621580451941127
"231206","image10","ch1",-29,0.612990557384553
"231206","image10","ch1",-28,0.602770355605707
"231206","image10","ch1",-27,0.596615139182325
"231206","image10","ch1",-26,0.593660831883147
"231206","image10","ch1",-25,0.592484771107014
"231206","image10","ch1",-24,0.590699354279025
"231206","image10","ch1",-23,0.591648809445287
"231206","image10","ch1",-22,0.595148016331673
"231206","image10","ch1",-21,0.602296592417694
"231206","image10","ch1",-20,0.61002093963181
"231206","image10","ch1",-19,0.621598061687006
"231206","image10","ch1",-18,0.636343172666962
"231206","image10","ch1",-17,0.648670539638166
"231206","image10","ch1",-16,0.655184870650308
"231206","image10","ch1",-15,0.656707754063871
"231206","image10","ch1",-14,0.656589149810068
"231206","image10","ch1",-13,0.661101560014567
"231206","image10","ch1",-12,0.665951366847718
"231206","image10","ch1",-11,0.671638083392034
"231206","image10","ch1",-10,0.672464357514104
"231206","image10","ch1",-9,0.671062628280419
"231206","image10","ch1",-8,0.672522090455729
"231206","image10","ch1",-7,0.679373654639724
"231206","image10","ch1",-6,0.691190753071
"231206","image10","ch1",-5,0.697529487891873
"231206","image10","ch1",-4,0.697073279964138
"231206","image10","ch1",-3,0.696907273238446
"231206","image10","ch1",-2,0.702504284691132
"231206","image10","ch1",-1,0.712972221595479
"231206","image10","ch1",0,0.725510774751789
"231206","image10","ch1",1,0.736572789945789
"231206","image10","ch1",2,0.739867414301773
"231206","image10","ch1",3,0.739404014274855
"231206","image10","ch1",4,0.742653895056223
"231206","image10","ch1",5,0.756470887430827
"231206","image10","ch1",6,0.778908678594253
"231206","image10","ch1",7,0.808780038222395
"231206","image10","ch1",8,0.846947843863316
"231206","image10","ch1",9,0.885483154875379
"231206","image10","ch1",10,0.919974566459128
"231206","image10","ch1",11,0.962807265704352
"231206","image10","ch1",12,1.01322517773586
"231206","image10","ch1",13,1.07462746298154
"231206","image10","ch1",14,1.14523579863852
"231206","image10","ch1",15,1.23111436658992
"231206","image10","ch1",16,1.33094252307176
"231206","image10","ch1",17,1.41767263556644
"231206","image10","ch1",18,1.49497684825434
"231206","image10","ch1",19,1.55086907016762
"231206","image10","ch1",20,1.58261640169074
"231206","image10","ch1",21,1.58550360452511
"231206","image10","ch1",22,1.5745518899795
"231206","image10","ch1",23,1.56830892994608
"231206","image10","ch1",24,1.58578752898605
"231206","image10","ch1",25,1.62455881713116
"231206","image10","ch1",26,1.67240558639603
"231206","image10","ch1",27,1.72232024763287
"231206","image10","ch1",28,1.75741216680706
"231206","image10","ch1",29,1.77988077502577
"231206","image10","ch1",30,1.80303619602512
"231206","image10","ch1",31,1.82106028309678
"231206","image10","ch1",32,1.83320503613145
"231206","image10","ch1",33,1.83106626929117
"231206","image10","ch1",34,1.82378989178208
"231206","image10","ch1",35,1.82054778064726
"231206","image10","ch1",36,1.81472058932935
"231206","image10","ch1",37,1.80179323782947
"231206","image10","ch1",38,1.79208586541374
"231206","image10","ch1",39,1.80044429424494
"231206","image10","ch1",40,1.80162382030522
"231206","image10","ch1",41,1.78337732301489
"231206","image10","ch1",42,1.74471361123816
"231206","image10","ch1",43,1.70853985868426
"231206","image10","ch1",44,1.67996747934557
"231206","image10","ch1",45,1.66977505432554
"231206","image10","ch1",46,1.68110124839908
"231206","image10","ch1",47,1.69015257060386
"231206","image10","ch1",48,1.69706414522755
"231206","image10","ch1",49,1.68932814899218
"231206","image10","ch1",50,1.6650370410462
"231206","image10","ch1",51,1.62592575186077
"231206","image10","ch1",52,1.57204183646744
"231206","image10","ch1",53,1.52025763263641
"231206","image10","ch1",54,1.48107801850873
"231206","image10","ch1",55,1.44585361214989
"231206","image10","ch1",56,1.41558749345355
"231206","image10","ch1",57,1.39224956748887
"231206","image10","ch1",58,1.37534753506675
"231206","image10","ch1",59,1.37970979385512
"231206","image10","ch1",60,1.39930886347094
"231206","image10","ch1",61,1.42528092845283
"231206","image10","ch1",62,1.44161331392828
"231206","image10","ch1",63,1.4362011394246
"231206","image10","ch1",64,1.41955728156892
"231206","image10","ch1",65,1.40091905460974
"231206","image10","ch1",66,1.37958336546918
"231206","image10","ch1",67,1.34277706779211
"231206","image10","ch1",68,1.29018175863002
"231206","image10","ch1",69,1.2320440325863
"231206","image10","ch1",70,1.19858316163855
"231206","image10","ch1",71,1.1924142693296
"231206","image10","ch1",72,1.20242227149118
"231206","image10","ch1",73,1.20418379093506
"231206","image10","ch1",74,1.19492965153332
"231206","image10","ch1",75,1.17917990237155
"231206","image10","ch1",76,1.16020390828164
"231206","image10","ch1",77,1.16134236309674
"231206","image10","ch1",78,1.17117435497649
"231206","image10","ch1",79,1.18184363796661
"231206","image10","ch1",80,1.19521548299025
"231206","image10","ch1",81,1.20738173604263
"231206","image10","ch1",82,1.20340077837929
"231206","image10","ch1",83,1.18334943469605
"231206","image10","ch1",84,1.15083111014049
"231206","image10","ch1",85,1.10317206556142
"231206","image10","ch1",86,1.0505428118706
"231206","image10","ch1",87,0.997135536504962
"231206","image10","ch1",88,0.946846286768997
"231206","image10","ch1",89,0.899482020182358
"231206","image10","ch1",90,0.859977562908239
"231206","image10","ch1",91,NA
"231206","image10","ch2",-90,1.17375415158573
"231206","image10","ch2",-89,1.17082228831486
"231206","image10","ch2",-88,1.16563326954516
"231206","image10","ch2",-87,1.15812190905109
"231206","image10","ch2",-86,1.15551978889081
"231206","image10","ch2",-85,1.15880653589266
"231206","image10","ch2",-84,1.16715620285476
"231206","image10","ch2",-83,1.16667586663669
"231206","image10","ch2",-82,1.15636428158704
"231206","image10","ch2",-81,1.14376488689284
"231206","image10","ch2",-80,1.1307097558006
"231206","image10","ch2",-79,1.11652443115308
"231206","image10","ch2",-78,1.10682921339073
"231206","image10","ch2",-77,1.10509631764925
"231206","image10","ch2",-76,1.11281661173555
"231206","image10","ch2",-75,1.12422913436148
"231206","image10","ch2",-74,1.13406399732211
"231206","image10","ch2",-73,1.13543235406813
"231206","image10","ch2",-72,1.12456275540618
"231206","image10","ch2",-71,1.10909242321524
"231206","image10","ch2",-70,1.09959106258704
"231206","image10","ch2",-69,1.0956244504246
"231206","image10","ch2",-68,1.09301744987107
"231206","image10","ch2",-67,1.09111851523699
"231206","image10","ch2",-66,1.08412678472179
"231206","image10","ch2",-65,1.07814646954232
"231206","image10","ch2",-64,1.07877731972635
"231206","image10","ch2",-63,1.08563013050712
"231206","image10","ch2",-62,1.09454759824853
"231206","image10","ch2",-61,1.09835963384739
"231206","image10","ch2",-60,1.09719659656454
"231206","image10","ch2",-59,1.09698676603518
"231206","image10","ch2",-58,1.0931639012394
"231206","image10","ch2",-57,1.09257292518727
"231206","image10","ch2",-56,1.08712962473886
"231206","image10","ch2",-55,1.08218006180459
"231206","image10","ch2",-54,1.07817287642689
"231206","image10","ch2",-53,1.07737469470555
"231206","image10","ch2",-52,1.07146027802524
"231206","image10","ch2",-51,1.05780463432865
"231206","image10","ch2",-50,1.04026661141911
"231206","image10","ch2",-49,1.02971988374645
"231206","image10","ch2",-48,1.02512713031995
"231206","image10","ch2",-47,1.03069157004304
"231206","image10","ch2",-46,1.03523918642708
"231206","image10","ch2",-45,1.03437666265632
"231206","image10","ch2",-44,1.02708158272484
"231206","image10","ch2",-43,1.02133969454114
"231206","image10","ch2",-42,1.02016610505666
"231206","image10","ch2",-41,1.0196443514472
"231206","image10","ch2",-40,1.01607545176409
"231206","image10","ch2",-39,1.01065726555555
"231206","image10","ch2",-38,1.00373193476909
"231206","image10","ch2",-37,0.998146812730811
"231206","image10","ch2",-36,1.00051249762337
"231206","image10","ch2",-35,1.00886467073336
"231206","image10","ch2",-34,1.02659841060258
"231206","image10","ch2",-33,1.06414561056949
"231206","image10","ch2",-32,1.10517245178399
"231206","image10","ch2",-31,1.11421343304546
"231206","image10","ch2",-30,1.09093212378549
"231206","image10","ch2",-29,1.06061902521491
"231206","image10","ch2",-28,1.04537023649714
"231206","image10","ch2",-27,1.03761942016764
"231206","image10","ch2",-26,1.03279215725022
"231206","image10","ch2",-25,1.02356645969928
"231206","image10","ch2",-24,1.01451168143419
"231206","image10","ch2",-23,1.01120336837026
"231206","image10","ch2",-22,1.01531127451249
"231206","image10","ch2",-21,1.02461111447012
"231206","image10","ch2",-20,1.03606467197013
"231206","image10","ch2",-19,1.04313620351013
"231206","image10","ch2",-18,1.04671528606781
"231206","image10","ch2",-17,1.05470543952047
"231206","image10","ch2",-16,1.06374880821755
"231206","image10","ch2",-15,1.07125572359669
"231206","image10","ch2",-14,1.0723844266535
"231206","image10","ch2",-13,1.06790496430172
"231206","image10","ch2",-12,1.06377727278144
"231206","image10","ch2",-11,1.06589602296567
"231206","image10","ch2",-10,1.07071066281189
"231206","image10","ch2",-9,1.06745617916651
"231206","image10","ch2",-8,1.0616912476125
"231206","image10","ch2",-7,1.06165736185503
"231206","image10","ch2",-6,1.07112143364073
"231206","image10","ch2",-5,1.08078581259383
"231206","image10","ch2",-4,1.08097412982212
"231206","image10","ch2",-3,1.07091958321386
"231206","image10","ch2",-2,1.05902259582097
"231206","image10","ch2",-1,1.051015835841
"231206","image10","ch2",0,1.05139910499435
"231206","image10","ch2",1,1.04851136311653
"231206","image10","ch2",2,1.03671394893625
"231206","image10","ch2",3,1.02610319578022
"231206","image10","ch2",4,1.01943148715987
"231206","image10","ch2",5,1.012242417284
"231206","image10","ch2",6,1.00554997358745
"231206","image10","ch2",7,1.00128768873542
"231206","image10","ch2",8,1.0017476723946
"231206","image10","ch2",9,1.00607210971422
"231206","image10","ch2",10,1.01327109865963
"231206","image10","ch2",11,1.01890581604556
"231206","image10","ch2",12,1.01764050154843
"231206","image10","ch2",13,1.01378505683014
"231206","image10","ch2",14,1.01331128935758
"231206","image10","ch2",15,1.02210954360111
"231206","image10","ch2",16,1.04111586579632
"231206","image10","ch2",17,1.05281133251863
"231206","image10","ch2",18,1.05950210105317
"231206","image10","ch2",19,1.06141314433862
"231206","image10","ch2",20,1.06813090012881
"231206","image10","ch2",21,1.08082522506691
"231206","image10","ch2",22,1.09427901833662
"231206","image10","ch2",23,1.10466917771763
"231206","image10","ch2",24,1.11203858471932
"231206","image10","ch2",25,1.11905428192246
"231206","image10","ch2",26,1.12781446909862
"231206","image10","ch2",27,1.13506653561821
"231206","image10","ch2",28,1.13320958555635
"231206","image10","ch2",29,1.12277009463273
"231206","image10","ch2",30,1.10620126506215
"231206","image10","ch2",31,1.0859698058775
"231206","image10","ch2",32,1.07020282491833
"231206","image10","ch2",33,1.05790845480241
"231206","image10","ch2",34,1.04339324195152
"231206","image10","ch2",35,1.02303684469961
"231206","image10","ch2",36,0.996858125107082
"231206","image10","ch2",37,0.969808189367709
"231206","image10","ch2",38,0.948250371199526
"231206","image10","ch2",39,0.937960879822033
"231206","image10","ch2",40,0.930564683418465
"231206","image10","ch2",41,0.930897658140813
"231206","image10","ch2",42,0.935505356122866
"231206","image10","ch2",43,0.938608099108841
"231206","image10","ch2",44,0.941718940909564
"231206","image10","ch2",45,0.942220856379964
"231206","image10","ch2",46,0.946474462046163
"231206","image10","ch2",47,0.947554994302542
"231206","image10","ch2",48,0.946600363001828
"231206","image10","ch2",49,0.93716714321563
"231206","image10","ch2",50,0.92372191041949
"231206","image10","ch2",51,0.916964043072859
"231206","image10","ch2",52,0.919468251992283
"231206","image10","ch2",53,0.92832453015451
"231206","image10","ch2",54,0.942756908222629
"231206","image10","ch2",55,0.954994467923034
"231206","image10","ch2",56,0.959556052783976
"231206","image10","ch2",57,0.953371512932258
"231206","image10","ch2",58,0.936549496473883
"231206","image10","ch2",59,0.908050189460503
"231206","image10","ch2",60,0.873014413480882
"231206","image10","ch2",61,0.845116252203954
"231206","image10","ch2",62,0.831071469691857
"231206","image10","ch2",63,0.824969500817872
"231206","image10","ch2",64,0.823219286275471
"231206","image10","ch2",65,0.817464326551998
"231206","image10","ch2",66,0.810497842179196
"231206","image10","ch2",67,0.805495650139308
"231206","image10","ch2",68,0.801619918813381
"231206","image10","ch2",69,0.793694437166442
"231206","image10","ch2",70,0.778311371682968
"231206","image10","ch2",71,0.759630677239716
"231206","image10","ch2",72,0.746902664397928
"231206","image10","ch2",73,0.737395051590258
"231206","image10","ch2",74,0.728030684919678
"231206","image10","ch2",75,0.715973000686262
"231206","image10","ch2",76,0.699903883813992
"231206","image10","ch2",77,0.689749579329595
"231206","image10","ch2",78,0.686726254851118
"231206","image10","ch2",79,0.692764857754332
"231206","image10","ch2",80,0.706812660834145
"231206","image10","ch2",81,0.722531286329366
"231206","image10","ch2",82,0.734555150756567
"231206","image10","ch2",83,0.743355713294202
"231206","image10","ch2",84,0.746627581691757
"231206","image10","ch2",85,0.743034200900872
"231206","image10","ch2",86,0.740251954658821
"231206","image10","ch2",87,0.741158903198432
"231206","image10","ch2",88,0.751458959967805
"231206","image10","ch2",89,0.758155782828022
"231206","image10","ch2",90,0.750854384765823
"231206","image10","ch2",91,NA
"231206","image11","ch1",-90,0.704721091727144
"231206","image11","ch1",-89,0.709046062230016
"231206","image11","ch1",-88,0.708056923825218
"231206","image11","ch1",-87,0.703983426369021
"231206","image11","ch1",-86,0.702221551651662
"231206","image11","ch1",-85,0.70123235780748
"231206","image11","ch1",-84,0.699452287884232
"231206","image11","ch1",-83,0.696094579405157
"231206","image11","ch1",-82,0.695255681731507
"231206","image11","ch1",-81,0.698897195506115
"231206","image11","ch1",-80,0.7082586566564
"231206","image11","ch1",-79,0.715610706238929
"231206","image11","ch1",-78,0.718589541966465
"231206","image11","ch1",-77,0.717317474208404
"231206","image11","ch1",-76,0.710822450978155
"231206","image11","ch1",-75,0.70092364914057
"231206","image11","ch1",-74,0.691076716390831
"231206","image11","ch1",-73,0.686611739267132
"231206","image11","ch1",-72,0.684451931737952
"231206","image11","ch1",-71,0.686787038599933
"231206","image11","ch1",-70,0.691274435410598
"231206","image11","ch1",-69,0.696059663680996
"231206","image11","ch1",-68,0.698737530079655
"231206","image11","ch1",-67,0.70219003990569
"231206","image11","ch1",-66,0.705255072787762
"231206","image11","ch1",-65,0.703749494343503
"231206","image11","ch1",-64,0.69751434877057
"231206","image11","ch1",-63,0.690309180292508
"231206","image11","ch1",-62,0.686315160737482
"231206","image11","ch1",-61,0.686641565655825
"231206","image11","ch1",-60,0.687175713034595
"231206","image11","ch1",-59,0.687699027557696
"231206","image11","ch1",-58,0.687603361356341
"231206","image11","ch1",-57,0.691194037215649
"231206","image11","ch1",-56,0.698569049791109
"231206","image11","ch1",-55,0.707905984557829
"231206","image11","ch1",-54,0.724180958673842
"231206","image11","ch1",-53,0.740054219012032
"231206","image11","ch1",-52,0.752558239479236
"231206","image11","ch1",-51,0.758506763435919
"231206","image11","ch1",-50,0.754408528926497
"231206","image11","ch1",-49,0.74570481171809
"231206","image11","ch1",-48,0.740676559363168
"231206","image11","ch1",-47,0.738196356544891
"231206","image11","ch1",-46,0.73804156978424
"231206","image11","ch1",-45,0.73783025702747
"231206","image11","ch1",-44,0.732237487599119
"231206","image11","ch1",-43,0.727549123020774
"231206","image11","ch1",-42,0.722682199273838
"231206","image11","ch1",-41,0.715630520274837
"231206","image11","ch1",-40,0.71116981198372
"231206","image11","ch1",-39,0.712668793141261
"231206","image11","ch1",-38,0.718993051980336
"231206","image11","ch1",-37,0.728739606181065
"231206","image11","ch1",-36,0.738048388828495
"231206","image11","ch1",-35,0.742007869647172
"231206","image11","ch1",-34,0.746640140656596
"231206","image11","ch1",-33,0.751349505673671
"231206","image11","ch1",-32,0.753138079998454
"231206","image11","ch1",-31,0.749625739989003
"231206","image11","ch1",-30,0.742648826543518
"231206","image11","ch1",-29,0.743519612950952
"231206","image11","ch1",-28,0.747607347241009
"231206","image11","ch1",-27,0.75435855586559
"231206","image11","ch1",-26,0.758179593454074
"231206","image11","ch1",-25,0.755747356790996
"231206","image11","ch1",-24,0.74434926333532
"231206","image11","ch1",-23,0.733119639080312
"231206","image11","ch1",-22,0.73033835605439
"231206","image11","ch1",-21,0.736336808720471
"231206","image11","ch1",-20,0.74458227506706
"231206","image11","ch1",-19,0.753257352289595
"231206","image11","ch1",-18,0.75382857752851
"231206","image11","ch1",-17,0.750158423768031
"231206","image11","ch1",-16,0.747042719288812
"231206","image11","ch1",-15,0.74966964798128
"231206","image11","ch1",-14,0.755190202067788
"231206","image11","ch1",-13,0.759405701962643
"231206","image11","ch1",-12,0.764658206626604
"231206","image11","ch1",-11,0.766907670727892
"231206","image11","ch1",-10,0.769612347612745
"231206","image11","ch1",-9,0.771300975815714
"231206","image11","ch1",-8,0.773758226728937
"231206","image11","ch1",-7,0.774185664381024
"231206","image11","ch1",-6,0.773157973428462
"231206","image11","ch1",-5,0.773865424322203
"231206","image11","ch1",-4,0.776479524341169
"231206","image11","ch1",-3,0.7807451081757
"231206","image11","ch1",-2,0.790032934735906
"231206","image11","ch1",-1,0.804679332589902
"231206","image11","ch1",0,0.819334811415027
"231206","image11","ch1",1,0.836459848696665
"231206","image11","ch1",2,0.849409213737049
"231206","image11","ch1",3,0.85995769863005
"231206","image11","ch1",4,0.871548920724483
"231206","image11","ch1",5,0.888436267190355
"231206","image11","ch1",6,0.910859990142983
"231206","image11","ch1",7,0.93653383590573
"231206","image11","ch1",8,0.962876313905411
"231206","image11","ch1",9,0.974243006493884
"231206","image11","ch1",10,0.97138550540258
"231206","image11","ch1",11,0.968095521675229
"231206","image11","ch1",12,0.974463466749044
"231206","image11","ch1",13,0.98802890749015
"231206","image11","ch1",14,1.010222412856
"231206","image11","ch1",15,1.04209767487034
"231206","image11","ch1",16,1.07495970248384
"231206","image11","ch1",17,1.09849761291623
"231206","image11","ch1",18,1.11528047831867
"231206","image11","ch1",19,1.13186410566221
"231206","image11","ch1",20,1.14830621843367
"231206","image11","ch1",21,1.16338648490832
"231206","image11","ch1",22,1.17224065351753
"231206","image11","ch1",23,1.16960014217594
"231206","image11","ch1",24,1.15595880491788
"231206","image11","ch1",25,1.15383672943358
"231206","image11","ch1",26,1.17213562914812
"231206","image11","ch1",27,1.19980226575125
"231206","image11","ch1",28,1.21601969378648
"231206","image11","ch1",29,1.21447941028771
"231206","image11","ch1",30,1.21038598791684
"231206","image11","ch1",31,1.20830072418364
"231206","image11","ch1",32,1.21417665581067
"231206","image11","ch1",33,1.23367951045586
"231206","image11","ch1",34,1.25692919152987
"231206","image11","ch1",35,1.27772773111079
"231206","image11","ch1",36,1.30026048115636
"231206","image11","ch1",37,1.31962572416213
"231206","image11","ch1",38,1.33745185898408
"231206","image11","ch1",39,1.34620153544198
"231206","image11","ch1",40,1.34610355187437
"231206","image11","ch1",41,1.3400636859883
"231206","image11","ch1",42,1.32874398382186
"231206","image11","ch1",43,1.33548614473894
"231206","image11","ch1",44,1.35191169222241
"231206","image11","ch1",45,1.36982889177683
"231206","image11","ch1",46,1.37710152998545
"231206","image11","ch1",47,1.38039193505212
"231206","image11","ch1",48,1.38440090106512
"231206","image11","ch1",49,1.38712642315843
"231206","image11","ch1",50,1.39406489493492
"231206","image11","ch1",51,1.39548943208737
"231206","image11","ch1",52,1.39428806063203
"231206","image11","ch1",53,1.39065471862265
"231206","image11","ch1",54,1.39053172080489
"231206","image11","ch1",55,1.39082916418893
"231206","image11","ch1",56,1.39172951087601
"231206","image11","ch1",57,1.3782884872009
"231206","image11","ch1",58,1.36486371835323
"231206","image11","ch1",59,1.35955301342375
"231206","image11","ch1",60,1.3642012620637
"231206","image11","ch1",61,1.37696877483607
"231206","image11","ch1",62,1.40011471773439
"231206","image11","ch1",63,1.42908947987105
"231206","image11","ch1",64,1.45542459552051
"231206","image11","ch1",65,1.46295287581749
"231206","image11","ch1",66,1.4598039853229
"231206","image11","ch1",67,1.45448570737354
"231206","image11","ch1",68,1.45416248467585
"231206","image11","ch1",69,1.45744380877139
"231206","image11","ch1",70,1.45529044329865
"231206","image11","ch1",71,1.45332385311124
"231206","image11","ch1",72,1.45412697020634
"231206","image11","ch1",73,1.46353575441496
"231206","image11","ch1",74,1.47930413452615
"231206","image11","ch1",75,1.49162435125902
"231206","image11","ch1",76,1.48547307438648
"231206","image11","ch1",77,1.46433074409634
"231206","image11","ch1",78,1.44306951850286
"231206","image11","ch1",79,1.43882602171899
"231206","image11","ch1",80,1.44939860056836
"231206","image11","ch1",81,1.45114905477258
"231206","image11","ch1",82,1.43835750348322
"231206","image11","ch1",83,1.41926209504817
"231206","image11","ch1",84,1.40078919328241
"231206","image11","ch1",85,1.37811037154738
"231206","image11","ch1",86,1.3556062060483
"231206","image11","ch1",87,1.33526276837217
"231206","image11","ch1",88,1.32546742751336
"231206","image11","ch1",89,1.33207543620859
"231206","image11","ch1",90,1.34748963626995
"231206","image11","ch1",91,NA
"231206","image11","ch2",-90,0.941062220257984
"231206","image11","ch2",-89,0.926680819888513
"231206","image11","ch2",-88,0.912258071119709
"231206","image11","ch2",-87,0.901945552421643
"231206","image11","ch2",-86,0.897093301481088
"231206","image11","ch2",-85,0.893730636681096
"231206","image11","ch2",-84,0.892154925597597
"231206","image11","ch2",-83,0.892237593668796
"231206","image11","ch2",-82,0.90278408800125
"231206","image11","ch2",-81,0.926114400442262
"231206","image11","ch2",-80,0.948675467951553
"231206","image11","ch2",-79,0.958039482330333
"231206","image11","ch2",-78,0.953917761273213
"231206","image11","ch2",-77,0.948592522181517
"231206","image11","ch2",-76,0.949138736643379
"231206","image11","ch2",-75,0.945551451787078
"231206","image11","ch2",-74,0.935604001726379
"231206","image11","ch2",-73,0.922215623672602
"231206","image11","ch2",-72,0.904304067800794
"231206","image11","ch2",-71,0.893813400510514
"231206","image11","ch2",-70,0.89107989594242
"231206","image11","ch2",-69,0.895311959196278
"231206","image11","ch2",-68,0.896876820873467
"231206","image11","ch2",-67,0.900208900498038
"231206","image11","ch2",-66,0.903559413579931
"231206","image11","ch2",-65,0.90417772440552
"231206","image11","ch2",-64,0.906741315588307
"231206","image11","ch2",-63,0.912717136025683
"231206","image11","ch2",-62,0.921317047689148
"231206","image11","ch2",-61,0.930669934962781
"231206","image11","ch2",-60,0.943623570698427
"231206","image11","ch2",-59,0.955911198439175
"231206","image11","ch2",-58,0.964241416652247
"231206","image11","ch2",-57,0.966084015470297
"231206","image11","ch2",-56,0.967692169438682
"231206","image11","ch2",-55,0.968841172318695
"231206","image11","ch2",-54,0.975809555432309
"231206","image11","ch2",-53,0.98215989584335
"231206","image11","ch2",-52,0.986872339782921
"231206","image11","ch2",-51,0.990901855250145
"231206","image11","ch2",-50,0.99445771225869
"231206","image11","ch2",-49,0.993948441318048
"231206","image11","ch2",-48,0.995263804953411
"231206","image11","ch2",-47,0.996590860667418
"231206","image11","ch2",-46,0.999263022519874
"231206","image11","ch2",-45,1.00202635577345
"231206","image11","ch2",-44,0.999539256256683
"231206","image11","ch2",-43,0.997227413433889
"231206","image11","ch2",-42,0.992818791174267
"231206","image11","ch2",-41,0.991678301199999
"231206","image11","ch2",-40,0.992459228634542
"231206","image11","ch2",-39,0.990543135382755
"231206","image11","ch2",-38,0.983531459977945
"231206","image11","ch2",-37,0.981423189554736
"231206","image11","ch2",-36,0.987596693261175
"231206","image11","ch2",-35,0.998736630009522
"231206","image11","ch2",-34,1.01236843503399
"231206","image11","ch2",-33,1.02290623452008
"231206","image11","ch2",-32,1.0272800582426
"231206","image11","ch2",-31,1.02625122235268
"231206","image11","ch2",-30,1.0223988212889
"231206","image11","ch2",-29,1.02230335034371
"231206","image11","ch2",-28,1.02359542558
"231206","image11","ch2",-27,1.02618538857654
"231206","image11","ch2",-26,1.02008341626033
"231206","image11","ch2",-25,1.00754573508008
"231206","image11","ch2",-24,0.993937687669958
"231206","image11","ch2",-23,0.991835584076107
"231206","image11","ch2",-22,0.992686750164912
"231206","image11","ch2",-21,0.994613702398831
"231206","image11","ch2",-20,0.997373942661907
"231206","image11","ch2",-19,1.00192835681125
"231206","image11","ch2",-18,1.00176292491064
"231206","image11","ch2",-17,0.997772038309301
"231206","image11","ch2",-16,0.993778527932741
"231206","image11","ch2",-15,0.9961447997277
"231206","image11","ch2",-14,1.00299946037942
"231206","image11","ch2",-13,1.00568733615575
"231206","image11","ch2",-12,1.00446005093101
"231206","image11","ch2",-11,0.996481265384796
"231206","image11","ch2",-10,0.991796782845423
"231206","image11","ch2",-9,0.987966454051314
"231206","image11","ch2",-8,0.984664289294625
"231206","image11","ch2",-7,0.979088240273491
"231206","image11","ch2",-6,0.9745162544908
"231206","image11","ch2",-5,0.975150556939105
"231206","image11","ch2",-4,0.974963713500528
"231206","image11","ch2",-3,0.974591625785646
"231206","image11","ch2",-2,0.980346005339612
"231206","image11","ch2",-1,0.99365948131382
"231206","image11","ch2",0,1.00959677081528
"231206","image11","ch2",1,1.02652399921776
"231206","image11","ch2",2,1.04056034441781
"231206","image11","ch2",3,1.05563449805299
"231206","image11","ch2",4,1.07832181319933
"231206","image11","ch2",5,1.10442911401607
"231206","image11","ch2",6,1.12629518751732
"231206","image11","ch2",7,1.14299919393349
"231206","image11","ch2",8,1.16086783097116
"231206","image11","ch2",9,1.17662959565563
"231206","image11","ch2",10,1.18376844755223
"231206","image11","ch2",11,1.17745523260303
"231206","image11","ch2",12,1.16608665395314
"231206","image11","ch2",13,1.16062366666218
"231206","image11","ch2",14,1.15477081893074
"231206","image11","ch2",15,1.15121046128586
"231206","image11","ch2",16,1.14978156670504
"231206","image11","ch2",17,1.15543644389276
"231206","image11","ch2",18,1.16208125998149
"231206","image11","ch2",19,1.1609564839311
"231206","image11","ch2",20,1.15683251255582
"231206","image11","ch2",21,1.15295665072817
"231206","image11","ch2",22,1.14828899290802
"231206","image11","ch2",23,1.14006594729461
"231206","image11","ch2",24,1.13288473196155
"231206","image11","ch2",25,1.12961688695086
"231206","image11","ch2",26,1.13068341327611
"231206","image11","ch2",27,1.13048104743009
"231206","image11","ch2",28,1.12792064499603
"231206","image11","ch2",29,1.12347274271462
"231206","image11","ch2",30,1.12793270095591
"231206","image11","ch2",31,1.13838802388724
"231206","image11","ch2",32,1.15214765655939
"231206","image11","ch2",33,1.16566930132773
"231206","image11","ch2",34,1.17715187056253
"231206","image11","ch2",35,1.18464569818012
"231206","image11","ch2",36,1.19175957633298
"231206","image11","ch2",37,1.19308205480408
"231206","image11","ch2",38,1.19224519499332
"231206","image11","ch2",39,1.187131016594
"231206","image11","ch2",40,1.1775543519364
"231206","image11","ch2",41,1.16295552295293
"231206","image11","ch2",42,1.14472986096836
"231206","image11","ch2",43,1.13667073427569
"231206","image11","ch2",44,1.12763186693242
"231206","image11","ch2",45,1.11808251251911
"231206","image11","ch2",46,1.10905374766804
"231206","image11","ch2",47,1.10656393819365
"231206","image11","ch2",48,1.108325831984
"231206","image11","ch2",49,1.10689638200551
"231206","image11","ch2",50,1.10560280336516
"231206","image11","ch2",51,1.10479896098861
"231206","image11","ch2",52,1.09833275313155
"231206","image11","ch2",53,1.08228455645985
"231206","image11","ch2",54,1.06228156445988
"231206","image11","ch2",55,1.04069780534241
"231206","image11","ch2",56,1.02526511378046
"231206","image11","ch2",57,1.01209284287725
"231206","image11","ch2",58,0.99739826524975
"231206","image11","ch2",59,0.983922536547823
"231206","image11","ch2",60,0.972949707468942
"231206","image11","ch2",61,0.962448478047012
"231206","image11","ch2",62,0.953201911124882
"231206","image11","ch2",63,0.943853141454702
"231206","image11","ch2",64,0.940087248366732
"231206","image11","ch2",65,0.939174366105232
"231206","image11","ch2",66,0.940751848715798
"231206","image11","ch2",67,0.94062934522514
"231206","image11","ch2",68,0.938033588856304
"231206","image11","ch2",69,0.930268851658928
"231206","image11","ch2",70,0.915274742319729
"231206","image11","ch2",71,0.897182892871582
"231206","image11","ch2",72,0.876614793312976
"231206","image11","ch2",73,0.858639270950306
"231206","image11","ch2",74,0.840164666321586
"231206","image11","ch2",75,0.826530065157101
"231206","image11","ch2",76,0.817879554850266
"231206","image11","ch2",77,0.815132308977623
"231206","image11","ch2",78,0.811446833642685
"231206","image11","ch2",79,0.807709553110807
"231206","image11","ch2",80,0.805332805366597
"231206","image11","ch2",81,0.807076648732513
"231206","image11","ch2",82,0.817053362505199
"231206","image11","ch2",83,0.821096159637517
"231206","image11","ch2",84,0.810579867447605
"231206","image11","ch2",85,0.785504303994845
"231206","image11","ch2",86,0.760203651270499
"231206","image11","ch2",87,0.74641868097338
"231206","image11","ch2",88,0.734148816382415
"231206","image11","ch2",89,0.72184215190756
"231206","image11","ch2",90,0.717302704767976
"231206","image11","ch2",91,NA
"250802","image01","ch1",-90,0.667473666576736
"250802","image01","ch1",-89,0.671620163600203
"250802","image01","ch1",-88,0.680579081615068
"250802","image01","ch1",-87,0.688811420067933
"250802","image01","ch1",-86,0.690283668769762
"250802","image01","ch1",-85,0.683636716956534
"250802","image01","ch1",-84,0.677983794728996
"250802","image01","ch1",-83,0.677554223246677
"250802","image01","ch1",-82,0.682400848730901
"250802","image01","ch1",-81,0.68617515496787
"250802","image01","ch1",-80,0.68486259254392
"250802","image01","ch1",-79,0.679121583950652
"250802","image01","ch1",-78,0.677798804963788
"250802","image01","ch1",-77,0.67511100919982
"250802","image01","ch1",-76,0.674044623956231
"250802","image01","ch1",-75,0.670226316522272
"250802","image01","ch1",-74,0.663322495125853
"250802","image01","ch1",-73,0.663415087975498
"250802","image01","ch1",-72,0.663439019924243
"250802","image01","ch1",-71,0.66524206133983
"250802","image01","ch1",-70,0.666127011622294
"250802","image01","ch1",-69,0.668890969763494
"250802","image01","ch1",-68,0.671609387225622
"250802","image01","ch1",-67,0.672935637044818
"250802","image01","ch1",-66,0.674003617751657
"250802","image01","ch1",-65,0.674797878544142
"250802","image01","ch1",-64,0.67637898262453
"250802","image01","ch1",-63,0.67917011962214
"250802","image01","ch1",-62,0.685136984232274
"250802","image01","ch1",-61,0.694047422556817
"250802","image01","ch1",-60,0.703842559248574
"250802","image01","ch1",-59,0.710961628230777
"250802","image01","ch1",-58,0.714900966947042
"250802","image01","ch1",-57,0.719501779128488
"250802","image01","ch1",-56,0.722718568926751
"250802","image01","ch1",-55,0.728104852857518
"250802","image01","ch1",-54,0.732440314309025
"250802","image01","ch1",-53,0.739510651685656
"250802","image01","ch1",-52,0.751162571712988
"250802","image01","ch1",-51,0.756549583398921
"250802","image01","ch1",-50,0.750658517288437
"250802","image01","ch1",-49,0.733271214775085
"250802","image01","ch1",-48,0.71606014097436
"250802","image01","ch1",-47,0.706590982616028
"250802","image01","ch1",-46,0.705901462586352
"250802","image01","ch1",-45,0.707663441816199
"250802","image01","ch1",-44,0.715687110470362
"250802","image01","ch1",-43,0.728118932120931
"250802","image01","ch1",-42,0.73933257559453
"250802","image01","ch1",-41,0.745685206424076
"250802","image01","ch1",-40,0.73864907354027
"250802","image01","ch1",-39,0.728702311858631
"250802","image01","ch1",-38,0.726339990597589
"250802","image01","ch1",-37,0.729010040331727
"250802","image01","ch1",-36,0.735538535996316
"250802","image01","ch1",-35,0.737735544872229
"250802","image01","ch1",-34,0.733122248890619
"250802","image01","ch1",-33,0.722255044866858
"250802","image01","ch1",-32,0.717356216944729
"250802","image01","ch1",-31,0.720001998843124
"250802","image01","ch1",-30,0.722780540078237
"250802","image01","ch1",-29,0.727534516731649
"250802","image01","ch1",-28,0.730097726409228
"250802","image01","ch1",-27,0.730997931559606
"250802","image01","ch1",-26,0.732031259924286
"250802","image01","ch1",-25,0.731688683174947
"250802","image01","ch1",-24,0.733689981892239
"250802","image01","ch1",-23,0.742379294608499
"250802","image01","ch1",-22,0.75243376405478
"250802","image01","ch1",-21,0.761797901744469
"250802","image01","ch1",-20,0.771991428408718
"250802","image01","ch1",-19,0.782777095863248
"250802","image01","ch1",-18,0.790263485270451
"250802","image01","ch1",-17,0.792644112372989
"250802","image01","ch1",-16,0.796828144768697
"250802","image01","ch1",-15,0.80312009201359
"250802","image01","ch1",-14,0.817546858519036
"250802","image01","ch1",-13,0.83545050332302
"250802","image01","ch1",-12,0.855403422704117
"250802","image01","ch1",-11,0.868350858890153
"250802","image01","ch1",-10,0.873924511785709
"250802","image01","ch1",-9,0.879344748294052
"250802","image01","ch1",-8,0.88802681144923
"250802","image01","ch1",-7,0.899096555333945
"250802","image01","ch1",-6,0.917611486487205
"250802","image01","ch1",-5,0.940200139147283
"250802","image01","ch1",-4,0.965663564667952
"250802","image01","ch1",-3,1.00048054743781
"250802","image01","ch1",-2,1.03952447216762
"250802","image01","ch1",-1,1.07939118009433
"250802","image01","ch1",0,1.1105260576087
"250802","image01","ch1",1,1.12613940092254
"250802","image01","ch1",2,1.12296560466026
"250802","image01","ch1",3,1.11601475908386
"250802","image01","ch1",4,1.11313547973935
"250802","image01","ch1",5,1.11829937848558
"250802","image01","ch1",6,1.12668331393775
"250802","image01","ch1",7,1.13281479116842
"250802","image01","ch1",8,1.13595695807154
"250802","image01","ch1",9,1.14500639763288
"250802","image01","ch1",10,1.15086384705279
"250802","image01","ch1",11,1.15944293285191
"250802","image01","ch1",12,1.16773542306834
"250802","image01","ch1",13,1.1803991187112
"250802","image01","ch1",14,1.19561051724846
"250802","image01","ch1",15,1.20828924383456
"250802","image01","ch1",16,1.20855904506725
"250802","image01","ch1",17,1.19614191847292
"250802","image01","ch1",18,1.17945183339966
"250802","image01","ch1",19,1.16638538125332
"250802","image01","ch1",20,1.15985131546265
"250802","image01","ch1",21,1.15678724228702
"250802","image01","ch1",22,1.15755768309309
"250802","image01","ch1",23,1.15943705482941
"250802","image01","ch1",24,1.16983950320761
"250802","image01","ch1",25,1.18878358598444
"250802","image01","ch1",26,1.20894117251083
"250802","image01","ch1",27,1.22169670525757
"250802","image01","ch1",28,1.23440482195616
"250802","image01","ch1",29,1.24166924603758
"250802","image01","ch1",30,1.24772973914894
"250802","image01","ch1",31,1.2502322092607
"250802","image01","ch1",32,1.24823474525333
"250802","image01","ch1",33,1.25700229164999
"250802","image01","ch1",34,1.27181815525426
"250802","image01","ch1",35,1.27946814962101
"250802","image01","ch1",36,1.27695378351133
"250802","image01","ch1",37,1.27952130373875
"250802","image01","ch1",38,1.29669699744215
"250802","image01","ch1",39,1.32204227471059
"250802","image01","ch1",40,1.34110374999389
"250802","image01","ch1",41,1.35250210332687
"250802","image01","ch1",42,1.35281660552113
"250802","image01","ch1",43,1.35864584043304
"250802","image01","ch1",44,1.37700494800892
"250802","image01","ch1",45,1.39671317371058
"250802","image01","ch1",46,1.39882612686476
"250802","image01","ch1",47,1.37482473348301
"250802","image01","ch1",48,1.34158591578228
"250802","image01","ch1",49,1.31496043320421
"250802","image01","ch1",50,1.29687247040902
"250802","image01","ch1",51,1.28682060408699
"250802","image01","ch1",52,1.29046606966891
"250802","image01","ch1",53,1.30149911789888
"250802","image01","ch1",54,1.3226046615108
"250802","image01","ch1",55,1.36204420514535
"250802","image01","ch1",56,1.39906569826745
"250802","image01","ch1",57,1.40597738501779
"250802","image01","ch1",58,1.38492404384378
"250802","image01","ch1",59,1.34642565558301
"250802","image01","ch1",60,1.30812924737153
"250802","image01","ch1",61,1.28429761687765
"250802","image01","ch1",62,1.27507480364318
"250802","image01","ch1",63,1.29242034420621
"250802","image01","ch1",64,1.31688640926177
"250802","image01","ch1",65,1.33913948281834
"250802","image01","ch1",66,1.34813515246912
"250802","image01","ch1",67,1.34502651828483
"250802","image01","ch1",68,1.3362142709266
"250802","image01","ch1",69,1.32022507005984
"250802","image01","ch1",70,1.30146796437964
"250802","image01","ch1",71,1.28892507609443
"250802","image01","ch1",72,1.29201403289864
"250802","image01","ch1",73,1.29770616993342
"250802","image01","ch1",74,1.3011117842068
"250802","image01","ch1",75,1.29656071129193
"250802","image01","ch1",76,1.29028648208628
"250802","image01","ch1",77,1.28470163295739
"250802","image01","ch1",78,1.28192689844161
"250802","image01","ch1",79,1.27713393090563
"250802","image01","ch1",80,1.26254957741605
"250802","image01","ch1",81,1.23379633466522
"250802","image01","ch1",82,1.21141769535184
"250802","image01","ch1",83,1.20479464749678
"250802","image01","ch1",84,1.20090003773267
"250802","image01","ch1",85,1.19281624530552
"250802","image01","ch1",86,1.17837184473258
"250802","image01","ch1",87,1.16245043705864
"250802","image01","ch1",88,1.16107537166212
"250802","image01","ch1",89,1.16902424947763
"250802","image01","ch1",90,1.18400100295487
"250802","image01","ch1",91,NA
"250802","image01","ch2",-90,0.951046313970242
"250802","image01","ch2",-89,0.972158965814642
"250802","image01","ch2",-88,0.980665498101568
"250802","image01","ch2",-87,0.970188537257469
"250802","image01","ch2",-86,0.94432080138635
"250802","image01","ch2",-85,0.922303028068718
"250802","image01","ch2",-84,0.912709727878458
"250802","image01","ch2",-83,0.904334386265401
"250802","image01","ch2",-82,0.899055167386326
"250802","image01","ch2",-81,0.896829492062329
"250802","image01","ch2",-80,0.898111718944417
"250802","image01","ch2",-79,0.894254850116605
"250802","image01","ch2",-78,0.895042022698146
"250802","image01","ch2",-77,0.8955934116496
"250802","image01","ch2",-76,0.894820536768213
"250802","image01","ch2",-75,0.894239239653562
"250802","image01","ch2",-74,0.894037273937014
"250802","image01","ch2",-73,0.894618485436693
"250802","image01","ch2",-72,0.896156101777224
"250802","image01","ch2",-71,0.902217841491084
"250802","image01","ch2",-70,0.912775366022878
"250802","image01","ch2",-69,0.924493915176172
"250802","image01","ch2",-68,0.930118676078135
"250802","image01","ch2",-67,0.929760948191045
"250802","image01","ch2",-66,0.928314454717964
"250802","image01","ch2",-65,0.927559958517014
"250802","image01","ch2",-64,0.922450114588867
"250802","image01","ch2",-63,0.92039718173799
"250802","image01","ch2",-62,0.918525238935771
"250802","image01","ch2",-61,0.916497733731276
"250802","image01","ch2",-60,0.917339414511009
"250802","image01","ch2",-59,0.914729784580477
"250802","image01","ch2",-58,0.916559462125354
"250802","image01","ch2",-57,0.922328883789955
"250802","image01","ch2",-56,0.919797705711167
"250802","image01","ch2",-55,0.914011303743988
"250802","image01","ch2",-54,0.906647702781361
"250802","image01","ch2",-53,0.906144657750189
"250802","image01","ch2",-52,0.906181729032625
"250802","image01","ch2",-51,0.907492494238374
"250802","image01","ch2",-50,0.908850433293135
"250802","image01","ch2",-49,0.912583046259727
"250802","image01","ch2",-48,0.914602418041978
"250802","image01","ch2",-47,0.918345133575146
"250802","image01","ch2",-46,0.927583873632242
"250802","image01","ch2",-45,0.934314694344334
"250802","image01","ch2",-44,0.938092683245547
"250802","image01","ch2",-43,0.940555711807432
"250802","image01","ch2",-42,0.940823943511522
"250802","image01","ch2",-41,0.9377585280138
"250802","image01","ch2",-40,0.936468510169353
"250802","image01","ch2",-39,0.939834434215225
"250802","image01","ch2",-38,0.94321402811813
"250802","image01","ch2",-37,0.945621606717142
"250802","image01","ch2",-36,0.943433430750436
"250802","image01","ch2",-35,0.942867829713799
"250802","image01","ch2",-34,0.946922982814407
"250802","image01","ch2",-33,0.9523947212249
"250802","image01","ch2",-32,0.952585214535337
"250802","image01","ch2",-31,0.948012947009991
"250802","image01","ch2",-30,0.943759994788088
"250802","image01","ch2",-29,0.94298906051271
"250802","image01","ch2",-28,0.94457273770763
"250802","image01","ch2",-27,0.948919952012585
"250802","image01","ch2",-26,0.94984653430521
"250802","image01","ch2",-25,0.944962485593868
"250802","image01","ch2",-24,0.941016177659703
"250802","image01","ch2",-23,0.939222429864315
"250802","image01","ch2",-22,0.941356325939418
"250802","image01","ch2",-21,0.943444789003253
"250802","image01","ch2",-20,0.944127596935166
"250802","image01","ch2",-19,0.945801569386148
"250802","image01","ch2",-18,0.949317719167772
"250802","image01","ch2",-17,0.954046319630132
"250802","image01","ch2",-16,0.960815610002519
"250802","image01","ch2",-15,0.967535842996533
"250802","image01","ch2",-14,0.974816597205572
"250802","image01","ch2",-13,0.982022809313209
"250802","image01","ch2",-12,0.987508845423856
"250802","image01","ch2",-11,0.989522966154554
"250802","image01","ch2",-10,0.991552069505174
"250802","image01","ch2",-9,0.99653554573615
"250802","image01","ch2",-8,1.00217528925804
"250802","image01","ch2",-7,1.00978705948322
"250802","image01","ch2",-6,1.01741298471694
"250802","image01","ch2",-5,1.02875137486074
"250802","image01","ch2",-4,1.04119685219433
"250802","image01","ch2",-3,1.04653140688298
"250802","image01","ch2",-2,1.04949163011969
"250802","image01","ch2",-1,1.05439371505159
"250802","image01","ch2",0,1.05689472812227
"250802","image01","ch2",1,1.06609939342091
"250802","image01","ch2",2,1.07123480768706
"250802","image01","ch2",3,1.07614083090762
"250802","image01","ch2",4,1.08105204810309
"250802","image01","ch2",5,1.08687557842935
"250802","image01","ch2",6,1.09354795265458
"250802","image01","ch2",7,1.10113546530465
"250802","image01","ch2",8,1.10924074876091
"250802","image01","ch2",9,1.11814887233839
"250802","image01","ch2",10,1.12451836933461
"250802","image01","ch2",11,1.12801374321661
"250802","image01","ch2",12,1.13209592210972
"250802","image01","ch2",13,1.13631348681029
"250802","image01","ch2",14,1.13940198981185
"250802","image01","ch2",15,1.14182286726969
"250802","image01","ch2",16,1.14666950223871
"250802","image01","ch2",17,1.15264810981575
"250802","image01","ch2",18,1.15829104962988
"250802","image01","ch2",19,1.16472313116989
"250802","image01","ch2",20,1.17039455223104
"250802","image01","ch2",21,1.17722257447352
"250802","image01","ch2",22,1.18339133290111
"250802","image01","ch2",23,1.18566047209204
"250802","image01","ch2",24,1.18799830302803
"250802","image01","ch2",25,1.18823462888626
"250802","image01","ch2",26,1.19227334391244
"250802","image01","ch2",27,1.19339452903411
"250802","image01","ch2",28,1.19515574314053
"250802","image01","ch2",29,1.19103926118237
"250802","image01","ch2",30,1.1883434740527
"250802","image01","ch2",31,1.18606680074433
"250802","image01","ch2",32,1.17949002990336
"250802","image01","ch2",33,1.17364386868643
"250802","image01","ch2",34,1.16513725078453
"250802","image01","ch2",35,1.15677934608723
"250802","image01","ch2",36,1.14315272461397
"250802","image01","ch2",37,1.13157387055499
"250802","image01","ch2",38,1.12169464489997
"250802","image01","ch2",39,1.11431263671858
"250802","image01","ch2",40,1.10690346005307
"250802","image01","ch2",41,1.09546390155189
"250802","image01","ch2",42,1.08467584444156
"250802","image01","ch2",43,1.07353285619986
"250802","image01","ch2",44,1.06092054382615
"250802","image01","ch2",45,1.04911275533477
"250802","image01","ch2",46,1.0371214083456
"250802","image01","ch2",47,1.03136979459496
"250802","image01","ch2",48,1.02376435987763
"250802","image01","ch2",49,1.02004944067171
"250802","image01","ch2",50,1.01522355306399
"250802","image01","ch2",51,1.00625124679659
"250802","image01","ch2",52,0.999983060849369
"250802","image01","ch2",53,0.996928917989494
"250802","image01","ch2",54,0.993198388320529
"250802","image01","ch2",55,0.987389355462687
"250802","image01","ch2",56,0.984494684755429
"250802","image01","ch2",57,0.979676074420242
"250802","image01","ch2",58,0.981750239783923
"250802","image01","ch2",59,0.98451160798136
"250802","image01","ch2",60,0.984468201191072
"250802","image01","ch2",61,0.980822344728409
"250802","image01","ch2",62,0.978343563011863
"250802","image01","ch2",63,0.975387934445265
"250802","image01","ch2",64,0.972439754381143
"250802","image01","ch2",65,0.972753989862974
"250802","image01","ch2",66,0.972265927451724
"250802","image01","ch2",67,0.972363471441997
"250802","image01","ch2",68,0.973126586216692
"250802","image01","ch2",69,0.974915824956941
"250802","image01","ch2",70,0.978280293548306
"250802","image01","ch2",71,0.982538125823555
"250802","image01","ch2",72,0.982796454729334
"250802","image01","ch2",73,0.979470598489883
"250802","image01","ch2",74,0.978128812126314
"250802","image01","ch2",75,0.974986542922973
"250802","image01","ch2",76,0.976083070933
"250802","image01","ch2",77,0.983223074129743
"250802","image01","ch2",78,0.985714812245231
"250802","image01","ch2",79,0.987582360145606
"250802","image01","ch2",80,0.985657478752996
"250802","image01","ch2",81,0.983693157397086
"250802","image01","ch2",82,0.975639100231805
"250802","image01","ch2",83,0.969715172082904
"250802","image01","ch2",84,0.963155809619368
"250802","image01","ch2",85,0.956120456455489
"250802","image01","ch2",86,0.948630601948986
"250802","image01","ch2",87,0.939705469530601
"250802","image01","ch2",88,0.929560095469118
"250802","image01","ch2",89,0.918820724738957
"250802","image01","ch2",90,0.908330122576147
"250802","image01","ch2",91,NA
"250802","image03","ch1",-90,0.374372305242024
"250802","image03","ch1",-89,0.372357406721245
"250802","image03","ch1",-88,0.374333485275124
"250802","image03","ch1",-87,0.377706139706965
"250802","image03","ch1",-86,0.376461655313155
"250802","image03","ch1",-85,0.369962115675898
"250802","image03","ch1",-84,0.360857754661452
"250802","image03","ch1",-83,0.353529738756532
"250802","image03","ch1",-82,0.34740828226335
"250802","image03","ch1",-81,0.342524214212845
"250802","image03","ch1",-80,0.339602839898484
"250802","image03","ch1",-79,0.338619850893072
"250802","image03","ch1",-78,0.338269080768113
"250802","image03","ch1",-77,0.341540130449207
"250802","image03","ch1",-76,0.346523038386617
"250802","image03","ch1",-75,0.353003575578158
"250802","image03","ch1",-74,0.360933524716238
"250802","image03","ch1",-73,0.36863677899203
"250802","image03","ch1",-72,0.375745243931413
"250802","image03","ch1",-71,0.382539840888106
"250802","image03","ch1",-70,0.38591991090852
"250802","image03","ch1",-69,0.392211758129205
"250802","image03","ch1",-68,0.401435631581889
"250802","image03","ch1",-67,0.416943896712006
"250802","image03","ch1",-66,0.437632933344872
"250802","image03","ch1",-65,0.45726145291163
"250802","image03","ch1",-64,0.466960171751943
"250802","image03","ch1",-63,0.462933842776592
"250802","image03","ch1",-62,0.452742083187464
"250802","image03","ch1",-61,0.44065423431343
"250802","image03","ch1",-60,0.433103303258932
"250802","image03","ch1",-59,0.430591504367269
"250802","image03","ch1",-58,0.431691704421362
"250802","image03","ch1",-57,0.434298395677566
"250802","image03","ch1",-56,0.43476454692687
"250802","image03","ch1",-55,0.433264336600425
"250802","image03","ch1",-54,0.432992532904636
"250802","image03","ch1",-53,0.43503615084926
"250802","image03","ch1",-52,0.441710923721213
"250802","image03","ch1",-51,0.450971084014097
"250802","image03","ch1",-50,0.460471675588185
"250802","image03","ch1",-49,0.46838827986321
"250802","image03","ch1",-48,0.474982751819687
"250802","image03","ch1",-47,0.479749185301905
"250802","image03","ch1",-46,0.48326757842381
"250802","image03","ch1",-45,0.490596337485774
"250802","image03","ch1",-44,0.502176985672471
"250802","image03","ch1",-43,0.516181532455255
"250802","image03","ch1",-42,0.527437668732561
"250802","image03","ch1",-41,0.530193135234493
"250802","image03","ch1",-40,0.523973550047706
"250802","image03","ch1",-39,0.514856395544787
"250802","image03","ch1",-38,0.508678011623816
"250802","image03","ch1",-37,0.512586506257481
"250802","image03","ch1",-36,0.519820564737368
"250802","image03","ch1",-35,0.523108826894522
"250802","image03","ch1",-34,0.520669409900797
"250802","image03","ch1",-33,0.519276613735544
"250802","image03","ch1",-32,0.520034346247142
"250802","image03","ch1",-31,0.518297100787275
"250802","image03","ch1",-30,0.516911488473451
"250802","image03","ch1",-29,0.515727047972454
"250802","image03","ch1",-28,0.51773609712811
"250802","image03","ch1",-27,0.52557279204352
"250802","image03","ch1",-26,0.533809313439757
"250802","image03","ch1",-25,0.543882607403258
"250802","image03","ch1",-24,0.557484291149552
"250802","image03","ch1",-23,0.573080975986081
"250802","image03","ch1",-22,0.591643632550572
"250802","image03","ch1",-21,0.604551295517687
"250802","image03","ch1",-20,0.610638726605546
"250802","image03","ch1",-19,0.615168860120451
"250802","image03","ch1",-18,0.625965445661557
"250802","image03","ch1",-17,0.638415379825872
"250802","image03","ch1",-16,0.652843861743277
"250802","image03","ch1",-15,0.669548114276855
"250802","image03","ch1",-14,0.689837684021014
"250802","image03","ch1",-13,0.712215812733644
"250802","image03","ch1",-12,0.735102980048883
"250802","image03","ch1",-11,0.756759191624894
"250802","image03","ch1",-10,0.773569188214049
"250802","image03","ch1",-9,0.788547742190224
"250802","image03","ch1",-8,0.801732323052144
"250802","image03","ch1",-7,0.816424250146323
"250802","image03","ch1",-6,0.837656182977466
"250802","image03","ch1",-5,0.866895672916746
"250802","image03","ch1",-4,0.90350539487563
"250802","image03","ch1",-3,0.951073470883221
"250802","image03","ch1",-2,1.00937858397713
"250802","image03","ch1",-1,1.07285767627823
"250802","image03","ch1",0,1.13327539306692
"250802","image03","ch1",1,1.19403335591791
"250802","image03","ch1",2,1.25168709585787
"250802","image03","ch1",3,1.31038271001034
"250802","image03","ch1",4,1.36370191856586
"250802","image03","ch1",5,1.3933339312705
"250802","image03","ch1",6,1.40407908714775
"250802","image03","ch1",7,1.40539025590216
"250802","image03","ch1",8,1.40597349833611
"250802","image03","ch1",9,1.40652568799291
"250802","image03","ch1",10,1.40274638282093
"250802","image03","ch1",11,1.40973813214966
"250802","image03","ch1",12,1.43059807092993
"250802","image03","ch1",13,1.45762241748418
"250802","image03","ch1",14,1.47881306914015
"250802","image03","ch1",15,1.50472367899478
"250802","image03","ch1",16,1.53465597509097
"250802","image03","ch1",17,1.57498398343483
"250802","image03","ch1",18,1.6104006826275
"250802","image03","ch1",19,1.63481439839411
"250802","image03","ch1",20,1.64990821363059
"250802","image03","ch1",21,1.65382673688889
"250802","image03","ch1",22,1.63471825145262
"250802","image03","ch1",23,1.59167192646811
"250802","image03","ch1",24,1.53668039880742
"250802","image03","ch1",25,1.50438406421642
"250802","image03","ch1",26,1.50293788859895
"250802","image03","ch1",27,1.50889316558788
"250802","image03","ch1",28,1.51753976583578
"250802","image03","ch1",29,1.51856063986858
"250802","image03","ch1",30,1.52174702558317
"250802","image03","ch1",31,1.52421562547502
"250802","image03","ch1",32,1.52563869929663
"250802","image03","ch1",33,1.53358921710388
"250802","image03","ch1",34,1.54930919409135
"250802","image03","ch1",35,1.57686044698102
"250802","image03","ch1",36,1.5959907796362
"250802","image03","ch1",37,1.59766840472286
"250802","image03","ch1",38,1.59615918062065
"250802","image03","ch1",39,1.60003681425963
"250802","image03","ch1",40,1.60348384033247
"250802","image03","ch1",41,1.59429395233043
"250802","image03","ch1",42,1.57968083983764
"250802","image03","ch1",43,1.56924923230563
"250802","image03","ch1",44,1.57458599486928
"250802","image03","ch1",45,1.58140856809277
"250802","image03","ch1",46,1.58714768227301
"250802","image03","ch1",47,1.59562541007124
"250802","image03","ch1",48,1.60377475834708
"250802","image03","ch1",49,1.61240200454808
"250802","image03","ch1",50,1.61189804818074
"250802","image03","ch1",51,1.61036572228267
"250802","image03","ch1",52,1.60833895722198
"250802","image03","ch1",53,1.60070261904393
"250802","image03","ch1",54,1.58576284507998
"250802","image03","ch1",55,1.56737604504319
"250802","image03","ch1",56,1.5510968543662
"250802","image03","ch1",57,1.53792242199295
"250802","image03","ch1",58,1.52087316879018
"250802","image03","ch1",59,1.50682691731261
"250802","image03","ch1",60,1.49596439056795
"250802","image03","ch1",61,1.49647147139125
"250802","image03","ch1",62,1.51185964074481
"250802","image03","ch1",63,1.53822286520323
"250802","image03","ch1",64,1.55767845292484
"250802","image03","ch1",65,1.55550747544287
"250802","image03","ch1",66,1.53761386798268
"250802","image03","ch1",67,1.5118705723452
"250802","image03","ch1",68,1.49590976452972
"250802","image03","ch1",69,1.50080951878752
"250802","image03","ch1",70,1.50356810974541
"250802","image03","ch1",71,1.49091277656315
"250802","image03","ch1",72,1.46002952712381
"250802","image03","ch1",73,1.42927362923089
"250802","image03","ch1",74,1.40289058725129
"250802","image03","ch1",75,1.37936852409205
"250802","image03","ch1",76,1.36675033278013
"250802","image03","ch1",77,1.36046121845955
"250802","image03","ch1",78,1.35025997362943
"250802","image03","ch1",79,1.33248045276196
"250802","image03","ch1",80,1.30668596718872
"250802","image03","ch1",81,1.27769978192847
"250802","image03","ch1",82,1.2616284035321
"250802","image03","ch1",83,1.25401180296587
"250802","image03","ch1",84,1.24967453868133
"250802","image03","ch1",85,1.24198239979746
"250802","image03","ch1",86,1.23282513079601
"250802","image03","ch1",87,1.22637463952369
"250802","image03","ch1",88,1.21373686242773
"250802","image03","ch1",89,1.18293890823885
"250802","image03","ch1",90,1.13257642589838
"250802","image03","ch1",91,NA
"250802","image03","ch2",-90,0.850511509765138
"250802","image03","ch2",-89,0.846424056920817
"250802","image03","ch2",-88,0.841555916064091
"250802","image03","ch2",-87,0.837737849458307
"250802","image03","ch2",-86,0.835376741313963
"250802","image03","ch2",-85,0.834651235467858
"250802","image03","ch2",-84,0.833793865431167
"250802","image03","ch2",-83,0.829956417654409
"250802","image03","ch2",-82,0.824121505467945
"250802","image03","ch2",-81,0.821682342967954
"250802","image03","ch2",-80,0.823073116536219
"250802","image03","ch2",-79,0.82571788798045
"250802","image03","ch2",-78,0.828915540431184
"250802","image03","ch2",-77,0.831007214185014
"250802","image03","ch2",-76,0.831492778726868
"250802","image03","ch2",-75,0.83299317027208
"250802","image03","ch2",-74,0.833986617797395
"250802","image03","ch2",-73,0.836124108157886
"250802","image03","ch2",-72,0.842111421353371
"250802","image03","ch2",-71,0.850724004442171
"250802","image03","ch2",-70,0.851540156386059
"250802","image03","ch2",-69,0.85119916815687
"250802","image03","ch2",-68,0.848376595535447
"250802","image03","ch2",-67,0.850362334938614
"250802","image03","ch2",-66,0.858496142914397
"250802","image03","ch2",-65,0.8732123743765
"250802","image03","ch2",-64,0.883649508123539
"250802","image03","ch2",-63,0.88475555904841
"250802","image03","ch2",-62,0.877023073729716
"250802","image03","ch2",-61,0.868823971672343
"250802","image03","ch2",-60,0.867366940982936
"250802","image03","ch2",-59,0.868063242654642
"250802","image03","ch2",-58,0.869418528215436
"250802","image03","ch2",-57,0.868354032447211
"250802","image03","ch2",-56,0.865326067565447
"250802","image03","ch2",-55,0.860977631002675
"250802","image03","ch2",-54,0.85891147779696
"250802","image03","ch2",-53,0.85932211786171
"250802","image03","ch2",-52,0.856238320761949
"250802","image03","ch2",-51,0.852083094009192
"250802","image03","ch2",-50,0.848683708848413
"250802","image03","ch2",-49,0.846359701802789
"250802","image03","ch2",-48,0.848116021108806
"250802","image03","ch2",-47,0.845323712005288
"250802","image03","ch2",-46,0.842133234199212
"250802","image03","ch2",-45,0.843813786368517
"250802","image03","ch2",-44,0.843873567048675
"250802","image03","ch2",-43,0.843085222871836
"250802","image03","ch2",-42,0.844635066498016
"250802","image03","ch2",-41,0.842933158926658
"250802","image03","ch2",-40,0.840931264535014
"250802","image03","ch2",-39,0.836655609686346
"250802","image03","ch2",-38,0.832231165226974
"250802","image03","ch2",-37,0.831381499506695
"250802","image03","ch2",-36,0.831359951496731
"250802","image03","ch2",-35,0.834687493906971
"250802","image03","ch2",-34,0.837081513927986
"250802","image03","ch2",-33,0.842746786697458
"250802","image03","ch2",-32,0.849002956459727
"250802","image03","ch2",-31,0.854698083455295
"250802","image03","ch2",-30,0.856705081956561
"250802","image03","ch2",-29,0.856767342463564
"250802","image03","ch2",-28,0.859420564579859
"250802","image03","ch2",-27,0.859520311401404
"250802","image03","ch2",-26,0.866211293521164
"250802","image03","ch2",-25,0.873546813936739
"250802","image03","ch2",-24,0.880726129337065
"250802","image03","ch2",-23,0.885815047010966
"250802","image03","ch2",-22,0.887900846223532
"250802","image03","ch2",-21,0.889604487266083
"250802","image03","ch2",-20,0.890651937234247
"250802","image03","ch2",-19,0.889685599272306
"250802","image03","ch2",-18,0.8891179115327
"250802","image03","ch2",-17,0.889069952163036
"250802","image03","ch2",-16,0.889938661990446
"250802","image03","ch2",-15,0.889740035082954
"250802","image03","ch2",-14,0.893302462839798
"250802","image03","ch2",-13,0.901524051870698
"250802","image03","ch2",-12,0.91196053556604
"250802","image03","ch2",-11,0.925461964861921
"250802","image03","ch2",-10,0.937330079078499
"250802","image03","ch2",-9,0.947419603699432
"250802","image03","ch2",-8,0.956615788756426
"250802","image03","ch2",-7,0.961052174906236
"250802","image03","ch2",-6,0.966883427542405
"250802","image03","ch2",-5,0.973402266342339
"250802","image03","ch2",-4,0.979525657026448
"250802","image03","ch2",-3,0.987145996389372
"250802","image03","ch2",-2,0.99596204565941
"250802","image03","ch2",-1,1.01052462416108
"250802","image03","ch2",0,1.03380860922086
"250802","image03","ch2",1,1.07157935749361
"250802","image03","ch2",2,1.11343267118497
"250802","image03","ch2",3,1.15053473294516
"250802","image03","ch2",4,1.17567909373449
"250802","image03","ch2",5,1.19778020138918
"250802","image03","ch2",6,1.22694799696866
"250802","image03","ch2",7,1.25488086285528
"250802","image03","ch2",8,1.28322292424733
"250802","image03","ch2",9,1.30701500897447
"250802","image03","ch2",10,1.31875710946574
"250802","image03","ch2",11,1.3238250569534
"250802","image03","ch2",12,1.32451606190758
"250802","image03","ch2",13,1.33024963825724
"250802","image03","ch2",14,1.33947115125444
"250802","image03","ch2",15,1.35633000126264
"250802","image03","ch2",16,1.36997971457346
"250802","image03","ch2",17,1.37480490386619
"250802","image03","ch2",18,1.37037119015114
"250802","image03","ch2",19,1.35328980577857
"250802","image03","ch2",20,1.33036871809778
"250802","image03","ch2",21,1.30735734545903
"250802","image03","ch2",22,1.2897592903671
"250802","image03","ch2",23,1.28361322010155
"250802","image03","ch2",24,1.28257164467465
"250802","image03","ch2",25,1.28940486773617
"250802","image03","ch2",26,1.29227328104024
"250802","image03","ch2",27,1.28530783264831
"250802","image03","ch2",28,1.26847320308482
"250802","image03","ch2",29,1.23705827509192
"250802","image03","ch2",30,1.20174780396132
"250802","image03","ch2",31,1.16783405316822
"250802","image03","ch2",32,1.1364247589567
"250802","image03","ch2",33,1.11456051087969
"250802","image03","ch2",34,1.1063099102823
"250802","image03","ch2",35,1.11051555215558
"250802","image03","ch2",36,1.11953523613878
"250802","image03","ch2",37,1.12412248243432
"250802","image03","ch2",38,1.12693436531673
"250802","image03","ch2",39,1.12347943684982
"250802","image03","ch2",40,1.11725273609782
"250802","image03","ch2",41,1.11182668235294
"250802","image03","ch2",42,1.10770097276243
"250802","image03","ch2",43,1.10311784346097
"250802","image03","ch2",44,1.0995047838997
"250802","image03","ch2",45,1.09419607652417
"250802","image03","ch2",46,1.08786837699921
"250802","image03","ch2",47,1.08505991290722
"250802","image03","ch2",48,1.08736875207991
"250802","image03","ch2",49,1.09173288618737
"250802","image03","ch2",50,1.10299052963226
"250802","image03","ch2",51,1.12844017395942
"250802","image03","ch2",52,1.16088398933312
"250802","image03","ch2",53,1.18265735055246
"250802","image03","ch2",54,1.18001310877998
"250802","image03","ch2",55,1.15925144468546
"250802","image03","ch2",56,1.14224296240694
"250802","image03","ch2",57,1.13831580749597
"250802","image03","ch2",58,1.13532347507761
"250802","image03","ch2",59,1.13157428987574
"250802","image03","ch2",60,1.12571951499853
"250802","image03","ch2",61,1.12274894727403
"250802","image03","ch2",62,1.11907369943373
"250802","image03","ch2",63,1.10950337351099
"250802","image03","ch2",64,1.09503322273028
"250802","image03","ch2",65,1.07272624129547
"250802","image03","ch2",66,1.05347650114479
"250802","image03","ch2",67,1.03595089070312
"250802","image03","ch2",68,1.01782899024716
"250802","image03","ch2",69,1.00946658075785
"250802","image03","ch2",70,1.00240555069043
"250802","image03","ch2",71,0.996479775722284
"250802","image03","ch2",72,0.991254539799871
"250802","image03","ch2",73,0.987019838208129
"250802","image03","ch2",74,0.979209442989721
"250802","image03","ch2",75,0.972073873661021
"250802","image03","ch2",76,0.96670926183952
"250802","image03","ch2",77,0.963705758162364
"250802","image03","ch2",78,0.962888498722992
"250802","image03","ch2",79,0.964600373753708
"250802","image03","ch2",80,0.964741555351954
"250802","image03","ch2",81,0.963010756594052
"250802","image03","ch2",82,0.960843797223285
"250802","image03","ch2",83,0.950503569331114
"250802","image03","ch2",84,0.943778230775355
"250802","image03","ch2",85,0.935920020643216
"250802","image03","ch2",86,0.928430847267202
"250802","image03","ch2",87,0.921704738279802
"250802","image03","ch2",88,0.918117271494618
"250802","image03","ch2",89,0.917474731505873
"250802","image03","ch2",90,0.918425733062956
"250802","image03","ch2",91,NA
"250802","image04","ch1",-90,0.592489842519521
"250802","image04","ch1",-89,0.607828159252131
"250802","image04","ch1",-88,0.621767421091252
"250802","image04","ch1",-87,0.634656002559873
"250802","image04","ch1",-86,0.642534648986563
"250802","image04","ch1",-85,0.631758323619059
"250802","image04","ch1",-84,0.61703028975019
"250802","image04","ch1",-83,0.610353196731519
"250802","image04","ch1",-82,0.614152857040961
"250802","image04","ch1",-81,0.627087714411208
"250802","image04","ch1",-80,0.640802244758535
"250802","image04","ch1",-79,0.655920597768645
"250802","image04","ch1",-78,0.676011054242845
"250802","image04","ch1",-77,0.693936624486561
"250802","image04","ch1",-76,0.700343247325252
"250802","image04","ch1",-75,0.703027350347146
"250802","image04","ch1",-74,0.702548307048423
"250802","image04","ch1",-73,0.693932528234068
"250802","image04","ch1",-72,0.683653368724985
"250802","image04","ch1",-71,0.671328466854036
"250802","image04","ch1",-70,0.65550060597871
"250802","image04","ch1",-69,0.640232252902923
"250802","image04","ch1",-68,0.629455768050178
"250802","image04","ch1",-67,0.623112175457328
"250802","image04","ch1",-66,0.629619383119018
"250802","image04","ch1",-65,0.643876776043151
"250802","image04","ch1",-64,0.653426668305116
"250802","image04","ch1",-63,0.658033760417444
"250802","image04","ch1",-62,0.657479792631523
"250802","image04","ch1",-61,0.64567857313872
"250802","image04","ch1",-60,0.633330268907217
"250802","image04","ch1",-59,0.620886793956932
"250802","image04","ch1",-58,0.616267455056924
"250802","image04","ch1",-57,0.615425801079008
"250802","image04","ch1",-56,0.616231881454331
"250802","image04","ch1",-55,0.615380515664664
"250802","image04","ch1",-54,0.612649523982061
"250802","image04","ch1",-53,0.604557310030411
"250802","image04","ch1",-52,0.595387068186493
"250802","image04","ch1",-51,0.588456679030057
"250802","image04","ch1",-50,0.581386782257978
"250802","image04","ch1",-49,0.576005137484186
"250802","image04","ch1",-48,0.57297150996678
"250802","image04","ch1",-47,0.571796800442925
"250802","image04","ch1",-46,0.574303757332416
"250802","image04","ch1",-45,0.576208716196714
"250802","image04","ch1",-44,0.576572183059829
"250802","image04","ch1",-43,0.576333886928631
"250802","image04","ch1",-42,0.578824861718232
"250802","image04","ch1",-41,0.587560439130087
"250802","image04","ch1",-40,0.5986097276837
"250802","image04","ch1",-39,0.605506096120147
"250802","image04","ch1",-38,0.610223635958507
"250802","image04","ch1",-37,0.611655737872621
"250802","image04","ch1",-36,0.607453100330218
"250802","image04","ch1",-35,0.603444942447674
"250802","image04","ch1",-34,0.601423710449087
"250802","image04","ch1",-33,0.60111324304958
"250802","image04","ch1",-32,0.605147464178007
"250802","image04","ch1",-31,0.606594767553729
"250802","image04","ch1",-30,0.61099175884659
"250802","image04","ch1",-29,0.615041433255426
"250802","image04","ch1",-28,0.621009135924321
"250802","image04","ch1",-27,0.628668095629193
"250802","image04","ch1",-26,0.640107736899887
"250802","image04","ch1",-25,0.653040252355287
"250802","image04","ch1",-24,0.665978836643787
"250802","image04","ch1",-23,0.674216559892499
"250802","image04","ch1",-22,0.680424111575197
"250802","image04","ch1",-21,0.69088873563107
"250802","image04","ch1",-20,0.7012327300874
"250802","image04","ch1",-19,0.710981366140917
"250802","image04","ch1",-18,0.718578143389911
"250802","image04","ch1",-17,0.728533925588967
"250802","image04","ch1",-16,0.744240057255986
"250802","image04","ch1",-15,0.769829833429591
"250802","image04","ch1",-14,0.80252528982687
"250802","image04","ch1",-13,0.831705859402572
"250802","image04","ch1",-12,0.859914886862906
"250802","image04","ch1",-11,0.888691337627083
"250802","image04","ch1",-10,0.916719458460922
"250802","image04","ch1",-9,0.941552871684442
"250802","image04","ch1",-8,0.964417641068943
"250802","image04","ch1",-7,0.992128696850693
"250802","image04","ch1",-6,1.01625403757616
"250802","image04","ch1",-5,1.03233535407449
"250802","image04","ch1",-4,1.05240684019903
"250802","image04","ch1",-3,1.07666169133375
"250802","image04","ch1",-2,1.10495384418023
"250802","image04","ch1",-1,1.13613109342144
"250802","image04","ch1",0,1.16664051920293
"250802","image04","ch1",1,1.19018303370791
"250802","image04","ch1",2,1.20434792519255
"250802","image04","ch1",3,1.2150317826964
"250802","image04","ch1",4,1.2145688809828
"250802","image04","ch1",5,1.20956939642111
"250802","image04","ch1",6,1.20338647261713
"250802","image04","ch1",7,1.21334159169334
"250802","image04","ch1",8,1.23516187544984
"250802","image04","ch1",9,1.26704334436145
"250802","image04","ch1",10,1.302742428263
"250802","image04","ch1",11,1.33989209757864
"250802","image04","ch1",12,1.35180201045983
"250802","image04","ch1",13,1.35244377067367
"250802","image04","ch1",14,1.35903401978191
"250802","image04","ch1",15,1.35799477198496
"250802","image04","ch1",16,1.34888232255583
"250802","image04","ch1",17,1.34093257089375
"250802","image04","ch1",18,1.33076908015383
"250802","image04","ch1",19,1.33024363504408
"250802","image04","ch1",20,1.34266628457954
"250802","image04","ch1",21,1.36472313531147
"250802","image04","ch1",22,1.38629086159869
"250802","image04","ch1",23,1.40699803910397
"250802","image04","ch1",24,1.4182474228767
"250802","image04","ch1",25,1.42180960966303
"250802","image04","ch1",26,1.43192842774768
"250802","image04","ch1",27,1.44528203460178
"250802","image04","ch1",28,1.449515578705
"250802","image04","ch1",29,1.43997187279158
"250802","image04","ch1",30,1.40954983652793
"250802","image04","ch1",31,1.36007916013879
"250802","image04","ch1",32,1.30784299289134
"250802","image04","ch1",33,1.27260344472541
"250802","image04","ch1",34,1.25848839657541
"250802","image04","ch1",35,1.26500608829317
"250802","image04","ch1",36,1.28803586614388
"250802","image04","ch1",37,1.31715421968786
"250802","image04","ch1",38,1.34631282227018
"250802","image04","ch1",39,1.38093036960417
"250802","image04","ch1",40,1.40197625179048
"250802","image04","ch1",41,1.40921522809938
"250802","image04","ch1",42,1.40860256135099
"250802","image04","ch1",43,1.3900801133977
"250802","image04","ch1",44,1.35353408732342
"250802","image04","ch1",45,1.32178352221842
"250802","image04","ch1",46,1.30950686882971
"250802","image04","ch1",47,1.31520836545032
"250802","image04","ch1",48,1.32590287488944
"250802","image04","ch1",49,1.33794870277138
"250802","image04","ch1",50,1.35016150330617
"250802","image04","ch1",51,1.36369028371207
"250802","image04","ch1",52,1.37683159052917
"250802","image04","ch1",53,1.38520358356247
"250802","image04","ch1",54,1.39115820844165
"250802","image04","ch1",55,1.40063715495347
"250802","image04","ch1",56,1.41087614936382
"250802","image04","ch1",57,1.42371366197964
"250802","image04","ch1",58,1.43278323506096
"250802","image04","ch1",59,1.43217057670653
"250802","image04","ch1",60,1.42559148317117
"250802","image04","ch1",61,1.41877253222805
"250802","image04","ch1",62,1.40641767231377
"250802","image04","ch1",63,1.38573607120469
"250802","image04","ch1",64,1.38066838571777
"250802","image04","ch1",65,1.37023421494888
"250802","image04","ch1",66,1.3433702608251
"250802","image04","ch1",67,1.32098872332538
"250802","image04","ch1",68,1.2955037877125
"250802","image04","ch1",69,1.26816374496393
"250802","image04","ch1",70,1.24438654373057
"250802","image04","ch1",71,1.2230411230807
"250802","image04","ch1",72,1.20089360918652
"250802","image04","ch1",73,1.18108050593952
"250802","image04","ch1",74,1.17120948594882
"250802","image04","ch1",75,1.162273360044
"250802","image04","ch1",76,1.14878802677521
"250802","image04","ch1",77,1.13578509438914
"250802","image04","ch1",78,1.1301496666279
"250802","image04","ch1",79,1.14423356479225
"250802","image04","ch1",80,1.17066896528686
"250802","image04","ch1",81,1.19839853814443
"250802","image04","ch1",82,1.2122454580293
"250802","image04","ch1",83,1.20907698993802
"250802","image04","ch1",84,1.199635253851
"250802","image04","ch1",85,1.20299374440936
"250802","image04","ch1",86,1.21677951429543
"250802","image04","ch1",87,1.23024132768824
"250802","image04","ch1",88,1.24494469170859
"250802","image04","ch1",89,1.25475365515282
"250802","image04","ch1",90,1.24509207285874
"250802","image04","ch1",91,NA
"250802","image04","ch2",-90,0.914506176376273
"250802","image04","ch2",-89,0.913241413489182
"250802","image04","ch2",-88,0.911692829798368
"250802","image04","ch2",-87,0.913952434197716
"250802","image04","ch2",-86,0.916072874024186
"250802","image04","ch2",-85,0.917085382498128
"250802","image04","ch2",-84,0.920647893393406
"250802","image04","ch2",-83,0.921785858580797
"250802","image04","ch2",-82,0.921926789849843
"250802","image04","ch2",-81,0.921284287152948
"250802","image04","ch2",-80,0.922568994549794
"250802","image04","ch2",-79,0.928987593298954
"250802","image04","ch2",-78,0.936528363397469
"250802","image04","ch2",-77,0.939507694273216
"250802","image04","ch2",-76,0.94403554498329
"250802","image04","ch2",-75,0.93968481088547
"250802","image04","ch2",-74,0.930592115273267
"250802","image04","ch2",-73,0.927070451244822
"250802","image04","ch2",-72,0.926958617248814
"250802","image04","ch2",-71,0.928875759302946
"250802","image04","ch2",-70,0.92767793930079
"250802","image04","ch2",-69,0.928851025556589
"250802","image04","ch2",-68,0.927636262299613
"250802","image04","ch2",-67,0.924856057238988
"250802","image04","ch2",-66,0.923571945836029
"250802","image04","ch2",-65,0.924441245492852
"250802","image04","ch2",-64,0.92498347221807
"250802","image04","ch2",-63,0.929976006591418
"250802","image04","ch2",-62,0.929481906372666
"250802","image04","ch2",-61,0.925542620912612
"250802","image04","ch2",-60,0.922812096199661
"250802","image04","ch2",-59,0.919784106680048
"250802","image04","ch2",-58,0.918311788921418
"250802","image04","ch2",-57,0.917558069507899
"250802","image04","ch2",-56,0.915729262262186
"250802","image04","ch2",-55,0.913549478472855
"250802","image04","ch2",-54,0.91234914678217
"250802","image04","ch2",-53,0.915074499119592
"250802","image04","ch2",-52,0.916383110128452
"250802","image04","ch2",-51,0.915102127693406
"250802","image04","ch2",-50,0.913030963790186
"250802","image04","ch2",-49,0.907942921396267
"250802","image04","ch2",-48,0.904457612994997
"250802","image04","ch2",-47,0.899508330749531
"250802","image04","ch2",-46,0.897469478229246
"250802","image04","ch2",-45,0.897897678552368
"250802","image04","ch2",-44,0.898407466181675
"250802","image04","ch2",-43,0.899565588733783
"250802","image04","ch2",-42,0.900340529786818
"250802","image04","ch2",-41,0.901773128809904
"250802","image04","ch2",-40,0.904656866523095
"250802","image04","ch2",-39,0.906891843603565
"250802","image04","ch2",-38,0.907995305001934
"250802","image04","ch2",-37,0.908516097232675
"250802","image04","ch2",-36,0.911547832999586
"250802","image04","ch2",-35,0.916962011763286
"250802","image04","ch2",-34,0.928231383482402
"250802","image04","ch2",-33,0.938798057121923
"250802","image04","ch2",-32,0.948768651731334
"250802","image04","ch2",-31,0.95180558115927
"250802","image04","ch2",-30,0.942407757961843
"250802","image04","ch2",-29,0.92637918347658
"250802","image04","ch2",-28,0.915727601993498
"250802","image04","ch2",-27,0.912782966476238
"250802","image04","ch2",-26,0.910683535434324
"250802","image04","ch2",-25,0.912358086690492
"250802","image04","ch2",-24,0.913217722732129
"250802","image04","ch2",-23,0.915332649615135
"250802","image04","ch2",-22,0.91903528293061
"250802","image04","ch2",-21,0.924525131632606
"250802","image04","ch2",-20,0.926602532186155
"250802","image04","ch2",-19,0.93075799314363
"250802","image04","ch2",-18,0.935414408249571
"250802","image04","ch2",-17,0.9437621966436
"250802","image04","ch2",-16,0.952149916628134
"250802","image04","ch2",-15,0.962619613547859
"250802","image04","ch2",-14,0.972784268024343
"250802","image04","ch2",-13,0.982085135787469
"250802","image04","ch2",-12,0.9920907876088
"250802","image04","ch2",-11,1.00218111313324
"250802","image04","ch2",-10,1.01152906441352
"250802","image04","ch2",-9,1.02285435313064
"250802","image04","ch2",-8,1.03522810152446
"250802","image04","ch2",-7,1.05781026737454
"250802","image04","ch2",-6,1.07765462887204
"250802","image04","ch2",-5,1.09532397453131
"250802","image04","ch2",-4,1.10216132284337
"250802","image04","ch2",-3,1.09542812446326
"250802","image04","ch2",-2,1.08304833098858
"250802","image04","ch2",-1,1.0755750359124
"250802","image04","ch2",0,1.07900429960269
"250802","image04","ch2",1,1.08364813498049
"250802","image04","ch2",2,1.09092085682782
"250802","image04","ch2",3,1.09776369679785
"250802","image04","ch2",4,1.10752635339679
"250802","image04","ch2",5,1.11387083604886
"250802","image04","ch2",6,1.11845500818136
"250802","image04","ch2",7,1.12179500050141
"250802","image04","ch2",8,1.12471792481275
"250802","image04","ch2",9,1.127550726334
"250802","image04","ch2",10,1.1304658388683
"250802","image04","ch2",11,1.14007196192963
"250802","image04","ch2",12,1.14807562770975
"250802","image04","ch2",13,1.1638704448779
"250802","image04","ch2",14,1.18016455592581
"250802","image04","ch2",15,1.1982024599484
"250802","image04","ch2",16,1.21150265955581
"250802","image04","ch2",17,1.21919704707899
"250802","image04","ch2",18,1.2195289092472
"250802","image04","ch2",19,1.21352469653425
"250802","image04","ch2",20,1.19634755668459
"250802","image04","ch2",21,1.17586682271304
"250802","image04","ch2",22,1.16026583127152
"250802","image04","ch2",23,1.1484200696061
"250802","image04","ch2",24,1.14158138030779
"250802","image04","ch2",25,1.13580945621275
"250802","image04","ch2",26,1.13503451515971
"250802","image04","ch2",27,1.13625647291434
"250802","image04","ch2",28,1.14053819943411
"250802","image04","ch2",29,1.14552792412198
"250802","image04","ch2",30,1.15065357798734
"250802","image04","ch2",31,1.15674968018654
"250802","image04","ch2",32,1.15601882139573
"250802","image04","ch2",33,1.15262259279524
"250802","image04","ch2",34,1.1488904577823
"250802","image04","ch2",35,1.14468793459316
"250802","image04","ch2",36,1.14347389504305
"250802","image04","ch2",37,1.13667696788791
"250802","image04","ch2",38,1.12738214520564
"250802","image04","ch2",39,1.1195985927397
"250802","image04","ch2",40,1.10611410330789
"250802","image04","ch2",41,1.09858987203977
"250802","image04","ch2",42,1.09764573257899
"250802","image04","ch2",43,1.09776495264211
"250802","image04","ch2",44,1.10057280756205
"250802","image04","ch2",45,1.10188797450368
"250802","image04","ch2",46,1.09961268269377
"250802","image04","ch2",47,1.09420514500483
"250802","image04","ch2",48,1.09526910052261
"250802","image04","ch2",49,1.10097825368994
"250802","image04","ch2",50,1.10523430990153
"250802","image04","ch2",51,1.10642318999537
"250802","image04","ch2",52,1.10272411135772
"250802","image04","ch2",53,1.08770225569149
"250802","image04","ch2",54,1.06816065908916
"250802","image04","ch2",55,1.05467710621917
"250802","image04","ch2",56,1.04425604665781
"250802","image04","ch2",57,1.03542473693655
"250802","image04","ch2",58,1.02864935070336
"250802","image04","ch2",59,1.02554622338285
"250802","image04","ch2",60,1.0201381535565
"250802","image04","ch2",61,1.01026213040584
"250802","image04","ch2",62,0.995974454067793
"250802","image04","ch2",63,0.979439114493656
"250802","image04","ch2",64,0.964192547846102
"250802","image04","ch2",65,0.953845583096339
"250802","image04","ch2",66,0.947745436652903
"250802","image04","ch2",67,0.951522462776914
"250802","image04","ch2",68,0.958621196979905
"250802","image04","ch2",69,0.968544218505746
"250802","image04","ch2",70,0.975979178403623
"250802","image04","ch2",71,0.974719396322598
"250802","image04","ch2",72,0.965571826701696
"250802","image04","ch2",73,0.948673356565722
"250802","image04","ch2",74,0.936340242183782
"250802","image04","ch2",75,0.92617152217756
"250802","image04","ch2",76,0.917959982243456
"250802","image04","ch2",77,0.914845935463496
"250802","image04","ch2",78,0.915199828120067
"250802","image04","ch2",79,0.918672961217622
"250802","image04","ch2",80,0.918621939883699
"250802","image04","ch2",81,0.919101587250664
"250802","image04","ch2",82,0.913405418235897
"250802","image04","ch2",83,0.899030450078734
"250802","image04","ch2",84,0.883663109526851
"250802","image04","ch2",85,0.875366236039264
"250802","image04","ch2",86,0.869188397535411
"250802","image04","ch2",87,0.865275463519411
"250802","image04","ch2",88,0.865808601337836
"250802","image04","ch2",89,0.863865874117506
"250802","image04","ch2",90,0.863798377809676
"250802","image04","ch2",91,NA
"250802","image08","ch1",-90,0.625681654404384
"250802","image08","ch1",-89,0.626489670920321
"250802","image08","ch1",-88,0.621714956717521
"250802","image08","ch1",-87,0.614065795542542
"250802","image08","ch1",-86,0.609356059509706
"250802","image08","ch1",-85,0.611184623192075
"250802","image08","ch1",-84,0.616447956419554
"250802","image08","ch1",-83,0.616577680849884
"250802","image08","ch1",-82,0.610293235176333
"250802","image08","ch1",-81,0.605727862867082
"250802","image08","ch1",-80,0.604517570167972
"250802","image08","ch1",-79,0.601924023694096
"250802","image08","ch1",-78,0.6017413514041
"250802","image08","ch1",-77,0.610093937867165
"250802","image08","ch1",-76,0.627052327083561
"250802","image08","ch1",-75,0.639720649670002
"250802","image08","ch1",-74,0.632599532151042
"250802","image08","ch1",-73,0.617303383953548
"250802","image08","ch1",-72,0.604533209571361
"250802","image08","ch1",-71,0.595760171010527
"250802","image08","ch1",-70,0.59014159576484
"250802","image08","ch1",-69,0.587124104054903
"250802","image08","ch1",-68,0.585273204579556
"250802","image08","ch1",-67,0.585756518672224
"250802","image08","ch1",-66,0.588601005823454
"250802","image08","ch1",-65,0.594632322172839
"250802","image08","ch1",-64,0.599638119793824
"250802","image08","ch1",-63,0.601491802184324
"250802","image08","ch1",-62,0.601998901504943
"250802","image08","ch1",-61,0.602364869341973
"250802","image08","ch1",-60,0.607970167763282
"250802","image08","ch1",-59,0.616801893946285
"250802","image08","ch1",-58,0.6212677480501
"250802","image08","ch1",-57,0.621276444659954
"250802","image08","ch1",-56,0.617095665427172
"250802","image08","ch1",-55,0.616143415636797
"250802","image08","ch1",-54,0.614891929995676
"250802","image08","ch1",-53,0.610303627625109
"250802","image08","ch1",-52,0.605986181168462
"250802","image08","ch1",-51,0.604467187808215
"250802","image08","ch1",-50,0.605610096275301
"250802","image08","ch1",-49,0.610302149201434
"250802","image08","ch1",-48,0.615901229546697
"250802","image08","ch1",-47,0.616755671464908
"250802","image08","ch1",-46,0.617249740365095
"250802","image08","ch1",-45,0.620678349811557
"250802","image08","ch1",-44,0.624763161954594
"250802","image08","ch1",-43,0.637580124097799
"250802","image08","ch1",-42,0.653852147875773
"250802","image08","ch1",-41,0.663031781936007
"250802","image08","ch1",-40,0.669780858485389
"250802","image08","ch1",-39,0.683020678788422
"250802","image08","ch1",-38,0.69501766657714
"250802","image08","ch1",-37,0.689476549136557
"250802","image08","ch1",-36,0.677797973223314
"250802","image08","ch1",-35,0.673572812291574
"250802","image08","ch1",-34,0.673642457642159
"250802","image08","ch1",-33,0.682879213934788
"250802","image08","ch1",-32,0.694541425727154
"250802","image08","ch1",-31,0.700299740998855
"250802","image08","ch1",-30,0.699213302518424
"250802","image08","ch1",-29,0.70353202447785
"250802","image08","ch1",-28,0.710964915460095
"250802","image08","ch1",-27,0.719866620363727
"250802","image08","ch1",-26,0.732587745866335
"250802","image08","ch1",-25,0.752036858639426
"250802","image08","ch1",-24,0.778874756088452
"250802","image08","ch1",-23,0.798284241309306
"250802","image08","ch1",-22,0.805679896307025
"250802","image08","ch1",-21,0.809950062194762
"250802","image08","ch1",-20,0.817692726420028
"250802","image08","ch1",-19,0.833805587743313
"250802","image08","ch1",-18,0.856223636154654
"250802","image08","ch1",-17,0.889765880589709
"250802","image08","ch1",-16,0.936383043110605
"250802","image08","ch1",-15,0.989306610244935
"250802","image08","ch1",-14,1.03681558111772
"250802","image08","ch1",-13,1.09102834819124
"250802","image08","ch1",-12,1.13509556324233
"250802","image08","ch1",-11,1.16253312092952
"250802","image08","ch1",-10,1.19155402688989
"250802","image08","ch1",-9,1.22276500010993
"250802","image08","ch1",-8,1.25252569768193
"250802","image08","ch1",-7,1.28872688709697
"250802","image08","ch1",-6,1.32427584526726
"250802","image08","ch1",-5,1.34571445248808
"250802","image08","ch1",-4,1.35585894642298
"250802","image08","ch1",-3,1.35699273794407
"250802","image08","ch1",-2,1.34401448267676
"250802","image08","ch1",-1,1.32179015124993
"250802","image08","ch1",0,1.29838573334889
"250802","image08","ch1",1,1.28990752435647
"250802","image08","ch1",2,1.29400020693143
"250802","image08","ch1",3,1.29975618861282
"250802","image08","ch1",4,1.29486689657518
"250802","image08","ch1",5,1.29719461667451
"250802","image08","ch1",6,1.31187114591421
"250802","image08","ch1",7,1.3320381058534
"250802","image08","ch1",8,1.34272400723479
"250802","image08","ch1",9,1.34041723147087
"250802","image08","ch1",10,1.32719919617552
"250802","image08","ch1",11,1.30086435412353
"250802","image08","ch1",12,1.25255074391831
"250802","image08","ch1",13,1.18563979589785
"250802","image08","ch1",14,1.12594770079676
"250802","image08","ch1",15,1.07278449857789
"250802","image08","ch1",16,1.02749419231685
"250802","image08","ch1",17,1.00186374667438
"250802","image08","ch1",18,1.00239483414385
"250802","image08","ch1",19,1.01263083090877
"250802","image08","ch1",20,1.00529596521394
"250802","image08","ch1",21,0.97208564138833
"250802","image08","ch1",22,0.949923099374517
"250802","image08","ch1",23,0.946238563194385
"250802","image08","ch1",24,0.957233889954404
"250802","image08","ch1",25,0.975553747937881
"250802","image08","ch1",26,0.980610493198265
"250802","image08","ch1",27,0.965893423262286
"250802","image08","ch1",28,0.955470855227289
"250802","image08","ch1",29,0.954984511815522
"250802","image08","ch1",30,0.948788959989034
"250802","image08","ch1",31,0.934611239301885
"250802","image08","ch1",32,0.920882655030676
"250802","image08","ch1",33,0.906043151322295
"250802","image08","ch1",34,0.895447839626886
"250802","image08","ch1",35,0.895592638180965
"250802","image08","ch1",36,0.905033431435131
"250802","image08","ch1",37,0.915311882150489
"250802","image08","ch1",38,0.916686729202397
"250802","image08","ch1",39,0.923602679200538
"250802","image08","ch1",40,0.940378975900928
"250802","image08","ch1",41,0.975705982093386
"250802","image08","ch1",42,1.02564495969173
"250802","image08","ch1",43,1.08851420176533
"250802","image08","ch1",44,1.15982477920557
"250802","image08","ch1",45,1.22478897661573
"250802","image08","ch1",46,1.2850146956975
"250802","image08","ch1",47,1.32866321246714
"250802","image08","ch1",48,1.34355077943932
"250802","image08","ch1",49,1.34807219038575
"250802","image08","ch1",50,1.37669018241156
"250802","image08","ch1",51,1.3949195231808
"250802","image08","ch1",52,1.35784951345259
"250802","image08","ch1",53,1.2666121039656
"250802","image08","ch1",54,1.18182476708685
"250802","image08","ch1",55,1.15055207692554
"250802","image08","ch1",56,1.17572418223997
"250802","image08","ch1",57,1.20447437722992
"250802","image08","ch1",58,1.20544623787551
"250802","image08","ch1",59,1.20037520118627
"250802","image08","ch1",60,1.22200404674766
"250802","image08","ch1",61,1.27955468863816
"250802","image08","ch1",62,1.34550326981211
"250802","image08","ch1",63,1.43024157230564
"250802","image08","ch1",64,1.54876387049383
"250802","image08","ch1",65,1.6639384666959
"250802","image08","ch1",66,1.73658191555114
"250802","image08","ch1",67,1.76011839147283
"250802","image08","ch1",68,1.73238535197147
"250802","image08","ch1",69,1.65987948348413
"250802","image08","ch1",70,1.56027712385373
"250802","image08","ch1",71,1.48416380013827
"250802","image08","ch1",72,1.45588014927832
"250802","image08","ch1",73,1.45698067626672
"250802","image08","ch1",74,1.44662357920957
"250802","image08","ch1",75,1.41182539936802
"250802","image08","ch1",76,1.35788447382421
"250802","image08","ch1",77,1.30172579681268
"250802","image08","ch1",78,1.26751517442725
"250802","image08","ch1",79,1.27410359560392
"250802","image08","ch1",80,1.33713150732432
"250802","image08","ch1",81,1.42942300390308
"250802","image08","ch1",82,1.47695781820148
"250802","image08","ch1",83,1.46615571561808
"250802","image08","ch1",84,1.45828770425611
"250802","image08","ch1",85,1.49520994408854
"250802","image08","ch1",86,1.54490943154584
"250802","image08","ch1",87,1.59048721873996
"250802","image08","ch1",88,1.59828529486435
"250802","image08","ch1",89,1.54597159199042
"250802","image08","ch1",90,1.45515514190345
"250802","image08","ch1",91,NA
"250802","image08","ch2",-90,0.978838104023094
"250802","image08","ch2",-89,0.965998122025673
"250802","image08","ch2",-88,0.96196798725248
"250802","image08","ch2",-87,0.95859848027269
"250802","image08","ch2",-86,0.956228626291153
"250802","image08","ch2",-85,0.954122218475092
"250802","image08","ch2",-84,0.955421162308318
"250802","image08","ch2",-83,0.959248654496316
"250802","image08","ch2",-82,0.958935614650965
"250802","image08","ch2",-81,0.957150836435266
"250802","image08","ch2",-80,0.958139360568537
"250802","image08","ch2",-79,0.960331963064597
"250802","image08","ch2",-78,0.962148264060477
"250802","image08","ch2",-77,0.960076755500624
"250802","image08","ch2",-76,0.959426311158916
"250802","image08","ch2",-75,0.958255106166718
"250802","image08","ch2",-74,0.959513640334861
"250802","image08","ch2",-73,0.961908291156335
"250802","image08","ch2",-72,0.963629510587314
"250802","image08","ch2",-71,0.963268713865047
"250802","image08","ch2",-70,0.965944368527335
"250802","image08","ch2",-69,0.965939020189309
"250802","image08","ch2",-68,0.964340542414838
"250802","image08","ch2",-67,0.96453659411883
"250802","image08","ch2",-66,0.964100434451655
"250802","image08","ch2",-65,0.968298798766384
"250802","image08","ch2",-64,0.971811333270648
"250802","image08","ch2",-63,0.974274972250292
"250802","image08","ch2",-62,0.974076138330055
"250802","image08","ch2",-61,0.978206513923517
"250802","image08","ch2",-60,0.984109755525257
"250802","image08","ch2",-59,0.9858134172809
"250802","image08","ch2",-58,0.98424481456631
"250802","image08","ch2",-57,0.984400645687876
"250802","image08","ch2",-56,0.985857986764447
"250802","image08","ch2",-55,0.988792441561199
"250802","image08","ch2",-54,0.991282444065656
"250802","image08","ch2",-53,0.991420609464653
"250802","image08","ch2",-52,0.988966208523417
"250802","image08","ch2",-51,0.983449559920785
"250802","image08","ch2",-50,0.977630865278744
"250802","image08","ch2",-49,0.96783349335815
"250802","image08","ch2",-48,0.960770445747277
"250802","image08","ch2",-47,0.957123797615248
"250802","image08","ch2",-46,0.952285334481356
"250802","image08","ch2",-45,0.952008490459007
"250802","image08","ch2",-44,0.952284010902754
"250802","image08","ch2",-43,0.952208377839765
"250802","image08","ch2",-42,0.95166187493605
"250802","image08","ch2",-41,0.950466143221998
"250802","image08","ch2",-40,0.952817332044061
"250802","image08","ch2",-39,0.955028275557896
"250802","image08","ch2",-38,0.958777676608358
"250802","image08","ch2",-37,0.964351617256205
"250802","image08","ch2",-36,0.971846799774828
"250802","image08","ch2",-35,0.97471831705845
"250802","image08","ch2",-34,0.970974210322398
"250802","image08","ch2",-33,0.97142322761028
"250802","image08","ch2",-32,0.972234122092758
"250802","image08","ch2",-31,0.974836493719371
"250802","image08","ch2",-30,0.978616310065878
"250802","image08","ch2",-29,0.979915469993569
"250802","image08","ch2",-28,0.986198929807679
"250802","image08","ch2",-27,0.987423429097476
"250802","image08","ch2",-26,0.980636388142898
"250802","image08","ch2",-25,0.974293502350724
"250802","image08","ch2",-24,0.971229742028069
"250802","image08","ch2",-23,0.972493813616894
"250802","image08","ch2",-22,0.97439182533261
"250802","image08","ch2",-21,0.974287883894617
"250802","image08","ch2",-20,0.975233702359106
"250802","image08","ch2",-19,0.979212001472344
"250802","image08","ch2",-18,0.982164851310487
"250802","image08","ch2",-17,0.984545591050733
"250802","image08","ch2",-16,0.988725371241412
"250802","image08","ch2",-15,0.995935201018101
"250802","image08","ch2",-14,0.998953122302224
"250802","image08","ch2",-13,1.00020333683344
"250802","image08","ch2",-12,1.00614409783678
"250802","image08","ch2",-11,1.01402935787777
"250802","image08","ch2",-10,1.01848490161847
"250802","image08","ch2",-9,1.0208379542553
"250802","image08","ch2",-8,1.02700280521956
"250802","image08","ch2",-7,1.03788051440953
"250802","image08","ch2",-6,1.06003851677904
"250802","image08","ch2",-5,1.07874043932345
"250802","image08","ch2",-4,1.08669665938461
"250802","image08","ch2",-3,1.08259035131226
"250802","image08","ch2",-2,1.07236297841677
"250802","image08","ch2",-1,1.06311216342351
"250802","image08","ch2",0,1.05192481787602
"250802","image08","ch2",1,1.04328927785017
"250802","image08","ch2",2,1.03926651730062
"250802","image08","ch2",3,1.04392527087449
"250802","image08","ch2",4,1.05181706777307
"250802","image08","ch2",5,1.06244756489429
"250802","image08","ch2",6,1.07188500447048
"250802","image08","ch2",7,1.08048683375968
"250802","image08","ch2",8,1.08519107521858
"250802","image08","ch2",9,1.09126954242018
"250802","image08","ch2",10,1.0983390188414
"250802","image08","ch2",11,1.10976220448638
"250802","image08","ch2",12,1.11655683575906
"250802","image08","ch2",13,1.12092831875261
"250802","image08","ch2",14,1.12215308816049
"250802","image08","ch2",15,1.11292909589278
"250802","image08","ch2",16,1.09771285811528
"250802","image08","ch2",17,1.08709062660736
"250802","image08","ch2",18,1.08569492647713
"250802","image08","ch2",19,1.08280104341631
"250802","image08","ch2",20,1.07716754173136
"250802","image08","ch2",21,1.07244350061704
"250802","image08","ch2",22,1.0880589729199
"250802","image08","ch2",23,1.11230366448548
"250802","image08","ch2",24,1.1190671511433
"250802","image08","ch2",25,1.10718446762885
"250802","image08","ch2",26,1.09888454932002
"250802","image08","ch2",27,1.09832359509892
"250802","image08","ch2",28,1.10061452057686
"250802","image08","ch2",29,1.10098428521946
"250802","image08","ch2",30,1.10328628553877
"250802","image08","ch2",31,1.10881006525877
"250802","image08","ch2",32,1.1024014057136
"250802","image08","ch2",33,1.08072734689999
"250802","image08","ch2",34,1.06806404914007
"250802","image08","ch2",35,1.06803792872153
"250802","image08","ch2",36,1.06242730603814
"250802","image08","ch2",37,1.05223807381583
"250802","image08","ch2",38,1.03793043223111
"250802","image08","ch2",39,1.02515887114388
"250802","image08","ch2",40,1.0165311105188
"250802","image08","ch2",41,1.01692864330023
"250802","image08","ch2",42,1.02089843369389
"250802","image08","ch2",43,1.02347503605547
"250802","image08","ch2",44,1.01621350567786
"250802","image08","ch2",45,1.01157322818081
"250802","image08","ch2",46,1.00532469463472
"250802","image08","ch2",47,0.999417968509718
"250802","image08","ch2",48,0.994836522730949
"250802","image08","ch2",49,0.992532010313473
"250802","image08","ch2",50,0.994737416406624
"250802","image08","ch2",51,0.997748665774119
"250802","image08","ch2",52,1.00079073561478
"250802","image08","ch2",53,0.996579432643921
"250802","image08","ch2",54,0.991394110880798
"250802","image08","ch2",55,0.991224098559922
"250802","image08","ch2",56,0.995736286062439
"250802","image08","ch2",57,1.00467038760443
"250802","image08","ch2",58,1.01534051104831
"250802","image08","ch2",59,1.02829107938854
"250802","image08","ch2",60,1.03890177685435
"250802","image08","ch2",61,1.04679573469759
"250802","image08","ch2",62,1.04554630350881
"250802","image08","ch2",63,1.03614216949215
"250802","image08","ch2",64,1.0124950331478
"250802","image08","ch2",65,0.98272888487773
"250802","image08","ch2",66,0.958701233191123
"250802","image08","ch2",67,0.945325390942423
"250802","image08","ch2",68,0.940601403851727
"250802","image08","ch2",69,0.93721207020471
"250802","image08","ch2",70,0.94409705597586
"250802","image08","ch2",71,0.95780422506407
"250802","image08","ch2",72,0.981628423811235
"250802","image08","ch2",73,1.01093915299488
"250802","image08","ch2",74,1.02310216505493
"250802","image08","ch2",75,0.998272019558197
"250802","image08","ch2",76,0.964461555315621
"250802","image08","ch2",77,0.939633435704505
"250802","image08","ch2",78,0.921811395800745
"250802","image08","ch2",79,0.908959609643137
"250802","image08","ch2",80,0.900173775916408
"250802","image08","ch2",81,0.894006034688672
"250802","image08","ch2",82,0.887454374630839
"250802","image08","ch2",83,0.879715248472267
"250802","image08","ch2",84,0.86955745799472
"250802","image08","ch2",85,0.869684008316187
"250802","image08","ch2",86,0.873912193667179
"250802","image08","ch2",87,0.87661210493324
"250802","image08","ch2",88,0.876562646312407
"250802","image08","ch2",89,0.877156041715174
"250802","image08","ch2",90,0.879441753914136
"250802","image08","ch2",91,NA
"250802","image10","ch1",-90,0.391885884708304
"250802","image10","ch1",-89,0.391672812498155
"250802","image10","ch1",-88,0.3879670895164
"250802","image10","ch1",-87,0.383458788935999
"250802","image10","ch1",-86,0.379620178021625
"250802","image10","ch1",-85,0.375925096698431
"250802","image10","ch1",-84,0.373064597629206
"250802","image10","ch1",-83,0.370878250285839
"250802","image10","ch1",-82,0.370597255609398
"250802","image10","ch1",-81,0.371365606376098
"250802","image10","ch1",-80,0.373901030221478
"250802","image10","ch1",-79,0.376962419369254
"250802","image10","ch1",-78,0.378889436044916
"250802","image10","ch1",-77,0.383323262721973
"250802","image10","ch1",-76,0.386045048391579
"250802","image10","ch1",-75,0.387340143550485
"250802","image10","ch1",-74,0.391678992096887
"250802","image10","ch1",-73,0.397978057168873
"250802","image10","ch1",-72,0.408508111114837
"250802","image10","ch1",-71,0.420836021040329
"250802","image10","ch1",-70,0.436140248818158
"250802","image10","ch1",-69,0.448299043134797
"250802","image10","ch1",-68,0.456290087651588
"250802","image10","ch1",-67,0.461494212819875
"250802","image10","ch1",-66,0.460594443767246
"250802","image10","ch1",-65,0.454715175304252
"250802","image10","ch1",-64,0.444910976317089
"250802","image10","ch1",-63,0.432122420687261
"250802","image10","ch1",-62,0.419198161777542
"250802","image10","ch1",-61,0.410843645303812
"250802","image10","ch1",-60,0.404659611071833
"250802","image10","ch1",-59,0.400441760485131
"250802","image10","ch1",-58,0.400870162495223
"250802","image10","ch1",-57,0.402992314608783
"250802","image10","ch1",-56,0.407200222947095
"250802","image10","ch1",-55,0.411811929993385
"250802","image10","ch1",-54,0.419828445435036
"250802","image10","ch1",-53,0.425506655606906
"250802","image10","ch1",-52,0.428428932956864
"250802","image10","ch1",-51,0.430567082971439
"250802","image10","ch1",-50,0.435858395372265
"250802","image10","ch1",-49,0.444181916466109
"250802","image10","ch1",-48,0.453984991085022
"250802","image10","ch1",-47,0.461840385441681
"250802","image10","ch1",-46,0.468693002678023
"250802","image10","ch1",-45,0.469241703237643
"250802","image10","ch1",-44,0.464012602928922
"250802","image10","ch1",-43,0.462589630801413
"250802","image10","ch1",-42,0.466357256010009
"250802","image10","ch1",-41,0.476419316018188
"250802","image10","ch1",-40,0.4881899996626
"250802","image10","ch1",-39,0.497448570182922
"250802","image10","ch1",-38,0.504052790568798
"250802","image10","ch1",-37,0.512800083400332
"250802","image10","ch1",-36,0.528527781903877
"250802","image10","ch1",-35,0.551734299933041
"250802","image10","ch1",-34,0.571671411834762
"250802","image10","ch1",-33,0.582747802511032
"250802","image10","ch1",-32,0.585493704551621
"250802","image10","ch1",-31,0.578341775174975
"250802","image10","ch1",-30,0.567093683728205
"250802","image10","ch1",-29,0.564124200618306
"250802","image10","ch1",-28,0.56883922559755
"250802","image10","ch1",-27,0.577965032131361
"250802","image10","ch1",-26,0.586005194719449
"250802","image10","ch1",-25,0.595850844825901
"250802","image10","ch1",-24,0.609698086123314
"250802","image10","ch1",-23,0.618760733262634
"250802","image10","ch1",-22,0.624209572311367
"250802","image10","ch1",-21,0.625314631529323
"250802","image10","ch1",-20,0.627556311955893
"250802","image10","ch1",-19,0.635398355546237
"250802","image10","ch1",-18,0.646754908689376
"250802","image10","ch1",-17,0.655058589552907
"250802","image10","ch1",-16,0.663790663573237
"250802","image10","ch1",-15,0.673793893447355
"250802","image10","ch1",-14,0.686288103634427
"250802","image10","ch1",-13,0.700433054626055
"250802","image10","ch1",-12,0.712100429190804
"250802","image10","ch1",-11,0.725724425844053
"250802","image10","ch1",-10,0.743411729995943
"250802","image10","ch1",-9,0.76453980462063
"250802","image10","ch1",-8,0.788734190824173
"250802","image10","ch1",-7,0.811961815104594
"250802","image10","ch1",-6,0.831139137374248
"250802","image10","ch1",-5,0.853937058210459
"250802","image10","ch1",-4,0.885711218043262
"250802","image10","ch1",-3,0.926242267677548
"250802","image10","ch1",-2,0.973306941536838
"250802","image10","ch1",-1,1.01986194900672
"250802","image10","ch1",0,1.05933424214708
"250802","image10","ch1",1,1.08457970018596
"250802","image10","ch1",2,1.11088703993131
"250802","image10","ch1",3,1.1453814184008
"250802","image10","ch1",4,1.18530804484736
"250802","image10","ch1",5,1.22135711474226
"250802","image10","ch1",6,1.24565058700456
"250802","image10","ch1",7,1.2662197974889
"250802","image10","ch1",8,1.28808881308419
"250802","image10","ch1",9,1.31954109373204
"250802","image10","ch1",10,1.34819515822911
"250802","image10","ch1",11,1.37580713698356
"250802","image10","ch1",12,1.40272486703633
"250802","image10","ch1",13,1.43166087351223
"250802","image10","ch1",14,1.45116751173323
"250802","image10","ch1",15,1.4631127203487
"250802","image10","ch1",16,1.48503637847032
"250802","image10","ch1",17,1.51456505096043
"250802","image10","ch1",18,1.54101201599461
"250802","image10","ch1",19,1.55987160242058
"250802","image10","ch1",20,1.57536123586695
"250802","image10","ch1",21,1.58924724573578
"250802","image10","ch1",22,1.60225605359663
"250802","image10","ch1",23,1.60931863553717
"250802","image10","ch1",24,1.615138285923
"250802","image10","ch1",25,1.62384373809034
"250802","image10","ch1",26,1.63125249265268
"250802","image10","ch1",27,1.64378215142617
"250802","image10","ch1",28,1.66350856380036
"250802","image10","ch1",29,1.69410690004176
"250802","image10","ch1",30,1.73004124010862
"250802","image10","ch1",31,1.7639830756892
"250802","image10","ch1",32,1.80008082099073
"250802","image10","ch1",33,1.81269036302978
"250802","image10","ch1",34,1.80748213878669
"250802","image10","ch1",35,1.81110420699994
"250802","image10","ch1",36,1.82369265164103
"250802","image10","ch1",37,1.82837867323138
"250802","image10","ch1",38,1.82070950789955
"250802","image10","ch1",39,1.8050818958769
"250802","image10","ch1",40,1.77464921360667
"250802","image10","ch1",41,1.72651029884344
"250802","image10","ch1",42,1.67658117734611
"250802","image10","ch1",43,1.632149233879
"250802","image10","ch1",44,1.60436476641094
"250802","image10","ch1",45,1.58957717256436
"250802","image10","ch1",46,1.59683081742787
"250802","image10","ch1",47,1.59869588761022
"250802","image10","ch1",48,1.59296009561865
"250802","image10","ch1",49,1.58023763867669
"250802","image10","ch1",50,1.56628211274878
"250802","image10","ch1",51,1.55681237347637
"250802","image10","ch1",52,1.56214648269707
"250802","image10","ch1",53,1.58113420283714
"250802","image10","ch1",54,1.61188850754683
"250802","image10","ch1",55,1.63449673772053
"250802","image10","ch1",56,1.6312156629525
"250802","image10","ch1",57,1.59851277494465
"250802","image10","ch1",58,1.54594685939351
"250802","image10","ch1",59,1.49954211887101
"250802","image10","ch1",60,1.46021586080385
"250802","image10","ch1",61,1.42509196891338
"250802","image10","ch1",62,1.40205585907389
"250802","image10","ch1",63,1.39085116647094
"250802","image10","ch1",64,1.39162133216277
"250802","image10","ch1",65,1.39954114308157
"250802","image10","ch1",66,1.40833244563416
"250802","image10","ch1",67,1.40982228668605
"250802","image10","ch1",68,1.40033335347374
"250802","image10","ch1",69,1.39614784396751
"250802","image10","ch1",70,1.39504853053692
"250802","image10","ch1",71,1.38962510929328
"250802","image10","ch1",72,1.37527110548667
"250802","image10","ch1",73,1.36446221706783
"250802","image10","ch1",74,1.35027109615158
"250802","image10","ch1",75,1.32609408010952
"250802","image10","ch1",76,1.30037734356103
"250802","image10","ch1",77,1.2839307930537
"250802","image10","ch1",78,1.28014523107285
"250802","image10","ch1",79,1.27259001647924
"250802","image10","ch1",80,1.25114585272342
"250802","image10","ch1",81,1.2250337369489
"250802","image10","ch1",82,1.20101995792893
"250802","image10","ch1",83,1.18798288150253
"250802","image10","ch1",84,1.18805075084906
"250802","image10","ch1",85,1.19547714117169
"250802","image10","ch1",86,1.19468907412078
"250802","image10","ch1",87,1.1828463246688
"250802","image10","ch1",88,1.17444218548606
"250802","image10","ch1",89,1.17084190522765
"250802","image10","ch1",90,1.16893913772237
"250802","image10","ch1",91,NA
"250802","image10","ch2",-90,0.886357884428387
"250802","image10","ch2",-89,0.884960058466675
"250802","image10","ch2",-88,0.883377174997474
"250802","image10","ch2",-87,0.884640475470623
"250802","image10","ch2",-86,0.88832669867638
"250802","image10","ch2",-85,0.890555492711346
"250802","image10","ch2",-84,0.893141330882106
"250802","image10","ch2",-83,0.894849119672792
"250802","image10","ch2",-82,0.89464743600698
"250802","image10","ch2",-81,0.890901923293243
"250802","image10","ch2",-80,0.888829744532662
"250802","image10","ch2",-79,0.890174345874336
"250802","image10","ch2",-78,0.890913556375717
"250802","image10","ch2",-77,0.892022672758009
"250802","image10","ch2",-76,0.890802427760893
"250802","image10","ch2",-75,0.89198678012377
"250802","image10","ch2",-74,0.892882658183052
"250802","image10","ch2",-73,0.895367536882994
"250802","image10","ch2",-72,0.898160234787723
"250802","image10","ch2",-71,0.899912490709392
"250802","image10","ch2",-70,0.898354572619433
"250802","image10","ch2",-69,0.896574292732792
"250802","image10","ch2",-68,0.894041940599653
"250802","image10","ch2",-67,0.893105673523692
"250802","image10","ch2",-66,0.890248379334035
"250802","image10","ch2",-65,0.890387270496246
"250802","image10","ch2",-64,0.891299670146817
"250802","image10","ch2",-63,0.892129697116769
"250802","image10","ch2",-62,0.892347327255186
"250802","image10","ch2",-61,0.891407740175912
"250802","image10","ch2",-60,0.891951436466456
"250802","image10","ch2",-59,0.892824649621233
"250802","image10","ch2",-58,0.894387482361766
"250802","image10","ch2",-57,0.895094198657495
"250802","image10","ch2",-56,0.89494623630513
"250802","image10","ch2",-55,0.895396972502916
"250802","image10","ch2",-54,0.892937738867934
"250802","image10","ch2",-53,0.89255520651773
"250802","image10","ch2",-52,0.894048580606279
"250802","image10","ch2",-51,0.896172337056121
"250802","image10","ch2",-50,0.89924924815783
"250802","image10","ch2",-49,0.898371172635997
"250802","image10","ch2",-48,0.897296380382442
"250802","image10","ch2",-47,0.895502585206725
"250802","image10","ch2",-46,0.89447184181602
"250802","image10","ch2",-45,0.895084290931073
"250802","image10","ch2",-44,0.896190479436428
"250802","image10","ch2",-43,0.899802250914353
"250802","image10","ch2",-42,0.90703209403397
"250802","image10","ch2",-41,0.912426445873271
"250802","image10","ch2",-40,0.923209267656242
"250802","image10","ch2",-39,0.930660008634071
"250802","image10","ch2",-38,0.936944356637022
"250802","image10","ch2",-37,0.938184939922149
"250802","image10","ch2",-36,0.93887544832769
"250802","image10","ch2",-35,0.93473297301313
"250802","image10","ch2",-34,0.931464991799507
"250802","image10","ch2",-33,0.926706878075373
"250802","image10","ch2",-32,0.925839782092054
"250802","image10","ch2",-31,0.924784491590242
"250802","image10","ch2",-30,0.925397306689912
"250802","image10","ch2",-29,0.92366319314855
"250802","image10","ch2",-28,0.9228597262051
"250802","image10","ch2",-27,0.924869373879664
"250802","image10","ch2",-26,0.93025452382002
"250802","image10","ch2",-25,0.931725259145822
"250802","image10","ch2",-24,0.936577901468215
"250802","image10","ch2",-23,0.941389109103595
"250802","image10","ch2",-22,0.947932129805601
"250802","image10","ch2",-21,0.949205599422755
"250802","image10","ch2",-20,0.950501184967489
"250802","image10","ch2",-19,0.954663946286542
"250802","image10","ch2",-18,0.954924109065824
"250802","image10","ch2",-17,0.955439781391397
"250802","image10","ch2",-16,0.961143730075055
"250802","image10","ch2",-15,0.96817573236734
"250802","image10","ch2",-14,0.978287965764647
"250802","image10","ch2",-13,0.992413325056107
"250802","image10","ch2",-12,1.00592011806106
"250802","image10","ch2",-11,1.01778212391299
"250802","image10","ch2",-10,1.02787307791898
"250802","image10","ch2",-9,1.03251506995245
"250802","image10","ch2",-8,1.03644049024727
"250802","image10","ch2",-7,1.03996970605227
"250802","image10","ch2",-6,1.044741387349
"250802","image10","ch2",-5,1.05172110612455
"250802","image10","ch2",-4,1.05883995133813
"250802","image10","ch2",-3,1.07039222963691
"250802","image10","ch2",-2,1.08217139225658
"250802","image10","ch2",-1,1.09783806962143
"250802","image10","ch2",0,1.11309795508432
"250802","image10","ch2",1,1.12748128124736
"250802","image10","ch2",2,1.13903954600881
"250802","image10","ch2",3,1.14814398847926
"250802","image10","ch2",4,1.15552341474026
"250802","image10","ch2",5,1.16065347340246
"250802","image10","ch2",6,1.16365812868404
"250802","image10","ch2",7,1.16960192800072
"250802","image10","ch2",8,1.18247381612018
"250802","image10","ch2",9,1.19945317573974
"250802","image10","ch2",10,1.2166416432845
"250802","image10","ch2",11,1.22875570797061
"250802","image10","ch2",12,1.22395738822211
"250802","image10","ch2",13,1.21716066175514
"250802","image10","ch2",14,1.2166290168152
"250802","image10","ch2",15,1.22804993277819
"250802","image10","ch2",16,1.24451440432493
"250802","image10","ch2",17,1.26685015795064
"250802","image10","ch2",18,1.28576897462355
"250802","image10","ch2",19,1.29799191973327
"250802","image10","ch2",20,1.30466368859524
"250802","image10","ch2",21,1.29568893538806
"250802","image10","ch2",22,1.28031546398506
"250802","image10","ch2",23,1.26266250967762
"250802","image10","ch2",24,1.24844050430547
"250802","image10","ch2",25,1.23323567338571
"250802","image10","ch2",26,1.21557249765075
"250802","image10","ch2",27,1.19511285959785
"250802","image10","ch2",28,1.18101149844058
"250802","image10","ch2",29,1.16990789114067
"250802","image10","ch2",30,1.16197180227697
"250802","image10","ch2",31,1.1547044457341
"250802","image10","ch2",32,1.14906443979141
"250802","image10","ch2",33,1.14360428914629
"250802","image10","ch2",34,1.14333991754391
"250802","image10","ch2",35,1.14643711465012
"250802","image10","ch2",36,1.14900852257026
"250802","image10","ch2",37,1.1463836286125
"250802","image10","ch2",38,1.13664033385104
"250802","image10","ch2",39,1.11883750884288
"250802","image10","ch2",40,1.10514997172057
"250802","image10","ch2",41,1.09945177422375
"250802","image10","ch2",42,1.09778983807724
"250802","image10","ch2",43,1.09829785086762
"250802","image10","ch2",44,1.09616235676827
"250802","image10","ch2",45,1.09361327390977
"250802","image10","ch2",46,1.08420161349498
"250802","image10","ch2",47,1.07367686315062
"250802","image10","ch2",48,1.06406344064474
"250802","image10","ch2",49,1.05617919088789
"250802","image10","ch2",50,1.04966346218162
"250802","image10","ch2",51,1.04264596856523
"250802","image10","ch2",52,1.03609973242694
"250802","image10","ch2",53,1.0332277988526
"250802","image10","ch2",54,1.03389289746901
"250802","image10","ch2",55,1.03213272059455
"250802","image10","ch2",56,1.02688656638344
"250802","image10","ch2",57,1.02634948395776
"250802","image10","ch2",58,1.02681917293036
"250802","image10","ch2",59,1.02962569982527
"250802","image10","ch2",60,1.03745573157527
"250802","image10","ch2",61,1.0447455961721
"250802","image10","ch2",62,1.04692579267825
"250802","image10","ch2",63,1.04075542274179
"250802","image10","ch2",64,1.01708492321731
"250802","image10","ch2",65,0.991473868685625
"250802","image10","ch2",66,0.974405888505194
"250802","image10","ch2",67,0.966971329275795
"250802","image10","ch2",68,0.965647902758399
"250802","image10","ch2",69,0.966251777376707
"250802","image10","ch2",70,0.963618857899126
"250802","image10","ch2",71,0.963744887316219
"250802","image10","ch2",72,0.946806570257294
"250802","image10","ch2",73,0.923540196175427
"250802","image10","ch2",74,0.902050337566995
"250802","image10","ch2",75,0.888830136659037
"250802","image10","ch2",76,0.875842597400558
"250802","image10","ch2",77,0.865472187997606
"250802","image10","ch2",78,0.86043901069192
"250802","image10","ch2",79,0.857580069571486
"250802","image10","ch2",80,0.852986936484415
"250802","image10","ch2",81,0.851522213763038
"250802","image10","ch2",82,0.851220720863776
"250802","image10","ch2",83,0.849193453644072
"250802","image10","ch2",84,0.848217268103082
"250802","image10","ch2",85,0.850395922245498
"250802","image10","ch2",86,0.843632578803964
"250802","image10","ch2",87,0.835718187599715
"250802","image10","ch2",88,0.828994736481451
"250802","image10","ch2",89,0.824440267055006
"250802","image10","ch2",90,0.820574920520909
"250802","image10","ch2",91,NA
"250802","image11","ch1",-90,0.488933645750843
"250802","image11","ch1",-89,0.497192830641436
"250802","image11","ch1",-88,0.506636117727265
"250802","image11","ch1",-87,0.52057598768642
"250802","image11","ch1",-86,0.53380502143912
"250802","image11","ch1",-85,0.543773177392411
"250802","image11","ch1",-84,0.551639578358204
"250802","image11","ch1",-83,0.558910326270787
"250802","image11","ch1",-82,0.565656856606667
"250802","image11","ch1",-81,0.574382437162805
"250802","image11","ch1",-80,0.582514342365717
"250802","image11","ch1",-79,0.587583163595262
"250802","image11","ch1",-78,0.58487151452616
"250802","image11","ch1",-77,0.576208727930135
"250802","image11","ch1",-76,0.565123759236463
"250802","image11","ch1",-75,0.553791593930016
"250802","image11","ch1",-74,0.546464461711483
"250802","image11","ch1",-73,0.545256436494762
"250802","image11","ch1",-72,0.545053567366353
"250802","image11","ch1",-71,0.546384487971997
"250802","image11","ch1",-70,0.549535226150247
"250802","image11","ch1",-69,0.552827207054615
"250802","image11","ch1",-68,0.558358611516002
"250802","image11","ch1",-67,0.566871394730963
"250802","image11","ch1",-66,0.57121518638108
"250802","image11","ch1",-65,0.572117065228896
"250802","image11","ch1",-64,0.569890580118756
"250802","image11","ch1",-63,0.564948697046373
"250802","image11","ch1",-62,0.558809336490514
"250802","image11","ch1",-61,0.552478512337073
"250802","image11","ch1",-60,0.54946599870826
"250802","image11","ch1",-59,0.547851615714243
"250802","image11","ch1",-58,0.547717275081641
"250802","image11","ch1",-57,0.545996398106193
"250802","image11","ch1",-56,0.542570505468015
"250802","image11","ch1",-55,0.540514936526312
"250802","image11","ch1",-54,0.538960821755081
"250802","image11","ch1",-53,0.537146714890459
"250802","image11","ch1",-52,0.535792713175772
"250802","image11","ch1",-51,0.534526325953118
"250802","image11","ch1",-50,0.535384766884433
"250802","image11","ch1",-49,0.536484082142633
"250802","image11","ch1",-48,0.537805122190931
"250802","image11","ch1",-47,0.537638701517234
"250802","image11","ch1",-46,0.537723091325759
"250802","image11","ch1",-45,0.536745241793844
"250802","image11","ch1",-44,0.536614316466434
"250802","image11","ch1",-43,0.53665608644319
"250802","image11","ch1",-42,0.536137682827883
"250802","image11","ch1",-41,0.537311459681841
"250802","image11","ch1",-40,0.538715952315378
"250802","image11","ch1",-39,0.54173692478147
"250802","image11","ch1",-38,0.543199199613315
"250802","image11","ch1",-37,0.545452054056567
"250802","image11","ch1",-36,0.549899115004608
"250802","image11","ch1",-35,0.554091537151583
"250802","image11","ch1",-34,0.558675234135019
"250802","image11","ch1",-33,0.565810473857178
"250802","image11","ch1",-32,0.574723800888039
"250802","image11","ch1",-31,0.585178749027184
"250802","image11","ch1",-30,0.599320328499498
"250802","image11","ch1",-29,0.617980515592342
"250802","image11","ch1",-28,0.639093018894225
"250802","image11","ch1",-27,0.657244198432326
"250802","image11","ch1",-26,0.668533116443957
"250802","image11","ch1",-25,0.672627416078507
"250802","image11","ch1",-24,0.672925341887239
"250802","image11","ch1",-23,0.672538062163597
"250802","image11","ch1",-22,0.676347398264004
"250802","image11","ch1",-21,0.686179116746156
"250802","image11","ch1",-20,0.701097964082197
"250802","image11","ch1",-19,0.717458808868326
"250802","image11","ch1",-18,0.733921953958814
"250802","image11","ch1",-17,0.748159479679315
"250802","image11","ch1",-16,0.763864593811135
"250802","image11","ch1",-15,0.778406010210599
"250802","image11","ch1",-14,0.789057664043668
"250802","image11","ch1",-13,0.794491112786604
"250802","image11","ch1",-12,0.799015192838012
"250802","image11","ch1",-11,0.808064687292624
"250802","image11","ch1",-10,0.819643540887351
"250802","image11","ch1",-9,0.830564574931803
"250802","image11","ch1",-8,0.838094655704449
"250802","image11","ch1",-7,0.847413911613814
"250802","image11","ch1",-6,0.857818368834107
"250802","image11","ch1",-5,0.869753557898923
"250802","image11","ch1",-4,0.884613376053132
"250802","image11","ch1",-3,0.90065186368455
"250802","image11","ch1",-2,0.918416073259247
"250802","image11","ch1",-1,0.940902847715003
"250802","image11","ch1",0,0.961684773302004
"250802","image11","ch1",1,0.98159456496664
"250802","image11","ch1",2,0.997074038621246
"250802","image11","ch1",3,1.00760035075377
"250802","image11","ch1",4,1.02039494974346
"250802","image11","ch1",5,1.04435731077874
"250802","image11","ch1",6,1.07207533202492
"250802","image11","ch1",7,1.10220815672102
"250802","image11","ch1",8,1.13084716663895
"250802","image11","ch1",9,1.16017038132541
"250802","image11","ch1",10,1.1852185631921
"250802","image11","ch1",11,1.20093329577645
"250802","image11","ch1",12,1.20643623406619
"250802","image11","ch1",13,1.19932274904385
"250802","image11","ch1",14,1.18523996841883
"250802","image11","ch1",15,1.17307473075033
"250802","image11","ch1",16,1.16745272539051
"250802","image11","ch1",17,1.16719047760718
"250802","image11","ch1",18,1.16605687427337
"250802","image11","ch1",19,1.16074132504269
"250802","image11","ch1",20,1.15198937515344
"250802","image11","ch1",21,1.14274194390652
"250802","image11","ch1",22,1.14459464371981
"250802","image11","ch1",23,1.15177126423279
"250802","image11","ch1",24,1.15334605351429
"250802","image11","ch1",25,1.14389958940037
"250802","image11","ch1",26,1.13080800182523
"250802","image11","ch1",27,1.12202812585911
"250802","image11","ch1",28,1.11904562720313
"250802","image11","ch1",29,1.12956619685739
"250802","image11","ch1",30,1.14926128496399
"250802","image11","ch1",31,1.17324296233004
"250802","image11","ch1",32,1.20248255763728
"250802","image11","ch1",33,1.22874004347449
"250802","image11","ch1",34,1.25216372351271
"250802","image11","ch1",35,1.26985618785066
"250802","image11","ch1",36,1.2833736798684
"250802","image11","ch1",37,1.28405857564054
"250802","image11","ch1",38,1.28186094588798
"250802","image11","ch1",39,1.27911688318984
"250802","image11","ch1",40,1.27698130873837
"250802","image11","ch1",41,1.28285322706998
"250802","image11","ch1",42,1.296105373702
"250802","image11","ch1",43,1.31883492870149
"250802","image11","ch1",44,1.3432566244574
"250802","image11","ch1",45,1.37446782779661
"250802","image11","ch1",46,1.41313138591635
"250802","image11","ch1",47,1.45171319910345
"250802","image11","ch1",48,1.48787376741619
"250802","image11","ch1",49,1.50265175326948
"250802","image11","ch1",50,1.50387649759651
"250802","image11","ch1",51,1.50920344441544
"250802","image11","ch1",52,1.5333798815457
"250802","image11","ch1",53,1.5705444463315
"250802","image11","ch1",54,1.61381143872166
"250802","image11","ch1",55,1.66163455149147
"250802","image11","ch1",56,1.69460350915964
"250802","image11","ch1",57,1.7023872279695
"250802","image11","ch1",58,1.68141496662989
"250802","image11","ch1",59,1.63774432487888
"250802","image11","ch1",60,1.59243459874048
"250802","image11","ch1",61,1.55659406040938
"250802","image11","ch1",62,1.54340567673104
"250802","image11","ch1",63,1.53761954610031
"250802","image11","ch1",64,1.5479388351402
"250802","image11","ch1",65,1.56081153342281
"250802","image11","ch1",66,1.58800754512681
"250802","image11","ch1",67,1.62235017031351
"250802","image11","ch1",68,1.64628072929766
"250802","image11","ch1",69,1.64793237883112
"250802","image11","ch1",70,1.63371145308236
"250802","image11","ch1",71,1.61239977394722
"250802","image11","ch1",72,1.58760064725474
"250802","image11","ch1",73,1.57986672836012
"250802","image11","ch1",74,1.59086408256176
"250802","image11","ch1",75,1.60961909600039
"250802","image11","ch1",76,1.61983802272305
"250802","image11","ch1",77,1.61046966584462
"250802","image11","ch1",78,1.59236060575637
"250802","image11","ch1",79,1.56214781526335
"250802","image11","ch1",80,1.52681765060907
"250802","image11","ch1",81,1.50775485463207
"250802","image11","ch1",82,1.51878044467082
"250802","image11","ch1",83,1.55228288889513
"250802","image11","ch1",84,1.59218391533938
"250802","image11","ch1",85,1.61331828453706
"250802","image11","ch1",86,1.61820374359065
"250802","image11","ch1",87,1.61236176874875
"250802","image11","ch1",88,1.60440678429735
"250802","image11","ch1",89,1.60560980569484
"250802","image11","ch1",90,1.62340007484241
"250802","image11","ch1",91,NA
"250802","image11","ch2",-90,0.746316762794644
"250802","image11","ch2",-89,0.749369879272871
"250802","image11","ch2",-88,0.749665932245086
"250802","image11","ch2",-87,0.74915781686126
"250802","image11","ch2",-86,0.748434590281827
"250802","image11","ch2",-85,0.747621252650612
"250802","image11","ch2",-84,0.748610663288376
"250802","image11","ch2",-83,0.749933147846875
"250802","image11","ch2",-82,0.752541967096495
"250802","image11","ch2",-81,0.75709788192954
"250802","image11","ch2",-80,0.760615605580888
"250802","image11","ch2",-79,0.76489199506022
"250802","image11","ch2",-78,0.76955021608103
"250802","image11","ch2",-77,0.771090150000306
"250802","image11","ch2",-76,0.77021189390085
"250802","image11","ch2",-75,0.772205638171727
"250802","image11","ch2",-74,0.773562736744012
"250802","image11","ch2",-73,0.778263273969755
"250802","image11","ch2",-72,0.778516345964587
"250802","image11","ch2",-71,0.778108083987417
"250802","image11","ch2",-70,0.778734047480431
"250802","image11","ch2",-69,0.778943290339925
"250802","image11","ch2",-68,0.78329468449019
"250802","image11","ch2",-67,0.789161851519644
"250802","image11","ch2",-66,0.796527621960521
"250802","image11","ch2",-65,0.799681073232352
"250802","image11","ch2",-64,0.802627734425797
"250802","image11","ch2",-63,0.801200284589732
"250802","image11","ch2",-62,0.801414341318694
"250802","image11","ch2",-61,0.803912006030004
"250802","image11","ch2",-60,0.807400112922537
"250802","image11","ch2",-59,0.808542765071665
"250802","image11","ch2",-58,0.809461801522461
"250802","image11","ch2",-57,0.808245313784986
"250802","image11","ch2",-56,0.809710059647826
"250802","image11","ch2",-55,0.812214784701021
"250802","image11","ch2",-54,0.815855628794782
"250802","image11","ch2",-53,0.821398318098978
"250802","image11","ch2",-52,0.823875764558528
"250802","image11","ch2",-51,0.821119503364093
"250802","image11","ch2",-50,0.817450119901349
"250802","image11","ch2",-49,0.813826009734783
"250802","image11","ch2",-48,0.812942550071665
"250802","image11","ch2",-47,0.811763472976905
"250802","image11","ch2",-46,0.811266108568221
"250802","image11","ch2",-45,0.812610782772644
"250802","image11","ch2",-44,0.816514211984231
"250802","image11","ch2",-43,0.820655721425738
"250802","image11","ch2",-42,0.824500054658822
"250802","image11","ch2",-41,0.825409142446053
"250802","image11","ch2",-40,0.826164736566854
"250802","image11","ch2",-39,0.827465856714195
"250802","image11","ch2",-38,0.826990223487677
"250802","image11","ch2",-37,0.826370174177151
"250802","image11","ch2",-36,0.826088448197397
"250802","image11","ch2",-35,0.826407561896678
"250802","image11","ch2",-34,0.826504779136721
"250802","image11","ch2",-33,0.831462697916628
"250802","image11","ch2",-32,0.83570163090687
"250802","image11","ch2",-31,0.840597657079345
"250802","image11","ch2",-30,0.84802548058997
"250802","image11","ch2",-29,0.862035445361824
"250802","image11","ch2",-28,0.879474306431767
"250802","image11","ch2",-27,0.893177329717136
"250802","image11","ch2",-26,0.898450006790614
"250802","image11","ch2",-25,0.889383656729394
"250802","image11","ch2",-24,0.875219464749096
"250802","image11","ch2",-23,0.869163846191607
"250802","image11","ch2",-22,0.869853375684772
"250802","image11","ch2",-21,0.874019917247507
"250802","image11","ch2",-20,0.879955143221947
"250802","image11","ch2",-19,0.883700860900523
"250802","image11","ch2",-18,0.883175690664872
"250802","image11","ch2",-17,0.887359470464936
"250802","image11","ch2",-16,0.893937348013209
"250802","image11","ch2",-15,0.904681400353209
"250802","image11","ch2",-14,0.919213899194102
"250802","image11","ch2",-13,0.939433778501453
"250802","image11","ch2",-12,0.962152583295451
"250802","image11","ch2",-11,0.994576676168056
"250802","image11","ch2",-10,1.02696698026164
"250802","image11","ch2",-9,1.0473012462768
"250802","image11","ch2",-8,1.05692203948467
"250802","image11","ch2",-7,1.05817655679093
"250802","image11","ch2",-6,1.05454577597668
"250802","image11","ch2",-5,1.05565544165836
"250802","image11","ch2",-4,1.05887791464907
"250802","image11","ch2",-3,1.06792349630202
"250802","image11","ch2",-2,1.08069847432373
"250802","image11","ch2",-1,1.09629486124
"250802","image11","ch2",0,1.10693644692992
"250802","image11","ch2",1,1.11449181505823
"250802","image11","ch2",2,1.11401588383027
"250802","image11","ch2",3,1.11885528972854
"250802","image11","ch2",4,1.12773410518924
"250802","image11","ch2",5,1.13833484175825
"250802","image11","ch2",6,1.14576853360499
"250802","image11","ch2",7,1.15230723542508
"250802","image11","ch2",8,1.15854296147019
"250802","image11","ch2",9,1.16870336652211
"250802","image11","ch2",10,1.18322188221836
"250802","image11","ch2",11,1.19815251098736
"250802","image11","ch2",12,1.20928199380934
"250802","image11","ch2",13,1.21197212160658
"250802","image11","ch2",14,1.2017263047564
"250802","image11","ch2",15,1.18527756494305
"250802","image11","ch2",16,1.17316923907294
"250802","image11","ch2",17,1.16666939205641
"250802","image11","ch2",18,1.16081893603096
"250802","image11","ch2",19,1.15464792214539
"250802","image11","ch2",20,1.15145378221497
"250802","image11","ch2",21,1.14577916996419
"250802","image11","ch2",22,1.14557925684219
"250802","image11","ch2",23,1.15244871734103
"250802","image11","ch2",24,1.15917066712549
"250802","image11","ch2",25,1.16506396658919
"250802","image11","ch2",26,1.16522447475113
"250802","image11","ch2",27,1.16598671659643
"250802","image11","ch2",28,1.16203684500609
"250802","image11","ch2",29,1.15814673416669
"250802","image11","ch2",30,1.1549785662082
"250802","image11","ch2",31,1.15487758956534
"250802","image11","ch2",32,1.15278440450519
"250802","image11","ch2",33,1.15433160507504
"250802","image11","ch2",34,1.15721804705377
"250802","image11","ch2",35,1.1629292447125
"250802","image11","ch2",36,1.16924375775456
"250802","image11","ch2",37,1.17055500995097
"250802","image11","ch2",38,1.16988345223714
"250802","image11","ch2",39,1.16390483266794
"250802","image11","ch2",40,1.1555038510598
"250802","image11","ch2",41,1.14721051674221
"250802","image11","ch2",42,1.14122116912105
"250802","image11","ch2",43,1.13935866010111
"250802","image11","ch2",44,1.13755201489018
"250802","image11","ch2",45,1.13886001199391
"250802","image11","ch2",46,1.14457134719176
"250802","image11","ch2",47,1.15140633121594
"250802","image11","ch2",48,1.15798230613961
"250802","image11","ch2",49,1.15975156363102
"250802","image11","ch2",50,1.16417468443634
"250802","image11","ch2",51,1.16930264742437
"250802","image11","ch2",52,1.17326551646228
"250802","image11","ch2",53,1.175984733785
"250802","image11","ch2",54,1.17318950317108
"250802","image11","ch2",55,1.16606775006579
"250802","image11","ch2",56,1.1569128018832
"250802","image11","ch2",57,1.14601869435495
"250802","image11","ch2",58,1.13621444687402
"250802","image11","ch2",59,1.12686451405482
"250802","image11","ch2",60,1.11851625577894
"250802","image11","ch2",61,1.11123702037253
"250802","image11","ch2",62,1.10613917845345
"250802","image11","ch2",63,1.09990157270692
"250802","image11","ch2",64,1.10164453730176
"250802","image11","ch2",65,1.10956456750378
"250802","image11","ch2",66,1.12268417273295
"250802","image11","ch2",67,1.13177599045597
"250802","image11","ch2",68,1.13655235758741
"250802","image11","ch2",69,1.12975196465383
"250802","image11","ch2",70,1.11832340299882
"250802","image11","ch2",71,1.11464716550288
"250802","image11","ch2",72,1.11877290379109
"250802","image11","ch2",73,1.12901972926153
"250802","image11","ch2",74,1.14109548128159
"250802","image11","ch2",75,1.15724344594601
"250802","image11","ch2",76,1.18013967621464
"250802","image11","ch2",77,1.21173236798394
"250802","image11","ch2",78,1.2408454814372
"250802","image11","ch2",79,1.26255960875027
"250802","image11","ch2",80,1.26749112001767
"250802","image11","ch2",81,1.25019910488966
"250802","image11","ch2",82,1.21558419709948
"250802","image11","ch2",83,1.17805341395725
"250802","image11","ch2",84,1.14379947760752
"250802","image11","ch2",85,1.11605737710162
"250802","image11","ch2",86,1.09136963092609
"250802","image11","ch2",87,1.07385844719821
"250802","image11","ch2",88,1.05752008253477
"250802","image11","ch2",89,1.041143986304
"250802","image11","ch2",90,1.02900680014027
"250802","image11","ch2",91,NA
"250802","rep3image02","ch1",-90,0.762060563656242
"250802","rep3image02","ch1",-89,0.764555952470318
"250802","rep3image02","ch1",-88,0.766588957996062
"250802","rep3image02","ch1",-87,0.763961623673572
"250802","rep3image02","ch1",-86,0.749575813065064
"250802","rep3image02","ch1",-85,0.73534630507521
"250802","rep3image02","ch1",-84,0.725206132031095
"250802","rep3image02","ch1",-83,0.726385949887799
"250802","rep3image02","ch1",-82,0.731102236468429
"250802","rep3image02","ch1",-81,0.726994954178303
"250802","rep3image02","ch1",-80,0.723312993336341
"250802","rep3image02","ch1",-79,0.727925575645566
"250802","rep3image02","ch1",-78,0.739528323321813
"250802","rep3image02","ch1",-77,0.758588479595283
"250802","rep3image02","ch1",-76,0.793300365666312
"250802","rep3image02","ch1",-75,0.825458218349122
"250802","rep3image02","ch1",-74,0.829749087813441
"250802","rep3image02","ch1",-73,0.80954470223397
"250802","rep3image02","ch1",-72,0.79178620676929
"250802","rep3image02","ch1",-71,0.779187343212308
"250802","rep3image02","ch1",-70,0.762752320893946
"250802","rep3image02","ch1",-69,0.745856618180269
"250802","rep3image02","ch1",-68,0.734876364003261
"250802","rep3image02","ch1",-67,0.727090526657208
"250802","rep3image02","ch1",-66,0.719194460472121
"250802","rep3image02","ch1",-65,0.718502110091906
"250802","rep3image02","ch1",-64,0.72080931966073
"250802","rep3image02","ch1",-63,0.728183841375348
"250802","rep3image02","ch1",-62,0.735258711319769
"250802","rep3image02","ch1",-61,0.747180741869987
"250802","rep3image02","ch1",-60,0.758368174986251
"250802","rep3image02","ch1",-59,0.766062132643876
"250802","rep3image02","ch1",-58,0.774175882130764
"250802","rep3image02","ch1",-57,0.787041104942768
"250802","rep3image02","ch1",-56,0.792184014058362
"250802","rep3image02","ch1",-55,0.791453052013996
"250802","rep3image02","ch1",-54,0.786379751042197
"250802","rep3image02","ch1",-53,0.780768393277749
"250802","rep3image02","ch1",-52,0.783582012616178
"250802","rep3image02","ch1",-51,0.798340967265448
"250802","rep3image02","ch1",-50,0.814338843552671
"250802","rep3image02","ch1",-49,0.821120548027266
"250802","rep3image02","ch1",-48,0.803328989650964
"250802","rep3image02","ch1",-47,0.78012029898236
"250802","rep3image02","ch1",-46,0.768982154095456
"250802","rep3image02","ch1",-45,0.759952496902321
"250802","rep3image02","ch1",-44,0.75867942173587
"250802","rep3image02","ch1",-43,0.762168783464187
"250802","rep3image02","ch1",-42,0.768350820859431
"250802","rep3image02","ch1",-41,0.779732900387687
"250802","rep3image02","ch1",-40,0.784086049815737
"250802","rep3image02","ch1",-39,0.781064926266351
"250802","rep3image02","ch1",-38,0.780732575123493
"250802","rep3image02","ch1",-37,0.783123991795352
"250802","rep3image02","ch1",-36,0.779230795684699
"250802","rep3image02","ch1",-35,0.77138707910968
"250802","rep3image02","ch1",-34,0.766465584353623
"250802","rep3image02","ch1",-33,0.771184109568894
"250802","rep3image02","ch1",-32,0.783162105985138
"250802","rep3image02","ch1",-31,0.788938032096145
"250802","rep3image02","ch1",-30,0.784612875167923
"250802","rep3image02","ch1",-29,0.782463518041734
"250802","rep3image02","ch1",-28,0.78153519261
"250802","rep3image02","ch1",-27,0.781251632222138
"250802","rep3image02","ch1",-26,0.782053331294434
"250802","rep3image02","ch1",-25,0.784197694543347
"250802","rep3image02","ch1",-24,0.785422495562795
"250802","rep3image02","ch1",-23,0.786849672980517
"250802","rep3image02","ch1",-22,0.795735598349521
"250802","rep3image02","ch1",-21,0.810208122566517
"250802","rep3image02","ch1",-20,0.834212887020371
"250802","rep3image02","ch1",-19,0.867340967783325
"250802","rep3image02","ch1",-18,0.900832013496193
"250802","rep3image02","ch1",-17,0.906552203344728
"250802","rep3image02","ch1",-16,0.897299294963632
"250802","rep3image02","ch1",-15,0.903227543898376
"250802","rep3image02","ch1",-14,0.92764188282339
"250802","rep3image02","ch1",-13,0.95075368079266
"250802","rep3image02","ch1",-12,0.978088155971031
"250802","rep3image02","ch1",-11,1.00151592669638
"250802","rep3image02","ch1",-10,1.00696807353051
"250802","rep3image02","ch1",-9,1.00866543692914
"250802","rep3image02","ch1",-8,1.02516229913775
"250802","rep3image02","ch1",-7,1.04943212175983
"250802","rep3image02","ch1",-6,1.06665275176815
"250802","rep3image02","ch1",-5,1.07455995372556
"250802","rep3image02","ch1",-4,1.08361171026066
"250802","rep3image02","ch1",-3,1.09921384569079
"250802","rep3image02","ch1",-2,1.12889946125111
"250802","rep3image02","ch1",-1,1.16893133817793
"250802","rep3image02","ch1",0,1.20411890540973
"250802","rep3image02","ch1",1,1.22992829638868
"250802","rep3image02","ch1",2,1.2449684579894
"250802","rep3image02","ch1",3,1.2423110647351
"250802","rep3image02","ch1",4,1.233950740166
"250802","rep3image02","ch1",5,1.2230814801732
"250802","rep3image02","ch1",6,1.21984623217709
"250802","rep3image02","ch1",7,1.24485989377612
"250802","rep3image02","ch1",8,1.27453496670664
"250802","rep3image02","ch1",9,1.2755281742757
"250802","rep3image02","ch1",10,1.24198313346064
"250802","rep3image02","ch1",11,1.21420554255875
"250802","rep3image02","ch1",12,1.21217680383237
"250802","rep3image02","ch1",13,1.24797687680885
"250802","rep3image02","ch1",14,1.30217314998464
"250802","rep3image02","ch1",15,1.32643166463173
"250802","rep3image02","ch1",16,1.31381439452326
"250802","rep3image02","ch1",17,1.31266806051802
"250802","rep3image02","ch1",18,1.32017567575882
"250802","rep3image02","ch1",19,1.30655455978333
"250802","rep3image02","ch1",20,1.28508396801036
"250802","rep3image02","ch1",21,1.26977388829956
"250802","rep3image02","ch1",22,1.26400942323257
"250802","rep3image02","ch1",23,1.25685933899093
"250802","rep3image02","ch1",24,1.22883054266852
"250802","rep3image02","ch1",25,1.19252895813156
"250802","rep3image02","ch1",26,1.17114638105388
"250802","rep3image02","ch1",27,1.16775856149684
"250802","rep3image02","ch1",28,1.18330174621476
"250802","rep3image02","ch1",29,1.19693332828554
"250802","rep3image02","ch1",30,1.20497722089145
"250802","rep3image02","ch1",31,1.2066609420123
"250802","rep3image02","ch1",32,1.20461593970092
"250802","rep3image02","ch1",33,1.2070217448621
"250802","rep3image02","ch1",34,1.22722042862
"250802","rep3image02","ch1",35,1.27121311990381
"250802","rep3image02","ch1",36,1.33856544705864
"250802","rep3image02","ch1",37,1.41281355338661
"250802","rep3image02","ch1",38,1.46296141844996
"250802","rep3image02","ch1",39,1.46394519313973
"250802","rep3image02","ch1",40,1.42510868971033
"250802","rep3image02","ch1",41,1.37711448683978
"250802","rep3image02","ch1",42,1.32708555641684
"250802","rep3image02","ch1",43,1.29711657180495
"250802","rep3image02","ch1",44,1.29391878745521
"250802","rep3image02","ch1",45,1.30676504884047
"250802","rep3image02","ch1",46,1.30727645248735
"250802","rep3image02","ch1",47,1.28223829984267
"250802","rep3image02","ch1",48,1.26905599452408
"250802","rep3image02","ch1",49,1.27768518485366
"250802","rep3image02","ch1",50,1.27305574581692
"250802","rep3image02","ch1",51,1.26759387909905
"250802","rep3image02","ch1",52,1.26912541133158
"250802","rep3image02","ch1",53,1.26440198790718
"250802","rep3image02","ch1",54,1.21417387640208
"250802","rep3image02","ch1",55,1.14003508049893
"250802","rep3image02","ch1",56,1.08710489871486
"250802","rep3image02","ch1",57,1.08355042524566
"250802","rep3image02","ch1",58,1.09406821959982
"250802","rep3image02","ch1",59,1.08203850498328
"250802","rep3image02","ch1",60,1.05393981351263
"250802","rep3image02","ch1",61,1.03643395849068
"250802","rep3image02","ch1",62,1.04122781280494
"250802","rep3image02","ch1",63,1.04853064081016
"250802","rep3image02","ch1",64,1.05357172075003
"250802","rep3image02","ch1",65,1.04750136634965
"250802","rep3image02","ch1",66,1.03997134562882
"250802","rep3image02","ch1",67,1.04435824677915
"250802","rep3image02","ch1",68,1.06971160683474
"250802","rep3image02","ch1",69,1.09387183202755
"250802","rep3image02","ch1",70,1.11398326643534
"250802","rep3image02","ch1",71,1.12599979798122
"250802","rep3image02","ch1",72,1.1009587561585
"250802","rep3image02","ch1",73,1.0609599421433
"250802","rep3image02","ch1",74,1.0310729834007
"250802","rep3image02","ch1",75,1.02419488370113
"250802","rep3image02","ch1",76,1.01948910148305
"250802","rep3image02","ch1",77,1.01864902035016
"250802","rep3image02","ch1",78,1.03859929219743
"250802","rep3image02","ch1",79,1.05450578627059
"250802","rep3image02","ch1",80,1.04291162959394
"250802","rep3image02","ch1",81,1.00914461954409
"250802","rep3image02","ch1",82,0.981964571888691
"250802","rep3image02","ch1",83,0.961805877416251
"250802","rep3image02","ch1",84,0.949348851454089
"250802","rep3image02","ch1",85,0.951067778453061
"250802","rep3image02","ch1",86,0.968683709245004
"250802","rep3image02","ch1",87,0.984018260867827
"250802","rep3image02","ch1",88,0.981680284422911
"250802","rep3image02","ch1",89,0.977390639510874
"250802","rep3image02","ch1",90,0.980167809285277
"250802","rep3image02","ch1",91,NA
"250802","rep3image02","ch2",-90,0.94520465576994
"250802","rep3image02","ch2",-89,0.939416017031013
"250802","rep3image02","ch2",-88,0.930935347522426
"250802","rep3image02","ch2",-87,0.923761535282375
"250802","rep3image02","ch2",-86,0.919749273415748
"250802","rep3image02","ch2",-85,0.915384002925242
"250802","rep3image02","ch2",-84,0.908606985374467
"250802","rep3image02","ch2",-83,0.902144139454276
"250802","rep3image02","ch2",-82,0.900000700104494
"250802","rep3image02","ch2",-81,0.898168750063773
"250802","rep3image02","ch2",-80,0.894129702761109
"250802","rep3image02","ch2",-79,0.893970879103705
"250802","rep3image02","ch2",-78,0.900449327823731
"250802","rep3image02","ch2",-77,0.903163308294855
"250802","rep3image02","ch2",-76,0.903773744226429
"250802","rep3image02","ch2",-75,0.899171069391697
"250802","rep3image02","ch2",-74,0.896544698830545
"250802","rep3image02","ch2",-73,0.89898002009686
"250802","rep3image02","ch2",-72,0.89900926117936
"250802","rep3image02","ch2",-71,0.899703415765741
"250802","rep3image02","ch2",-70,0.899937419984096
"250802","rep3image02","ch2",-69,0.89929464507756
"250802","rep3image02","ch2",-68,0.902713320525269
"250802","rep3image02","ch2",-67,0.917591704654008
"250802","rep3image02","ch2",-66,0.938946195193839
"250802","rep3image02","ch2",-65,0.95102166667031
"250802","rep3image02","ch2",-64,0.944238302217908
"250802","rep3image02","ch2",-63,0.931021861836283
"250802","rep3image02","ch2",-62,0.921697054411178
"250802","rep3image02","ch2",-61,0.921557989263009
"250802","rep3image02","ch2",-60,0.924320855988338
"250802","rep3image02","ch2",-59,0.921473590583027
"250802","rep3image02","ch2",-58,0.920265601419017
"250802","rep3image02","ch2",-57,0.925128574778848
"250802","rep3image02","ch2",-56,0.932194263016165
"250802","rep3image02","ch2",-55,0.940377459290119
"250802","rep3image02","ch2",-54,0.940423209872687
"250802","rep3image02","ch2",-53,0.93877694448376
"250802","rep3image02","ch2",-52,0.947070909302792
"250802","rep3image02","ch2",-51,0.957345371883979
"250802","rep3image02","ch2",-50,0.963382370928276
"250802","rep3image02","ch2",-49,0.96889125486628
"250802","rep3image02","ch2",-48,0.976947815341085
"250802","rep3image02","ch2",-47,0.970919769961585
"250802","rep3image02","ch2",-46,0.958268732733317
"250802","rep3image02","ch2",-45,0.946602447515967
"250802","rep3image02","ch2",-44,0.942574205057741
"250802","rep3image02","ch2",-43,0.943195861404693
"250802","rep3image02","ch2",-42,0.946464402405559
"250802","rep3image02","ch2",-41,0.949926599464431
"250802","rep3image02","ch2",-40,0.944500263026766
"250802","rep3image02","ch2",-39,0.94141298651406
"250802","rep3image02","ch2",-38,0.934012952565984
"250802","rep3image02","ch2",-37,0.92768380715092
"250802","rep3image02","ch2",-36,0.92218297017748
"250802","rep3image02","ch2",-35,0.92103584326658
"250802","rep3image02","ch2",-34,0.921428671142339
"250802","rep3image02","ch2",-33,0.927260831492429
"250802","rep3image02","ch2",-32,0.929807525770645
"250802","rep3image02","ch2",-31,0.937594191809556
"250802","rep3image02","ch2",-30,0.947194862780419
"250802","rep3image02","ch2",-29,0.959602148762832
"250802","rep3image02","ch2",-28,0.96454800963559
"250802","rep3image02","ch2",-27,0.972862299651502
"250802","rep3image02","ch2",-26,0.977035916380349
"250802","rep3image02","ch2",-25,0.982163872883147
"250802","rep3image02","ch2",-24,0.984535951808241
"250802","rep3image02","ch2",-23,0.994376898340734
"250802","rep3image02","ch2",-22,1.00297846121366
"250802","rep3image02","ch2",-21,1.00705660996386
"250802","rep3image02","ch2",-20,1.01287879661139
"250802","rep3image02","ch2",-19,1.01376343380496
"250802","rep3image02","ch2",-18,1.01383434531898
"250802","rep3image02","ch2",-17,1.02298574632461
"250802","rep3image02","ch2",-16,1.04471715970695
"250802","rep3image02","ch2",-15,1.06158238849948
"250802","rep3image02","ch2",-14,1.06658491813677
"250802","rep3image02","ch2",-13,1.06194431300897
"250802","rep3image02","ch2",-12,1.06063957137431
"250802","rep3image02","ch2",-11,1.06860697299292
"250802","rep3image02","ch2",-10,1.08710501778758
"250802","rep3image02","ch2",-9,1.10860299363922
"250802","rep3image02","ch2",-8,1.12712771053239
"250802","rep3image02","ch2",-7,1.13937549283223
"250802","rep3image02","ch2",-6,1.15837437616785
"250802","rep3image02","ch2",-5,1.18437404311582
"250802","rep3image02","ch2",-4,1.19708662262237
"250802","rep3image02","ch2",-3,1.19721129390435
"250802","rep3image02","ch2",-2,1.19660882937899
"250802","rep3image02","ch2",-1,1.20810012145145
"250802","rep3image02","ch2",0,1.21643726786906
"250802","rep3image02","ch2",1,1.21187169218551
"250802","rep3image02","ch2",2,1.20395004114948
"250802","rep3image02","ch2",3,1.18833643646966
"250802","rep3image02","ch2",4,1.17038108954336
"250802","rep3image02","ch2",5,1.15795619846476
"250802","rep3image02","ch2",6,1.13855878259774
"250802","rep3image02","ch2",7,1.11316906045206
"250802","rep3image02","ch2",8,1.09572422353587
"250802","rep3image02","ch2",9,1.08958880973716
"250802","rep3image02","ch2",10,1.08875683671543
"250802","rep3image02","ch2",11,1.09068297024281
"250802","rep3image02","ch2",12,1.09036411399436
"250802","rep3image02","ch2",13,1.09817998333659
"250802","rep3image02","ch2",14,1.10656590267088
"250802","rep3image02","ch2",15,1.11322384025778
"250802","rep3image02","ch2",16,1.11484097790173
"250802","rep3image02","ch2",17,1.11000256100653
"250802","rep3image02","ch2",18,1.11706972263173
"250802","rep3image02","ch2",19,1.1316064318895
"250802","rep3image02","ch2",20,1.14411965068241
"250802","rep3image02","ch2",21,1.14903260589257
"250802","rep3image02","ch2",22,1.14473892694126
"250802","rep3image02","ch2",23,1.14257134669778
"250802","rep3image02","ch2",24,1.14266881697278
"250802","rep3image02","ch2",25,1.14743734239172
"250802","rep3image02","ch2",26,1.15560773152489
"250802","rep3image02","ch2",27,1.14771543490888
"250802","rep3image02","ch2",28,1.12824963873266
"250802","rep3image02","ch2",29,1.11730826035125
"250802","rep3image02","ch2",30,1.11668040821937
"250802","rep3image02","ch2",31,1.11750932112782
"250802","rep3image02","ch2",32,1.10807393405352
"250802","rep3image02","ch2",33,1.08613654860167
"250802","rep3image02","ch2",34,1.06960880119155
"250802","rep3image02","ch2",35,1.06417592895637
"250802","rep3image02","ch2",36,1.0661174763877
"250802","rep3image02","ch2",37,1.07734661875543
"250802","rep3image02","ch2",38,1.0855587160993
"250802","rep3image02","ch2",39,1.10809701713027
"250802","rep3image02","ch2",40,1.16048241642939
"250802","rep3image02","ch2",41,1.20077662811468
"250802","rep3image02","ch2",42,1.19271296515472
"250802","rep3image02","ch2",43,1.16092658620582
"250802","rep3image02","ch2",44,1.12706352371176
"250802","rep3image02","ch2",45,1.09454963116376
"250802","rep3image02","ch2",46,1.06837852231349
"250802","rep3image02","ch2",47,1.04872318800948
"250802","rep3image02","ch2",48,1.0369041993613
"250802","rep3image02","ch2",49,1.03115069525638
"250802","rep3image02","ch2",50,1.02404239210813
"250802","rep3image02","ch2",51,1.01591314449802
"250802","rep3image02","ch2",52,1.00448762597159
"250802","rep3image02","ch2",53,0.991982114130649
"250802","rep3image02","ch2",54,0.983436313322022
"250802","rep3image02","ch2",55,0.978399857984361
"250802","rep3image02","ch2",56,0.97954543594903
"250802","rep3image02","ch2",57,0.989987071385596
"250802","rep3image02","ch2",58,0.997138933924184
"250802","rep3image02","ch2",59,0.987529309288524
"250802","rep3image02","ch2",60,0.961118113772504
"250802","rep3image02","ch2",61,0.93072385969318
"250802","rep3image02","ch2",62,0.916687082276143
"250802","rep3image02","ch2",63,0.914984714810326
"250802","rep3image02","ch2",64,0.920604367293409
"250802","rep3image02","ch2",65,0.924497209183572
"250802","rep3image02","ch2",66,0.91731262987826
"250802","rep3image02","ch2",67,0.907693031540042
"250802","rep3image02","ch2",68,0.898253602093871
"250802","rep3image02","ch2",69,0.897857562988122
"250802","rep3image02","ch2",70,0.91607207506423
"250802","rep3image02","ch2",71,0.931013550417485
"250802","rep3image02","ch2",72,0.924425655423552
"250802","rep3image02","ch2",73,0.916365392589464
"250802","rep3image02","ch2",74,0.911428523160679
"250802","rep3image02","ch2",75,0.907277611716822
"250802","rep3image02","ch2",76,0.89817407692764
"250802","rep3image02","ch2",77,0.896115602945484
"250802","rep3image02","ch2",78,0.894373302890258
"250802","rep3image02","ch2",79,0.885770682200391
"250802","rep3image02","ch2",80,0.879491745310705
"250802","rep3image02","ch2",81,0.868563740757721
"250802","rep3image02","ch2",82,0.855318248189478
"250802","rep3image02","ch2",83,0.849193601456033
"250802","rep3image02","ch2",84,0.847837669037409
"250802","rep3image02","ch2",85,0.838244024993349
"250802","rep3image02","ch2",86,0.829904914058571
"250802","rep3image02","ch2",87,0.826039386512914
"250802","rep3image02","ch2",88,0.828100996166707
"250802","rep3image02","ch2",89,0.820642744507866
"250802","rep3image02","ch2",90,0.800145803492159
"250802","rep3image02","ch2",91,NA
"250802","rep3image03","ch1",-90,0.525457426794759
"250802","rep3image03","ch1",-89,0.530995172647615
"250802","rep3image03","ch1",-88,0.53980171949736
"250802","rep3image03","ch1",-87,0.548568360662819
"250802","rep3image03","ch1",-86,0.553220075974694
"250802","rep3image03","ch1",-85,0.55872916828757
"250802","rep3image03","ch1",-84,0.566657236574588
"250802","rep3image03","ch1",-83,0.579064302791315
"250802","rep3image03","ch1",-82,0.591842932403963
"250802","rep3image03","ch1",-81,0.601119453418455
"250802","rep3image03","ch1",-80,0.601253030929391
"250802","rep3image03","ch1",-79,0.594968306472494
"250802","rep3image03","ch1",-78,0.59236906872024
"250802","rep3image03","ch1",-77,0.59878433776508
"250802","rep3image03","ch1",-76,0.609353551217813
"250802","rep3image03","ch1",-75,0.623171639363368
"250802","rep3image03","ch1",-74,0.635345534460364
"250802","rep3image03","ch1",-73,0.645375281900264
"250802","rep3image03","ch1",-72,0.647631761442728
"250802","rep3image03","ch1",-71,0.636814606535286
"250802","rep3image03","ch1",-70,0.618391115811964
"250802","rep3image03","ch1",-69,0.603893288965131
"250802","rep3image03","ch1",-68,0.594779226470779
"250802","rep3image03","ch1",-67,0.587090220756407
"250802","rep3image03","ch1",-66,0.583399471930371
"250802","rep3image03","ch1",-65,0.582531616180429
"250802","rep3image03","ch1",-64,0.584057108205335
"250802","rep3image03","ch1",-63,0.580389910026342
"250802","rep3image03","ch1",-62,0.578460311341798
"250802","rep3image03","ch1",-61,0.582620655217207
"250802","rep3image03","ch1",-60,0.5913419390193
"250802","rep3image03","ch1",-59,0.605028595446937
"250802","rep3image03","ch1",-58,0.622324695617465
"250802","rep3image03","ch1",-57,0.644341009665675
"250802","rep3image03","ch1",-56,0.671859235581573
"250802","rep3image03","ch1",-55,0.69087187159636
"250802","rep3image03","ch1",-54,0.698202416142143
"250802","rep3image03","ch1",-53,0.696193999371308
"250802","rep3image03","ch1",-52,0.688498252985584
"250802","rep3image03","ch1",-51,0.68080768531587
"250802","rep3image03","ch1",-50,0.680496772797511
"250802","rep3image03","ch1",-49,0.68237968721488
"250802","rep3image03","ch1",-48,0.684849707283
"250802","rep3image03","ch1",-47,0.693059776749943
"250802","rep3image03","ch1",-46,0.696544309559352
"250802","rep3image03","ch1",-45,0.698160728615599
"250802","rep3image03","ch1",-44,0.70360355156107
"250802","rep3image03","ch1",-43,0.710602082026767
"250802","rep3image03","ch1",-42,0.719513219225939
"250802","rep3image03","ch1",-41,0.733011576629531
"250802","rep3image03","ch1",-40,0.743685008898625
"250802","rep3image03","ch1",-39,0.742766397182388
"250802","rep3image03","ch1",-38,0.742695828646639
"250802","rep3image03","ch1",-37,0.742458661650864
"250802","rep3image03","ch1",-36,0.738161404049226
"250802","rep3image03","ch1",-35,0.738908306830192
"250802","rep3image03","ch1",-34,0.744868265892957
"250802","rep3image03","ch1",-33,0.751897967224719
"250802","rep3image03","ch1",-32,0.758305017048246
"250802","rep3image03","ch1",-31,0.771027893953968
"250802","rep3image03","ch1",-30,0.794605162479183
"250802","rep3image03","ch1",-29,0.825058567862697
"250802","rep3image03","ch1",-28,0.854956485817666
"250802","rep3image03","ch1",-27,0.873545801605651
"250802","rep3image03","ch1",-26,0.876441735049733
"250802","rep3image03","ch1",-25,0.87259719428101
"250802","rep3image03","ch1",-24,0.86240787718012
"250802","rep3image03","ch1",-23,0.862974700158355
"250802","rep3image03","ch1",-22,0.877362348495145
"250802","rep3image03","ch1",-21,0.896495831326604
"250802","rep3image03","ch1",-20,0.913164616869795
"250802","rep3image03","ch1",-19,0.926363677850093
"250802","rep3image03","ch1",-18,0.941810331908484
"250802","rep3image03","ch1",-17,0.964280174096509
"250802","rep3image03","ch1",-16,0.987376966961112
"250802","rep3image03","ch1",-15,1.01293548484945
"250802","rep3image03","ch1",-14,1.04034012779924
"250802","rep3image03","ch1",-13,1.0576042382145
"250802","rep3image03","ch1",-12,1.06736927213554
"250802","rep3image03","ch1",-11,1.06721703456588
"250802","rep3image03","ch1",-10,1.06827833772665
"250802","rep3image03","ch1",-9,1.0683304660906
"250802","rep3image03","ch1",-8,1.07186090218951
"250802","rep3image03","ch1",-7,1.08299119881372
"250802","rep3image03","ch1",-6,1.11089061007373
"250802","rep3image03","ch1",-5,1.13558020310677
"250802","rep3image03","ch1",-4,1.14649413100462
"250802","rep3image03","ch1",-3,1.15303268836914
"250802","rep3image03","ch1",-2,1.16474165153587
"250802","rep3image03","ch1",-1,1.18145086594256
"250802","rep3image03","ch1",0,1.19898857634105
"250802","rep3image03","ch1",1,1.21801780244461
"250802","rep3image03","ch1",2,1.23161449479396
"250802","rep3image03","ch1",3,1.23846744495597
"250802","rep3image03","ch1",4,1.23475108309526
"250802","rep3image03","ch1",5,1.22497486527068
"250802","rep3image03","ch1",6,1.21868747184155
"250802","rep3image03","ch1",7,1.21350403205278
"250802","rep3image03","ch1",8,1.2051510588367
"250802","rep3image03","ch1",9,1.19329281520024
"250802","rep3image03","ch1",10,1.17103807549321
"250802","rep3image03","ch1",11,1.14778046188689
"250802","rep3image03","ch1",12,1.14280109232173
"250802","rep3image03","ch1",13,1.14402484642033
"250802","rep3image03","ch1",14,1.15929660697431
"250802","rep3image03","ch1",15,1.18067389931242
"250802","rep3image03","ch1",16,1.19982744492948
"250802","rep3image03","ch1",17,1.20647692387018
"250802","rep3image03","ch1",18,1.21192011834872
"250802","rep3image03","ch1",19,1.21545781071589
"250802","rep3image03","ch1",20,1.21548246837983
"250802","rep3image03","ch1",21,1.21370832974562
"250802","rep3image03","ch1",22,1.20668010696381
"250802","rep3image03","ch1",23,1.19396441050328
"250802","rep3image03","ch1",24,1.18421107608269
"250802","rep3image03","ch1",25,1.18301982733627
"250802","rep3image03","ch1",26,1.19230548503128
"250802","rep3image03","ch1",27,1.20806580398565
"250802","rep3image03","ch1",28,1.22540921775487
"250802","rep3image03","ch1",29,1.23959027854197
"250802","rep3image03","ch1",30,1.24430434316828
"250802","rep3image03","ch1",31,1.23494115637925
"250802","rep3image03","ch1",32,1.21349722314066
"250802","rep3image03","ch1",33,1.20169163104737
"250802","rep3image03","ch1",34,1.20239343426342
"250802","rep3image03","ch1",35,1.21421569226857
"250802","rep3image03","ch1",36,1.2290884111443
"250802","rep3image03","ch1",37,1.23678830505222
"250802","rep3image03","ch1",38,1.23713499089729
"250802","rep3image03","ch1",39,1.23324646516285
"250802","rep3image03","ch1",40,1.23898088090722
"250802","rep3image03","ch1",41,1.25421421432687
"250802","rep3image03","ch1",42,1.2588811852414
"250802","rep3image03","ch1",43,1.25188783349171
"250802","rep3image03","ch1",44,1.23760829369502
"250802","rep3image03","ch1",45,1.22409416509186
"250802","rep3image03","ch1",46,1.22286240407656
"250802","rep3image03","ch1",47,1.23287016282476
"250802","rep3image03","ch1",48,1.24321246056143
"250802","rep3image03","ch1",49,1.2551716247105
"250802","rep3image03","ch1",50,1.26074862416919
"250802","rep3image03","ch1",51,1.25568832105396
"250802","rep3image03","ch1",52,1.24727595562336
"250802","rep3image03","ch1",53,1.2391214947995
"250802","rep3image03","ch1",54,1.23477995652215
"250802","rep3image03","ch1",55,1.22743925926665
"250802","rep3image03","ch1",56,1.21951796956252
"250802","rep3image03","ch1",57,1.21282014582931
"250802","rep3image03","ch1",58,1.21212611447843
"250802","rep3image03","ch1",59,1.22303663792022
"250802","rep3image03","ch1",60,1.24227088961814
"250802","rep3image03","ch1",61,1.26849723440269
"250802","rep3image03","ch1",62,1.29989376510254
"250802","rep3image03","ch1",63,1.32745693135489
"250802","rep3image03","ch1",64,1.33939550953914
"250802","rep3image03","ch1",65,1.32273324478038
"250802","rep3image03","ch1",66,1.28529190141473
"250802","rep3image03","ch1",67,1.24024336543244
"250802","rep3image03","ch1",68,1.20512595381662
"250802","rep3image03","ch1",69,1.1963315841527
"250802","rep3image03","ch1",70,1.20811593062042
"250802","rep3image03","ch1",71,1.23306349650097
"250802","rep3image03","ch1",72,1.2643940535434
"250802","rep3image03","ch1",73,1.28674053158867
"250802","rep3image03","ch1",74,1.29610245971466
"250802","rep3image03","ch1",75,1.29714828738585
"250802","rep3image03","ch1",76,1.28817258683846
"250802","rep3image03","ch1",77,1.27642652344122
"250802","rep3image03","ch1",78,1.27364550744935
"250802","rep3image03","ch1",79,1.28430323675965
"250802","rep3image03","ch1",80,1.30198733876872
"250802","rep3image03","ch1",81,1.31870588699593
"250802","rep3image03","ch1",82,1.31418967510109
"250802","rep3image03","ch1",83,1.29512757211228
"250802","rep3image03","ch1",84,1.27877881302104
"250802","rep3image03","ch1",85,1.26079897069088
"250802","rep3image03","ch1",86,1.24615046064743
"250802","rep3image03","ch1",87,1.24550003514689
"250802","rep3image03","ch1",88,1.25381999499619
"250802","rep3image03","ch1",89,1.26512118166645
"250802","rep3image03","ch1",90,1.26448335037863
"250802","rep3image03","ch1",91,NA
"250802","rep3image03","ch2",-90,0.888274577463691
"250802","rep3image03","ch2",-89,0.884036333833563
"250802","rep3image03","ch2",-88,0.878005283625173
"250802","rep3image03","ch2",-87,0.868006474433862
"250802","rep3image03","ch2",-86,0.861320100687552
"250802","rep3image03","ch2",-85,0.856760911117601
"250802","rep3image03","ch2",-84,0.85286121933526
"250802","rep3image03","ch2",-83,0.85056649289516
"250802","rep3image03","ch2",-82,0.846335722518508
"250802","rep3image03","ch2",-81,0.836421340893495
"250802","rep3image03","ch2",-80,0.829523628925011
"250802","rep3image03","ch2",-79,0.827704194673327
"250802","rep3image03","ch2",-78,0.827931792271308
"250802","rep3image03","ch2",-77,0.83262253803308
"250802","rep3image03","ch2",-76,0.837010617029073
"250802","rep3image03","ch2",-75,0.841119492582136
"250802","rep3image03","ch2",-74,0.843948893278812
"250802","rep3image03","ch2",-73,0.847201980318955
"250802","rep3image03","ch2",-72,0.852561144643883
"250802","rep3image03","ch2",-71,0.858418357550695
"250802","rep3image03","ch2",-70,0.862173095146244
"250802","rep3image03","ch2",-69,0.857511367152473
"250802","rep3image03","ch2",-68,0.850062115612135
"250802","rep3image03","ch2",-67,0.837948914299965
"250802","rep3image03","ch2",-66,0.831430756083473
"250802","rep3image03","ch2",-65,0.827678408582505
"250802","rep3image03","ch2",-64,0.828016186174301
"250802","rep3image03","ch2",-63,0.831226352501912
"250802","rep3image03","ch2",-62,0.835926894285133
"250802","rep3image03","ch2",-61,0.843360930012088
"250802","rep3image03","ch2",-60,0.851232184730696
"250802","rep3image03","ch2",-59,0.8585207613213
"250802","rep3image03","ch2",-58,0.861898941198907
"250802","rep3image03","ch2",-57,0.87009696560892
"250802","rep3image03","ch2",-56,0.88026654874115
"250802","rep3image03","ch2",-55,0.88496742715741
"250802","rep3image03","ch2",-54,0.890846251905355
"250802","rep3image03","ch2",-53,0.891627509863338
"250802","rep3image03","ch2",-52,0.886387749277507
"250802","rep3image03","ch2",-51,0.8791989507198
"250802","rep3image03","ch2",-50,0.871231385288602
"250802","rep3image03","ch2",-49,0.862940551149609
"250802","rep3image03","ch2",-48,0.860496191323469
"250802","rep3image03","ch2",-47,0.862040461728696
"250802","rep3image03","ch2",-46,0.858411389246778
"250802","rep3image03","ch2",-45,0.857285520046298
"250802","rep3image03","ch2",-44,0.858524127651694
"250802","rep3image03","ch2",-43,0.862311653305287
"250802","rep3image03","ch2",-42,0.865287287394305
"250802","rep3image03","ch2",-41,0.871574750988854
"250802","rep3image03","ch2",-40,0.874603371118283
"250802","rep3image03","ch2",-39,0.879960582971583
"250802","rep3image03","ch2",-38,0.881287051800278
"250802","rep3image03","ch2",-37,0.883387877609647
"250802","rep3image03","ch2",-36,0.890023150460567
"250802","rep3image03","ch2",-35,0.896460180114548
"250802","rep3image03","ch2",-34,0.907168342446612
"250802","rep3image03","ch2",-33,0.918760570466911
"250802","rep3image03","ch2",-32,0.929936114110964
"250802","rep3image03","ch2",-31,0.939561967557855
"250802","rep3image03","ch2",-30,0.946718853303421
"250802","rep3image03","ch2",-29,0.951258248850652
"250802","rep3image03","ch2",-28,0.956610680514791
"250802","rep3image03","ch2",-27,0.962758980010825
"250802","rep3image03","ch2",-26,0.960773552007383
"250802","rep3image03","ch2",-25,0.957276776309974
"250802","rep3image03","ch2",-24,0.956374970060559
"250802","rep3image03","ch2",-23,0.959067765069822
"250802","rep3image03","ch2",-22,0.967900275432613
"250802","rep3image03","ch2",-21,0.976835357882529
"250802","rep3image03","ch2",-20,0.986178641556095
"250802","rep3image03","ch2",-19,0.992291560919682
"250802","rep3image03","ch2",-18,0.995703067468196
"250802","rep3image03","ch2",-17,0.993688386053625
"250802","rep3image03","ch2",-16,0.993352560933458
"250802","rep3image03","ch2",-15,0.99634502667445
"250802","rep3image03","ch2",-14,1.00304917464524
"250802","rep3image03","ch2",-13,1.01794528763134
"250802","rep3image03","ch2",-12,1.03060460872343
"250802","rep3image03","ch2",-11,1.03803032961431
"250802","rep3image03","ch2",-10,1.04459023032769
"250802","rep3image03","ch2",-9,1.05272432812351
"250802","rep3image03","ch2",-8,1.06541916400127
"250802","rep3image03","ch2",-7,1.08637965386666
"250802","rep3image03","ch2",-6,1.10572013089295
"250802","rep3image03","ch2",-5,1.11677526089878
"250802","rep3image03","ch2",-4,1.11500891367742
"250802","rep3image03","ch2",-3,1.10436487993938
"250802","rep3image03","ch2",-2,1.10020766388185
"250802","rep3image03","ch2",-1,1.09734638403633
"250802","rep3image03","ch2",0,1.09547928254626
"250802","rep3image03","ch2",1,1.10006786018056
"250802","rep3image03","ch2",2,1.11021337405047
"250802","rep3image03","ch2",3,1.12603808927592
"250802","rep3image03","ch2",4,1.13987054284723
"250802","rep3image03","ch2",5,1.16219079454892
"250802","rep3image03","ch2",6,1.18403720158427
"250802","rep3image03","ch2",7,1.20725336845718
"250802","rep3image03","ch2",8,1.22216119627305
"250802","rep3image03","ch2",9,1.22968171302784
"250802","rep3image03","ch2",10,1.23873990218029
"250802","rep3image03","ch2",11,1.24868633127066
"250802","rep3image03","ch2",12,1.26248582846741
"250802","rep3image03","ch2",13,1.26865213783105
"250802","rep3image03","ch2",14,1.27982835474118
"250802","rep3image03","ch2",15,1.28199681012818
"250802","rep3image03","ch2",16,1.28227140169847
"250802","rep3image03","ch2",17,1.28511568157549
"250802","rep3image03","ch2",18,1.29081938981631
"250802","rep3image03","ch2",19,1.2861130242815
"250802","rep3image03","ch2",20,1.27594259956668
"250802","rep3image03","ch2",21,1.24855113944201
"250802","rep3image03","ch2",22,1.21584326738843
"250802","rep3image03","ch2",23,1.19372943906654
"250802","rep3image03","ch2",24,1.18264545960922
"250802","rep3image03","ch2",25,1.17646679581302
"250802","rep3image03","ch2",26,1.17048253759712
"250802","rep3image03","ch2",27,1.16880142586135
"250802","rep3image03","ch2",28,1.16128814671691
"250802","rep3image03","ch2",29,1.15758339912772
"250802","rep3image03","ch2",30,1.15255746784855
"250802","rep3image03","ch2",31,1.14756839788721
"250802","rep3image03","ch2",32,1.14976398589719
"250802","rep3image03","ch2",33,1.1498826490436
"250802","rep3image03","ch2",34,1.14631898436125
"250802","rep3image03","ch2",35,1.14112015835301
"250802","rep3image03","ch2",36,1.13872535091028
"250802","rep3image03","ch2",37,1.13572467132313
"250802","rep3image03","ch2",38,1.13272102936523
"250802","rep3image03","ch2",39,1.12838482552062
"250802","rep3image03","ch2",40,1.12120770812938
"250802","rep3image03","ch2",41,1.11538385555678
"250802","rep3image03","ch2",42,1.10778890923696
"250802","rep3image03","ch2",43,1.09813649544325
"250802","rep3image03","ch2",44,1.09389522211577
"250802","rep3image03","ch2",45,1.09379126983319
"250802","rep3image03","ch2",46,1.09470452160594
"250802","rep3image03","ch2",47,1.09803557285802
"250802","rep3image03","ch2",48,1.09466678504222
"250802","rep3image03","ch2",49,1.09165556884093
"250802","rep3image03","ch2",50,1.08653467338133
"250802","rep3image03","ch2",51,1.08356210265297
"250802","rep3image03","ch2",52,1.08574058970454
"250802","rep3image03","ch2",53,1.08174313968754
"250802","rep3image03","ch2",54,1.07492894637615
"250802","rep3image03","ch2",55,1.07469498641372
"250802","rep3image03","ch2",56,1.06899834746674
"250802","rep3image03","ch2",57,1.06496386781539
"250802","rep3image03","ch2",58,1.06222771447065
"250802","rep3image03","ch2",59,1.0565092280394
"250802","rep3image03","ch2",60,1.04921203364298
"250802","rep3image03","ch2",61,1.04587364379064
"250802","rep3image03","ch2",62,1.0419756688368
"250802","rep3image03","ch2",63,1.03471964466111
"250802","rep3image03","ch2",64,1.02365832060735
"250802","rep3image03","ch2",65,1.00631407750507
"250802","rep3image03","ch2",66,0.988533591646954
"250802","rep3image03","ch2",67,0.972730925885587
"250802","rep3image03","ch2",68,0.958998485990301
"250802","rep3image03","ch2",69,0.950495303730016
"250802","rep3image03","ch2",70,0.947686774281786
"250802","rep3image03","ch2",71,0.948152102132234
"250802","rep3image03","ch2",72,0.94807716761765
"250802","rep3image03","ch2",73,0.950243906176145
"250802","rep3image03","ch2",74,0.956644444808649
"250802","rep3image03","ch2",75,0.958247053719614
"250802","rep3image03","ch2",76,0.956965862034727
"250802","rep3image03","ch2",77,0.954858202574656
"250802","rep3image03","ch2",78,0.939974780654147
"250802","rep3image03","ch2",79,0.925635896338271
"250802","rep3image03","ch2",80,0.910692957696385
"250802","rep3image03","ch2",81,0.89675433006443
"250802","rep3image03","ch2",82,0.889818679552398
"250802","rep3image03","ch2",83,0.884821631388019
"250802","rep3image03","ch2",84,0.879108059799146
"250802","rep3image03","ch2",85,0.877370730345787
"250802","rep3image03","ch2",86,0.874152350172013
"250802","rep3image03","ch2",87,0.865692122287562
"250802","rep3image03","ch2",88,0.860349082685224
"250802","rep3image03","ch2",89,0.862434928324338
"250802","rep3image03","ch2",90,0.871271074323955
"250802","rep3image03","ch2",91,NA
"250802","rep3image05","ch1",-90,0.352510715732542
"250802","rep3image05","ch1",-89,0.355113787881923
"250802","rep3image05","ch1",-88,0.361147701060768
"250802","rep3image05","ch1",-87,0.367846506151787
"250802","rep3image05","ch1",-86,0.369220030422949
"250802","rep3image05","ch1",-85,0.370379368800377
"250802","rep3image05","ch1",-84,0.371664143890557
"250802","rep3image05","ch1",-83,0.371578776809187
"250802","rep3image05","ch1",-82,0.369024580123714
"250802","rep3image05","ch1",-81,0.364417026211192
"250802","rep3image05","ch1",-80,0.357986097845249
"250802","rep3image05","ch1",-79,0.352043181706275
"250802","rep3image05","ch1",-78,0.349057045530696
"250802","rep3image05","ch1",-77,0.346216504618911
"250802","rep3image05","ch1",-76,0.344454832860854
"250802","rep3image05","ch1",-75,0.343256249754389
"250802","rep3image05","ch1",-74,0.344252082175871
"250802","rep3image05","ch1",-73,0.346929034641476
"250802","rep3image05","ch1",-72,0.348988826106811
"250802","rep3image05","ch1",-71,0.349557606584579
"250802","rep3image05","ch1",-70,0.349798570870668
"250802","rep3image05","ch1",-69,0.349069955252387
"250802","rep3image05","ch1",-68,0.349781454147021
"250802","rep3image05","ch1",-67,0.351732791576622
"250802","rep3image05","ch1",-66,0.353750770804374
"250802","rep3image05","ch1",-65,0.355605409056649
"250802","rep3image05","ch1",-64,0.359328873881522
"250802","rep3image05","ch1",-63,0.362367607892837
"250802","rep3image05","ch1",-62,0.363385094000861
"250802","rep3image05","ch1",-61,0.361653593046052
"250802","rep3image05","ch1",-60,0.358569097577179
"250802","rep3image05","ch1",-59,0.356039307689822
"250802","rep3image05","ch1",-58,0.353872629503206
"250802","rep3image05","ch1",-57,0.352372740504156
"250802","rep3image05","ch1",-56,0.352917258541718
"250802","rep3image05","ch1",-55,0.356086285878337
"250802","rep3image05","ch1",-54,0.360684569950764
"250802","rep3image05","ch1",-53,0.365338875203657
"250802","rep3image05","ch1",-52,0.368887935050358
"250802","rep3image05","ch1",-51,0.371443420645745
"250802","rep3image05","ch1",-50,0.371392297322948
"250802","rep3image05","ch1",-49,0.370650637936345
"250802","rep3image05","ch1",-48,0.371122028381073
"250802","rep3image05","ch1",-47,0.371706492314665
"250802","rep3image05","ch1",-46,0.372170695797716
"250802","rep3image05","ch1",-45,0.373830347758325
"250802","rep3image05","ch1",-44,0.376341206136877
"250802","rep3image05","ch1",-43,0.378805086326914
"250802","rep3image05","ch1",-42,0.381097881770715
"250802","rep3image05","ch1",-41,0.3856540339559
"250802","rep3image05","ch1",-40,0.388835826656299
"250802","rep3image05","ch1",-39,0.394411743742234
"250802","rep3image05","ch1",-38,0.397082179479317
"250802","rep3image05","ch1",-37,0.39867036396306
"250802","rep3image05","ch1",-36,0.39981171946938
"250802","rep3image05","ch1",-35,0.40235140818487
"250802","rep3image05","ch1",-34,0.406457308047903
"250802","rep3image05","ch1",-33,0.411737384219285
"250802","rep3image05","ch1",-32,0.417630723727359
"250802","rep3image05","ch1",-31,0.425069950851464
"250802","rep3image05","ch1",-30,0.434862098489
"250802","rep3image05","ch1",-29,0.444716113802369
"250802","rep3image05","ch1",-28,0.452484662564932
"250802","rep3image05","ch1",-27,0.457708016388855
"250802","rep3image05","ch1",-26,0.462229883570349
"250802","rep3image05","ch1",-25,0.469395820547742
"250802","rep3image05","ch1",-24,0.478295186689175
"250802","rep3image05","ch1",-23,0.486191626248963
"250802","rep3image05","ch1",-22,0.494503177291029
"250802","rep3image05","ch1",-21,0.501060057933688
"250802","rep3image05","ch1",-20,0.508891134293959
"250802","rep3image05","ch1",-19,0.518621651415086
"250802","rep3image05","ch1",-18,0.530090887386536
"250802","rep3image05","ch1",-17,0.542388345934358
"250802","rep3image05","ch1",-16,0.558612648980074
"250802","rep3image05","ch1",-15,0.576663028034389
"250802","rep3image05","ch1",-14,0.598409959474589
"250802","rep3image05","ch1",-13,0.621360052229266
"250802","rep3image05","ch1",-12,0.64981551229687
"250802","rep3image05","ch1",-11,0.67734330781048
"250802","rep3image05","ch1",-10,0.706206475861822
"250802","rep3image05","ch1",-9,0.74051177215011
"250802","rep3image05","ch1",-8,0.791633311095202
"250802","rep3image05","ch1",-7,0.861861733083524
"250802","rep3image05","ch1",-6,0.940648671564558
"250802","rep3image05","ch1",-5,1.01447692613888
"250802","rep3image05","ch1",-4,1.08020397976897
"250802","rep3image05","ch1",-3,1.11818745374342
"250802","rep3image05","ch1",-2,1.12719089162688
"250802","rep3image05","ch1",-1,1.12527867519097
"250802","rep3image05","ch1",0,1.13037107576771
"250802","rep3image05","ch1",1,1.15104096315062
"250802","rep3image05","ch1",2,1.18593477570526
"250802","rep3image05","ch1",3,1.22831624746291
"250802","rep3image05","ch1",4,1.27856057494365
"250802","rep3image05","ch1",5,1.33513636819016
"250802","rep3image05","ch1",6,1.3804785072635
"250802","rep3image05","ch1",7,1.41074724704208
"250802","rep3image05","ch1",8,1.44020850022698
"250802","rep3image05","ch1",9,1.47314175706833
"250802","rep3image05","ch1",10,1.49547655516429
"250802","rep3image05","ch1",11,1.51305436828803
"250802","rep3image05","ch1",12,1.53622876230144
"250802","rep3image05","ch1",13,1.55150768601532
"250802","rep3image05","ch1",14,1.56882368544622
"250802","rep3image05","ch1",15,1.59892617646856
"250802","rep3image05","ch1",16,1.62425215295568
"250802","rep3image05","ch1",17,1.64043149882363
"250802","rep3image05","ch1",18,1.64298192158087
"250802","rep3image05","ch1",19,1.6478150347282
"250802","rep3image05","ch1",20,1.65349308503566
"250802","rep3image05","ch1",21,1.66541721340495
"250802","rep3image05","ch1",22,1.67579232984058
"250802","rep3image05","ch1",23,1.67060940654281
"250802","rep3image05","ch1",24,1.6485172844053
"250802","rep3image05","ch1",25,1.6133706289708
"250802","rep3image05","ch1",26,1.59388896185866
"250802","rep3image05","ch1",27,1.59150517968627
"250802","rep3image05","ch1",28,1.59593701908815
"250802","rep3image05","ch1",29,1.59286538178457
"250802","rep3image05","ch1",30,1.58059263937324
"250802","rep3image05","ch1",31,1.57194254840902
"250802","rep3image05","ch1",32,1.5793927467343
"250802","rep3image05","ch1",33,1.59803834438652
"250802","rep3image05","ch1",34,1.60127249776324
"250802","rep3image05","ch1",35,1.5819587910797
"250802","rep3image05","ch1",36,1.56009575463452
"250802","rep3image05","ch1",37,1.53997154015245
"250802","rep3image05","ch1",38,1.53331119613324
"250802","rep3image05","ch1",39,1.55044876918704
"250802","rep3image05","ch1",40,1.57942648524019
"250802","rep3image05","ch1",41,1.60128388141559
"250802","rep3image05","ch1",42,1.61372578036392
"250802","rep3image05","ch1",43,1.61007968106768
"250802","rep3image05","ch1",44,1.59585142515863
"250802","rep3image05","ch1",45,1.57822034396599
"250802","rep3image05","ch1",46,1.57156464002247
"250802","rep3image05","ch1",47,1.56996003998208
"250802","rep3image05","ch1",48,1.56576474132746
"250802","rep3image05","ch1",49,1.57504066507785
"250802","rep3image05","ch1",50,1.60686586153376
"250802","rep3image05","ch1",51,1.64316750398581
"250802","rep3image05","ch1",52,1.66594979098107
"250802","rep3image05","ch1",53,1.67569576470988
"250802","rep3image05","ch1",54,1.67378445566654
"250802","rep3image05","ch1",55,1.66620173677962
"250802","rep3image05","ch1",56,1.65751680400263
"250802","rep3image05","ch1",57,1.65577555888887
"250802","rep3image05","ch1",58,1.65125834209435
"250802","rep3image05","ch1",59,1.63540243012438
"250802","rep3image05","ch1",60,1.61344464333366
"250802","rep3image05","ch1",61,1.59296416384031
"250802","rep3image05","ch1",62,1.56276480866017
"250802","rep3image05","ch1",63,1.52620054823549
"250802","rep3image05","ch1",64,1.49786295640162
"250802","rep3image05","ch1",65,1.47052426975048
"250802","rep3image05","ch1",66,1.44352230823633
"250802","rep3image05","ch1",67,1.41199214841519
"250802","rep3image05","ch1",68,1.3837760956305
"250802","rep3image05","ch1",69,1.36269033373064
"250802","rep3image05","ch1",70,1.3575973350997
"250802","rep3image05","ch1",71,1.38005266173946
"250802","rep3image05","ch1",72,1.41298279426318
"250802","rep3image05","ch1",73,1.43566257683087
"250802","rep3image05","ch1",74,1.45793916775515
"250802","rep3image05","ch1",75,1.47061348293903
"250802","rep3image05","ch1",76,1.47014675319254
"250802","rep3image05","ch1",77,1.45368627029434
"250802","rep3image05","ch1",78,1.43455320691295
"250802","rep3image05","ch1",79,1.41751472525328
"250802","rep3image05","ch1",80,1.42172956378217
"250802","rep3image05","ch1",81,1.452289813738
"250802","rep3image05","ch1",82,1.4948659315151
"250802","rep3image05","ch1",83,1.52910169884703
"250802","rep3image05","ch1",84,1.55048642597907
"250802","rep3image05","ch1",85,1.56116756056192
"250802","rep3image05","ch1",86,1.55530251520426
"250802","rep3image05","ch1",87,1.53755956694244
"250802","rep3image05","ch1",88,1.51099724744404
"250802","rep3image05","ch1",89,1.48523516570997
"250802","rep3image05","ch1",90,1.46737943267511
"250802","rep3image05","ch1",91,NA
"250802","rep3image05","ch2",-90,0.930570435494256
"250802","rep3image05","ch2",-89,0.931487712066995
"250802","rep3image05","ch2",-88,0.929095446583693
"250802","rep3image05","ch2",-87,0.92456995697571
"250802","rep3image05","ch2",-86,0.909494849306336
"250802","rep3image05","ch2",-85,0.894410793012959
"250802","rep3image05","ch2",-84,0.882545045423294
"250802","rep3image05","ch2",-83,0.875464851500119
"250802","rep3image05","ch2",-82,0.877935992712128
"250802","rep3image05","ch2",-81,0.884962367053803
"250802","rep3image05","ch2",-80,0.892243436279584
"250802","rep3image05","ch2",-79,0.892918290366849
"250802","rep3image05","ch2",-78,0.887322630553172
"250802","rep3image05","ch2",-77,0.882033823317787
"250802","rep3image05","ch2",-76,0.875311616967202
"250802","rep3image05","ch2",-75,0.868433321046519
"250802","rep3image05","ch2",-74,0.862321410852896
"250802","rep3image05","ch2",-73,0.8625160221187
"250802","rep3image05","ch2",-72,0.864914636863794
"250802","rep3image05","ch2",-71,0.873547715338848
"250802","rep3image05","ch2",-70,0.882696191943944
"250802","rep3image05","ch2",-69,0.896723586192621
"250802","rep3image05","ch2",-68,0.911008104237633
"250802","rep3image05","ch2",-67,0.923331936151229
"250802","rep3image05","ch2",-66,0.932142708731474
"250802","rep3image05","ch2",-65,0.94725152288459
"250802","rep3image05","ch2",-64,0.977440217306549
"250802","rep3image05","ch2",-63,1.01905494097969
"250802","rep3image05","ch2",-62,1.05349440225276
"250802","rep3image05","ch2",-61,1.060215202391
"250802","rep3image05","ch2",-60,1.0323322274745
"250802","rep3image05","ch2",-59,1.00051258240936
"250802","rep3image05","ch2",-58,0.968894963184204
"250802","rep3image05","ch2",-57,0.943720481078243
"250802","rep3image05","ch2",-56,0.931371720854926
"250802","rep3image05","ch2",-55,0.924799041750171
"250802","rep3image05","ch2",-54,0.928165045362417
"250802","rep3image05","ch2",-53,0.939767916468889
"250802","rep3image05","ch2",-52,0.944901997734023
"250802","rep3image05","ch2",-51,0.938995479767503
"250802","rep3image05","ch2",-50,0.930859774336999
"250802","rep3image05","ch2",-49,0.919770000285826
"250802","rep3image05","ch2",-48,0.911818125159829
"250802","rep3image05","ch2",-47,0.908623764678447
"250802","rep3image05","ch2",-46,0.909805920521657
"250802","rep3image05","ch2",-45,0.909568696760603
"250802","rep3image05","ch2",-44,0.906452061470557
"250802","rep3image05","ch2",-43,0.900021580262449
"250802","rep3image05","ch2",-42,0.89427669149041
"250802","rep3image05","ch2",-41,0.892163111726039
"250802","rep3image05","ch2",-40,0.894933264817212
"250802","rep3image05","ch2",-39,0.901282867509337
"250802","rep3image05","ch2",-38,0.907097257261128
"250802","rep3image05","ch2",-37,0.913024186612873
"250802","rep3image05","ch2",-36,0.922464601422923
"250802","rep3image05","ch2",-35,0.932771583936364
"250802","rep3image05","ch2",-34,0.940226299080287
"250802","rep3image05","ch2",-33,0.94547036319566
"250802","rep3image05","ch2",-32,0.9550561718395
"250802","rep3image05","ch2",-31,0.971361417021735
"250802","rep3image05","ch2",-30,0.997274501507854
"250802","rep3image05","ch2",-29,1.03948281723982
"250802","rep3image05","ch2",-28,1.07862763546332
"250802","rep3image05","ch2",-27,1.09325105068305
"250802","rep3image05","ch2",-26,1.08026962274277
"250802","rep3image05","ch2",-25,1.06306107788624
"250802","rep3image05","ch2",-24,1.05127752979991
"250802","rep3image05","ch2",-23,1.03926101920205
"250802","rep3image05","ch2",-22,1.02631674935762
"250802","rep3image05","ch2",-21,1.00684045272891
"250802","rep3image05","ch2",-20,0.992318412635376
"250802","rep3image05","ch2",-19,0.982183371540266
"250802","rep3image05","ch2",-18,0.974376847635564
"250802","rep3image05","ch2",-17,0.971805311384748
"250802","rep3image05","ch2",-16,0.974373310798458
"250802","rep3image05","ch2",-15,0.97568748015195
"250802","rep3image05","ch2",-14,0.977386355112554
"250802","rep3image05","ch2",-13,0.981510903752735
"250802","rep3image05","ch2",-12,0.984397942918377
"250802","rep3image05","ch2",-11,0.99136244391695
"250802","rep3image05","ch2",-10,1.00608476273815
"250802","rep3image05","ch2",-9,1.01677909283341
"250802","rep3image05","ch2",-8,1.02716742260029
"250802","rep3image05","ch2",-7,1.03926830593874
"250802","rep3image05","ch2",-6,1.05201604695507
"250802","rep3image05","ch2",-5,1.066888830497
"250802","rep3image05","ch2",-4,1.08272491210654
"250802","rep3image05","ch2",-3,1.10105258892581
"250802","rep3image05","ch2",-2,1.11677749453524
"250802","rep3image05","ch2",-1,1.13365153130407
"250802","rep3image05","ch2",0,1.15821635644049
"250802","rep3image05","ch2",1,1.17668755214376
"250802","rep3image05","ch2",2,1.18863767247402
"250802","rep3image05","ch2",3,1.19255116142523
"250802","rep3image05","ch2",4,1.19576018060498
"250802","rep3image05","ch2",5,1.20097522561109
"250802","rep3image05","ch2",6,1.20400906482286
"250802","rep3image05","ch2",7,1.19749092971203
"250802","rep3image05","ch2",8,1.18613785305271
"250802","rep3image05","ch2",9,1.17382390723801
"250802","rep3image05","ch2",10,1.15471603824322
"250802","rep3image05","ch2",11,1.1373324838687
"250802","rep3image05","ch2",12,1.12633385794487
"250802","rep3image05","ch2",13,1.12223491941433
"250802","rep3image05","ch2",14,1.12599824193228
"250802","rep3image05","ch2",15,1.13843120444621
"250802","rep3image05","ch2",16,1.15772273329552
"250802","rep3image05","ch2",17,1.18235786904911
"250802","rep3image05","ch2",18,1.2090811875199
"250802","rep3image05","ch2",19,1.2220921459194
"250802","rep3image05","ch2",20,1.20967520570368
"250802","rep3image05","ch2",21,1.19409032475364
"250802","rep3image05","ch2",22,1.19661502987217
"250802","rep3image05","ch2",23,1.21508324270077
"250802","rep3image05","ch2",24,1.23701930300527
"250802","rep3image05","ch2",25,1.26275546041111
"250802","rep3image05","ch2",26,1.27896567972894
"250802","rep3image05","ch2",27,1.26257047956923
"250802","rep3image05","ch2",28,1.21688762619961
"250802","rep3image05","ch2",29,1.17101382623879
"250802","rep3image05","ch2",30,1.12484962212283
"250802","rep3image05","ch2",31,1.08783321281205
"250802","rep3image05","ch2",32,1.06460463030166
"250802","rep3image05","ch2",33,1.04911805637815
"250802","rep3image05","ch2",34,1.04166943482105
"250802","rep3image05","ch2",35,1.03840949370948
"250802","rep3image05","ch2",36,1.03662407277103
"250802","rep3image05","ch2",37,1.02945047225826
"250802","rep3image05","ch2",38,1.01583526867613
"250802","rep3image05","ch2",39,1.00875605484035
"250802","rep3image05","ch2",40,1.01467799853015
"250802","rep3image05","ch2",41,1.03911860824293
"250802","rep3image05","ch2",42,1.0840627313949
"250802","rep3image05","ch2",43,1.12255566366607
"250802","rep3image05","ch2",44,1.13599947979231
"250802","rep3image05","ch2",45,1.12841134492576
"250802","rep3image05","ch2",46,1.10681179549625
"250802","rep3image05","ch2",47,1.07103813699693
"250802","rep3image05","ch2",48,1.03621375705427
"250802","rep3image05","ch2",49,1.00655196613607
"250802","rep3image05","ch2",50,0.983894305837024
"250802","rep3image05","ch2",51,0.968417234499963
"250802","rep3image05","ch2",52,0.954324728358544
"250802","rep3image05","ch2",53,0.941461081355129
"250802","rep3image05","ch2",54,0.928908164667072
"250802","rep3image05","ch2",55,0.921099339687627
"250802","rep3image05","ch2",56,0.918647075811014
"250802","rep3image05","ch2",57,0.924593649523069
"250802","rep3image05","ch2",58,0.934589688658676
"250802","rep3image05","ch2",59,0.939282815822969
"250802","rep3image05","ch2",60,0.933036250144358
"250802","rep3image05","ch2",61,0.922017553735261
"250802","rep3image05","ch2",62,0.910705385071381
"250802","rep3image05","ch2",63,0.900648793580025
"250802","rep3image05","ch2",64,0.89487309597392
"250802","rep3image05","ch2",65,0.885761138277253
"250802","rep3image05","ch2",66,0.87519260026797
"250802","rep3image05","ch2",67,0.863593180773614
"250802","rep3image05","ch2",68,0.854645962983582
"250802","rep3image05","ch2",69,0.850901816088492
"250802","rep3image05","ch2",70,0.851395567070947
"250802","rep3image05","ch2",71,0.858220554760074
"250802","rep3image05","ch2",72,0.872446054499165
"250802","rep3image05","ch2",73,0.884653383850749
"250802","rep3image05","ch2",74,0.896202989338159
"250802","rep3image05","ch2",75,0.913175674033485
"250802","rep3image05","ch2",76,0.93198666177387
"250802","rep3image05","ch2",77,0.951337251541599
"250802","rep3image05","ch2",78,0.975369207424932
"250802","rep3image05","ch2",79,0.996948132406738
"250802","rep3image05","ch2",80,1.01866137197357
"250802","rep3image05","ch2",81,1.02452412690747
"250802","rep3image05","ch2",82,1.0108599189558
"250802","rep3image05","ch2",83,0.984048392619846
"250802","rep3image05","ch2",84,0.95351406824892
"250802","rep3image05","ch2",85,0.929028758028628
"250802","rep3image05","ch2",86,0.913358865150562
"250802","rep3image05","ch2",87,0.895815045181408
"250802","rep3image05","ch2",88,0.88544022357553
"250802","rep3image05","ch2",89,0.879631970023054
"250802","rep3image05","ch2",90,0.87948516997692
"250802","rep3image05","ch2",91,NA
"250802","rep3image09","ch1",-90,0.539657378049882
"250802","rep3image09","ch1",-89,0.544296039786502
"250802","rep3image09","ch1",-88,0.546966677229505
"250802","rep3image09","ch1",-87,0.547219797700261
"250802","rep3image09","ch1",-86,0.546894318072646
"250802","rep3image09","ch1",-85,0.547768773976204
"250802","rep3image09","ch1",-84,0.551190701056899
"250802","rep3image09","ch1",-83,0.559571565870503
"250802","rep3image09","ch1",-82,0.569515964832475
"250802","rep3image09","ch1",-81,0.579908845794026
"250802","rep3image09","ch1",-80,0.589614574264093
"250802","rep3image09","ch1",-79,0.598113429027887
"250802","rep3image09","ch1",-78,0.604094409121322
"250802","rep3image09","ch1",-77,0.607953277339471
"250802","rep3image09","ch1",-76,0.606001765356281
"250802","rep3image09","ch1",-75,0.598493758480709
"250802","rep3image09","ch1",-74,0.590102267879253
"250802","rep3image09","ch1",-73,0.581739322132051
"250802","rep3image09","ch1",-72,0.576459712325928
"250802","rep3image09","ch1",-71,0.57232201961037
"250802","rep3image09","ch1",-70,0.57004200962024
"250802","rep3image09","ch1",-69,0.572996115221152
"250802","rep3image09","ch1",-68,0.57627638334093
"250802","rep3image09","ch1",-67,0.58339540170263
"250802","rep3image09","ch1",-66,0.588512674600783
"250802","rep3image09","ch1",-65,0.587870401722254
"250802","rep3image09","ch1",-64,0.585696021350687
"250802","rep3image09","ch1",-63,0.586807181019349
"250802","rep3image09","ch1",-62,0.591301329309626
"250802","rep3image09","ch1",-61,0.600096217430331
"250802","rep3image09","ch1",-60,0.613801995055589
"250802","rep3image09","ch1",-59,0.627372997263731
"250802","rep3image09","ch1",-58,0.635298127772679
"250802","rep3image09","ch1",-57,0.64205855993896
"250802","rep3image09","ch1",-56,0.647559303589685
"250802","rep3image09","ch1",-55,0.648899942034025
"250802","rep3image09","ch1",-54,0.64548334150508
"250802","rep3image09","ch1",-53,0.642646215175307
"250802","rep3image09","ch1",-52,0.645228732331399
"250802","rep3image09","ch1",-51,0.649490397124498
"250802","rep3image09","ch1",-50,0.649484401339322
"250802","rep3image09","ch1",-49,0.644647277747603
"250802","rep3image09","ch1",-48,0.640550927268325
"250802","rep3image09","ch1",-47,0.639874905904216
"250802","rep3image09","ch1",-46,0.642026081631106
"250802","rep3image09","ch1",-45,0.645175043421318
"250802","rep3image09","ch1",-44,0.653721058654842
"250802","rep3image09","ch1",-43,0.665937068044568
"250802","rep3image09","ch1",-42,0.685113979155948
"250802","rep3image09","ch1",-41,0.702444680114902
"250802","rep3image09","ch1",-40,0.711861504612708
"250802","rep3image09","ch1",-39,0.713320119349412
"250802","rep3image09","ch1",-38,0.711530862327243
"250802","rep3image09","ch1",-37,0.706738686637604
"250802","rep3image09","ch1",-36,0.699994138521801
"250802","rep3image09","ch1",-35,0.693578170359888
"250802","rep3image09","ch1",-34,0.691700820366457
"250802","rep3image09","ch1",-33,0.695413973249663
"250802","rep3image09","ch1",-32,0.704006930427718
"250802","rep3image09","ch1",-31,0.716993596250988
"250802","rep3image09","ch1",-30,0.734629071574855
"250802","rep3image09","ch1",-29,0.757772406276272
"250802","rep3image09","ch1",-28,0.774410013589866
"250802","rep3image09","ch1",-27,0.784482591239478
"250802","rep3image09","ch1",-26,0.791928045276542
"250802","rep3image09","ch1",-25,0.80892643769538
"250802","rep3image09","ch1",-24,0.832589220455086
"250802","rep3image09","ch1",-23,0.852153317247439
"250802","rep3image09","ch1",-22,0.869629733541336
"250802","rep3image09","ch1",-21,0.887317941727533
"250802","rep3image09","ch1",-20,0.90430546251767
"250802","rep3image09","ch1",-19,0.93850170623167
"250802","rep3image09","ch1",-18,0.984025217346886
"250802","rep3image09","ch1",-17,1.02944368613001
"250802","rep3image09","ch1",-16,1.07826240702556
"250802","rep3image09","ch1",-15,1.13411351469882
"250802","rep3image09","ch1",-14,1.17483276294927
"250802","rep3image09","ch1",-13,1.2082681702059
"250802","rep3image09","ch1",-12,1.23271741150268
"250802","rep3image09","ch1",-11,1.23763862632294
"250802","rep3image09","ch1",-10,1.22765400506633
"250802","rep3image09","ch1",-9,1.21396950633243
"250802","rep3image09","ch1",-8,1.20108433180675
"250802","rep3image09","ch1",-7,1.2039322068448
"250802","rep3image09","ch1",-6,1.22187184193145
"250802","rep3image09","ch1",-5,1.2377605360689
"250802","rep3image09","ch1",-4,1.24560550880291
"250802","rep3image09","ch1",-3,1.25557145981274
"250802","rep3image09","ch1",-2,1.28006284915747
"250802","rep3image09","ch1",-1,1.31900151310463
"250802","rep3image09","ch1",0,1.35187525596589
"250802","rep3image09","ch1",1,1.36462412539806
"250802","rep3image09","ch1",2,1.34781938727992
"250802","rep3image09","ch1",3,1.30922175922305
"250802","rep3image09","ch1",4,1.26714686257859
"250802","rep3image09","ch1",5,1.24241592864115
"250802","rep3image09","ch1",6,1.23683088889451
"250802","rep3image09","ch1",7,1.24819836493253
"250802","rep3image09","ch1",8,1.27034604419133
"250802","rep3image09","ch1",9,1.28472330878279
"250802","rep3image09","ch1",10,1.28375685377003
"250802","rep3image09","ch1",11,1.27493422660674
"250802","rep3image09","ch1",12,1.27674308260779
"250802","rep3image09","ch1",13,1.29258069647973
"250802","rep3image09","ch1",14,1.31439680472096
"250802","rep3image09","ch1",15,1.31280707486424
"250802","rep3image09","ch1",16,1.28468969687546
"250802","rep3image09","ch1",17,1.24705572397724
"250802","rep3image09","ch1",18,1.21381612895766
"250802","rep3image09","ch1",19,1.19568136452521
"250802","rep3image09","ch1",20,1.19174752850562
"250802","rep3image09","ch1",21,1.19829155243475
"250802","rep3image09","ch1",22,1.22013699768409
"250802","rep3image09","ch1",23,1.25000082907148
"250802","rep3image09","ch1",24,1.27753388433321
"250802","rep3image09","ch1",25,1.29859853904285
"250802","rep3image09","ch1",26,1.31385995659362
"250802","rep3image09","ch1",27,1.32320409414677
"250802","rep3image09","ch1",28,1.32681742198704
"250802","rep3image09","ch1",29,1.32253600797899
"250802","rep3image09","ch1",30,1.31366216397195
"250802","rep3image09","ch1",31,1.31415605823966
"250802","rep3image09","ch1",32,1.31741526599328
"250802","rep3image09","ch1",33,1.30283820107987
"250802","rep3image09","ch1",34,1.28604934701221
"250802","rep3image09","ch1",35,1.26787136922145
"250802","rep3image09","ch1",36,1.24345106885585
"250802","rep3image09","ch1",37,1.22058594404972
"250802","rep3image09","ch1",38,1.19877237616394
"250802","rep3image09","ch1",39,1.18806912112922
"250802","rep3image09","ch1",40,1.18917268704718
"250802","rep3image09","ch1",41,1.2010902046715
"250802","rep3image09","ch1",42,1.23071701816381
"250802","rep3image09","ch1",43,1.25330950546726
"250802","rep3image09","ch1",44,1.25670383008363
"250802","rep3image09","ch1",45,1.24165727743578
"250802","rep3image09","ch1",46,1.21013411591546
"250802","rep3image09","ch1",47,1.17819481412516
"250802","rep3image09","ch1",48,1.15890366896547
"250802","rep3image09","ch1",49,1.16822793438324
"250802","rep3image09","ch1",50,1.20716766364074
"250802","rep3image09","ch1",51,1.25450537096658
"250802","rep3image09","ch1",52,1.27881789743509
"250802","rep3image09","ch1",53,1.27547746659618
"250802","rep3image09","ch1",54,1.26092961577045
"250802","rep3image09","ch1",55,1.23257336242239
"250802","rep3image09","ch1",56,1.19484575147595
"250802","rep3image09","ch1",57,1.15685525471389
"250802","rep3image09","ch1",58,1.12767005333518
"250802","rep3image09","ch1",59,1.12340878461901
"250802","rep3image09","ch1",60,1.14662469700248
"250802","rep3image09","ch1",61,1.17624696243907
"250802","rep3image09","ch1",62,1.18715948266846
"250802","rep3image09","ch1",63,1.17073689049387
"250802","rep3image09","ch1",64,1.14181617289632
"250802","rep3image09","ch1",65,1.11996632982733
"250802","rep3image09","ch1",66,1.11156450025235
"250802","rep3image09","ch1",67,1.1152294956446
"250802","rep3image09","ch1",68,1.12259292078471
"250802","rep3image09","ch1",69,1.13420607377886
"250802","rep3image09","ch1",70,1.14641342410753
"250802","rep3image09","ch1",71,1.15712734590357
"250802","rep3image09","ch1",72,1.18146268093984
"250802","rep3image09","ch1",73,1.20518808482718
"250802","rep3image09","ch1",74,1.21518656877615
"250802","rep3image09","ch1",75,1.22215765923526
"250802","rep3image09","ch1",76,1.23667390585394
"250802","rep3image09","ch1",77,1.24985171293811
"250802","rep3image09","ch1",78,1.25359160784267
"250802","rep3image09","ch1",79,1.25122615449933
"250802","rep3image09","ch1",80,1.25054140578505
"250802","rep3image09","ch1",81,1.23273501643911
"250802","rep3image09","ch1",82,1.20526424085938
"250802","rep3image09","ch1",83,1.18472388273591
"250802","rep3image09","ch1",84,1.18647820304173
"250802","rep3image09","ch1",85,1.20715366437012
"250802","rep3image09","ch1",86,1.23039810795002
"250802","rep3image09","ch1",87,1.25185863471733
"250802","rep3image09","ch1",88,1.26332306765504
"250802","rep3image09","ch1",89,1.26159303096208
"250802","rep3image09","ch1",90,1.24999081788575
"250802","rep3image09","ch1",91,NA
"250802","rep3image09","ch2",-90,0.927222200195884
"250802","rep3image09","ch2",-89,0.919301002395421
"250802","rep3image09","ch2",-88,0.91294799919712
"250802","rep3image09","ch2",-87,0.911912320324705
"250802","rep3image09","ch2",-86,0.906725166510535
"250802","rep3image09","ch2",-85,0.903384193564407
"250802","rep3image09","ch2",-84,0.903566078533706
"250802","rep3image09","ch2",-83,0.907912451284657
"250802","rep3image09","ch2",-82,0.906574108074584
"250802","rep3image09","ch2",-81,0.898488165194265
"250802","rep3image09","ch2",-80,0.889692622468455
"250802","rep3image09","ch2",-79,0.883642199382312
"250802","rep3image09","ch2",-78,0.883925365516501
"250802","rep3image09","ch2",-77,0.877820027403739
"250802","rep3image09","ch2",-76,0.867596693985849
"250802","rep3image09","ch2",-75,0.863826381548635
"250802","rep3image09","ch2",-74,0.866957169757146
"250802","rep3image09","ch2",-73,0.873181981743003
"250802","rep3image09","ch2",-72,0.880764929931657
"250802","rep3image09","ch2",-71,0.883632344998701
"250802","rep3image09","ch2",-70,0.88603222430998
"250802","rep3image09","ch2",-69,0.88587952347676
"250802","rep3image09","ch2",-68,0.887225194305415
"250802","rep3image09","ch2",-67,0.893290188403223
"250802","rep3image09","ch2",-66,0.896856801466392
"250802","rep3image09","ch2",-65,0.885195612409057
"250802","rep3image09","ch2",-64,0.870796968232642
"250802","rep3image09","ch2",-63,0.863992010996251
"250802","rep3image09","ch2",-62,0.86184948270312
"250802","rep3image09","ch2",-61,0.861283613674997
"250802","rep3image09","ch2",-60,0.866067201001373
"250802","rep3image09","ch2",-59,0.872925767769118
"250802","rep3image09","ch2",-58,0.879102655444935
"250802","rep3image09","ch2",-57,0.882067603642078
"250802","rep3image09","ch2",-56,0.881660331232241
"250802","rep3image09","ch2",-55,0.877601462228778
"250802","rep3image09","ch2",-54,0.876499876901871
"250802","rep3image09","ch2",-53,0.876266488038743
"250802","rep3image09","ch2",-52,0.875581439926777
"250802","rep3image09","ch2",-51,0.872423699557963
"250802","rep3image09","ch2",-50,0.869881647601083
"250802","rep3image09","ch2",-49,0.870021883060162
"250802","rep3image09","ch2",-48,0.870773637768879
"250802","rep3image09","ch2",-47,0.873956687900728
"250802","rep3image09","ch2",-46,0.877947839601429
"250802","rep3image09","ch2",-45,0.876521480742864
"250802","rep3image09","ch2",-44,0.876413840552652
"250802","rep3image09","ch2",-43,0.872158262891723
"250802","rep3image09","ch2",-42,0.869363155417243
"250802","rep3image09","ch2",-41,0.86946936377394
"250802","rep3image09","ch2",-40,0.869163667318247
"250802","rep3image09","ch2",-39,0.870608934801774
"250802","rep3image09","ch2",-38,0.876222690778249
"250802","rep3image09","ch2",-37,0.879778438751796
"250802","rep3image09","ch2",-36,0.88998699059427
"250802","rep3image09","ch2",-35,0.902466472506071
"250802","rep3image09","ch2",-34,0.909190110021296
"250802","rep3image09","ch2",-33,0.909023343529418
"250802","rep3image09","ch2",-32,0.909054001611764
"250802","rep3image09","ch2",-31,0.909933779081922
"250802","rep3image09","ch2",-30,0.911612014301073
"250802","rep3image09","ch2",-29,0.916437588039672
"250802","rep3image09","ch2",-28,0.917821286682005
"250802","rep3image09","ch2",-27,0.918465022185756
"250802","rep3image09","ch2",-26,0.916699487234871
"250802","rep3image09","ch2",-25,0.915693034611286
"250802","rep3image09","ch2",-24,0.921486696257787
"250802","rep3image09","ch2",-23,0.930524513637076
"250802","rep3image09","ch2",-22,0.942505759598015
"250802","rep3image09","ch2",-21,0.959662283577492
"250802","rep3image09","ch2",-20,0.971059678365855
"250802","rep3image09","ch2",-19,0.976876796814371
"250802","rep3image09","ch2",-18,0.978786989063135
"250802","rep3image09","ch2",-17,0.982457073154219
"250802","rep3image09","ch2",-16,0.994263845989943
"250802","rep3image09","ch2",-15,1.01432240171735
"250802","rep3image09","ch2",-14,1.03696613285813
"250802","rep3image09","ch2",-13,1.05891049755178
"250802","rep3image09","ch2",-12,1.08373625874563
"250802","rep3image09","ch2",-11,1.10441159781649
"250802","rep3image09","ch2",-10,1.11529749113759
"250802","rep3image09","ch2",-9,1.11426244395643
"250802","rep3image09","ch2",-8,1.11518913503062
"250802","rep3image09","ch2",-7,1.11473911817905
"250802","rep3image09","ch2",-6,1.11370529226766
"250802","rep3image09","ch2",-5,1.10604553042214
"250802","rep3image09","ch2",-4,1.0973002703204
"250802","rep3image09","ch2",-3,1.09204089313916
"250802","rep3image09","ch2",-2,1.08750863470762
"250802","rep3image09","ch2",-1,1.08909742244476
"250802","rep3image09","ch2",0,1.09535171335595
"250802","rep3image09","ch2",1,1.10534422678849
"250802","rep3image09","ch2",2,1.11473878127705
"250802","rep3image09","ch2",3,1.13333678259251
"250802","rep3image09","ch2",4,1.14775290356037
"250802","rep3image09","ch2",5,1.15921153028792
"250802","rep3image09","ch2",6,1.1605813317226
"250802","rep3image09","ch2",7,1.15874260481139
"250802","rep3image09","ch2",8,1.16237103939226
"250802","rep3image09","ch2",9,1.17365738285762
"250802","rep3image09","ch2",10,1.18660890658949
"250802","rep3image09","ch2",11,1.18603592050654
"250802","rep3image09","ch2",12,1.17029649058052
"250802","rep3image09","ch2",13,1.15443375452111
"250802","rep3image09","ch2",14,1.14126088617275
"250802","rep3image09","ch2",15,1.12458048895014
"250802","rep3image09","ch2",16,1.10730962885313
"250802","rep3image09","ch2",17,1.09300211666874
"250802","rep3image09","ch2",18,1.08017836302181
"250802","rep3image09","ch2",19,1.07354429932684
"250802","rep3image09","ch2",20,1.06920655968974
"250802","rep3image09","ch2",21,1.06116576167793
"250802","rep3image09","ch2",22,1.05278389250003
"250802","rep3image09","ch2",23,1.04722142985363
"250802","rep3image09","ch2",24,1.04349276692664
"250802","rep3image09","ch2",25,1.04217253219927
"250802","rep3image09","ch2",26,1.04333556002912
"250802","rep3image09","ch2",27,1.04622272597613
"250802","rep3image09","ch2",28,1.04319524034454
"250802","rep3image09","ch2",29,1.04186174010077
"250802","rep3image09","ch2",30,1.04192158231919
"250802","rep3image09","ch2",31,1.04673132166361
"250802","rep3image09","ch2",32,1.0559113116885
"250802","rep3image09","ch2",33,1.07040967885804
"250802","rep3image09","ch2",34,1.09337283521116
"250802","rep3image09","ch2",35,1.11678634531786
"250802","rep3image09","ch2",36,1.13879611111299
"250802","rep3image09","ch2",37,1.15800870590888
"250802","rep3image09","ch2",38,1.17277945834848
"250802","rep3image09","ch2",39,1.18519467620306
"250802","rep3image09","ch2",40,1.18550816351759
"250802","rep3image09","ch2",41,1.17177485868592
"250802","rep3image09","ch2",42,1.15613401470876
"250802","rep3image09","ch2",43,1.15002096996267
"250802","rep3image09","ch2",44,1.15152780628739
"250802","rep3image09","ch2",45,1.14863617638882
"250802","rep3image09","ch2",46,1.1339046309199
"250802","rep3image09","ch2",47,1.11224061080616
"250802","rep3image09","ch2",48,1.07575231294696
"250802","rep3image09","ch2",49,1.03766507817775
"250802","rep3image09","ch2",50,1.01587880474938
"250802","rep3image09","ch2",51,1.01226527808219
"250802","rep3image09","ch2",52,1.0174958501421
"250802","rep3image09","ch2",53,1.01921173416017
"250802","rep3image09","ch2",54,1.0173231457524
"250802","rep3image09","ch2",55,1.00947530836326
"250802","rep3image09","ch2",56,0.999898068763149
"250802","rep3image09","ch2",57,0.995878027715623
"250802","rep3image09","ch2",58,0.992225125626732
"250802","rep3image09","ch2",59,0.994977572884982
"250802","rep3image09","ch2",60,1.00300860073868
"250802","rep3image09","ch2",61,1.0118934224955
"250802","rep3image09","ch2",62,1.03063102757878
"250802","rep3image09","ch2",63,1.05121628747637
"250802","rep3image09","ch2",64,1.06947612340553
"250802","rep3image09","ch2",65,1.07770765006423
"250802","rep3image09","ch2",66,1.07667159217706
"250802","rep3image09","ch2",67,1.07794053357436
"250802","rep3image09","ch2",68,1.08506638996936
"250802","rep3image09","ch2",69,1.10011416008159
"250802","rep3image09","ch2",70,1.11752597155444
"250802","rep3image09","ch2",71,1.12891667041548
"250802","rep3image09","ch2",72,1.13104761770223
"250802","rep3image09","ch2",73,1.12699489716033
"250802","rep3image09","ch2",74,1.12141954801229
"250802","rep3image09","ch2",75,1.11489661986583
"250802","rep3image09","ch2",76,1.10294535818322
"250802","rep3image09","ch2",77,1.08024982835936
"250802","rep3image09","ch2",78,1.06114887446499
"250802","rep3image09","ch2",79,1.04255963260163
"250802","rep3image09","ch2",80,1.02827494552799
"250802","rep3image09","ch2",81,1.00604922554843
"250802","rep3image09","ch2",82,0.9817228373497
"250802","rep3image09","ch2",83,0.950976655130419
"250802","rep3image09","ch2",84,0.922089203378823
"250802","rep3image09","ch2",85,0.90085928149697
"250802","rep3image09","ch2",86,0.8842937257449
"250802","rep3image09","ch2",87,0.873425856681
"250802","rep3image09","ch2",88,0.863238487552014
"250802","rep3image09","ch2",89,0.855406147655052
"250802","rep3image09","ch2",90,0.854036935798881
"250802","rep3image09","ch2",91,NA
"250802","rep3image11","ch1",-90,0.674055559748167
"250802","rep3image11","ch1",-89,0.685831640250812
"250802","rep3image11","ch1",-88,0.704366059099035
"250802","rep3image11","ch1",-87,0.726061905845523
"250802","rep3image11","ch1",-86,0.738739250450441
"250802","rep3image11","ch1",-85,0.734248668391364
"250802","rep3image11","ch1",-84,0.718620271737333
"250802","rep3image11","ch1",-83,0.70174540101539
"250802","rep3image11","ch1",-82,0.689162160718063
"250802","rep3image11","ch1",-81,0.683783157928508
"250802","rep3image11","ch1",-80,0.685234671814859
"250802","rep3image11","ch1",-79,0.695508390032103
"250802","rep3image11","ch1",-78,0.711862018541181
"250802","rep3image11","ch1",-77,0.724244036552679
"250802","rep3image11","ch1",-76,0.726908205993144
"250802","rep3image11","ch1",-75,0.732673872327356
"250802","rep3image11","ch1",-74,0.742064562611119
"250802","rep3image11","ch1",-73,0.748432476645714
"250802","rep3image11","ch1",-72,0.746841260934009
"250802","rep3image11","ch1",-71,0.742221663302573
"250802","rep3image11","ch1",-70,0.737494720627763
"250802","rep3image11","ch1",-69,0.72700646843105
"250802","rep3image11","ch1",-68,0.710358123566108
"250802","rep3image11","ch1",-67,0.698737667831528
"250802","rep3image11","ch1",-66,0.692447424265256
"250802","rep3image11","ch1",-65,0.691911635692072
"250802","rep3image11","ch1",-64,0.689456451326797
"250802","rep3image11","ch1",-63,0.689646462271501
"250802","rep3image11","ch1",-62,0.692890144515536
"250802","rep3image11","ch1",-61,0.701266847048225
"250802","rep3image11","ch1",-60,0.711439180681934
"250802","rep3image11","ch1",-59,0.720546465291953
"250802","rep3image11","ch1",-58,0.732234132306996
"250802","rep3image11","ch1",-57,0.746763590465686
"250802","rep3image11","ch1",-56,0.756564019788623
"250802","rep3image11","ch1",-55,0.759948510800554
"250802","rep3image11","ch1",-54,0.760790723775714
"250802","rep3image11","ch1",-53,0.764850222672767
"250802","rep3image11","ch1",-52,0.76648370088304
"250802","rep3image11","ch1",-51,0.760457761135886
"250802","rep3image11","ch1",-50,0.749487151630969
"250802","rep3image11","ch1",-49,0.742328994154377
"250802","rep3image11","ch1",-48,0.737198684455791
"250802","rep3image11","ch1",-47,0.73341387760786
"250802","rep3image11","ch1",-46,0.734272368315007
"250802","rep3image11","ch1",-45,0.73538656274922
"250802","rep3image11","ch1",-44,0.734078483071408
"250802","rep3image11","ch1",-43,0.733832344463226
"250802","rep3image11","ch1",-42,0.736986307595122
"250802","rep3image11","ch1",-41,0.745786316308903
"250802","rep3image11","ch1",-40,0.759749431441952
"250802","rep3image11","ch1",-39,0.774816537269634
"250802","rep3image11","ch1",-38,0.789196941357652
"250802","rep3image11","ch1",-37,0.800687544217182
"250802","rep3image11","ch1",-36,0.812032059044387
"250802","rep3image11","ch1",-35,0.824809255543169
"250802","rep3image11","ch1",-34,0.835694431790402
"250802","rep3image11","ch1",-33,0.845466307672399
"250802","rep3image11","ch1",-32,0.86065455275051
"250802","rep3image11","ch1",-31,0.891217293085109
"250802","rep3image11","ch1",-30,0.931478865285542
"250802","rep3image11","ch1",-29,0.967741522405708
"250802","rep3image11","ch1",-28,0.981865740253245
"250802","rep3image11","ch1",-27,0.984145885781267
"250802","rep3image11","ch1",-26,0.986526848229983
"250802","rep3image11","ch1",-25,0.985038961347047
"250802","rep3image11","ch1",-24,0.976361454274515
"250802","rep3image11","ch1",-23,0.963256758890758
"250802","rep3image11","ch1",-22,0.957762179946623
"250802","rep3image11","ch1",-21,0.976231871039315
"250802","rep3image11","ch1",-20,1.0010606064347
"250802","rep3image11","ch1",-19,1.01102304673267
"250802","rep3image11","ch1",-18,1.00864317703493
"250802","rep3image11","ch1",-17,1.01484424076876
"250802","rep3image11","ch1",-16,1.04213217674402
"250802","rep3image11","ch1",-15,1.07774989791811
"250802","rep3image11","ch1",-14,1.10454723128239
"250802","rep3image11","ch1",-13,1.1225466137107
"250802","rep3image11","ch1",-12,1.13152513819664
"250802","rep3image11","ch1",-11,1.13466391634752
"250802","rep3image11","ch1",-10,1.14952716025715
"250802","rep3image11","ch1",-9,1.17685862178081
"250802","rep3image11","ch1",-8,1.21596152316338
"250802","rep3image11","ch1",-7,1.24970157176424
"250802","rep3image11","ch1",-6,1.26950033186832
"250802","rep3image11","ch1",-5,1.28198198890012
"250802","rep3image11","ch1",-4,1.3176976319144
"250802","rep3image11","ch1",-3,1.38117261231931
"250802","rep3image11","ch1",-2,1.44837801747191
"250802","rep3image11","ch1",-1,1.50177478274228
"250802","rep3image11","ch1",0,1.5283264600118
"250802","rep3image11","ch1",1,1.52052095402204
"250802","rep3image11","ch1",2,1.49550249151338
"250802","rep3image11","ch1",3,1.46855624599413
"250802","rep3image11","ch1",4,1.45820387809016
"250802","rep3image11","ch1",5,1.46951847708561
"250802","rep3image11","ch1",6,1.48776296213741
"250802","rep3image11","ch1",7,1.49054486485125
"250802","rep3image11","ch1",8,1.48013456695428
"250802","rep3image11","ch1",9,1.47223939861868
"250802","rep3image11","ch1",10,1.47994387481417
"250802","rep3image11","ch1",11,1.50542440068445
"250802","rep3image11","ch1",12,1.53690779080736
"250802","rep3image11","ch1",13,1.56266035490298
"250802","rep3image11","ch1",14,1.55810852202328
"250802","rep3image11","ch1",15,1.53023179195698
"250802","rep3image11","ch1",16,1.49792558873652
"250802","rep3image11","ch1",17,1.47750289621151
"250802","rep3image11","ch1",18,1.4589187217152
"250802","rep3image11","ch1",19,1.4249130069044
"250802","rep3image11","ch1",20,1.37869574323348
"250802","rep3image11","ch1",21,1.33593199837605
"250802","rep3image11","ch1",22,1.31298211345428
"250802","rep3image11","ch1",23,1.30441991289648
"250802","rep3image11","ch1",24,1.2958997051974
"250802","rep3image11","ch1",25,1.28684385084084
"250802","rep3image11","ch1",26,1.2843114075628
"250802","rep3image11","ch1",27,1.28740721363656
"250802","rep3image11","ch1",28,1.28743908790513
"250802","rep3image11","ch1",29,1.27650977587195
"250802","rep3image11","ch1",30,1.26066732775186
"250802","rep3image11","ch1",31,1.24834339584065
"250802","rep3image11","ch1",32,1.2475495477396
"250802","rep3image11","ch1",33,1.25845599715183
"250802","rep3image11","ch1",34,1.26235396758727
"250802","rep3image11","ch1",35,1.26709136944993
"250802","rep3image11","ch1",36,1.2757403372731
"250802","rep3image11","ch1",37,1.28054966201782
"250802","rep3image11","ch1",38,1.27474816196672
"250802","rep3image11","ch1",39,1.25965853411579
"250802","rep3image11","ch1",40,1.24337855986043
"250802","rep3image11","ch1",41,1.22179573478573
"250802","rep3image11","ch1",42,1.19258547955474
"250802","rep3image11","ch1",43,1.15130747865302
"250802","rep3image11","ch1",44,1.10445749797868
"250802","rep3image11","ch1",45,1.07330359356069
"250802","rep3image11","ch1",46,1.07151149616086
"250802","rep3image11","ch1",47,1.07956424770133
"250802","rep3image11","ch1",48,1.08709131506721
"250802","rep3image11","ch1",49,1.0978635406005
"250802","rep3image11","ch1",50,1.10982763103634
"250802","rep3image11","ch1",51,1.10261882384269
"250802","rep3image11","ch1",52,1.0550388145623
"250802","rep3image11","ch1",53,0.981686614243531
"250802","rep3image11","ch1",54,0.911533690743006
"250802","rep3image11","ch1",55,0.861017856969229
"250802","rep3image11","ch1",56,0.834596657003887
"250802","rep3image11","ch1",57,0.830129150439327
"250802","rep3image11","ch1",58,0.840487067247574
"250802","rep3image11","ch1",59,0.860368223613132
"250802","rep3image11","ch1",60,0.870634860236426
"250802","rep3image11","ch1",61,0.86050403694802
"250802","rep3image11","ch1",62,0.846103608553259
"250802","rep3image11","ch1",63,0.854699698582714
"250802","rep3image11","ch1",64,0.894604977200524
"250802","rep3image11","ch1",65,0.943323774907749
"250802","rep3image11","ch1",66,0.9726603493126
"250802","rep3image11","ch1",67,0.984040626898836
"250802","rep3image11","ch1",68,0.987003599867626
"250802","rep3image11","ch1",69,0.986315081606869
"250802","rep3image11","ch1",70,0.978468150421241
"250802","rep3image11","ch1",71,0.968439605785348
"250802","rep3image11","ch1",72,0.960932832366067
"250802","rep3image11","ch1",73,0.954757199927543
"250802","rep3image11","ch1",74,0.952204945216329
"250802","rep3image11","ch1",75,0.954675016539629
"250802","rep3image11","ch1",76,0.942715439023389
"250802","rep3image11","ch1",77,0.90454544894652
"250802","rep3image11","ch1",78,0.849339953755064
"250802","rep3image11","ch1",79,0.798954895308455
"250802","rep3image11","ch1",80,0.77120655638539
"250802","rep3image11","ch1",81,0.765910702010579
"250802","rep3image11","ch1",82,0.769558375707515
"250802","rep3image11","ch1",83,0.777390419935118
"250802","rep3image11","ch1",84,0.784618697964238
"250802","rep3image11","ch1",85,0.784275418052262
"250802","rep3image11","ch1",86,0.774594652056365
"250802","rep3image11","ch1",87,0.766276716819368
"250802","rep3image11","ch1",88,0.760125834480745
"250802","rep3image11","ch1",89,0.760698421797645
"250802","rep3image11","ch1",90,0.768114965208231
"250802","rep3image11","ch1",91,NA
"250802","rep3image11","ch2",-90,1.01197583491946
"250802","rep3image11","ch2",-89,1.00922647996412
"250802","rep3image11","ch2",-88,1.00300438219475
"250802","rep3image11","ch2",-87,0.99718911355848
"250802","rep3image11","ch2",-86,0.994088561232807
"250802","rep3image11","ch2",-85,0.990062343609109
"250802","rep3image11","ch2",-84,0.986086290790364
"250802","rep3image11","ch2",-83,0.985289951846521
"250802","rep3image11","ch2",-82,0.981420920194054
"250802","rep3image11","ch2",-81,0.984855350567689
"250802","rep3image11","ch2",-80,0.984320201000638
"250802","rep3image11","ch2",-79,0.979759139959527
"250802","rep3image11","ch2",-78,0.979521436633529
"250802","rep3image11","ch2",-77,0.98083236938302
"250802","rep3image11","ch2",-76,0.989991754249741
"250802","rep3image11","ch2",-75,0.99761291212866
"250802","rep3image11","ch2",-74,1.0015638606771
"250802","rep3image11","ch2",-73,0.999478937907329
"250802","rep3image11","ch2",-72,0.999024393166371
"250802","rep3image11","ch2",-71,0.994755879972106
"250802","rep3image11","ch2",-70,0.992045493492106
"250802","rep3image11","ch2",-69,0.988632362386136
"250802","rep3image11","ch2",-68,0.992122162108569
"250802","rep3image11","ch2",-67,0.996346458547989
"250802","rep3image11","ch2",-66,1.00655724874259
"250802","rep3image11","ch2",-65,1.01071939680551
"250802","rep3image11","ch2",-64,1.01018551557268
"250802","rep3image11","ch2",-63,1.01007512676038
"250802","rep3image11","ch2",-62,1.00930730346853
"250802","rep3image11","ch2",-61,1.00983073187801
"250802","rep3image11","ch2",-60,1.01216153654268
"250802","rep3image11","ch2",-59,1.00982666446139
"250802","rep3image11","ch2",-58,1.0042323046567
"250802","rep3image11","ch2",-57,1.00164673975764
"250802","rep3image11","ch2",-56,1.00728194867116
"250802","rep3image11","ch2",-55,1.01479923435151
"250802","rep3image11","ch2",-54,1.02072222392465
"250802","rep3image11","ch2",-53,1.02730968941903
"250802","rep3image11","ch2",-52,1.04519359545966
"250802","rep3image11","ch2",-51,1.06860372114272
"250802","rep3image11","ch2",-50,1.07315507286675
"250802","rep3image11","ch2",-49,1.05466778962547
"250802","rep3image11","ch2",-48,1.02376985609863
"250802","rep3image11","ch2",-47,0.999958368240282
"250802","rep3image11","ch2",-46,0.986471427034843
"250802","rep3image11","ch2",-45,0.977388492106272
"250802","rep3image11","ch2",-44,0.972118957067396
"250802","rep3image11","ch2",-43,0.97028188429734
"250802","rep3image11","ch2",-42,0.966247969197032
"250802","rep3image11","ch2",-41,0.968148458677796
"250802","rep3image11","ch2",-40,0.974822651991024
"250802","rep3image11","ch2",-39,0.980789420962389
"250802","rep3image11","ch2",-38,0.985681692176047
"250802","rep3image11","ch2",-37,0.994683409979248
"250802","rep3image11","ch2",-36,1.00660636389164
"250802","rep3image11","ch2",-35,1.0134664775064
"250802","rep3image11","ch2",-34,1.01578136238989
"250802","rep3image11","ch2",-33,1.01175024637199
"250802","rep3image11","ch2",-32,1.00516299955592
"250802","rep3image11","ch2",-31,0.999506054018114
"250802","rep3image11","ch2",-30,0.99600698233522
"250802","rep3image11","ch2",-29,0.995087527501278
"250802","rep3image11","ch2",-28,0.997034945347966
"250802","rep3image11","ch2",-27,1.00141660270127
"250802","rep3image11","ch2",-26,1.00603705677213
"250802","rep3image11","ch2",-25,1.01689482862294
"250802","rep3image11","ch2",-24,1.02433907574681
"250802","rep3image11","ch2",-23,1.02444382265864
"250802","rep3image11","ch2",-22,1.02364674020853
"250802","rep3image11","ch2",-21,1.02586501301344
"250802","rep3image11","ch2",-20,1.02700677622016
"250802","rep3image11","ch2",-19,1.03045340884365
"250802","rep3image11","ch2",-18,1.03390905101362
"250802","rep3image11","ch2",-17,1.0406842299717
"250802","rep3image11","ch2",-16,1.05108369581457
"250802","rep3image11","ch2",-15,1.06037765531497
"250802","rep3image11","ch2",-14,1.06155943665294
"250802","rep3image11","ch2",-13,1.0575442404162
"250802","rep3image11","ch2",-12,1.05756707043206
"250802","rep3image11","ch2",-11,1.05793213200742
"250802","rep3image11","ch2",-10,1.06423024235832
"250802","rep3image11","ch2",-9,1.07278025823863
"250802","rep3image11","ch2",-8,1.08445063869975
"250802","rep3image11","ch2",-7,1.09575302729612
"250802","rep3image11","ch2",-6,1.10395871230511
"250802","rep3image11","ch2",-5,1.11094198554564
"250802","rep3image11","ch2",-4,1.1217746968618
"250802","rep3image11","ch2",-3,1.12855543024902
"250802","rep3image11","ch2",-2,1.12828208235803
"250802","rep3image11","ch2",-1,1.12871121667905
"250802","rep3image11","ch2",0,1.13967937734215
"250802","rep3image11","ch2",1,1.15713659825887
"250802","rep3image11","ch2",2,1.17859974345187
"250802","rep3image11","ch2",3,1.19996649524459
"250802","rep3image11","ch2",4,1.21952985072743
"250802","rep3image11","ch2",5,1.23617503159745
"250802","rep3image11","ch2",6,1.24817041176704
"250802","rep3image11","ch2",7,1.24988493721061
"250802","rep3image11","ch2",8,1.2442854603334
"250802","rep3image11","ch2",9,1.24077230576716
"250802","rep3image11","ch2",10,1.23495489408343
"250802","rep3image11","ch2",11,1.21842666237508
"250802","rep3image11","ch2",12,1.20010176964888
"250802","rep3image11","ch2",13,1.18207834684469
"250802","rep3image11","ch2",14,1.16619884621905
"250802","rep3image11","ch2",15,1.15437442875441
"250802","rep3image11","ch2",16,1.14082853187584
"250802","rep3image11","ch2",17,1.12719389533795
"250802","rep3image11","ch2",18,1.10778470806563
"250802","rep3image11","ch2",19,1.08329177484897
"250802","rep3image11","ch2",20,1.06383316627796
"250802","rep3image11","ch2",21,1.0489643093427
"250802","rep3image11","ch2",22,1.04140836133666
"250802","rep3image11","ch2",23,1.03607554079406
"250802","rep3image11","ch2",24,1.02642539805778
"250802","rep3image11","ch2",25,1.02122387197418
"250802","rep3image11","ch2",26,1.01852179527007
"250802","rep3image11","ch2",27,1.01667147059426
"250802","rep3image11","ch2",28,1.01517807266058
"250802","rep3image11","ch2",29,1.01592831421609
"250802","rep3image11","ch2",30,1.01656414327834
"250802","rep3image11","ch2",31,1.01616492415052
"250802","rep3image11","ch2",32,1.00897609329598
"250802","rep3image11","ch2",33,1.00654198499635
"250802","rep3image11","ch2",34,1.0043033313727
"250802","rep3image11","ch2",35,0.996671239578139
"250802","rep3image11","ch2",36,0.992542111940444
"250802","rep3image11","ch2",37,0.98936423496337
"250802","rep3image11","ch2",38,0.9877171061758
"250802","rep3image11","ch2",39,0.98377757263529
"250802","rep3image11","ch2",40,0.980657645411104
"250802","rep3image11","ch2",41,0.978343066677248
"250802","rep3image11","ch2",42,0.976421846492431
"250802","rep3image11","ch2",43,0.975476762560231
"250802","rep3image11","ch2",44,0.962913212398364
"250802","rep3image11","ch2",45,0.950015259360585
"250802","rep3image11","ch2",46,0.943255125470431
"250802","rep3image11","ch2",47,0.939554257440497
"250802","rep3image11","ch2",48,0.939475751926206
"250802","rep3image11","ch2",49,0.941980537056524
"250802","rep3image11","ch2",50,0.943224466770978
"250802","rep3image11","ch2",51,0.937527546837592
"250802","rep3image11","ch2",52,0.914839322000703
"250802","rep3image11","ch2",53,0.888364463499604
"250802","rep3image11","ch2",54,0.864058500240383
"250802","rep3image11","ch2",55,0.847089631731772
"250802","rep3image11","ch2",56,0.845530805246905
"250802","rep3image11","ch2",57,0.854436217121156
"250802","rep3image11","ch2",58,0.863062901617929
"250802","rep3image11","ch2",59,0.872201380837948
"250802","rep3image11","ch2",60,0.880189480925722
"250802","rep3image11","ch2",61,0.894377679744604
"250802","rep3image11","ch2",62,0.918860772437182
"250802","rep3image11","ch2",63,0.937232943414606
"250802","rep3image11","ch2",64,0.939502911772654
"250802","rep3image11","ch2",65,0.934395111213915
"250802","rep3image11","ch2",66,0.939456333292031
"250802","rep3image11","ch2",67,0.959855127401034
"250802","rep3image11","ch2",68,0.9710432784468
"250802","rep3image11","ch2",69,0.957635148905289
"250802","rep3image11","ch2",70,0.929472531186105
"250802","rep3image11","ch2",71,0.908861444171048
"250802","rep3image11","ch2",72,0.906254405061672
"250802","rep3image11","ch2",73,0.906649906658177
"250802","rep3image11","ch2",74,0.905994615226081
"250802","rep3image11","ch2",75,0.90058936842629
"250802","rep3image11","ch2",76,0.895997561214401
"250802","rep3image11","ch2",77,0.883751575698362
"250802","rep3image11","ch2",78,0.863806845238029
"250802","rep3image11","ch2",79,0.839731325184822
"250802","rep3image11","ch2",80,0.818427946367146
"250802","rep3image11","ch2",81,0.812455535495312
"250802","rep3image11","ch2",82,0.818074168592721
"250802","rep3image11","ch2",83,0.8235657495904
"250802","rep3image11","ch2",84,0.809942921681396
"250802","rep3image11","ch2",85,0.787263181563043
"250802","rep3image11","ch2",86,0.765091999728906
"250802","rep3image11","ch2",87,0.750924006786125
"250802","rep3image11","ch2",88,0.739295831239371
"250802","rep3image11","ch2",89,0.728988603908834
"250802","rep3image11","ch2",90,0.721148767717129
"250802","rep3image11","ch2",91,NA
"250802","rep3image12","ch1",-90,0.569280136631811
"250802","rep3image12","ch1",-89,0.581218252587126
"250802","rep3image12","ch1",-88,0.578581992464688
"250802","rep3image12","ch1",-87,0.56686178117639
"250802","rep3image12","ch1",-86,0.560020562196589
"250802","rep3image12","ch1",-85,0.568781995034538
"250802","rep3image12","ch1",-84,0.58972516029515
"250802","rep3image12","ch1",-83,0.615197507219564
"250802","rep3image12","ch1",-82,0.630793341123205
"250802","rep3image12","ch1",-81,0.622752303552335
"250802","rep3image12","ch1",-80,0.599924997397319
"250802","rep3image12","ch1",-79,0.578328521012398
"250802","rep3image12","ch1",-78,0.559024062068411
"250802","rep3image12","ch1",-77,0.548374356266901
"250802","rep3image12","ch1",-76,0.55128269248301
"250802","rep3image12","ch1",-75,0.566304571650511
"250802","rep3image12","ch1",-74,0.588981563459753
"250802","rep3image12","ch1",-73,0.610851272917708
"250802","rep3image12","ch1",-72,0.623572715553369
"250802","rep3image12","ch1",-71,0.624823689160607
"250802","rep3image12","ch1",-70,0.61330861444563
"250802","rep3image12","ch1",-69,0.603341619440482
"250802","rep3image12","ch1",-68,0.604622395596518
"250802","rep3image12","ch1",-67,0.609229910961371
"250802","rep3image12","ch1",-66,0.605036211992462
"250802","rep3image12","ch1",-65,0.589104182612
"250802","rep3image12","ch1",-64,0.579842087614591
"250802","rep3image12","ch1",-63,0.582960859782714
"250802","rep3image12","ch1",-62,0.591208201236442
"250802","rep3image12","ch1",-61,0.592700632304895
"250802","rep3image12","ch1",-60,0.588162814616555
"250802","rep3image12","ch1",-59,0.595699305882958
"250802","rep3image12","ch1",-58,0.616540677619877
"250802","rep3image12","ch1",-57,0.638749092786666
"250802","rep3image12","ch1",-56,0.643816321505629
"250802","rep3image12","ch1",-55,0.630186598418302
"250802","rep3image12","ch1",-54,0.613501602735627
"250802","rep3image12","ch1",-53,0.599946680430222
"250802","rep3image12","ch1",-52,0.589860743814379
"250802","rep3image12","ch1",-51,0.586429339293804
"250802","rep3image12","ch1",-50,0.594025187733654
"250802","rep3image12","ch1",-49,0.60831861409922
"250802","rep3image12","ch1",-48,0.625213735828722
"250802","rep3image12","ch1",-47,0.643003429870461
"250802","rep3image12","ch1",-46,0.659100896969814
"250802","rep3image12","ch1",-45,0.664885442564333
"250802","rep3image12","ch1",-44,0.663025856490897
"250802","rep3image12","ch1",-43,0.661327885972382
"250802","rep3image12","ch1",-42,0.667429288960065
"250802","rep3image12","ch1",-41,0.682370262213464
"250802","rep3image12","ch1",-40,0.702243490146799
"250802","rep3image12","ch1",-39,0.724225013396154
"250802","rep3image12","ch1",-38,0.742051834079273
"250802","rep3image12","ch1",-37,0.747900839952647
"250802","rep3image12","ch1",-36,0.744948972387965
"250802","rep3image12","ch1",-35,0.743536083650793
"250802","rep3image12","ch1",-34,0.74279668086559
"250802","rep3image12","ch1",-33,0.73381265346213
"250802","rep3image12","ch1",-32,0.71637181968918
"250802","rep3image12","ch1",-31,0.70087938048603
"250802","rep3image12","ch1",-30,0.698771880593322
"250802","rep3image12","ch1",-29,0.706374805201604
"250802","rep3image12","ch1",-28,0.716771803983619
"250802","rep3image12","ch1",-27,0.731262805235947
"250802","rep3image12","ch1",-26,0.752847918430685
"250802","rep3image12","ch1",-25,0.768320224126865
"250802","rep3image12","ch1",-24,0.775299702140674
"250802","rep3image12","ch1",-23,0.778189526686957
"250802","rep3image12","ch1",-22,0.786158593943278
"250802","rep3image12","ch1",-21,0.801933036536249
"250802","rep3image12","ch1",-20,0.830898727697907
"250802","rep3image12","ch1",-19,0.867165051618462
"250802","rep3image12","ch1",-18,0.888739173509241
"250802","rep3image12","ch1",-17,0.89280456140064
"250802","rep3image12","ch1",-16,0.893832031387152
"250802","rep3image12","ch1",-15,0.896680700524628
"250802","rep3image12","ch1",-14,0.903778045811153
"250802","rep3image12","ch1",-13,0.909339294388404
"250802","rep3image12","ch1",-12,0.918661469671362
"250802","rep3image12","ch1",-11,0.938269129519949
"250802","rep3image12","ch1",-10,0.966040539063209
"250802","rep3image12","ch1",-9,0.999546620126257
"250802","rep3image12","ch1",-8,1.0226703712528
"250802","rep3image12","ch1",-7,1.0354696930619
"250802","rep3image12","ch1",-6,1.05518892910791
"250802","rep3image12","ch1",-5,1.08554137366932
"250802","rep3image12","ch1",-4,1.11206752219096
"250802","rep3image12","ch1",-3,1.11956638063751
"250802","rep3image12","ch1",-2,1.11785938154788
"250802","rep3image12","ch1",-1,1.12036474804959
"250802","rep3image12","ch1",0,1.12652643792628
"250802","rep3image12","ch1",1,1.14311675757438
"250802","rep3image12","ch1",2,1.17103970042382
"250802","rep3image12","ch1",3,1.21282524977829
"250802","rep3image12","ch1",4,1.2614812731622
"250802","rep3image12","ch1",5,1.30130771555759
"250802","rep3image12","ch1",6,1.32166048044681
"250802","rep3image12","ch1",7,1.33677541381174
"250802","rep3image12","ch1",8,1.36550611420042
"250802","rep3image12","ch1",9,1.40516953613737
"250802","rep3image12","ch1",10,1.43003953068036
"250802","rep3image12","ch1",11,1.4245989385225
"250802","rep3image12","ch1",12,1.39890223057301
"250802","rep3image12","ch1",13,1.38683731174543
"250802","rep3image12","ch1",14,1.39186016204164
"250802","rep3image12","ch1",15,1.4070475305789
"250802","rep3image12","ch1",16,1.41286783923197
"250802","rep3image12","ch1",17,1.41232197223593
"250802","rep3image12","ch1",18,1.4095306045675
"250802","rep3image12","ch1",19,1.39762447082746
"250802","rep3image12","ch1",20,1.36965846148723
"250802","rep3image12","ch1",21,1.32625095102639
"250802","rep3image12","ch1",22,1.28654747900913
"250802","rep3image12","ch1",23,1.276641607637
"250802","rep3image12","ch1",24,1.30484207058122
"250802","rep3image12","ch1",25,1.35677812013212
"250802","rep3image12","ch1",26,1.40386615756304
"250802","rep3image12","ch1",27,1.42279035251264
"250802","rep3image12","ch1",28,1.41168228660967
"250802","rep3image12","ch1",29,1.3857080585654
"250802","rep3image12","ch1",30,1.35680163160563
"250802","rep3image12","ch1",31,1.33890591899948
"250802","rep3image12","ch1",32,1.3368911324085
"250802","rep3image12","ch1",33,1.34389677675024
"250802","rep3image12","ch1",34,1.35772347557431
"250802","rep3image12","ch1",35,1.36193937408476
"250802","rep3image12","ch1",36,1.34449026584332
"250802","rep3image12","ch1",37,1.32249758600724
"250802","rep3image12","ch1",38,1.32002520374759
"250802","rep3image12","ch1",39,1.34841723974812
"250802","rep3image12","ch1",40,1.38514947512652
"250802","rep3image12","ch1",41,1.40306808972597
"250802","rep3image12","ch1",42,1.39056283694863
"250802","rep3image12","ch1",43,1.36430644023177
"250802","rep3image12","ch1",44,1.34311233441123
"250802","rep3image12","ch1",45,1.33670792679223
"250802","rep3image12","ch1",46,1.33087279434105
"250802","rep3image12","ch1",47,1.33418026777742
"250802","rep3image12","ch1",48,1.35074324345788
"250802","rep3image12","ch1",49,1.3766059056349
"250802","rep3image12","ch1",50,1.39454923000791
"250802","rep3image12","ch1",51,1.38600121854194
"250802","rep3image12","ch1",52,1.35233302607568
"250802","rep3image12","ch1",53,1.30259051642751
"250802","rep3image12","ch1",54,1.2639431599662
"250802","rep3image12","ch1",55,1.2332499333312
"250802","rep3image12","ch1",56,1.20647653212136
"250802","rep3image12","ch1",57,1.17734039310696
"250802","rep3image12","ch1",58,1.1493030539229
"250802","rep3image12","ch1",59,1.13491667666164
"250802","rep3image12","ch1",60,1.14016751387361
"250802","rep3image12","ch1",61,1.16248915806549
"250802","rep3image12","ch1",62,1.19053244742914
"250802","rep3image12","ch1",63,1.21125049756205
"250802","rep3image12","ch1",64,1.21857342283405
"250802","rep3image12","ch1",65,1.21481431423878
"250802","rep3image12","ch1",66,1.20705013563163
"250802","rep3image12","ch1",67,1.19890462902228
"250802","rep3image12","ch1",68,1.19093557209613
"250802","rep3image12","ch1",69,1.19239783905974
"250802","rep3image12","ch1",70,1.20948236450924
"250802","rep3image12","ch1",71,1.22294387106117
"250802","rep3image12","ch1",72,1.21848696961711
"250802","rep3image12","ch1",73,1.20161801421554
"250802","rep3image12","ch1",74,1.19354070740764
"250802","rep3image12","ch1",75,1.19876652494087
"250802","rep3image12","ch1",76,1.21106074261617
"250802","rep3image12","ch1",77,1.21902032677377
"250802","rep3image12","ch1",78,1.20720438577327
"250802","rep3image12","ch1",79,1.18516267893664
"250802","rep3image12","ch1",80,1.15780355692373
"250802","rep3image12","ch1",81,1.14309849382871
"250802","rep3image12","ch1",82,1.14265814954877
"250802","rep3image12","ch1",83,1.15973713802561
"250802","rep3image12","ch1",84,1.1783388146473
"250802","rep3image12","ch1",85,1.17826517084474
"250802","rep3image12","ch1",86,1.15258470192704
"250802","rep3image12","ch1",87,1.1124995920024
"250802","rep3image12","ch1",88,1.08182937066244
"250802","rep3image12","ch1",89,1.06189950239113
"250802","rep3image12","ch1",90,1.06066614172868
"250802","rep3image12","ch1",91,NA
"250802","rep3image12","ch2",-90,0.9289913324829
"250802","rep3image12","ch2",-89,0.919643232706964
"250802","rep3image12","ch2",-88,0.913032583905242
"250802","rep3image12","ch2",-87,0.901496570201664
"250802","rep3image12","ch2",-86,0.890856480557097
"250802","rep3image12","ch2",-85,0.885524474445021
"250802","rep3image12","ch2",-84,0.88074810329196
"250802","rep3image12","ch2",-83,0.876347841144158
"250802","rep3image12","ch2",-82,0.882206357220852
"250802","rep3image12","ch2",-81,0.888536544692916
"250802","rep3image12","ch2",-80,0.893179785198083
"250802","rep3image12","ch2",-79,0.896371210828758
"250802","rep3image12","ch2",-78,0.896440206789133
"250802","rep3image12","ch2",-77,0.900844861139604
"250802","rep3image12","ch2",-76,0.906116783624877
"250802","rep3image12","ch2",-75,0.906624189640021
"250802","rep3image12","ch2",-74,0.902186359234437
"250802","rep3image12","ch2",-73,0.901890290660343
"250802","rep3image12","ch2",-72,0.89908780950098
"250802","rep3image12","ch2",-71,0.891560896051186
"250802","rep3image12","ch2",-70,0.888680719811598
"250802","rep3image12","ch2",-69,0.885526990366938
"250802","rep3image12","ch2",-68,0.884622708330032
"250802","rep3image12","ch2",-67,0.887694009349843
"250802","rep3image12","ch2",-66,0.88913431068336
"250802","rep3image12","ch2",-65,0.891900588152761
"250802","rep3image12","ch2",-64,0.896280936138947
"250802","rep3image12","ch2",-63,0.902551892839094
"250802","rep3image12","ch2",-62,0.906509182158481
"250802","rep3image12","ch2",-61,0.911197154902483
"250802","rep3image12","ch2",-60,0.910960530314027
"250802","rep3image12","ch2",-59,0.913173134390654
"250802","rep3image12","ch2",-58,0.9115887005812
"250802","rep3image12","ch2",-57,0.908478807877742
"250802","rep3image12","ch2",-56,0.899790519285294
"250802","rep3image12","ch2",-55,0.892299511026252
"250802","rep3image12","ch2",-54,0.88666985855854
"250802","rep3image12","ch2",-53,0.884186473055226
"250802","rep3image12","ch2",-52,0.886533487062076
"250802","rep3image12","ch2",-51,0.887347622337404
"250802","rep3image12","ch2",-50,0.890119912433761
"250802","rep3image12","ch2",-49,0.890944452538713
"250802","rep3image12","ch2",-48,0.893364769423119
"250802","rep3image12","ch2",-47,0.896510823173794
"250802","rep3image12","ch2",-46,0.905303160062481
"250802","rep3image12","ch2",-45,0.909605429183744
"250802","rep3image12","ch2",-44,0.913150022023211
"250802","rep3image12","ch2",-43,0.922569420467717
"250802","rep3image12","ch2",-42,0.946354008133135
"250802","rep3image12","ch2",-41,0.991187395556787
"250802","rep3image12","ch2",-40,1.0326555881665
"250802","rep3image12","ch2",-39,1.04365515614602
"250802","rep3image12","ch2",-38,1.01702808842703
"250802","rep3image12","ch2",-37,0.986407271842223
"250802","rep3image12","ch2",-36,0.979309557614417
"250802","rep3image12","ch2",-35,0.984869872979798
"250802","rep3image12","ch2",-34,0.995742024439174
"250802","rep3image12","ch2",-33,1.00137355318764
"250802","rep3image12","ch2",-32,0.996992693488519
"250802","rep3image12","ch2",-31,0.981989952596676
"250802","rep3image12","ch2",-30,0.968185899248803
"250802","rep3image12","ch2",-29,0.956810009050298
"250802","rep3image12","ch2",-28,0.949433198060653
"250802","rep3image12","ch2",-27,0.950665957157367
"250802","rep3image12","ch2",-26,0.954251444388676
"250802","rep3image12","ch2",-25,0.956386609241544
"250802","rep3image12","ch2",-24,0.963939875907352
"250802","rep3image12","ch2",-23,0.970692013334862
"250802","rep3image12","ch2",-22,0.971325002232147
"250802","rep3image12","ch2",-21,0.965322225751282
"250802","rep3image12","ch2",-20,0.962608313571955
"250802","rep3image12","ch2",-19,0.970017703618292
"250802","rep3image12","ch2",-18,0.979622939142721
"250802","rep3image12","ch2",-17,0.979839777497793
"250802","rep3image12","ch2",-16,0.977339846609667
"250802","rep3image12","ch2",-15,0.978127927168191
"250802","rep3image12","ch2",-14,0.985443332605957
"250802","rep3image12","ch2",-13,0.994766401090953
"250802","rep3image12","ch2",-12,1.00769666196414
"250802","rep3image12","ch2",-11,1.02317474152737
"250802","rep3image12","ch2",-10,1.02948121963357
"250802","rep3image12","ch2",-9,1.03030396874325
"250802","rep3image12","ch2",-8,1.03023817098871
"250802","rep3image12","ch2",-7,1.03085397486001
"250802","rep3image12","ch2",-6,1.03726343519384
"250802","rep3image12","ch2",-5,1.0434730716276
"250802","rep3image12","ch2",-4,1.05478661813385
"250802","rep3image12","ch2",-3,1.06962232739604
"250802","rep3image12","ch2",-2,1.08237331817193
"250802","rep3image12","ch2",-1,1.09581183791515
"250802","rep3image12","ch2",0,1.10352177402373
"250802","rep3image12","ch2",1,1.10489495567763
"250802","rep3image12","ch2",2,1.10876026459743
"250802","rep3image12","ch2",3,1.11234408876171
"250802","rep3image12","ch2",4,1.11642555375267
"250802","rep3image12","ch2",5,1.12451083129712
"250802","rep3image12","ch2",6,1.14167807524995
"250802","rep3image12","ch2",7,1.16792105977049
"250802","rep3image12","ch2",8,1.20005023550881
"250802","rep3image12","ch2",9,1.23636048968892
"250802","rep3image12","ch2",10,1.28097345676697
"250802","rep3image12","ch2",11,1.30348613929636
"250802","rep3image12","ch2",12,1.27875816619745
"250802","rep3image12","ch2",13,1.23876754467983
"250802","rep3image12","ch2",14,1.213090088235
"250802","rep3image12","ch2",15,1.19676145649276
"250802","rep3image12","ch2",16,1.18671874905394
"250802","rep3image12","ch2",17,1.18584235537184
"250802","rep3image12","ch2",18,1.18755659369513
"250802","rep3image12","ch2",19,1.19146782885061
"250802","rep3image12","ch2",20,1.1942451507908
"250802","rep3image12","ch2",21,1.20293288502757
"250802","rep3image12","ch2",22,1.21848558939343
"250802","rep3image12","ch2",23,1.24351751997413
"250802","rep3image12","ch2",24,1.28458666178212
"250802","rep3image12","ch2",25,1.32022925851378
"250802","rep3image12","ch2",26,1.32337885161224
"250802","rep3image12","ch2",27,1.2707092202712
"250802","rep3image12","ch2",28,1.20462047163563
"250802","rep3image12","ch2",29,1.16340608864036
"250802","rep3image12","ch2",30,1.13425422931328
"250802","rep3image12","ch2",31,1.11802623444773
"250802","rep3image12","ch2",32,1.1056433784839
"250802","rep3image12","ch2",33,1.09639148073924
"250802","rep3image12","ch2",34,1.08900302828038
"250802","rep3image12","ch2",35,1.07215850461687
"250802","rep3image12","ch2",36,1.05585017082094
"250802","rep3image12","ch2",37,1.04649106921696
"250802","rep3image12","ch2",38,1.03702429468347
"250802","rep3image12","ch2",39,1.03023736077656
"250802","rep3image12","ch2",40,1.02370653919228
"250802","rep3image12","ch2",41,1.0160192890237
"250802","rep3image12","ch2",42,1.01979999473869
"250802","rep3image12","ch2",43,1.0333527117513
"250802","rep3image12","ch2",44,1.04743581921827
"250802","rep3image12","ch2",45,1.04973579827809
"250802","rep3image12","ch2",46,1.04605713665035
"250802","rep3image12","ch2",47,1.04434341004
"250802","rep3image12","ch2",48,1.0517375766266
"250802","rep3image12","ch2",49,1.05533773296197
"250802","rep3image12","ch2",50,1.05809684645031
"250802","rep3image12","ch2",51,1.06504940477632
"250802","rep3image12","ch2",52,1.08318118496384
"250802","rep3image12","ch2",53,1.07910274760772
"250802","rep3image12","ch2",54,1.04762758363966
"250802","rep3image12","ch2",55,1.00582669233845
"250802","rep3image12","ch2",56,0.981049552155297
"250802","rep3image12","ch2",57,0.967132452892125
"250802","rep3image12","ch2",58,0.948439195689613
"250802","rep3image12","ch2",59,0.929840989164281
"250802","rep3image12","ch2",60,0.909239938221831
"250802","rep3image12","ch2",61,0.896006913863687
"250802","rep3image12","ch2",62,0.886167228530765
"250802","rep3image12","ch2",63,0.882212284562318
"250802","rep3image12","ch2",64,0.878712466604429
"250802","rep3image12","ch2",65,0.872661162680482
"250802","rep3image12","ch2",66,0.872447735744958
"250802","rep3image12","ch2",67,0.872739113617173
"250802","rep3image12","ch2",68,0.872074526446316
"250802","rep3image12","ch2",69,0.87205196843455
"250802","rep3image12","ch2",70,0.872021095087633
"250802","rep3image12","ch2",71,0.874363333107115
"250802","rep3image12","ch2",72,0.880863537200944
"250802","rep3image12","ch2",73,0.892316184339297
"250802","rep3image12","ch2",74,0.909345990727055
"250802","rep3image12","ch2",75,0.93608350315394
"250802","rep3image12","ch2",76,0.962550234154136
"250802","rep3image12","ch2",77,0.978208521955032
"250802","rep3image12","ch2",78,0.985427085720355
"250802","rep3image12","ch2",79,0.994180702997164
"250802","rep3image12","ch2",80,0.989460321767448
"250802","rep3image12","ch2",81,0.972248345575783
"250802","rep3image12","ch2",82,0.955503222149375
"250802","rep3image12","ch2",83,0.949562917288998
"250802","rep3image12","ch2",84,0.94512602502379
"250802","rep3image12","ch2",85,0.941131082161133
"250802","rep3image12","ch2",86,0.94036287312148
"250802","rep3image12","ch2",87,0.942461493142432
"250802","rep3image12","ch2",88,0.941646121227517
"250802","rep3image12","ch2",89,0.929481254972857
"250802","rep3image12","ch2",90,0.913584978015686
"250802","rep3image12","ch2",91,NA
"250802","rep3image13","ch1",-90,0.597140815778125
"250802","rep3image13","ch1",-89,0.599815503604273
"250802","rep3image13","ch1",-88,0.601885227318238
"250802","rep3image13","ch1",-87,0.605123558200878
"250802","rep3image13","ch1",-86,0.607492172844424
"250802","rep3image13","ch1",-85,0.606841519522663
"250802","rep3image13","ch1",-84,0.60318620635022
"250802","rep3image13","ch1",-83,0.608839504709363
"250802","rep3image13","ch1",-82,0.628453456486127
"250802","rep3image13","ch1",-81,0.660631882094727
"250802","rep3image13","ch1",-80,0.685603937431264
"250802","rep3image13","ch1",-79,0.686087072051536
"250802","rep3image13","ch1",-78,0.664033094715502
"250802","rep3image13","ch1",-77,0.636480745678212
"250802","rep3image13","ch1",-76,0.625781641561187
"250802","rep3image13","ch1",-75,0.63238465217759
"250802","rep3image13","ch1",-74,0.644000480589748
"250802","rep3image13","ch1",-73,0.650959478947186
"250802","rep3image13","ch1",-72,0.645802201262277
"250802","rep3image13","ch1",-71,0.633858114485958
"250802","rep3image13","ch1",-70,0.623789528181344
"250802","rep3image13","ch1",-69,0.620117431217629
"250802","rep3image13","ch1",-68,0.6205786746667
"250802","rep3image13","ch1",-67,0.61907514769919
"250802","rep3image13","ch1",-66,0.618075235273435
"250802","rep3image13","ch1",-65,0.620076420972885
"250802","rep3image13","ch1",-64,0.624843950127406
"250802","rep3image13","ch1",-63,0.631037160707029
"250802","rep3image13","ch1",-62,0.63399904625082
"250802","rep3image13","ch1",-61,0.638446608133265
"250802","rep3image13","ch1",-60,0.645715199397302
"250802","rep3image13","ch1",-59,0.662121657777796
"250802","rep3image13","ch1",-58,0.692918915129441
"250802","rep3image13","ch1",-57,0.730507946147392
"250802","rep3image13","ch1",-56,0.760491340827599
"250802","rep3image13","ch1",-55,0.771105333146234
"250802","rep3image13","ch1",-54,0.764537511369493
"250802","rep3image13","ch1",-53,0.749673582530526
"250802","rep3image13","ch1",-52,0.725197959482723
"250802","rep3image13","ch1",-51,0.693516369377061
"250802","rep3image13","ch1",-50,0.666177883473921
"250802","rep3image13","ch1",-49,0.652076541900018
"250802","rep3image13","ch1",-48,0.65755744938603
"250802","rep3image13","ch1",-47,0.67320340377485
"250802","rep3image13","ch1",-46,0.689585627301578
"250802","rep3image13","ch1",-45,0.69985162056061
"250802","rep3image13","ch1",-44,0.697084369873579
"250802","rep3image13","ch1",-43,0.68941893182909
"250802","rep3image13","ch1",-42,0.691097100949041
"250802","rep3image13","ch1",-41,0.701083943973934
"250802","rep3image13","ch1",-40,0.711376927383797
"250802","rep3image13","ch1",-39,0.721823485003902
"250802","rep3image13","ch1",-38,0.729365783110314
"250802","rep3image13","ch1",-37,0.727650946698616
"250802","rep3image13","ch1",-36,0.715434824738813
"250802","rep3image13","ch1",-35,0.70599729386555
"250802","rep3image13","ch1",-34,0.707736003918288
"250802","rep3image13","ch1",-33,0.7139085833711
"250802","rep3image13","ch1",-32,0.711478814573165
"250802","rep3image13","ch1",-31,0.698389120638434
"250802","rep3image13","ch1",-30,0.6824150170893
"250802","rep3image13","ch1",-29,0.67409163426618
"250802","rep3image13","ch1",-28,0.675808688356003
"250802","rep3image13","ch1",-27,0.681171504481793
"250802","rep3image13","ch1",-26,0.687089328159856
"250802","rep3image13","ch1",-25,0.695584942250483
"250802","rep3image13","ch1",-24,0.70968825789393
"250802","rep3image13","ch1",-23,0.729588012939213
"250802","rep3image13","ch1",-22,0.749866856539345
"250802","rep3image13","ch1",-21,0.766175980690866
"250802","rep3image13","ch1",-20,0.788860635444934
"250802","rep3image13","ch1",-19,0.82121555127108
"250802","rep3image13","ch1",-18,0.857087612202167
"250802","rep3image13","ch1",-17,0.883780610965544
"250802","rep3image13","ch1",-16,0.891130298686515
"250802","rep3image13","ch1",-15,0.881665122439337
"250802","rep3image13","ch1",-14,0.869820293559758
"250802","rep3image13","ch1",-13,0.863702845249152
"250802","rep3image13","ch1",-12,0.865571247470795
"250802","rep3image13","ch1",-11,0.879171528192905
"250802","rep3image13","ch1",-10,0.905150182590758
"250802","rep3image13","ch1",-9,0.9240836599952
"250802","rep3image13","ch1",-8,0.9249566691503
"250802","rep3image13","ch1",-7,0.91880180592161
"250802","rep3image13","ch1",-6,0.921512791426483
"250802","rep3image13","ch1",-5,0.925169625052489
"250802","rep3image13","ch1",-4,0.927488241134644
"250802","rep3image13","ch1",-3,0.933283546496528
"250802","rep3image13","ch1",-2,0.950918422152737
"250802","rep3image13","ch1",-1,0.988010894877516
"250802","rep3image13","ch1",0,1.03787813444251
"250802","rep3image13","ch1",1,1.08166639905227
"250802","rep3image13","ch1",2,1.10350742048611
"250802","rep3image13","ch1",3,1.09782147017668
"250802","rep3image13","ch1",4,1.09299228285001
"250802","rep3image13","ch1",5,1.10867179642108
"250802","rep3image13","ch1",6,1.14668756247241
"250802","rep3image13","ch1",7,1.18418348461025
"250802","rep3image13","ch1",8,1.20876419536017
"250802","rep3image13","ch1",9,1.23183743940379
"250802","rep3image13","ch1",10,1.25464761137968
"250802","rep3image13","ch1",11,1.27272580425344
"250802","rep3image13","ch1",12,1.28957454661509
"250802","rep3image13","ch1",13,1.31707247013503
"250802","rep3image13","ch1",14,1.35737609038481
"250802","rep3image13","ch1",15,1.3963770935449
"250802","rep3image13","ch1",16,1.4110385584513
"250802","rep3image13","ch1",17,1.41379441833704
"250802","rep3image13","ch1",18,1.41293371561549
"250802","rep3image13","ch1",19,1.42722406384787
"250802","rep3image13","ch1",20,1.44291062526723
"250802","rep3image13","ch1",21,1.45432502298322
"250802","rep3image13","ch1",22,1.4515461966884
"250802","rep3image13","ch1",23,1.44711159646257
"250802","rep3image13","ch1",24,1.45442691017259
"250802","rep3image13","ch1",25,1.47737514101214
"250802","rep3image13","ch1",26,1.49622543868625
"250802","rep3image13","ch1",27,1.49896357394758
"250802","rep3image13","ch1",28,1.49924757115247
"250802","rep3image13","ch1",29,1.5098539360024
"250802","rep3image13","ch1",30,1.52546191265331
"250802","rep3image13","ch1",31,1.5372210165129
"250802","rep3image13","ch1",32,1.54554436573483
"250802","rep3image13","ch1",33,1.55772872617571
"250802","rep3image13","ch1",34,1.55744161246103
"250802","rep3image13","ch1",35,1.54599308434267
"250802","rep3image13","ch1",36,1.51588015709918
"250802","rep3image13","ch1",37,1.47922599501558
"250802","rep3image13","ch1",38,1.44365402625639
"250802","rep3image13","ch1",39,1.4215441785521
"250802","rep3image13","ch1",40,1.41779965423686
"250802","rep3image13","ch1",41,1.42938549359254
"250802","rep3image13","ch1",42,1.44901774121384
"250802","rep3image13","ch1",43,1.48360694255127
"250802","rep3image13","ch1",44,1.51900549560123
"250802","rep3image13","ch1",45,1.53367172347542
"250802","rep3image13","ch1",46,1.53266204990579
"250802","rep3image13","ch1",47,1.53223973342807
"250802","rep3image13","ch1",48,1.5348438251672
"250802","rep3image13","ch1",49,1.52859610506727
"250802","rep3image13","ch1",50,1.50760734405757
"250802","rep3image13","ch1",51,1.48965450039972
"250802","rep3image13","ch1",52,1.47391296744378
"250802","rep3image13","ch1",53,1.44934702441411
"250802","rep3image13","ch1",54,1.41679801135014
"250802","rep3image13","ch1",55,1.37446716448352
"250802","rep3image13","ch1",56,1.32070658936083
"250802","rep3image13","ch1",57,1.25768287350844
"250802","rep3image13","ch1",58,1.19919335179045
"250802","rep3image13","ch1",59,1.16641242335638
"250802","rep3image13","ch1",60,1.15770450018635
"250802","rep3image13","ch1",61,1.16464106135335
"250802","rep3image13","ch1",62,1.16417609657318
"250802","rep3image13","ch1",63,1.14584228269419
"250802","rep3image13","ch1",64,1.11438859261718
"250802","rep3image13","ch1",65,1.09064019998886
"250802","rep3image13","ch1",66,1.08391955162822
"250802","rep3image13","ch1",67,1.09641450461091
"250802","rep3image13","ch1",68,1.11691212551832
"250802","rep3image13","ch1",69,1.13014973186383
"250802","rep3image13","ch1",70,1.12428674531762
"250802","rep3image13","ch1",71,1.10680174774144
"250802","rep3image13","ch1",72,1.08257369821536
"250802","rep3image13","ch1",73,1.05584008402115
"250802","rep3image13","ch1",74,1.04234333694641
"250802","rep3image13","ch1",75,1.05715033697984
"250802","rep3image13","ch1",76,1.09781490114526
"250802","rep3image13","ch1",77,1.14463605060003
"250802","rep3image13","ch1",78,1.16538486555671
"250802","rep3image13","ch1",79,1.14449659728725
"250802","rep3image13","ch1",80,1.09926658148627
"250802","rep3image13","ch1",81,1.06185778721785
"250802","rep3image13","ch1",82,1.04875192271345
"250802","rep3image13","ch1",83,1.04275391821071
"250802","rep3image13","ch1",84,1.00900975304293
"250802","rep3image13","ch1",85,0.9505087397201
"250802","rep3image13","ch1",86,0.889459673032311
"250802","rep3image13","ch1",87,0.852762274625542
"250802","rep3image13","ch1",88,0.8311455410931
"250802","rep3image13","ch1",89,0.809587382824197
"250802","rep3image13","ch1",90,0.790326008268318
"250802","rep3image13","ch1",91,NA
"250802","rep3image13","ch2",-90,0.98953989656606
"250802","rep3image13","ch2",-89,0.9851236181992
"250802","rep3image13","ch2",-88,0.986974647290921
"250802","rep3image13","ch2",-87,0.986824307725174
"250802","rep3image13","ch2",-86,0.985338695424905
"250802","rep3image13","ch2",-85,0.98551797194468
"250802","rep3image13","ch2",-84,0.984208438279779
"250802","rep3image13","ch2",-83,0.991873065230108
"250802","rep3image13","ch2",-82,1.01253319243819
"250802","rep3image13","ch2",-81,1.04366397316848
"250802","rep3image13","ch2",-80,1.07048026185269
"250802","rep3image13","ch2",-79,1.08495630459397
"250802","rep3image13","ch2",-78,1.08580245700849
"250802","rep3image13","ch2",-77,1.078786610607
"250802","rep3image13","ch2",-76,1.07289786246481
"250802","rep3image13","ch2",-75,1.06619377079447
"250802","rep3image13","ch2",-74,1.05862835625795
"250802","rep3image13","ch2",-73,1.04894028744803
"250802","rep3image13","ch2",-72,1.03960499988628
"250802","rep3image13","ch2",-71,1.03126495634992
"250802","rep3image13","ch2",-70,1.0241248994382
"250802","rep3image13","ch2",-69,1.02027347665377
"250802","rep3image13","ch2",-68,1.01767886144011
"250802","rep3image13","ch2",-67,1.01434838182539
"250802","rep3image13","ch2",-66,1.00447659065639
"250802","rep3image13","ch2",-65,0.993350097840504
"250802","rep3image13","ch2",-64,0.987330821416462
"250802","rep3image13","ch2",-63,0.982080090212177
"250802","rep3image13","ch2",-62,0.98366004010247
"250802","rep3image13","ch2",-61,0.987639885244877
"250802","rep3image13","ch2",-60,0.989766985357588
"250802","rep3image13","ch2",-59,0.988541142667548
"250802","rep3image13","ch2",-58,0.98335031329802
"250802","rep3image13","ch2",-57,0.980699735107225
"250802","rep3image13","ch2",-56,0.985192255718192
"250802","rep3image13","ch2",-55,0.993219530560058
"250802","rep3image13","ch2",-54,1.0044091620937
"250802","rep3image13","ch2",-53,1.01730728287139
"250802","rep3image13","ch2",-52,1.02373526452215
"250802","rep3image13","ch2",-51,1.02319115618978
"250802","rep3image13","ch2",-50,1.02329758334281
"250802","rep3image13","ch2",-49,1.02667178037729
"250802","rep3image13","ch2",-48,1.03323555511961
"250802","rep3image13","ch2",-47,1.0444181279084
"250802","rep3image13","ch2",-46,1.04616136489643
"250802","rep3image13","ch2",-45,1.03222946948612
"250802","rep3image13","ch2",-44,1.00977548511974
"250802","rep3image13","ch2",-43,0.9916680886393
"250802","rep3image13","ch2",-42,0.982451317793588
"250802","rep3image13","ch2",-41,0.978997914622131
"250802","rep3image13","ch2",-40,0.977933058112999
"250802","rep3image13","ch2",-39,0.97668533721378
"250802","rep3image13","ch2",-38,0.972978560200908
"250802","rep3image13","ch2",-37,0.973328728543537
"250802","rep3image13","ch2",-36,0.97664828855296
"250802","rep3image13","ch2",-35,0.981011645832734
"250802","rep3image13","ch2",-34,0.982748955035034
"250802","rep3image13","ch2",-33,0.978418824554227
"250802","rep3image13","ch2",-32,0.97096206009039
"250802","rep3image13","ch2",-31,0.965950039257554
"250802","rep3image13","ch2",-30,0.968433547487348
"250802","rep3image13","ch2",-29,0.976651447438778
"250802","rep3image13","ch2",-28,0.985312917356692
"250802","rep3image13","ch2",-27,0.989826302213489
"250802","rep3image13","ch2",-26,0.988359877219665
"250802","rep3image13","ch2",-25,0.99060568904136
"250802","rep3image13","ch2",-24,0.996520800230613
"250802","rep3image13","ch2",-23,1.00051226695294
"250802","rep3image13","ch2",-22,0.995472713115326
"250802","rep3image13","ch2",-21,0.980014685869378
"250802","rep3image13","ch2",-20,0.968565791707178
"250802","rep3image13","ch2",-19,0.961248798191107
"250802","rep3image13","ch2",-18,0.961227543959374
"250802","rep3image13","ch2",-17,0.970972082728107
"250802","rep3image13","ch2",-16,0.982208902556058
"250802","rep3image13","ch2",-15,0.991938660859053
"250802","rep3image13","ch2",-14,1.00791236646502
"250802","rep3image13","ch2",-13,1.03378512325463
"250802","rep3image13","ch2",-12,1.07339076564807
"250802","rep3image13","ch2",-11,1.10421490046255
"250802","rep3image13","ch2",-10,1.10565554738816
"250802","rep3image13","ch2",-9,1.08829403794649
"250802","rep3image13","ch2",-8,1.07399602377009
"250802","rep3image13","ch2",-7,1.06873686887029
"250802","rep3image13","ch2",-6,1.06669010585368
"250802","rep3image13","ch2",-5,1.0588940926525
"250802","rep3image13","ch2",-4,1.05258548568676
"250802","rep3image13","ch2",-3,1.0584013844622
"250802","rep3image13","ch2",-2,1.06858376040463
"250802","rep3image13","ch2",-1,1.07880774784296
"250802","rep3image13","ch2",0,1.08475542285515
"250802","rep3image13","ch2",1,1.08867583414588
"250802","rep3image13","ch2",2,1.09414562043208
"250802","rep3image13","ch2",3,1.09896104937103
"250802","rep3image13","ch2",4,1.10321431363029
"250802","rep3image13","ch2",5,1.10443294158112
"250802","rep3image13","ch2",6,1.10235876255549
"250802","rep3image13","ch2",7,1.10139093453912
"250802","rep3image13","ch2",8,1.1024826220784
"250802","rep3image13","ch2",9,1.10482128954369
"250802","rep3image13","ch2",10,1.10343161377564
"250802","rep3image13","ch2",11,1.09989791250668
"250802","rep3image13","ch2",12,1.10163334977665
"250802","rep3image13","ch2",13,1.1019023230542
"250802","rep3image13","ch2",14,1.1083652474419
"250802","rep3image13","ch2",15,1.12074987378063
"250802","rep3image13","ch2",16,1.12591816196495
"250802","rep3image13","ch2",17,1.12329468779443
"250802","rep3image13","ch2",18,1.11729416969234
"250802","rep3image13","ch2",19,1.11848947648615
"250802","rep3image13","ch2",20,1.1184049275423
"250802","rep3image13","ch2",21,1.11912148764114
"250802","rep3image13","ch2",22,1.11430757964721
"250802","rep3image13","ch2",23,1.11116792013501
"250802","rep3image13","ch2",24,1.10728003366862
"250802","rep3image13","ch2",25,1.10634679740187
"250802","rep3image13","ch2",26,1.10718273218573
"250802","rep3image13","ch2",27,1.104032270064
"250802","rep3image13","ch2",28,1.09806595372564
"250802","rep3image13","ch2",29,1.09598931778882
"250802","rep3image13","ch2",30,1.09168032454398
"250802","rep3image13","ch2",31,1.08641009404452
"250802","rep3image13","ch2",32,1.07551419989329
"250802","rep3image13","ch2",33,1.06337608364408
"250802","rep3image13","ch2",34,1.05264698646372
"250802","rep3image13","ch2",35,1.05123878636526
"250802","rep3image13","ch2",36,1.0486800888533
"250802","rep3image13","ch2",37,1.0459242144686
"250802","rep3image13","ch2",38,1.04288407935894
"250802","rep3image13","ch2",39,1.03771801409427
"250802","rep3image13","ch2",40,1.0290624329635
"250802","rep3image13","ch2",41,1.01438504050031
"250802","rep3image13","ch2",42,0.999123527151066
"250802","rep3image13","ch2",43,0.98833959795269
"250802","rep3image13","ch2",44,0.985844078157072
"250802","rep3image13","ch2",45,0.984877966078672
"250802","rep3image13","ch2",46,0.995728660863703
"250802","rep3image13","ch2",47,1.00577298179635
"250802","rep3image13","ch2",48,1.00838853925302
"250802","rep3image13","ch2",49,1.00176373171683
"250802","rep3image13","ch2",50,0.999678594087322
"250802","rep3image13","ch2",51,1.00310212433858
"250802","rep3image13","ch2",52,1.00873843460552
"250802","rep3image13","ch2",53,1.00753790200061
"250802","rep3image13","ch2",54,0.998888443648519
"250802","rep3image13","ch2",55,0.98352323304757
"250802","rep3image13","ch2",56,0.970805051765697
"250802","rep3image13","ch2",57,0.966830003449901
"250802","rep3image13","ch2",58,0.960324297608595
"250802","rep3image13","ch2",59,0.955062139817342
"250802","rep3image13","ch2",60,0.94227695895727
"250802","rep3image13","ch2",61,0.925207470960037
"250802","rep3image13","ch2",62,0.910898732171298
"250802","rep3image13","ch2",63,0.903904763978982
"250802","rep3image13","ch2",64,0.904457179011095
"250802","rep3image13","ch2",65,0.902921531519424
"250802","rep3image13","ch2",66,0.892014483771357
"250802","rep3image13","ch2",67,0.876627082972507
"250802","rep3image13","ch2",68,0.869918506464272
"250802","rep3image13","ch2",69,0.871427205930021
"250802","rep3image13","ch2",70,0.873122552649119
"250802","rep3image13","ch2",71,0.874592721507616
"250802","rep3image13","ch2",72,0.875789978230939
"250802","rep3image13","ch2",73,0.87205457625276
"250802","rep3image13","ch2",74,0.867136503024044
"250802","rep3image13","ch2",75,0.863424500200067
"250802","rep3image13","ch2",76,0.862033771470085
"250802","rep3image13","ch2",77,0.858699352997744
"250802","rep3image13","ch2",78,0.850947993182507
"250802","rep3image13","ch2",79,0.84228738123358
"250802","rep3image13","ch2",80,0.831782252957518
"250802","rep3image13","ch2",81,0.819842054554263
"250802","rep3image13","ch2",82,0.806479889550166
"250802","rep3image13","ch2",83,0.790971710117045
"250802","rep3image13","ch2",84,0.775276454446081
"250802","rep3image13","ch2",85,0.764702532656667
"250802","rep3image13","ch2",86,0.759488109139985
"250802","rep3image13","ch2",87,0.756595817686285
"250802","rep3image13","ch2",88,0.753569098091697
"250802","rep3image13","ch2",89,0.745850263100801
"250802","rep3image13","ch2",90,0.7368122227946
"250802","rep3image13","ch2",91,NA
